date,universe_id,n,median,mean,min,max,visits,favorites,up,down
2026-08-01,31970568,1,6654,6654,6654,6654,1597463213,6065978,,
2026-08-01,66654135,1,560285,560285,560285,560285,28167624690,23180066,,
2026-08-01,605887098,1,3265,3265,3265,3265,2513341623,3696405,,
2026-08-01,903807016,1,4491,4491,4491,4491,1552756792,2818911,,
2026-08-01,1053132402,1,2925,2925,2925,2925,564157844,969440,,
2026-08-01,1198533421,1,1026,1026,1026,1026,179333012,724757,,
2026-08-01,1214576306,1,3587,3587,3587,3587,1639494271,4289713,,
2026-08-01,1430007363,1,3478,3478,3478,3478,898923761,2305412,,
2026-08-01,1489026993,2,7018,7018,6891,7145,2655755305,4323353,,
2026-08-01,1526814825,1,9292,9292,9292,9292,1080407576,4300273,,
2026-08-01,1637284552,1,1016,1016,1016,1016,,,,
2026-08-01,1795206523,1,1543,1543,1543,1543,949705322,928523,,
2026-08-01,1831550657,1,35400,35400,35400,35400,2137412680,10778700,,
2026-08-01,1998835206,1,2652,2652,2652,2652,582677486,1168510,,
2026-08-01,2049551477,2,3768,3768,3004,4532,1460530009,1911260,,
2026-08-01,2165551367,1,1116,1116,1116,1116,667767713,2418553,,
2026-08-01,2247578975,2,3981,3981,3476,4486,1209065135,14927715,,
2026-08-01,2274830359,1,9095,9095,9095,9095,2963359522,1993416,,
2026-08-01,2294168059,1,6847,6847,6847,6847,1234119131,3324685,,
2026-08-01,2369077151,1,7916,7916,7916,7916,395180709,10675006,,
2026-08-01,2440500124,1,22469,22469,22469,22469,7544348274,7992670,,
2026-08-01,2491559356,1,3682,3682,3682,3682,79688538,166084,,
2026-08-01,2655478023,2,3708,3708,3184,4233,1006603943,3482522,,
2026-08-01,2788648141,1,2689,2689,2689,2689,996016196,2043978,,
2026-08-01,2821905072,1,3662,3662,3662,3662,259133812,5434753,,
2026-08-01,2827951974,1,919,919,919,919,809111234,680082,,
2026-08-01,2921237723,1,1600,1600,1600,1600,138269616,757551,,
2026-08-01,2992873140,1,15425,15425,15425,15425,1371872148,1001641,,
2026-08-01,3034836582,1,1110,1110,1110,1110,502115652,1913061,,
2026-08-01,3079618996,1,9379,9379,9379,9379,779002286,899689,,
2026-08-01,3088609243,1,3745,3745,3745,3745,732203650,596404,,
2026-08-01,3164075108,1,2910,2910,2910,2910,277015475,727040,,
2026-08-01,3187874989,1,4351,4351,4351,4351,164454510,226276,,
2026-08-01,3191268194,1,3402,3402,3402,3402,1351438960,5421952,,
2026-08-01,3310460039,1,20699,20699,20699,20699,4565815415,105130012,,
2026-08-01,3346892457,1,2119,2119,2119,2119,437933007,173355,,
2026-08-01,3420059569,1,2833,2833,2833,2833,950422913,27479370,,
2026-08-01,3472976893,1,4918,4918,4918,4918,164303534,2838788,,
2026-08-01,3502524667,1,2213,2213,2213,2213,752693363,3679938,,
2026-08-01,3551414857,1,3256,3256,3256,3256,628739992,1317853,,
2026-08-01,3647333358,1,49312,49312,49312,49312,8951059695,8075289,,
2026-08-01,3746418487,1,3264,3264,3264,3264,314731391,379516,,
2026-08-01,3754482795,1,5942,5942,5942,5942,1258400895,4449761,,
2026-08-01,3759884822,1,3219,3219,3219,3219,128410700,108976,,
2026-08-01,3841172115,1,2346,2346,2346,2346,147839625,681106,,
2026-08-01,4028801234,1,1921,1921,1921,1921,232876881,12386746,,
2026-08-01,4071487712,1,1001,1001,1001,1001,28084753,118002,,
2026-08-01,4348829796,1,16546,16546,16546,16546,2601599209,10934014,,
2026-08-01,4367208330,1,9968,9968,9968,9968,477334700,1621169,,
2026-08-01,4518160318,1,6646,6646,6646,6646,632269349,1136831,,
2026-08-01,4595016786,1,2893,2893,2893,2893,594324853,731539,,
2026-08-01,4599924264,1,2754,2754,2754,2754,709174544,275889,,
2026-08-01,4673599750,1,3540,3540,3540,3540,507632514,463931,,
2026-08-01,4720386144,1,2201,2201,2201,2201,114556543,579910,,
2026-08-01,4793836769,1,8416,8416,8416,8416,291060079,6168214,,
2026-08-01,4925331346,1,5704,5704,5704,5704,307189249,473922,,
2026-08-01,4944984948,1,5591,5591,5591,5591,251880300,122899,,
2026-08-01,5195168716,1,1764,1764,1764,1764,96027232,630811,,
2026-08-01,5207621753,1,2989,2989,2989,2989,87641355,74025,,
2026-08-01,5361032378,1,62243,62243,62243,62243,2039626579,987306,,
2026-08-01,5508238359,1,5993,5993,5993,5993,86951056,1636308,,
2026-08-01,5578556129,1,16609,16609,16609,16609,2005845472,1976135,,
2026-08-01,5668114043,1,1911,1911,1911,1911,237576077,733445,,
2026-08-01,5750914919,1,59665,59665,59665,59665,4723792141,3547775,,
2026-08-01,5993969021,1,792,792,792,792,15774147,55913,,
2026-08-01,6015491985,1,3321,3321,3321,3321,352934179,206880,,
2026-08-01,6072944764,1,937,937,937,937,53373922,60037,,
2026-08-01,6247557414,1,876,876,876,876,196767044,2280956,,
2026-08-01,6329693946,1,11129,11129,11129,11129,76524562,222019,,
2026-08-01,6409513651,1,3966,3966,3966,3966,92561217,827448,,
2026-08-01,6646518350,1,732,732,732,732,255175546,349676,,
2026-08-01,6682487255,1,8404,8404,8404,8404,480671683,225883,,
2026-08-01,6749060816,1,8796,8796,8796,8796,250713904,1695358,,
2026-08-01,6801595469,1,1031,1031,1031,1031,62130414,143330,,
2026-08-01,7018190066,1,22603,22603,22603,22603,6471096882,6035100,,
2026-08-01,7058980030,1,6899,6899,6899,6899,569353548,950838,,
2026-08-01,7082244450,1,8584,8584,8584,8584,30462372,126449,,
2026-08-01,7082423811,1,3130,3130,3130,3130,279390549,1558358,,
2026-08-01,7094518649,1,13249,13249,13249,13249,334308887,809163,,
2026-08-01,7127084123,1,2902,2902,2902,2902,146020657,312062,,
2026-08-01,7128163167,1,2823,2823,2823,2823,72023665,121138,,
2026-08-01,7208219743,1,2174,2174,2174,2174,4173898,63517,,
2026-08-01,7219654364,1,63153,63153,63153,63153,1458096122,14714470,,
2026-08-01,7332711118,1,3929,3929,3929,3929,1865093991,2459135,,
2026-08-01,7368125255,1,4686,4686,4686,4686,,,,
2026-08-01,7383133134,1,1108,1108,1108,1108,103109228,761638,,
2026-08-01,7436755782,1,42799,42799,42799,42799,35792935913,11344761,,
2026-08-01,7450124099,1,4977,4977,4977,4977,131141217,739876,,
2026-08-01,7613921865,1,209274,209274,209274,209274,436693355,156166,,
2026-08-01,7690412163,1,947,947,947,947,84895911,202648,,
2026-08-01,7709344486,1,126579,126579,126579,126579,72068710721,28852934,,
2026-08-01,7719766419,1,1090,1090,1090,1090,30318358,260498,,
2026-08-01,7720654467,1,2658,2658,2658,2658,73690594,208359,,
2026-08-01,7742053421,1,797,797,797,797,87807339,5808659,,
2026-08-01,7856039629,1,4372,4372,4372,4372,8484164,447454,,
2026-08-01,7891669427,1,1769,1769,1769,1769,34892488,839078,,
2026-08-01,8014099969,1,1390,1390,1390,1390,144623907,242576,,
2026-08-01,8152539587,1,2839,2839,2839,2839,91732413,10250657,,
2026-08-01,8291789996,1,3552,3552,3552,3552,,,,
2026-08-01,8316902627,1,4180,4180,4180,4180,4681409829,1975919,,
2026-08-01,8356066619,1,6768,6768,6768,6768,79715365,48664,,
2026-08-01,8401518398,1,5252,5252,5252,5252,76151795,57090,,
2026-08-01,8504461817,2,3234,3234,2996,3471,184633677,96127,,
2026-08-01,8539298853,1,18365,18365,18365,18365,1251123617,1711877,,
2026-08-01,8696670616,1,2886,2886,2886,2886,,,,
2026-08-01,8759966530,1,2418,2418,2418,2418,115253089,386080,,
2026-08-01,8786713187,1,1383,1383,1383,1383,115576859,282062,,
2026-08-01,8791358380,1,9244,9244,9244,9244,414064439,12262989,,
2026-08-01,8950496606,1,3632,3632,3632,3632,169738404,429732,,
2026-08-01,9077534770,1,1027,1027,1027,1027,58936098,181931,,
2026-08-01,9098570654,1,12290,12290,12290,12290,213575180,334742,,
2026-08-01,9122463229,1,9014,9014,9014,9014,,,,
2026-08-01,9129640671,1,11028,11028,11028,11028,,,,
2026-08-01,9141743926,1,11708,11708,11708,11708,416801822,583718,,
2026-08-01,9145063979,1,8708,8708,8708,8708,529954614,526859,,
2026-08-01,9177208241,1,3360,3360,3360,3360,72124854,386793,,
2026-08-01,9219116196,1,3931,3931,3931,3931,88426774,230398,,
2026-08-01,9231693026,1,2948,2948,2948,2948,,,,
2026-08-01,9296042754,1,4372,4372,4372,4372,53996519,258929,,
2026-08-01,9315472782,1,905,905,905,905,22548537,131003,,
2026-08-01,9315739469,1,919,919,919,919,80186738,83813,,
2026-08-01,9348272796,1,37988,37988,37988,37988,645439339,593558,,
2026-08-01,9362896961,1,4155,4155,4155,4155,144120582,215060,,
2026-08-01,9363735110,1,7373,7373,7373,7373,5678876107,2030890,,
2026-08-01,9409870130,1,841,841,841,841,19698187,245750,,
2026-08-01,9411563986,1,1787,1787,1787,1787,83164225,144762,,
2026-08-01,9452898647,1,3059,3059,3059,3059,112799842,4699079,,
2026-08-01,9481391333,1,2377,2377,2377,2377,13128215,402818,,
2026-08-01,9494058490,1,12312,12312,12312,12312,,,,
2026-08-01,9501409571,1,1201,1201,1201,1201,38672005,190884,,
2026-08-01,9513686983,1,4886,4886,4886,4886,408801671,13378008,,
2026-08-01,9526307912,1,1980,1980,1980,1980,88673531,151968,,
2026-08-01,9561553764,1,14869,14869,14869,14869,102024702,93115,,
2026-08-01,9584852943,1,262399,262399,262399,262399,4035126330,4937600,,
2026-08-01,9639553972,1,2867,2867,2867,2867,33184319,175924,,
2026-08-01,9758688665,1,3345,3345,3345,3345,100734488,5189405,,
2026-08-01,9830725726,1,2820,2820,2820,2820,33626843,34677,,
2026-08-01,9859536675,1,2754,2754,2754,2754,,,,
2026-08-01,9930466428,1,705,705,705,705,34281453,134581,,
2026-08-01,9940725596,1,966,966,966,966,31216208,40545,,
2026-08-01,9963622286,1,5627,5627,5627,5627,99489406,2671983,,
2026-08-01,9998576154,1,7983,7983,7983,7983,90739759,5781132,,
2026-08-01,10004244222,1,46842,46842,46842,46842,1571062596,23977372,,
2026-08-01,10037267577,2,3658,3658,3099,4217,2048930,156554,,
2026-08-01,10051853469,1,4298,4298,4298,4298,105916674,2320558,,
2026-08-01,10065013948,1,3946,3946,3946,3946,46165623,69357,,
2026-08-01,10086454767,1,1057,1057,1057,1057,17581339,48749,,
2026-08-01,10127090395,1,11224,11224,11224,11224,102359253,4807093,,
2026-08-01,10144280947,1,49452,49452,49452,49452,87316406,3099310,,
2026-08-01,10144587520,1,22941,22941,22941,22941,31430183,1065266,,
2026-08-01,10149910491,1,3539,3539,3539,3539,28530415,41046,,
2026-08-01,10149964044,1,6407,6407,6407,6407,,,,
2026-08-01,10153098880,1,8549,8549,8549,8549,11385800,100707,,
2026-08-01,10156435104,1,10634,10634,10634,10634,37334462,62421,,
2026-08-01,10162859180,1,2788,2788,2788,2788,2174630,32090,,
2026-08-01,10184247393,1,12227,12227,12227,12227,52231779,1576669,,
2026-08-01,10189601764,1,4324,4324,4324,4324,26233221,31365,,
2026-08-01,10196660716,1,3727,3727,3727,3727,22687140,1717249,,
2026-08-01,10199301628,1,37772,37772,37772,37772,288006142,1543525,,
2026-08-01,10200291205,1,2918,2918,2918,2918,33335828,1031929,,
2026-08-01,10200395747,1,515950,515950,515950,515950,1510386390,640008,,
2026-08-01,10204207151,1,4322,4322,4322,4322,12205589,39498,,
2026-08-01,10230921598,1,4257,4257,4257,4257,130652722,8556745,,
2026-08-01,10233180411,1,1053,1053,1053,1053,3712744,7894,,
2026-08-01,10244001346,1,5380,5380,5380,5380,72067530,72565,,
2026-08-01,10247797619,1,4544,4544,4544,4544,44587898,137261,,
2026-08-01,10253235584,1,33084,33084,33084,33084,20535001,265224,,
2026-08-01,10272236945,1,3840,3840,3840,3840,12514875,17628,,
2026-08-01,10274447949,1,6534,6534,6534,6534,27131836,2025654,,
2026-08-01,10291450669,1,3497,3497,3497,3497,2762376,314566,,
2026-08-01,10314520237,1,11389,11389,11389,11389,,,,
2026-08-01,10321202755,1,11678,11678,11678,11678,34715080,364282,,
2026-08-01,10342857565,1,5825,5825,5825,5825,15125254,19878,,
2026-08-01,10350558449,1,7281,7281,7281,7281,12204624,265520,,
2026-08-01,10356701370,1,21790,21790,21790,21790,43455779,245183,,
2026-08-01,10375105020,1,3846,3846,3846,3846,7113955,14817,,
2026-08-01,10406853972,1,8463,8463,8463,8463,9719939,972104,,
2026-08-01,10409732219,1,14489,14489,14489,14489,18283336,1662821,,
2026-08-01,10426376134,1,13503,13503,13503,13503,,,,
2026-08-01,10437809977,1,6401,6401,6401,6401,2540388,5723,,
2026-08-01,10448083800,1,4603,4603,4603,4603,5197840,10898,,
2026-08-01,10455462279,1,5893,5893,5893,5893,17259495,814680,,
2026-08-01,10456832990,1,21481,21481,21481,21481,31104568,48813,,
2026-08-01,10501968293,1,2830,2830,2830,2830,3748808,6237,,
2026-08-01,10502841145,1,21271,21271,21271,21271,26395180,30321,,
2026-08-01,10514488908,1,7490,7490,7490,7490,6140348,17469,,
2026-08-01,10516060568,1,7657,7657,7657,7657,2149168,6402,,
2026-08-02,31970568,1,6448,6448,6448,6448,1597920234,6066551,,
2026-08-02,66654135,1,583550,583550,583550,583550,28232288949,23199591,,
2026-08-02,605887098,1,3303,3303,3303,3303,2513736821,3697018,,
2026-08-02,903807016,1,4693,4693,4693,4693,1553516497,2819480,,
2026-08-02,1053132402,1,2851,2851,2851,2851,564342832,969694,,
2026-08-02,1198533421,1,978,978,978,978,179401978,724866,,
2026-08-02,1214576306,1,3602,3602,3602,3602,1639752137,4290037,,
2026-08-02,1430007363,1,3599,3599,3599,3599,899363643,2307743,,
2026-08-02,1489026993,2,7292,7292,7259,7326,2656518122,4324926,,
2026-08-02,1526814825,1,9547,9547,9547,9547,1081052538,4302312,,
2026-08-02,1637284552,1,1016,1016,1016,1016,,,,
2026-08-02,1795206523,1,1681,1681,1681,1681,949999046,928641,,
2026-08-02,1831550657,1,33498,33498,33498,33498,2139669399,10787486,,
2026-08-02,1998835206,1,2521,2521,2521,2521,582889659,1168656,,
2026-08-02,2049551477,2,5429,5429,3089,7769,1461148121,1911963,,
2026-08-02,2165551367,1,1199,1199,1199,1199,667958235,2419089,,
2026-08-02,2247578975,2,4624,4624,3883,5364,1209679885,14928049,,
2026-08-02,2274830359,1,9485,9485,9485,9485,2964908422,1994861,,
2026-08-02,2294168059,1,5740,5740,5740,5740,1234620251,3325878,,
2026-08-02,2369077151,1,7111,7111,7111,7111,395967420,10689358,,
2026-08-02,2440500124,1,24924,24924,24924,24924,7547034362,7995680,,
2026-08-02,2491559356,1,3066,3066,3066,3066,79925937,166716,,
2026-08-02,2655478023,2,4173,4173,3625,4721,1007264240,3483085,,
2026-08-02,2788648141,1,2727,2727,2727,2727,996256503,2046134,,
2026-08-02,2821905072,1,3344,3344,3344,3344,259510709,5441750,,
2026-08-02,2827951974,1,1125,1125,1125,1125,809243421,680222,,
2026-08-02,2921237723,1,1746,1746,1746,1746,138473187,758088,,
2026-08-02,2992873140,1,14990,14990,14990,14990,1373090935,1002367,,
2026-08-02,3034836582,1,1137,1137,1137,1137,502272301,1913311,,
2026-08-02,3079618996,1,9119,9119,9119,9119,779855372,905415,,
2026-08-02,3088609243,1,4006,4006,4006,4006,732824905,597047,,
2026-08-02,3164075108,1,3097,3097,3097,3097,277230415,727495,,
2026-08-02,3187874989,1,4613,4613,4613,4613,164869506,226684,,
2026-08-02,3191268194,1,3197,3197,3197,3197,1351747457,5426114,,
2026-08-02,3274669156,1,727,727,727,727,67667671,655980,,
2026-08-02,3310460039,1,22025,22025,22025,22025,4568910427,105131449,,
2026-08-02,3346892457,1,2498,2498,2498,2498,438222921,173636,,
2026-08-02,3420059569,1,2934,2934,2934,2934,950872658,27479562,,
2026-08-02,3472976893,1,5606,5606,5606,5606,165045891,2861899,,
2026-08-02,3502524667,1,2384,2384,2384,2384,753082130,3680209,,
2026-08-02,3551414857,1,3097,3097,3097,3097,629086778,1318280,,
2026-08-02,3647333358,1,49969,49969,49969,49969,8957172264,8079502,,
2026-08-02,3746418487,1,3678,3678,3678,3678,315139654,380023,,
2026-08-02,3754482795,1,6541,6541,6541,6541,1259234592,4452914,,
2026-08-02,3759884822,1,3085,3085,3085,3085,128619293,109203,,
2026-08-02,3841172115,1,2532,2532,2532,2532,148123809,681906,,
2026-08-02,4028801234,1,1574,1574,1574,1574,233134100,12401699,,
2026-08-02,4071487712,1,990,990,990,990,28149909,118229,,
2026-08-02,4343544885,1,2751,2751,2751,2751,115666908,2610184,,
2026-08-02,4348829796,1,17906,17906,17906,17906,2603883169,10945910,,
2026-08-02,4367208330,1,5280,5280,5280,5280,477823662,1621848,,
2026-08-02,4518160318,1,6757,6757,6757,6757,632718536,1137805,,
2026-08-02,4595016786,1,2983,2983,2983,2983,594704579,732063,,
2026-08-02,4599924264,1,2846,2846,2846,2846,709657616,276256,,
2026-08-02,4673599750,1,3624,3624,3624,3624,508487881,464722,,
2026-08-02,4720386144,1,2240,2240,2240,2240,114721953,580379,,
2026-08-02,4793836769,1,6585,6585,6585,6585,291678835,6180345,,
2026-08-02,4925331346,1,5745,5745,5745,5745,307646042,474702,,
2026-08-02,4944984948,1,5910,5910,5910,5910,252896349,123626,,
2026-08-02,5195168716,1,1776,1776,1776,1776,96187325,631595,,
2026-08-02,5207621753,1,3260,3260,3260,3260,87918013,74164,,
2026-08-02,5361032378,1,51949,51949,51949,51949,2042255796,989221,,
2026-08-02,5508238359,1,6210,6210,6210,6210,87448558,1641314,,
2026-08-02,5578556129,1,15519,15519,15519,15519,2006594969,1976481,,
2026-08-02,5668114043,1,1773,1773,1773,1773,237774266,733832,,
2026-08-02,5750914919,1,62119,62119,62119,62119,4728757157,3549668,,
2026-08-02,5927446137,1,956,956,956,956,44432737,580836,,
2026-08-02,5993969021,1,1121,1121,1121,1121,15876610,56251,,
2026-08-02,6015491985,1,3409,3409,3409,3409,353446296,207197,,
2026-08-02,6072944764,1,964,964,964,964,53457114,60197,,
2026-08-02,6247557414,1,1131,1131,1131,1131,196894988,2282677,,
2026-08-02,6314664695,1,958,958,958,958,60262165,2821720,,
2026-08-02,6329693946,1,10270,10270,10270,10270,77035026,222616,,
2026-08-02,6409513651,1,4885,4885,4885,4885,92774679,827610,,
2026-08-02,6646518350,1,793,793,793,793,255363736,349790,,
2026-08-02,6682487255,1,8478,8478,8478,8478,481432036,226224,,
2026-08-02,6749060816,1,8425,8425,8425,8425,251387130,1699607,,
2026-08-02,7018190066,1,24085,24085,24085,24085,6473174224,6036690,,
2026-08-02,7058980030,1,7041,7041,7041,7041,570565147,952823,,
2026-08-02,7082244450,1,4599,4599,4599,4599,32388087,138279,,
2026-08-02,7082423811,1,3220,3220,3220,3220,279689536,1558708,,
2026-08-02,7094518649,1,13314,13314,13314,13314,335019467,810750,,
2026-08-02,7113705633,1,737,737,737,737,17411443,409675,,
2026-08-02,7127084123,1,3025,3025,3025,3025,146239900,312476,,
2026-08-02,7128163167,1,2575,2575,2575,2575,72271542,121451,,
2026-08-02,7208219743,1,2050,2050,2050,2050,4339048,64745,,
2026-08-02,7219654364,1,71556,71556,71556,71556,1465536421,14752067,,
2026-08-02,7332711118,1,4541,4541,4541,4541,1865674970,2459632,,
2026-08-02,7368125255,1,4686,4686,4686,4686,,,,
2026-08-02,7383133134,1,1921,1921,1921,1921,103328247,763619,,
2026-08-02,7436755782,1,50510,50510,50510,50510,35797945857,11347259,,
2026-08-02,7450124099,1,3352,3352,3352,3352,131424371,741412,,
2026-08-02,7613921865,1,187605,187605,187605,187605,461549548,159972,,
2026-08-02,7690412163,1,980,980,980,980,84978984,202965,,
2026-08-02,7709344486,1,144010,144010,144010,144010,72111296998,28865499,,
2026-08-02,7719766419,1,708,708,708,708,30475776,261353,,
2026-08-02,7720654467,1,2877,2877,2877,2877,74151216,209140,,
2026-08-02,7742053421,1,740,740,740,740,87919026,5812862,,
2026-08-02,7856039629,1,4577,4577,4577,4577,9060539,468789,,
2026-08-02,7891669427,1,2040,2040,2040,2040,35059809,841290,,
2026-08-02,8014099969,1,1947,1947,1947,1947,144792083,243127,,
2026-08-02,8152539587,1,3542,3542,3542,3542,92314506,10304349,,
2026-08-02,8291789996,1,3552,3552,3552,3552,,,,
2026-08-02,8316902627,1,5215,5215,5215,5215,4682195997,1976950,,
2026-08-02,8356066619,1,6352,6352,6352,6352,79911209,48731,,
2026-08-02,8401518398,1,5540,5540,5540,5540,76963765,57845,,
2026-08-02,8504461817,2,4698,4698,3418,5977,185205325,96898,,
2026-08-02,8539298853,1,11166,11166,11166,11166,1252347271,1714052,,
2026-08-02,8562618273,1,727,727,727,727,103111249,82782,,
2026-08-02,8675480462,1,1359,1359,1359,1359,5443066,19947,,
2026-08-02,8696670616,1,2886,2886,2886,2886,,,,
2026-08-02,8759966530,1,2578,2578,2578,2578,115596232,387185,,
2026-08-02,8786713187,1,1466,1466,1466,1466,115697009,282299,,
2026-08-02,8791358380,1,9813,9813,9813,9813,415076627,12295569,,
2026-08-02,8950496606,1,3829,3829,3829,3829,170012507,430605,,
2026-08-02,9073513091,1,3579,3579,3579,3579,123533781,159121,,
2026-08-02,9077534770,1,1866,1866,1866,1866,59086357,182508,,
2026-08-02,9098570654,1,19819,19819,19819,19819,214901898,337031,,
2026-08-02,9122463229,1,9014,9014,9014,9014,,,,
2026-08-02,9129640671,1,11028,11028,11028,11028,,,,
2026-08-02,9141743926,1,11814,11814,11814,11814,418097375,584330,,
2026-08-02,9145063979,1,8202,8202,8202,8202,531244796,528418,,
2026-08-02,9145282410,1,1173,1173,1173,1173,38140452,275648,,
2026-08-02,9177208241,1,3022,3022,3022,3022,72515901,388472,,
2026-08-02,9219116196,1,4341,4341,4341,4341,88850209,232271,,
2026-08-02,9231693026,1,2948,2948,2948,2948,,,,
2026-08-02,9296042754,1,4701,4701,4701,4701,54430784,260644,,
2026-08-02,9315472782,1,739,739,739,739,,,,
2026-08-02,9315739469,1,1060,1060,1060,1060,80335920,84032,,
2026-08-02,9348272796,1,38451,38451,38451,38451,649473726,596558,,
2026-08-02,9362896961,1,4565,4565,4565,4565,144353323,215163,,
2026-08-02,9363735110,1,8147,8147,8147,8147,5680226860,2031514,,
2026-08-02,9409870130,1,1075,1075,1075,1075,19788554,246740,,
2026-08-02,9411563986,1,1531,1531,1531,1531,83380865,145069,,
2026-08-02,9481391333,1,2297,2297,2297,2297,13338743,406099,,
2026-08-02,9494058490,1,12312,12312,12312,12312,,,,
2026-08-02,9501409571,1,1249,1249,1249,1249,38843991,192095,,
2026-08-02,9513686983,1,4774,4774,4774,4774,409526371,13409242,,
2026-08-02,9526307912,1,2783,2783,2783,2783,89041462,152593,,
2026-08-02,9556113881,1,958,958,958,958,37977066,173034,,
2026-08-02,9561553764,1,16898,16898,16898,16898,104175282,95075,,
2026-08-02,9584852943,1,280807,280807,280807,280807,4115619372,4984933,,
2026-08-02,9639553972,1,3103,3103,3103,3103,33478795,177304,,
2026-08-02,9758688665,1,3430,3430,3430,3430,101132610,5209449,,
2026-08-02,9859536675,1,2754,2754,2754,2754,,,,
2026-08-02,9930466428,1,729,729,729,729,,,,
2026-08-02,9940725596,1,1082,1082,1082,1082,31374682,40732,,
2026-08-02,9963622286,1,5358,5358,5358,5358,,,,
2026-08-02,9998576154,1,8888,8888,8888,8888,91665488,5839823,,
2026-08-02,10004244222,1,69206,69206,69206,69206,1582159629,24043433,,
2026-08-02,10037267577,1,4193,4193,4193,4193,2583564,162115,,
2026-08-02,10051853469,1,3720,3720,3720,3720,106419935,2329508,,
2026-08-02,10065013948,1,4001,4001,4001,4001,46622495,69990,,
2026-08-02,10086454767,1,973,973,973,973,17660664,48878,,
2026-08-02,10127090395,1,9711,9711,9711,9711,104559071,4874868,,
2026-08-02,10144280947,1,44159,44159,44159,44159,92170038,3208126,,
2026-08-02,10144587520,1,24304,24304,24304,24304,32871953,1086928,,
2026-08-02,10149910491,1,3685,3685,3685,3685,28856287,41399,,
2026-08-02,10149964044,1,6407,6407,6407,6407,,,,
2026-08-02,10153098880,1,9456,9456,9456,9456,12120201,106387,,
2026-08-02,10156435104,1,11868,11868,11868,11868,38624247,64218,,
2026-08-02,10184247393,1,12544,12544,12544,12544,53631663,1609356,,
2026-08-02,10189601764,1,3956,3956,3956,3956,26676234,31713,,
2026-08-02,10196660716,1,4329,4329,4329,4329,23188634,1751776,,
2026-08-02,10199301628,1,37614,37614,37614,37614,293188130,1564081,,
2026-08-02,10200395747,1,500550,500550,500550,500550,1529284842,641174,,
2026-08-02,10204207151,1,6190,6190,6190,6190,12889532,40860,,
2026-08-02,10230921598,1,3984,3984,3984,3984,131214423,8587062,,
2026-08-02,10244001346,1,6059,6059,6059,6059,73119538,73665,,
2026-08-02,10247797619,1,4683,4683,4683,4683,45116023,138506,,
2026-08-02,10253235584,1,35033,35033,35033,35033,22693488,287397,,
2026-08-02,10272236945,1,4825,4825,4825,4825,13202302,18652,,
2026-08-02,10274447949,1,6331,6331,6331,6331,28135033,2096183,,
2026-08-02,10291450669,1,5018,5018,5018,5018,3391030,376001,,
2026-08-02,10314520237,1,11389,11389,11389,11389,,,,
2026-08-02,10321202755,1,14281,14281,14281,14281,35379787,366303,,
2026-08-02,10342857565,1,5391,5391,5391,5391,16053759,21045,,
2026-08-02,10350558449,1,6682,6682,6682,6682,12785676,273641,,
2026-08-02,10356701370,1,21941,21941,21941,21941,46540258,258271,,
2026-08-02,10375105020,1,5218,5218,5218,5218,7744749,16076,,
2026-08-02,10406853972,1,8600,8600,8600,8600,10732360,1035592,,
2026-08-02,10409732219,1,13156,13156,13156,13156,21236323,1851060,,
2026-08-02,10426376134,1,13503,13503,13503,13503,,,,
2026-08-02,10437809977,1,6464,6464,6464,6464,3483292,7688,,
2026-08-02,10448083800,1,3810,3810,3810,3810,5722267,11526,,
2026-08-02,10455462279,1,6398,6398,6398,6398,18150355,852786,,
2026-08-02,10456832990,1,23633,23633,23633,23633,33415983,51576,,
2026-08-02,10501968293,1,2906,2906,2906,2906,4529957,7696,,
2026-08-02,10502841145,1,26058,26058,26058,26058,28050470,32274,,
2026-08-02,10514488908,1,5098,5098,5098,5098,6897397,19369,,
2026-08-02,10516060568,1,6532,6532,6532,6532,3127590,8780,,
2026-08-03,31970568,1,6237,6237,6237,6237,1598368250,6067049,,
2026-08-03,66654135,1,589201,589201,589201,589201,28295921721,23218763,,
2026-08-03,605887098,1,2963,2963,2963,2963,2514094385,3697516,,
2026-08-03,903807016,1,5102,5102,5102,5102,1554306560,2820062,,
2026-08-03,1198533421,1,941,941,941,941,179467928,724977,,
2026-08-03,1214576306,1,3418,3418,3418,3418,1640002865,4290308,,
2026-08-03,1430007363,1,3176,3176,3176,3176,899742364,2309810,,
2026-08-03,1489026993,2,6246,6246,6053,6440,2657148550,4325784,,
2026-08-03,1526814825,1,9429,9429,9429,9429,1081697295,4304822,,
2026-08-03,1637284552,1,1016,1016,1016,1016,,,,
2026-08-03,1795206523,1,1564,1564,1564,1564,950282098,928770,,
2026-08-03,1831550657,1,30205,30205,30205,30205,2141571462,10795354,,
2026-08-03,1998835206,1,2459,2459,2459,2459,583089629,1168801,,
2026-08-03,2049551477,2,4392,4392,4360,4424,1461840044,1912953,,
2026-08-03,2165551367,1,1289,1289,1289,1289,668154408,2419642,,
2026-08-03,2247578975,2,4145,4145,3556,4734,1210226698,14928427,,
2026-08-03,2274830359,1,7697,7697,7697,7697,2966183982,1996034,,
2026-08-03,2294168059,1,5315,5315,5315,5315,1235088246,3327610,,
2026-08-03,2339944792,1,2916,2916,2916,2916,25925957,151369,,
2026-08-03,2369077151,1,10553,10553,10553,10553,397062986,10714855,,
2026-08-03,2440500124,1,24892,24892,24892,24892,7549636171,7998215,,
2026-08-03,2491559356,1,2632,2632,2632,2632,80124461,166948,,
2026-08-03,2655478023,2,4006,4006,3326,4685,1007857293,3483598,,
2026-08-03,2821905072,1,3707,3707,3707,3707,259893586,5448905,,
2026-08-03,2827951974,1,918,918,918,918,809363084,680406,,
2026-08-03,2921237723,1,1630,1630,1630,1630,138657757,758634,,
2026-08-03,2992873140,1,17289,17289,17289,17289,1374392866,1003205,,
2026-08-03,3034836582,1,1012,1012,1012,1012,,,,
2026-08-03,3079618996,1,6620,6620,6620,6620,780568092,909982,,
2026-08-03,3088609243,1,4797,4797,4797,4797,733537517,597952,,
2026-08-03,3164075108,1,3019,3019,3019,3019,277450068,727981,,
2026-08-03,3187874989,1,4155,4155,4155,4155,165224263,227031,,
2026-08-03,3191268194,1,3138,3138,3138,3138,1352045986,5430217,,
2026-08-03,3310460039,1,22514,22514,22514,22514,4572167707,105133244,,
2026-08-03,3346892457,1,2271,2271,2271,2271,438513328,173925,,
2026-08-03,3420059569,1,3340,3340,3340,3340,951380744,27479839,,
2026-08-03,3472976893,1,4997,4997,4997,4997,165769158,2885182,,
2026-08-03,3502524667,1,1832,1832,1832,1832,753407005,3680447,,
2026-08-03,3551414857,1,2571,2571,2571,2571,629330864,1318644,,
2026-08-03,3647333358,1,48179,48179,48179,48179,8962510787,8082879,,
2026-08-03,3746418487,1,5625,5625,5625,5625,315728397,380804,,
2026-08-03,3754482795,1,4746,4746,4746,4746,1259896155,4455321,,
2026-08-03,3759884822,1,2833,2833,2833,2833,128808875,109427,,
2026-08-03,3841172115,1,2410,2410,2410,2410,148378091,682700,,
2026-08-03,4028801234,1,1222,1222,1222,1222,233287138,12409644,,
2026-08-03,4071487712,1,879,879,879,879,28208391,118397,,
2026-08-03,4343544885,1,3022,3022,3022,3022,115864623,2612934,,
2026-08-03,4348829796,1,17623,17623,17623,17623,2605982574,10957196,,
2026-08-03,4367208330,1,4864,4864,4864,4864,478223196,1622465,,
2026-08-03,4518160318,1,5766,5766,5766,5766,633137292,1138703,,
2026-08-03,4595016786,1,2995,2995,2995,2995,595098865,732774,,
2026-08-03,4599924264,1,2838,2838,2838,2838,710129334,276609,,
2026-08-03,4673599750,1,3464,3464,3464,3464,509360674,465502,,
2026-08-03,4720386144,1,2301,2301,2301,2301,114898853,581091,,
2026-08-03,4793836769,1,5919,5919,5919,5919,292146004,6188371,,
2026-08-03,4925331346,1,4871,4871,4871,4871,308064138,475431,,
2026-08-03,4944984948,1,5945,5945,5945,5945,254003508,124469,,
2026-08-03,5195168716,1,1848,1848,1848,1848,96341376,632440,,
2026-08-03,5207621753,1,3179,3179,3179,3179,88298571,74385,,
2026-08-03,5361032378,1,50625,50625,50625,50625,2045140504,990441,,
2026-08-03,5508238359,1,6840,6840,6840,6840,87918106,1646136,,
2026-08-03,5578556129,1,14782,14782,14782,14782,2007267984,1977574,,
2026-08-03,5668114043,1,1875,1875,1875,1875,237947279,734170,,
2026-08-03,5750914919,1,55539,55539,55539,55539,4731918227,3552258,,
2026-08-03,6072944764,1,932,932,932,932,53535734,60336,,
2026-08-03,6247557414,1,885,885,885,885,197023130,2284356,,
2026-08-03,6329693946,1,10201,10201,10201,10201,77541756,223173,,
2026-08-03,6409513651,1,4168,4168,4168,4168,92974476,827671,,
2026-08-03,6646518350,1,650,650,650,650,255518204,349883,,
2026-08-03,6682487255,1,8106,8106,8106,8106,482194386,226858,,
2026-08-03,6749060816,1,8192,8192,8192,8192,252006116,1702746,,
2026-08-03,7018190066,1,21916,21916,21916,21916,6475042324,6038002,,
2026-08-03,7058980030,1,5686,5686,5686,5686,571586786,954515,,
2026-08-03,7082244450,1,6125,6125,6125,6125,33344039,141638,,
2026-08-03,7082423811,1,3381,3381,3381,3381,280023185,1559143,,
2026-08-03,7094518649,1,12231,12231,12231,12231,335698456,812418,,
2026-08-03,7113705633,1,834,834,834,834,17453812,411557,,
2026-08-03,7128163167,1,2019,2019,2019,2019,72465260,121718,,
2026-08-03,7208219743,1,1753,1753,1753,1753,4489400,65811,,
2026-08-03,7219654364,1,66428,66428,66428,66428,1472363251,14787625,,
2026-08-03,7332711118,1,4025,4025,4025,4025,1866144411,2460286,,
2026-08-03,7368125255,1,4686,4686,4686,4686,,,,
2026-08-03,7383133134,1,1600,1600,1600,1600,103560109,765649,,
2026-08-03,7436755782,1,43614,43614,43614,43614,35801551195,11349503,,
2026-08-03,7450124099,1,2816,2816,2816,2816,131650960,742590,,
2026-08-03,7613921865,1,153283,153283,153283,153283,482750584,163385,,
2026-08-03,7690412163,1,806,806,806,806,85047323,203227,,
2026-08-03,7709344486,1,127843,127843,127843,127843,72139053689,28873794,,
2026-08-03,7856039629,1,4790,4790,4790,4790,9587509,484871,,
2026-08-03,7891669427,1,1950,1950,1950,1950,35219438,843304,,
2026-08-03,8014099969,1,1477,1477,1477,1477,144954973,243438,,
2026-08-03,8152539587,1,4604,4604,4604,4604,93051840,10372538,,
2026-08-03,8291789996,1,3552,3552,3552,3552,,,,
2026-08-03,8316902627,1,3778,3778,3778,3778,4682725736,1978592,,
2026-08-03,8356066619,1,9663,9663,9663,9663,80163140,48814,,
2026-08-03,8401518398,1,4285,4285,4285,4285,77654507,58455,,
2026-08-03,8497987845,1,2815,2815,2815,2815,13568912,82779,,
2026-08-03,8504461817,2,4842,4842,3296,6388,185933384,97554,,
2026-08-03,8539298853,1,9958,9958,9958,9958,1253353133,1715905,,
2026-08-03,8696670616,1,2886,2886,2886,2886,,,,
2026-08-03,8759966530,1,3043,3043,3043,3043,115912977,387925,,
2026-08-03,8786713187,1,1386,1386,1386,1386,115816192,282527,,
2026-08-03,8791358380,1,9779,9779,9779,9779,416039109,12326164,,
2026-08-03,8950496606,1,3819,3819,3819,3819,170302697,431777,,
2026-08-03,9077534770,1,1034,1034,1034,1034,59229098,183063,,
2026-08-03,9098570654,1,14721,14721,14721,14721,215898675,339130,,
2026-08-03,9122463229,1,9014,9014,9014,9014,,,,
2026-08-03,9129640671,1,11028,11028,11028,11028,,,,
2026-08-03,9141743926,1,10688,10688,10688,10688,419240755,584798,,
2026-08-03,9145063979,1,12237,12237,12237,12237,532837234,530771,,
2026-08-03,9177208241,1,2261,2261,2261,2261,72813355,389754,,
2026-08-03,9219116196,1,4097,4097,4097,4097,89248225,234081,,
2026-08-03,9231693026,1,2948,2948,2948,2948,,,,
2026-08-03,9296042754,1,4100,4100,4100,4100,54839061,262347,,
2026-08-03,9315739469,1,1207,1207,1207,1207,80479120,84212,,
2026-08-03,9348272796,1,31501,31501,31501,31501,652747140,599121,,
2026-08-03,9362896961,1,4337,4337,4337,4337,144571464,215264,,
2026-08-03,9363735110,1,7463,7463,7463,7463,5681200326,2031973,,
2026-08-03,9409870130,1,966,966,966,966,19880310,247861,,
2026-08-03,9411563986,1,1455,1455,1455,1455,83567270,145322,,
2026-08-03,9481391333,1,3687,3687,3687,3687,13604723,410802,,
2026-08-03,9494058490,1,12312,12312,12312,12312,,,,
2026-08-03,9501409571,1,1043,1043,1043,1043,39005654,193381,,
2026-08-03,9513686983,1,4706,4706,4706,4706,410198425,13435451,,
2026-08-03,9526307912,1,2726,2726,2726,2726,89358305,153112,,
2026-08-03,9561553764,1,18082,18082,18082,18082,106762624,98027,,
2026-08-03,9584852943,1,221965,221965,221965,221965,4162160103,5024875,,
2026-08-03,9639553972,1,5101,5101,5101,5101,33873348,179261,,
2026-08-03,9758688665,1,3607,3607,3607,3607,101484250,5225844,,
2026-08-03,9859536675,1,2754,2754,2754,2754,,,,
2026-08-03,9929086116,1,2905,2905,2905,2905,53860072,3677401,,
2026-08-03,9940725596,1,917,917,917,917,31527529,40929,,
2026-08-03,9940812243,1,2783,2783,2783,2783,6296556,110571,,
2026-08-03,9963622286,1,5531,5531,5531,5531,101106827,2673342,,
2026-08-03,9969095451,1,2833,2833,2833,2833,32111855,1303164,,
2026-08-03,9998576154,1,15114,15114,15114,15114,92861284,5915861,,
2026-08-03,10004244222,1,56761,56761,56761,56761,1589373992,24098196,,
2026-08-03,10037267577,1,3804,3804,3804,3804,2999529,163248,,
2026-08-03,10065013948,1,9378,9378,9378,9378,47343122,71293,,
2026-08-03,10083552936,1,899,899,899,899,8481785,367303,,
2026-08-03,10086454767,1,778,778,778,778,17725269,49033,,
2026-08-03,10127090395,1,8373,8373,8373,8373,106423671,4934530,,
2026-08-03,10144280947,1,47336,47336,47336,47336,96858910,3333908,,
2026-08-03,10144587520,1,22231,22231,22231,22231,33933511,1102009,,
2026-08-03,10149910491,1,3119,3119,3119,3119,29134747,41688,,
2026-08-03,10149964044,1,6407,6407,6407,6407,,,,
2026-08-03,10153098880,1,8708,8708,8708,8708,12761516,110688,,
2026-08-03,10156435104,1,7018,7018,7018,7018,39392997,65220,,
2026-08-03,10184247393,1,19399,19399,19399,19399,55074872,1649818,,
2026-08-03,10189601764,1,3441,3441,3441,3441,26979363,31964,,
2026-08-03,10196660716,1,3559,3559,3559,3559,23760103,1785057,,
2026-08-03,10199301628,1,33241,33241,33241,33241,296938402,1579456,,
2026-08-03,10200395747,1,493192,493192,493192,493192,1540740287,643089,,
2026-08-03,10204207151,1,4070,4070,4070,4070,13350144,41591,,
2026-08-03,10230921598,1,8595,8595,8595,8595,132039569,8640097,,
2026-08-03,10244001346,1,6328,6328,6328,6328,74229511,75157,,
2026-08-03,10247797619,1,5100,5100,5100,5100,45686567,140094,,
2026-08-03,10253235584,1,32989,32989,32989,32989,24540512,307130,,
2026-08-03,10272236945,1,4394,4394,4394,4394,13834823,19559,,
2026-08-03,10274447949,1,7102,7102,7102,7102,29290781,2185146,,
2026-08-03,10314520237,1,11389,11389,11389,11389,,,,
2026-08-03,10321202755,1,13574,13574,13574,13574,35877413,368483,,
2026-08-03,10342857565,1,2978,2978,2978,2978,16676950,21781,,
2026-08-03,10350558449,1,5721,5721,5721,5721,13339361,281060,,
2026-08-03,10356701370,1,20077,20077,20077,20077,49306674,268980,,
2026-08-03,10374499973,1,3997,3997,3997,3997,11028315,755902,,
2026-08-03,10375105020,1,6326,6326,6326,6326,8409008,17505,,
2026-08-03,10376742546,1,2726,2726,2726,2726,5267340,145976,,
2026-08-03,10406853972,1,9070,9070,9070,9070,11619881,1107019,,
2026-08-03,10409732219,1,15761,15761,15761,15761,24257876,2096786,,
2026-08-03,10426376134,1,13503,13503,13503,13503,,,,
2026-08-03,10437809977,1,5044,5044,5044,5044,4211065,9142,,
2026-08-03,10448083800,1,2963,2963,2963,2963,6052386,11995,,
2026-08-03,10455462279,1,5691,5691,5691,5691,18924973,892233,,
2026-08-03,10456832990,1,25308,25308,25308,25308,35473727,54809,,
2026-08-03,10502841145,1,23590,23590,23590,23590,29684056,35162,,
2026-08-03,10514488908,1,4240,4240,4240,4240,7337607,20211,,
2026-08-03,10536401008,1,5227,5227,5227,5227,,,,
2026-08-04,31970568,1,6371,6371,6371,6371,1598826840,6067643,,
2026-08-04,66654135,1,624712,624712,624712,624712,28356235705,23237160,,
2026-08-04,605887098,1,2913,2913,2913,2913,2514428371,3698187,,
2026-08-04,903807016,1,4803,4803,4803,4803,1555141249,2820754,,
2026-08-04,1198533421,1,894,894,894,894,179533182,725067,,
2026-08-04,1214576306,1,3991,3991,3991,3991,1640273650,4290760,,
2026-08-04,1430007363,1,3902,3902,3902,3902,900126717,2311936,,
2026-08-04,1489026993,2,6436,6436,6192,6681,2657774786,4326574,,
2026-08-04,1526814825,1,9836,9836,9836,9836,1082358960,4306549,,
2026-08-04,1637284552,1,1016,1016,1016,1016,,,,
2026-08-04,1795206523,1,1518,1518,1518,1518,950565689,928884,,
2026-08-04,1831550657,1,26510,26510,26510,26510,2143370021,10803710,,
2026-08-04,1998835206,1,2361,2361,2361,2361,583284349,1168912,,
2026-08-04,2049551477,2,3511,3511,2798,4224,1462312688,1913549,,
2026-08-04,2165551367,1,1284,1284,1284,1284,668361366,2420257,,
2026-08-04,2247578975,2,3718,3718,3710,3725,1210781274,14928818,,
2026-08-04,2274830359,1,9352,9352,9352,9352,2967415661,1997202,,
2026-08-04,2294168059,1,5555,5555,5555,5555,1235546062,3329129,,
2026-08-04,2339944792,1,2110,2110,2110,2110,26236257,152158,,
2026-08-04,2369077151,1,7604,7604,7604,7604,397862313,10728820,,
2026-08-04,2440500124,1,24199,24199,24199,24199,7552312391,8000806,,
2026-08-04,2491559356,1,2600,2600,2600,2600,80315389,167176,,
2026-08-04,2655478023,2,3504,3504,3160,3847,1008441210,3484110,,
2026-08-04,2821905072,1,3135,3135,3135,3135,260228359,5454507,,
2026-08-04,2827951974,1,983,983,983,983,809482776,680568,,
2026-08-04,2921237723,1,1324,1324,1324,1324,138830561,759119,,
2026-08-04,2992873140,1,17148,17148,17148,17148,1375657851,1003789,,
2026-08-04,3034836582,1,1022,1022,1022,1022,,,,
2026-08-04,3079618996,1,7969,7969,7969,7969,781381936,915671,,
2026-08-04,3088609243,1,3676,3676,3676,3676,734088880,598580,,
2026-08-04,3164075108,1,3409,3409,3409,3409,277685763,728705,,
2026-08-04,3187874989,1,4238,4238,4238,4238,165586105,227431,,
2026-08-04,3191268194,1,3403,3403,3403,3403,1352360416,5435526,,
2026-08-04,3274669156,1,1343,1343,1343,1343,67765311,656920,,
2026-08-04,3310460039,1,19124,19124,19124,19124,4574741026,105134484,,
2026-08-04,3346892457,1,1960,1960,1960,1960,438778145,174238,,
2026-08-04,3472976893,1,4341,4341,4341,4341,166434370,2906894,,
2026-08-04,3502524667,1,1953,1953,1953,1953,753710285,3680651,,
2026-08-04,3551414857,1,2540,2540,2540,2540,629547616,1318941,,
2026-08-04,3647333358,1,51924,51924,51924,51924,8968121642,8086717,,
2026-08-04,3746418487,1,4860,4860,4860,4860,316293161,381554,,
2026-08-04,3754482795,1,5858,5858,5858,5858,1260586008,4458074,,
2026-08-04,3759884822,1,3101,3101,3101,3101,129015603,109708,,
2026-08-04,3841172115,1,1829,1829,1829,1829,148612427,683333,,
2026-08-04,4028801234,1,1194,1194,1194,1194,233421719,12417175,,
2026-08-04,4071487712,1,904,904,904,904,28266708,118550,,
2026-08-04,4098607814,1,3065,3065,3065,3065,270058254,256699,,
2026-08-04,4343544885,1,4010,4010,4010,4010,116180045,2619400,,
2026-08-04,4348829796,1,17251,17251,17251,17251,2608103277,10969060,,
2026-08-04,4367208330,1,5410,5410,5410,5410,478601635,1623066,,
2026-08-04,4457060041,1,3026,3026,3026,3026,133475518,218765,,
2026-08-04,4518160318,1,6029,6029,6029,6029,633538213,1139741,,
2026-08-04,4595016786,1,2842,2842,2842,2842,595448643,733333,,
2026-08-04,4673599750,1,3391,3391,3391,3391,510249872,466332,,
2026-08-04,4720386144,1,2130,2130,2130,2130,115066214,581663,,
2026-08-04,4793836769,1,5887,5887,5887,5887,292593632,6196348,,
2026-08-04,4925331346,1,5307,5307,5307,5307,308475977,476103,,
2026-08-04,4944984948,1,4721,4721,4721,4721,254837748,125136,,
2026-08-04,5195168716,1,1610,1610,1610,1610,96505839,633277,,
2026-08-04,5207621753,1,3218,3218,3218,3218,88543270,74539,,
2026-08-04,5361032378,1,50608,50608,50608,50608,2048092367,990804,,
2026-08-04,5508238359,1,7287,7287,7287,7287,88462109,1652552,,
2026-08-04,5578556129,1,14635,14635,14635,14635,2007887060,1978376,,
2026-08-04,5668114043,1,2221,2221,2221,2221,238145131,734629,,
2026-08-04,5750914919,1,51771,51771,51771,51771,4734816678,3554060,,
2026-08-04,6072944764,1,933,933,933,933,53611098,60486,,
2026-08-04,6247557414,1,767,767,767,767,197133680,2285764,,
2026-08-04,6329693946,1,9809,9809,9809,9809,78028511,223805,,
2026-08-04,6409513651,1,3702,3702,3702,3702,93143363,827767,,
2026-08-04,6682487255,1,7688,7688,7688,7688,482895069,226977,,
2026-08-04,6749060816,1,7914,7914,7914,7914,252623629,1706215,,
2026-08-04,7018190066,1,22248,22248,22248,22248,6476870844,6039229,,
2026-08-04,7058980030,1,5857,5857,5857,5857,572541559,956083,,
2026-08-04,7082244450,1,4376,4376,4376,4376,34403981,145850,,
2026-08-04,7082423811,1,3788,3788,3788,3788,280361874,1559534,,
2026-08-04,7094518649,1,14110,14110,14110,14110,336468809,814300,,
2026-08-04,7127084123,1,2741,2741,2741,2741,146617755,313120,,
2026-08-04,7128163167,1,2148,2148,2148,2148,72646112,121974,,
2026-08-04,7208219743,1,1786,1786,1786,1786,4636537,66740,,
2026-08-04,7219654364,1,63685,63685,63685,63685,1479336953,14821472,,
2026-08-04,7332711118,1,3959,3959,3959,3959,1866545750,2460644,,
2026-08-04,7368125255,1,4686,4686,4686,4686,,,,
2026-08-04,7383133134,1,1589,1589,1589,1589,103784118,767445,,
2026-08-04,7436755782,1,39131,39131,39131,39131,35804725276,11351050,,
2026-08-04,7613921865,1,137202,137202,137202,137202,500024626,165710,,
2026-08-04,7690412163,1,1091,1091,1091,1091,85115652,203417,,
2026-08-04,7709344486,1,131201,131201,131201,131201,72165196997,28881292,,
2026-08-04,7798947148,1,2899,2899,2899,2899,140626089,302193,,
2026-08-04,7856039629,1,4694,4694,4694,4694,10165847,503184,,
2026-08-04,7891669427,1,1929,1929,1929,1929,35377887,845282,,
2026-08-04,8014099969,1,1942,1942,1942,1942,145112932,243665,,
2026-08-04,8291789996,1,3552,3552,3552,3552,,,,
2026-08-04,8316902627,1,4043,4043,4043,4043,4683170588,1978878,,
2026-08-04,8356066619,1,8537,8537,8537,8537,80428938,48924,,
2026-08-04,8401518398,1,6607,6607,6607,6607,78418693,59178,,
2026-08-04,8504461817,2,2930,2930,2635,3226,186372908,97935,,
2026-08-04,8539298853,1,9220,9220,9220,9220,1254302989,1717576,,
2026-08-04,8696670616,1,2886,2886,2886,2886,,,,
2026-08-04,8759966530,1,2648,2648,2648,2648,116236382,388661,,
2026-08-04,8786713187,1,1384,1384,1384,1384,115937027,282797,,
2026-08-04,8791358380,1,9696,9696,9696,9696,416999572,12355565,,
2026-08-04,8950496606,1,3393,3393,3393,3393,170578913,432455,,
2026-08-04,9077534770,1,977,977,977,977,59332933,183297,,
2026-08-04,9098570654,1,14143,14143,14143,14143,216792370,341085,,
2026-08-04,9122463229,1,9014,9014,9014,9014,,,,
2026-08-04,9129640671,1,11028,11028,11028,11028,,,,
2026-08-04,9141743926,1,9445,9445,9445,9445,420263697,585316,,
2026-08-04,9145063979,1,8047,8047,8047,8047,533831871,532137,,
2026-08-04,9177208241,1,2124,2124,2124,2124,73053721,390480,,
2026-08-04,9219116196,1,4217,4217,4217,4217,89610315,235605,,
2026-08-04,9231693026,1,2948,2948,2948,2948,,,,
2026-08-04,9296042754,1,3786,3786,3786,3786,55225423,264052,,
2026-08-04,9315739469,1,1216,1216,1216,1216,80630151,84425,,
2026-08-04,9348272796,1,35528,35528,35528,35528,655871190,601967,,
2026-08-04,9362896961,1,4240,4240,4240,4240,144784440,215378,,
2026-08-04,9363735110,1,6904,6904,6904,6904,5682024589,2032473,,
2026-08-04,9409870130,1,889,889,889,889,19961729,248696,,
2026-08-04,9411563986,1,1340,1340,1340,1340,83745614,145615,,
2026-08-04,9481391333,1,3738,3738,3738,3738,13961007,417408,,
2026-08-04,9494058490,1,12312,12312,12312,12312,,,,
2026-08-04,9513686983,1,3647,3647,3647,3647,410724762,13453497,,
2026-08-04,9526307912,1,2563,2563,2563,2563,89651632,153587,,
2026-08-04,9561553764,1,17012,17012,17012,17012,109170458,100710,,
2026-08-04,9584852943,1,275005,275005,275005,275005,4201600288,5063769,,
2026-08-04,9758688665,1,3399,3399,3399,3399,101862407,5242199,,
2026-08-04,9859536675,1,2754,2754,2754,2754,,,,
2026-08-04,9930466428,1,701,701,701,701,34597662,136087,,
2026-08-04,9940725596,1,870,870,870,870,31662230,41096,,
2026-08-04,9940812243,1,2718,2718,2718,2718,6419836,111405,,
2026-08-04,9953328866,1,3291,3291,3291,3291,44995578,49940,,
2026-08-04,9963622286,1,4590,4590,4590,4590,101668496,2673771,,
2026-08-04,9998576154,1,15445,15445,15445,15445,94384062,6015246,,
2026-08-04,10004244222,1,54646,54646,54646,54646,1595910024,24150413,,
2026-08-04,10037267577,1,3384,3384,3384,3384,3412141,164393,,
2026-08-04,10051853469,1,2685,2685,2685,2685,106963688,2338965,,
2026-08-04,10065013948,1,6334,6334,6334,6334,48064100,72385,,
2026-08-04,10083552936,1,695,695,695,695,8570060,371778,,
2026-08-04,10086454767,1,675,675,675,675,17784802,49150,,
2026-08-04,10127090395,1,7997,7997,7997,7997,108107727,4987701,,
2026-08-04,10144280947,1,56002,56002,56002,56002,102487748,3510313,,
2026-08-04,10144587520,1,24484,24484,24484,24484,35045735,1128348,,
2026-08-04,10149910491,1,3461,3461,3461,3461,29447640,42050,,
2026-08-04,10149964044,1,6407,6407,6407,6407,,,,
2026-08-04,10153098880,1,8720,8720,8720,8720,13370309,115079,,
2026-08-04,10156435104,1,6580,6580,6580,6580,40067761,66102,,
2026-08-04,10184247393,1,21853,21853,21853,21853,57056451,1705879,,
2026-08-04,10189601764,1,3130,3130,3130,3130,27244229,32155,,
2026-08-04,10196660716,1,5080,5080,5080,5080,24342670,1826642,,
2026-08-04,10199301628,1,35984,35984,35984,35984,300731443,1595518,,
2026-08-04,10200395747,1,475049,475049,475049,475049,1549315496,644963,,
2026-08-04,10204207151,1,3590,3590,3590,3590,13718771,42191,,
2026-08-04,10222315805,1,725,725,725,725,4482331,22149,,
2026-08-04,10230921598,1,4773,4773,4773,4773,132682754,8672941,,
2026-08-04,10244001346,1,4745,4745,4745,4745,75055811,75979,,
2026-08-04,10247797619,1,4513,4513,4513,4513,46208259,141218,,
2026-08-04,10253235584,1,34865,34865,34865,34865,26529250,332492,,
2026-08-04,10272236945,1,5181,5181,5181,5181,14402201,20233,,
2026-08-04,10274447949,1,4446,4446,4446,4446,30020702,2224377,,
2026-08-04,10291450669,1,4625,4625,4625,4625,4371798,470107,,
2026-08-04,10314520237,1,11389,11389,11389,11389,,,,
2026-08-04,10321202755,1,12948,12948,12948,12948,36324784,370513,,
2026-08-04,10342857565,1,2822,2822,2822,2822,17174413,22318,,
2026-08-04,10350558449,1,10398,10398,10398,10398,14130908,295956,,
2026-08-04,10356701370,1,23450,23450,23450,23450,52214695,280979,,
2026-08-04,10376742546,1,2834,2834,2834,2834,5482274,150833,,
2026-08-04,10395261977,1,2906,2906,2906,2906,2274432,17847,,
2026-08-04,10406853972,1,6447,6447,6447,6447,12288285,1149663,,
2026-08-04,10409732219,1,11958,11958,11958,11958,26747513,2268310,,
2026-08-04,10426376134,1,13503,13503,13503,13503,,,,
2026-08-04,10437809977,1,5623,5623,5623,5623,5124492,11029,,
2026-08-04,10448083800,1,2951,2951,2951,2951,6391869,12519,,
2026-08-04,10455462279,1,5745,5745,5745,5745,19784412,942255,,
2026-08-04,10456832990,1,15720,15720,15720,15720,37042714,56837,,
2026-08-04,10482775464,1,7722,7722,7722,7722,3585727,63265,,
2026-08-04,10502841145,1,22210,22210,22210,22210,31110530,37790,,
2026-08-04,10514488908,1,2969,2969,2969,2969,7742111,21163,,
2026-08-04,10536401008,1,2811,2811,2811,2811,5594879,483818,,
2026-08-05,31970568,1,6259,6259,6259,6259,1599291514,6068262,,
2026-08-05,66654135,1,655044,655044,655044,655044,28419458553,23256395,,
2026-08-05,605887098,1,3018,3018,3018,3018,2514764941,3698882,,
2026-08-05,903807016,1,4821,4821,4821,4821,1555914036,2821331,,
2026-08-05,1198533421,1,920,920,920,920,179600367,725192,,
2026-08-05,1214576306,1,3928,3928,3928,3928,1640551742,4291171,,
2026-08-05,1430007363,1,3357,3357,3357,3357,900518330,2314102,,
2026-08-05,1489026993,2,6300,6300,6202,6397,2658422735,4327403,,
2026-08-05,1526814825,1,9909,9909,9909,9909,1083022964,4308231,,
2026-08-05,1637284552,1,1016,1016,1016,1016,,,,
2026-08-05,1795206523,1,1491,1491,1491,1491,950848114,928978,,
2026-08-05,1831550657,1,25563,25563,25563,25563,2145156049,10810728,,
2026-08-05,1998835206,1,2704,2704,2704,2704,583478869,1169080,,
2026-08-05,2049551477,1,3884,3884,3884,3884,1462772856,1914142,,
2026-08-05,2165551367,1,1170,1170,1170,1170,668561144,2420889,,
2026-08-05,2247578975,2,3562,3562,3359,3764,1211270714,14929129,,
2026-08-05,2274830359,1,6230,6230,6230,6230,2968368198,1998133,,
2026-08-05,2294168059,1,5465,5465,5465,5465,1236020411,3330561,,
2026-08-05,2339944792,1,1878,1878,1878,1878,26467915,152704,,
2026-08-05,2369077151,1,8791,8791,8791,8791,398798767,10748705,,
2026-08-05,2440500124,1,23684,23684,23684,23684,7554967463,8003216,,
2026-08-05,2491559356,1,2750,2750,2750,2750,80523988,167501,,
2026-08-05,2655478023,2,3214,3214,2931,3497,1008983128,3484645,,
2026-08-05,2821905072,1,3666,3666,3666,3666,260582275,5460737,,
2026-08-05,2827951974,1,967,967,967,967,809607163,680740,,
2026-08-05,2921237723,1,1259,1259,1259,1259,138987492,759500,,
2026-08-05,2992873140,1,16944,16944,16944,16944,1376952057,1004319,,
2026-08-05,3034836582,1,811,811,811,811,502604423,1913778,,
2026-08-05,3079618996,1,6369,6369,6369,6369,782039858,920041,,
2026-08-05,3088609243,1,3408,3408,3408,3408,734599083,599140,,
2026-08-05,3164075108,1,3014,3014,3014,3014,277890217,729151,,
2026-08-05,3187874989,1,4124,4124,4124,4124,165950914,227825,,
2026-08-05,3191268194,1,3380,3380,3380,3380,1352689166,5440768,,
2026-08-05,3274669156,1,853,853,853,853,67832499,657666,,
2026-08-05,3310460039,1,19280,19280,19280,19280,4577315950,105135732,,
2026-08-05,3346892457,1,1850,1850,1850,1850,439035572,174557,,
2026-08-05,3472976893,1,4256,4256,4256,4256,167040201,2925116,,
2026-08-05,3502524667,1,1794,1794,1794,1794,754033384,3680911,,
2026-08-05,3551414857,1,2666,2666,2666,2666,629774544,1319273,,
2026-08-05,3647333358,1,59309,59309,59309,59309,8975378322,8091667,,
2026-08-05,3746418487,1,4065,4065,4065,4065,316747385,382145,,
2026-08-05,3754482795,1,6928,6928,6928,6928,1261344864,4461231,,
2026-08-05,3759884822,1,3089,3089,3089,3089,129236195,110017,,
2026-08-05,3841172115,1,2274,2274,2274,2274,148831531,683988,,
2026-08-05,4028801234,1,1422,1422,1422,1422,233565031,12425595,,
2026-08-05,4071487712,1,869,869,869,869,28322586,118723,,
2026-08-05,4079077350,1,4492,4492,4492,4492,2348421,45599,,
2026-08-05,4343544885,1,3710,3710,3710,3710,116451590,2623507,,
2026-08-05,4348829796,1,17401,17401,17401,17401,2610324356,10979260,,
2026-08-05,4518160318,1,6458,6458,6458,6458,633979640,1140922,,
2026-08-05,4595016786,1,2614,2614,2614,2614,595770231,733833,,
2026-08-05,4601145322,1,2866,2866,2866,2866,96431495,8040504,,
2026-08-05,4673599750,1,3313,3313,3313,3313,511126025,467134,,
2026-08-05,4720386144,1,2382,2382,2382,2382,115251341,582372,,
2026-08-05,4793836769,1,5955,5955,5955,5955,293054109,6205082,,
2026-08-05,4925331346,1,5640,5640,5640,5640,308925689,476913,,
2026-08-05,4944984948,1,6285,6285,6285,6285,255710177,125734,,
2026-08-05,5195168716,1,1738,1738,1738,1738,96665813,634029,,
2026-08-05,5207621753,1,2986,2986,2986,2986,88792020,74709,,
2026-08-05,5361032378,1,50870,50870,50870,50870,2051089639,991395,,
2026-08-05,5508238359,1,6682,6682,6682,6682,89025353,1659656,,
2026-08-05,5578556129,1,14316,14316,14316,14316,2008510487,1978828,,
2026-08-05,5668114043,1,2018,2018,2018,2018,238357886,735043,,
2026-08-05,5750914919,1,50517,50517,50517,50517,4737531432,3555624,,
2026-08-05,6072944764,1,991,991,991,991,53692100,60625,,
2026-08-05,6247557414,1,871,871,871,871,197241691,2287124,,
2026-08-05,6314664695,1,678,678,678,678,60430578,2828489,,
2026-08-05,6329693946,1,9097,9097,9097,9097,78482459,224352,,
2026-08-05,6409513651,1,3418,3418,3418,3418,93299794,827744,,
2026-08-05,6682487255,1,7700,7700,7700,7700,483588190,227016,,
2026-08-05,6749060816,1,8036,8036,8036,8036,253233194,1709794,,
2026-08-05,7018190066,1,22104,22104,22104,22104,6478702102,6040468,,
2026-08-05,7058980030,1,5586,5586,5586,5586,573574130,957748,,
2026-08-05,7082244450,1,3767,3767,3767,3767,35194371,148382,,
2026-08-05,7082423811,1,4699,4699,4699,4699,280749407,1559978,,
2026-08-05,7094518649,1,14492,14492,14492,14492,337252115,816063,,
2026-08-05,7128163167,1,2225,2225,2225,2225,72839720,122244,,
2026-08-05,7208219743,1,1822,1822,1822,1822,4796057,67786,,
2026-08-05,7219654364,1,71154,71154,71154,71154,1486192211,14856408,,
2026-08-05,7332711118,1,3870,3870,3870,3870,1867027135,2461029,,
2026-08-05,7368125255,1,4686,4686,4686,4686,,,,
2026-08-05,7383133134,1,1541,1541,1541,1541,104013995,769266,,
2026-08-05,7436755782,1,36801,36801,36801,36801,35807534009,11352331,,
2026-08-05,7613921865,1,126414,126414,126414,126414,515721285,168259,,
2026-08-05,7690412163,1,1099,1099,1099,1099,,,,
2026-08-05,7709344486,1,142933,142933,142933,142933,72204127307,28891048,,
2026-08-05,7719766419,1,603,603,603,603,30701191,262198,,
2026-08-05,7720654467,1,3206,3206,3206,3206,75447603,211739,,
2026-08-05,7856039629,1,4631,4631,4631,4631,10731428,519635,,
2026-08-05,7891669427,1,2126,2126,2126,2126,35551013,847634,,
2026-08-05,8014099969,1,1391,1391,1391,1391,145269669,243884,,
2026-08-05,8152539587,1,3219,3219,3219,3219,93815981,10433568,,
2026-08-05,8291789996,1,3552,3552,3552,3552,,,,
2026-08-05,8316902627,1,3272,3272,3272,3272,4683577375,1979024,,
2026-08-05,8356066619,1,7668,7668,7668,7668,80657935,49019,,
2026-08-05,8401518398,1,4131,4131,4131,4131,79013332,59736,,
2026-08-05,8504461817,2,2947,2947,2734,3160,186785401,98259,,
2026-08-05,8539298853,1,10140,10140,10140,10140,1255274883,1719874,,
2026-08-05,8675480462,1,705,705,705,705,5693379,21024,,
2026-08-05,8696670616,1,2886,2886,2886,2886,,,,
2026-08-05,8759966530,1,3014,3014,3014,3014,116536407,389167,,
2026-08-05,8786713187,1,1418,1418,1418,1418,116060598,283126,,
2026-08-05,8791358380,1,9756,9756,9756,9756,417940308,12384582,,
2026-08-05,8950496606,1,3311,3311,3311,3311,170850411,433118,,
2026-08-05,9077534770,1,1213,1213,1213,1213,59451781,183652,,
2026-08-05,9098570654,1,18482,18482,18482,18482,217746803,343487,,
2026-08-05,9122463229,1,9014,9014,9014,9014,,,,
2026-08-05,9129640671,1,11028,11028,11028,11028,,,,
2026-08-05,9141743926,1,8761,8761,8761,8761,421233733,585803,,
2026-08-05,9145063979,1,7479,7479,7479,7479,534818571,533293,,
2026-08-05,9145282410,1,880,880,880,880,38359180,276994,,
2026-08-05,9177208241,1,2237,2237,2237,2237,73305256,391259,,
2026-08-05,9219116196,1,4370,4370,4370,4370,90022869,237371,,
2026-08-05,9231693026,1,2948,2948,2948,2948,,,,
2026-08-05,9296042754,1,4142,4142,4142,4142,,,,
2026-08-05,9315739469,1,1023,1023,1023,1023,80790515,84653,,
2026-08-05,9348272796,1,32242,32242,32242,32242,659046292,605001,,
2026-08-05,9362896961,1,4136,4136,4136,4136,,,,
2026-08-05,9363735110,1,6372,6372,6372,6372,5682792216,2032874,,
2026-08-05,9409870130,1,897,897,897,897,20046895,249656,,
2026-08-05,9411563986,1,1339,1339,1339,1339,83939731,145914,,
2026-08-05,9481391333,1,4155,4155,4155,4155,14340673,423941,,
2026-08-05,9494058490,1,12312,12312,12312,12312,,,,
2026-08-05,9501409571,1,686,686,686,686,39165484,194772,,
2026-08-05,9513686983,1,3533,3533,3533,3533,411247628,13472885,,
2026-08-05,9526307912,1,2579,2579,2579,2579,89992512,154129,,
2026-08-05,9561553764,1,16754,16754,16754,16754,111603524,103280,,
2026-08-05,9584852943,1,197616,197616,197616,197616,4239688964,5098269,,
2026-08-05,9639553972,1,3873,3873,3873,3873,34457455,181540,,
2026-08-05,9758688665,1,3952,3952,3952,3952,102295437,5262495,,
2026-08-05,9859536675,1,2754,2754,2754,2754,,,,
2026-08-05,9930466428,1,852,852,852,852,34724864,136851,,
2026-08-05,9940812243,1,2837,2837,2837,2837,6547283,112384,,
2026-08-05,9963622286,1,3243,3243,3243,3243,102112119,2674126,,
2026-08-05,9998576154,1,9668,9668,9668,9668,95643099,6086937,,
2026-08-05,10004244222,1,49521,49521,49521,49521,1602164085,24201741,,
2026-08-05,10037267577,1,2113,2113,2113,2113,3694664,164926,,
2026-08-05,10051853469,1,2766,2766,2766,2766,107238207,2345400,,
2026-08-05,10065013948,1,5693,5693,5693,5693,48727975,73334,,
2026-08-05,10083552936,1,1035,1035,1035,1035,8670507,377233,,
2026-08-05,10086454767,1,677,677,677,677,17838414,49254,,
2026-08-05,10127090395,1,6180,6180,6180,6180,109524946,5030072,,
2026-08-05,10144280947,1,55950,55950,55950,55950,108090943,3652964,,
2026-08-05,10144587520,1,24099,24099,24099,24099,36125139,1148065,,
2026-08-05,10149910491,1,3591,3591,3591,3591,29768544,42435,,
2026-08-05,10149964044,1,6407,6407,6407,6407,,,,
2026-08-05,10153098880,1,8914,8914,8914,8914,13987199,119904,,
2026-08-05,10156435104,1,7110,7110,7110,7110,40816916,67270,,
2026-08-05,10184247393,1,14757,14757,14757,14757,58649440,1736699,,
2026-08-05,10189601764,1,3289,3289,3289,3289,27537495,32420,,
2026-08-05,10196660716,1,2875,2875,2875,2875,24760732,1849532,,
2026-08-05,10199301628,1,33545,33545,33545,33545,304777463,1613439,,
2026-08-05,10200395747,1,456251,456251,456251,456251,1557207340,646108,,
2026-08-05,10204207151,1,5027,5027,5027,5027,14157238,43486,,
2026-08-05,10214798872,1,9459,9459,9459,9459,15306362,204190,,
2026-08-05,10230921598,1,3575,3575,3575,3575,133215925,8698379,,
2026-08-05,10244001346,1,4914,4914,4914,4914,75902351,76934,,
2026-08-05,10247797619,1,4889,4889,4889,4889,46755724,142459,,
2026-08-05,10253235584,1,31294,31294,31294,31294,28455637,352396,,
2026-08-05,10272236945,1,6371,6371,6371,6371,15192531,21580,,
2026-08-05,10274447949,1,4525,4525,4525,4525,30644482,2260336,,
2026-08-05,10291450669,1,3645,3645,3645,3645,4881418,515355,,
2026-08-05,10314520237,1,11389,11389,11389,11389,,,,
2026-08-05,10321202755,1,12021,12021,12021,12021,36704136,372232,,
2026-08-05,10342857565,1,4416,4416,4416,4416,17793768,23129,,
2026-08-05,10350558449,1,10810,10810,10810,10810,15269740,320777,,
2026-08-05,10356701370,1,17688,17688,17688,17688,54984255,290863,,
2026-08-05,10376944238,1,19535,19535,19535,19535,6281798,53698,,
2026-08-05,10395261977,1,3194,3194,3194,3194,2575082,20123,,
2026-08-05,10406853972,1,5691,5691,5691,5691,12899765,1190208,,
2026-08-05,10409732219,1,12452,12452,12452,12452,29121617,2436321,,
2026-08-05,10426376134,1,13503,13503,13503,13503,,,,
2026-08-05,10437809977,1,5698,5698,5698,5698,5956541,12884,,
2026-08-05,10448083800,1,3626,3626,3626,3626,6760220,13244,,
2026-08-05,10455462279,1,5816,5816,5816,5816,20618609,991265,,
2026-08-05,10456832990,1,22612,22612,22612,22612,38892452,59428,,
2026-08-05,10482775464,1,5673,5673,5673,5673,4396176,77390,,
2026-08-05,10485597695,1,4277,4277,4277,4277,4951302,18293,,
2026-08-05,10502841145,1,26255,26255,26255,26255,32650827,41161,,
2026-08-05,10514488908,1,3128,3128,3128,3128,8071301,21896,,
2026-08-05,10516060568,1,4383,4383,4383,4383,4637484,12600,,
2026-08-06,31970568,1,6978,6978,6978,6978,1599782241,6068836,,
2026-08-06,605887098,1,3121,3121,3121,3121,2515100550,3699422,,
2026-08-06,903807016,1,5593,5593,5593,5593,1556715166,2821898,,
2026-08-06,1214576306,1,4070,4070,4070,4070,,,,
2026-08-06,1489026993,1,6733,6733,6733,6733,2658848785,4327921,,
2026-08-06,1526814825,1,10657,10657,10657,10657,1083737590,4310105,,
2026-08-06,1831550657,1,30002,30002,30002,30002,2147040467,10820957,,
2026-08-06,2049551477,1,3007,3007,3007,3007,1463076530,1914518,,
2026-08-06,2247578975,1,3217,3217,3217,3217,1211594466,14929329,,
2026-08-06,2274830359,1,7192,7192,7192,7192,2969350705,1999042,,
2026-08-06,2369077151,1,7749,7749,7749,7749,399730211,10767461,,
2026-08-06,2655478023,1,3538,3538,3538,3538,1009321487,3484994,,
2026-08-06,2821905072,1,4377,4377,4377,4377,260974432,5467410,,
2026-08-06,2992873140,1,19446,19446,19446,19446,1378342178,1004914,,
2026-08-06,3079618996,1,5989,5989,5989,5989,782645238,924192,,
2026-08-06,3088609243,1,3983,3983,3983,3983,735124293,599755,,
2026-08-06,3164075108,1,3306,3306,3306,3306,278115789,729639,,
2026-08-06,3191268194,1,3624,3624,3624,3624,1353025656,5445490,,
2026-08-06,3310460039,1,19602,19602,19602,19602,4580002019,105137014,,
2026-08-06,3746418487,1,4632,4632,4632,4632,317207074,382785,,
2026-08-06,3754482795,1,6677,6677,6677,6677,1262239882,4464882,,
2026-08-06,3759884822,1,3953,3953,3953,3953,,,,
2026-08-06,4079077350,1,6039,6039,6039,6039,2588341,48654,,
2026-08-06,4343544885,1,4591,4591,4591,4591,116756282,2628262,,
2026-08-06,4457060041,1,2827,2827,2827,2827,133894404,219164,,
2026-08-06,4518160318,1,6712,6712,6712,6712,634435379,1142022,,
2026-08-06,4595016786,1,2810,2810,2810,2810,596106355,734404,,
2026-08-06,4601145322,1,3090,3090,3090,3090,96805105,8070335,,
2026-08-06,4925331346,1,6172,6172,6172,6172,309426135,477875,,
2026-08-06,4944984948,1,7419,7419,7419,7419,256862712,126652,,
2026-08-06,5207621753,1,2987,2987,2987,2987,89046421,74851,,
2026-08-06,5361032378,1,51025,51025,51025,51025,2053797456,992035,,
2026-08-06,5578556129,1,13807,13807,13807,13807,2009147301,1978861,,
2026-08-06,5750914919,1,51947,51947,51947,51947,4740381732,3556770,,
2026-08-06,6329693946,1,8685,8685,8685,8685,78947802,224918,,
2026-08-06,6409513651,1,3271,3271,3271,3271,93452183,827713,,
2026-08-06,6682487255,1,7884,7884,7884,7884,484318694,227102,,
2026-08-06,7058980030,1,5793,5793,5793,5793,574557929,959367,,
2026-08-06,7082423811,1,5409,5409,5409,5409,281189921,1560492,,
2026-08-06,7094518649,1,15428,15428,15428,15428,338129930,818073,,
2026-08-06,7332711118,1,3733,3733,3733,3733,1867441791,2461382,,
2026-08-06,7368125255,1,4686,4686,4686,4686,,,,
2026-08-06,7436755782,1,38794,38794,38794,38794,35810699128,11353648,,
2026-08-06,7613921865,1,124110,124110,124110,124110,531760382,170740,,
2026-08-06,7709344486,1,115822,115822,115822,115822,72237859902,28898491,,
2026-08-06,7720654467,1,3682,3682,3682,3682,76070030,213011,,
2026-08-06,7760134732,1,3017,3017,3017,3017,30895726,875190,,
2026-08-06,8152539587,1,4440,4440,4440,4440,94348240,10480298,,
2026-08-06,8291789996,1,3552,3552,3552,3552,,,,
2026-08-06,8316902627,1,3089,3089,3089,3089,4684003601,1979287,,
2026-08-06,8356066619,1,6993,6993,6993,6993,80871258,49101,,
2026-08-06,8401518398,1,4499,4499,4499,4499,79680689,60361,,
2026-08-06,8504461817,1,3377,3377,3377,3377,187041161,98478,,
2026-08-06,8696670616,1,2886,2886,2886,2886,,,,
2026-08-06,8791358380,1,9508,9508,9508,9508,418936548,12414618,,
2026-08-06,9098570654,1,18095,18095,18095,18095,218882241,346057,,
2026-08-06,9122463229,1,9014,9014,9014,9014,,,,
2026-08-06,9129640671,1,11028,11028,11028,11028,,,,
2026-08-06,9145063979,1,8218,8218,8218,8218,535821862,534653,,
2026-08-06,9231693026,1,2948,2948,2948,2948,,,,
2026-08-06,9296042754,1,4980,4980,4980,4980,56082911,267654,,
2026-08-06,9348272796,1,32754,32754,32754,32754,662425319,608072,,
2026-08-06,9362896961,1,4962,4962,4962,4962,145244122,215645,,
2026-08-06,9363735110,1,6715,6715,6715,6715,5683794346,2033308,,
2026-08-06,9513686983,1,3604,3604,3604,3604,411732805,13489102,,
2026-08-06,9526307912,1,3255,3255,3255,3255,90225629,154532,,
2026-08-06,9584852943,1,291137,291137,291137,291137,4287521320,5133597,,
2026-08-06,9639553972,1,3124,3124,3124,3124,34871553,183210,,
2026-08-06,9758688665,1,4017,4017,4017,4017,102733862,5281440,,
2026-08-06,9940812243,1,3056,3056,3056,3056,6688623,113573,,
2026-08-06,9963622286,1,3526,3526,3526,3526,102562678,2674512,,
2026-08-06,9998576154,1,8792,8792,8792,8792,96596396,6135906,,
2026-08-06,10004244222,1,53664,53664,53664,53664,1608473953,24253521,,
2026-08-06,10051853469,1,2778,2778,2778,2778,107540314,2352500,,
2026-08-06,10065013948,1,5276,5276,5276,5276,49351240,74234,,
2026-08-06,10127090395,1,5937,5937,5937,5937,110890169,5068346,,
2026-08-06,10144280947,1,66929,66929,66929,66929,114589286,3817326,,
2026-08-06,10144587520,1,24538,24538,24538,24538,37432127,1168328,,
2026-08-06,10149910491,1,3897,3897,3897,3897,30103777,42846,,
2026-08-06,10149964044,1,6407,6407,6407,6407,,,,
2026-08-06,10153098880,1,9791,9791,9791,9791,14665238,126252,,
2026-08-06,10156435104,1,7243,7243,7243,7243,41556589,68344,,
2026-08-06,10184247393,1,13857,13857,13857,13857,60066006,1766444,,
2026-08-06,10189601764,1,4756,4756,4756,4756,27928139,32672,,
2026-08-06,10199301628,1,34833,34833,34833,34833,308850528,1629912,,
2026-08-06,10200395747,1,470063,470063,470063,470063,1565076417,647742,,
2026-08-06,10204207151,1,5341,5341,5341,5341,14667428,44744,,
2026-08-06,10214798872,1,9455,9455,9455,9455,16069924,204860,,
2026-08-06,10230921598,1,3331,3331,3331,3331,133665514,8719472,,
2026-08-06,10244001346,1,4231,4231,4231,4231,76794900,77923,,
2026-08-06,10247797619,1,5489,5489,5489,5489,47361271,143897,,
2026-08-06,10253235584,1,32028,32028,32028,32028,30310591,368688,,
2026-08-06,10272236945,1,7948,7948,7948,7948,16227962,23228,,
2026-08-06,10274447949,1,4544,4544,4544,4544,31339618,2303230,,
2026-08-06,10286593249,1,3011,3011,3011,3011,3887586,3722,,
2026-08-06,10291450669,1,3549,3549,3549,3549,5482225,568534,,
2026-08-06,10314520237,1,11389,11389,11389,11389,,,,
2026-08-06,10321202755,1,10952,10952,10952,10952,37077287,374045,,
2026-08-06,10342857565,1,4595,4595,4595,4595,18515191,23994,,
2026-08-06,10350558449,1,10746,10746,10746,10746,16281966,340388,,
2026-08-06,10356701370,1,18419,18419,18419,18419,57630094,299603,,
2026-08-06,10395261977,1,3309,3309,3309,3309,2905952,22241,,
2026-08-06,10406853972,1,6347,6347,6347,6347,13459216,1226986,,
2026-08-06,10409732219,1,14729,14729,14729,14729,31498132,2605671,,
2026-08-06,10426376134,1,13503,13503,13503,13503,,,,
2026-08-06,10437809977,1,5638,5638,5638,5638,6766182,14685,,
2026-08-06,10448083800,1,3254,3254,3254,3254,7112457,13810,,
2026-08-06,10455462279,1,5580,5580,5580,5580,21351335,1030331,,
2026-08-06,10456832990,1,21138,21138,21138,21138,40762496,62128,,
2026-08-06,10485597695,1,6925,6925,6925,6925,5897280,20833,,
2026-08-06,10502841145,1,24801,24801,24801,24801,34330710,44810,,
2026-08-06,10516060568,1,4393,4393,4393,4393,5304846,14141,,
2026-08-06,10536401008,1,4296,4296,4296,4296,6546440,556385,,
2026-08-07,31970568,1,6453,6453,6453,6453,1600221271,6069406,,
2026-08-07,66654135,1,777662,777662,777662,777662,28552222813,23294870,,
2026-08-07,125205164,1,674,674,674,674,361064734,2068182,,
2026-08-07,605887098,1,4125,4125,4125,4125,2515409291,3700007,,
2026-08-07,903807016,1,4793,4793,4793,4793,1557454399,2822497,,
2026-08-07,1198533421,1,964,964,964,964,179740146,725437,,
2026-08-07,1214576306,1,3630,3630,3630,3630,1641078896,4291832,,
2026-08-07,1430007363,1,2964,2964,2964,2964,901217236,2317925,,
2026-08-07,1489026993,2,6179,6179,6086,6272,2659702519,4329004,,
2026-08-07,1526814825,1,10091,10091,10091,10091,1084357221,4311792,,
2026-08-07,1637284552,1,1016,1016,1016,1016,,,,
2026-08-07,1795206523,1,1409,1409,1409,1409,951391056,929197,,
2026-08-07,1811388660,1,1608,1608,1608,1608,129410079,1403207,,
2026-08-07,1831550657,1,25926,25926,25926,25926,2148701035,10829316,,
2026-08-07,1998835206,1,2472,2472,2472,2472,583862358,1169385,,
2026-08-07,2049551477,2,3790,3790,3033,4547,1463715783,1915295,,
2026-08-07,2165551367,1,1088,1088,1088,1088,668916656,2421984,,
2026-08-07,2247578975,2,5308,5308,4382,6233,1212329008,14929926,,
2026-08-07,2274830359,1,6068,6068,6068,6068,2970227872,1999846,,
2026-08-07,2294168059,1,6047,6047,6047,6047,1236963090,3332959,,
2026-08-07,2339944792,1,2075,2075,2075,2075,26980130,154298,,
2026-08-07,2369077151,1,6455,6455,6455,6455,400442436,10779609,,
2026-08-07,2440500124,1,23425,23425,23425,23425,7559986471,8008154,,
2026-08-07,2491559356,1,2401,2401,2401,2401,80899665,168059,,
2026-08-07,2655478023,2,5254,5254,4103,6406,1010184395,3485814,,
2026-08-07,2788648141,1,2823,2823,2823,2823,997259021,2056004,,
2026-08-07,2821905072,1,3831,3831,3831,3831,261350177,5473982,,
2026-08-07,2827951974,1,941,941,941,941,809848703,681045,,
2026-08-07,2921237723,1,1190,1190,1190,1190,139284134,760330,,
2026-08-07,2992873140,1,16641,16641,16641,16641,1379523680,1005463,,
2026-08-07,3034836582,1,1250,1250,1250,1250,502792233,1914032,,
2026-08-07,3079618996,1,6056,6056,6056,6056,783156380,927631,,
2026-08-07,3088609243,1,6156,6156,6156,6156,735626374,600303,,
2026-08-07,3164075108,1,3024,3024,3024,3024,278323124,730135,,
2026-08-07,3187874989,1,4319,4319,4319,4319,166679189,228602,,
2026-08-07,3191268194,1,3122,3122,3122,3122,1353321332,5449674,,
2026-08-07,3274669156,1,810,810,810,810,67926629,658625,,
2026-08-07,3310460039,1,23861,23861,23861,23861,4582370650,105138070,,
2026-08-07,3346892457,1,1791,1791,1791,1791,439531019,175137,,
2026-08-07,3472976893,1,5230,5230,5230,5230,168223666,2960938,,
2026-08-07,3502524667,1,2108,2108,2108,2108,754636994,3681358,,
2026-08-07,3551414857,1,3852,3852,3852,3852,630245482,1319969,,
2026-08-07,3647333358,1,55356,55356,55356,55356,8987794928,8099912,,
2026-08-07,3746418487,1,2988,2988,2988,2988,317604927,383268,,
2026-08-07,3754482795,1,5583,5583,5583,5583,1262992555,4467790,,
2026-08-07,3759884822,1,3642,3642,3642,3642,129697329,110617,,
2026-08-07,3841172115,1,1715,1715,1715,1715,149305071,685463,,
2026-08-07,4028801234,1,4411,4411,4411,4411,234005734,12453542,,
2026-08-07,4071487712,1,765,765,765,765,28426231,118996,,
2026-08-07,4079077350,1,6312,6312,6312,6312,2783593,50386,,
2026-08-07,4343544885,1,3566,3566,3566,3566,,,,
2026-08-07,4348829796,1,17380,17380,17380,17380,2614614827,10997704,,
2026-08-07,4518160318,1,5922,5922,5922,5922,634828047,1143012,,
2026-08-07,4673599750,1,3489,3489,3489,3489,512887918,468797,,
2026-08-07,4720386144,1,3131,3131,3131,3131,115664611,584060,,
2026-08-07,4793836769,1,5765,5765,5765,5765,293966023,6223117,,
2026-08-07,4925331346,1,6111,6111,6111,6111,309876362,478754,,
2026-08-07,4944984948,1,5158,5158,5158,5158,257938647,127445,,
2026-08-07,5031482529,1,5632,5632,5632,5632,511268667,31598456,,
2026-08-07,5195168716,1,1827,1827,1827,1827,96991968,635634,,
2026-08-07,5207621753,1,2857,2857,2857,2857,89268031,74996,,
2026-08-07,5361032378,1,51342,51342,51342,51342,2056409953,992717,,
2026-08-07,5508238359,1,6064,6064,6064,6064,90064069,1671507,,
2026-08-07,5578556129,1,12711,12711,12711,12711,2009678693,1978951,,
2026-08-07,5668114043,1,2701,2701,2701,2701,238790548,735901,,
2026-08-07,5750914919,1,50075,50075,50075,50075,4742874243,3557869,,
2026-08-07,6072944764,1,882,882,882,882,53842285,60884,,
2026-08-07,6117314924,1,1107,1107,1107,1107,15023516,281951,,
2026-08-07,6247557414,1,724,724,724,724,197466978,2290187,,
2026-08-07,6289989379,1,3871,3871,3871,3871,152945017,22178028,,
2026-08-07,6329693946,1,7726,7726,7726,7726,79314478,225397,,
2026-08-07,6409513651,1,2988,2988,2988,2988,93580971,827670,,
2026-08-07,6491900489,1,2785,2785,2785,2785,557907055,431879,,
2026-08-07,6647992437,1,689,689,689,689,89435840,32406,,
2026-08-07,6682487255,1,7862,7862,7862,7862,484955142,227236,,
2026-08-07,6749060816,1,8654,8654,8654,8654,254504130,1718739,,
2026-08-07,6801595469,1,839,839,839,839,62832517,144925,,
2026-08-07,6961334611,1,4164,4164,4164,4164,90844716,285716,,
2026-08-07,7018190066,1,24854,24854,24854,24854,6482398442,6042970,,
2026-08-07,7058980030,1,6235,6235,6235,6235,575510412,960875,,
2026-08-07,7082244450,1,3217,3217,3217,3217,36609977,153665,,
2026-08-07,7082423811,1,4155,4155,4155,4155,281602984,1560969,,
2026-08-07,7094518649,1,13431,13431,13431,13431,338874349,819564,,
2026-08-07,7128163167,1,1853,1853,1853,1853,73214789,122787,,
2026-08-07,7196736932,1,5054,5054,5054,5054,19380421,76712,,
2026-08-07,7208219743,1,1672,1672,1672,1672,5065859,69289,,
2026-08-07,7219654364,1,68073,68073,68073,68073,1499573837,14925941,,
2026-08-07,7332711118,1,3814,3814,3814,3814,1867802727,2461683,,
2026-08-07,7368125255,1,4686,4686,4686,4686,,,,
2026-08-07,7383133134,1,1178,1178,1178,1178,104433583,772691,,
2026-08-07,7434179990,1,3456,3456,3456,3456,225565104,7918131,,
2026-08-07,7436755782,1,37341,37341,37341,37341,35813322597,11354806,,
2026-08-07,7613921865,1,116159,116159,116159,116159,545202636,172828,,
2026-08-07,7613970129,1,3673,3673,3673,3673,58211979,144020,,
2026-08-07,7690412163,1,1099,1099,1099,1099,,,,
2026-08-07,7709344486,1,109064,109064,109064,109064,72265611787,28905121,,
2026-08-07,7778848023,1,4833,4833,4833,4833,65129094,4748948,,
2026-08-07,7798947148,1,3738,3738,3738,3738,141892080,303718,,
2026-08-07,7856039629,1,6343,6343,6343,6343,11980513,564175,,
2026-08-07,7891669427,1,2017,2017,2017,2017,35885324,852113,,
2026-08-07,8014099969,1,1251,1251,1251,1251,145533749,244266,,
2026-08-07,8125761207,1,922,922,922,922,29681196,43856,,
2026-08-07,8152539587,1,14324,14324,14324,14324,95007057,10542775,,
2026-08-07,8291789996,1,3552,3552,3552,3552,,,,
2026-08-07,8316902627,1,3632,3632,3632,3632,4684385176,1979634,,
2026-08-07,8356066619,1,6154,6154,6154,6154,81039745,49168,,
2026-08-07,8401518398,1,4204,4204,4204,4204,80393021,61128,,
2026-08-07,8504461817,1,2330,2330,2330,2330,,,,
2026-08-07,8539298853,1,11052,11052,11052,11052,1257255856,1724354,,
2026-08-07,8675480462,1,3214,3214,3214,3214,5876867,21693,,
2026-08-07,8696670616,1,2886,2886,2886,2886,,,,
2026-08-07,8705454731,1,3580,3580,3580,3580,,,,
2026-08-07,8759966530,1,2725,2725,2725,2725,117118191,390358,,
2026-08-07,8786713187,1,1181,1181,1181,1181,116302653,283745,,
2026-08-07,8791358380,1,17038,17038,17038,17038,419814271,12445262,,
2026-08-07,8950496606,1,3657,3657,3657,3657,171371765,434386,,
2026-08-07,9077534770,1,747,747,747,747,,,,
2026-08-07,9098570654,1,26983,26983,26983,26983,219975623,348813,,
2026-08-07,9122463229,1,9014,9014,9014,9014,,,,
2026-08-07,9129640671,1,11028,11028,11028,11028,,,,
2026-08-07,9141743926,1,12568,12568,12568,12568,423109785,586836,,
2026-08-07,9145063979,1,34627,34627,34627,34627,536949578,536226,,
2026-08-07,9145282410,1,1633,1633,1633,1633,38526315,278152,,
2026-08-07,9177208241,1,2731,2731,2731,2731,73809091,392957,,
2026-08-07,9219116196,1,3978,3978,3978,3978,90825947,241008,,
2026-08-07,9231693026,1,2948,2948,2948,2948,,,,
2026-08-07,9296042754,1,3675,3675,3675,3675,56475516,269345,,
2026-08-07,9315739469,1,878,878,878,878,81095925,85020,,
2026-08-07,9348272796,1,32521,32521,32521,32521,665433887,611046,,
2026-08-07,9362896961,1,4926,4926,4926,4926,145482292,215761,,
2026-08-07,9363735110,1,6624,6624,6624,6624,5684531516,2033669,,
2026-08-07,9409870130,1,1463,1463,1463,1463,20238626,251760,,
2026-08-07,9411563986,1,1155,1155,1155,1155,84280585,146403,,
2026-08-07,9452898647,1,8167,8167,8167,8167,114358294,4775790,,
2026-08-07,9481391333,1,4371,4371,4371,4371,15192973,439414,,
2026-08-07,9494058490,1,12312,12312,12312,12312,,,,
2026-08-07,9513686983,1,3586,3586,3586,3586,412190915,13504947,,
2026-08-07,9526307912,2,8120,8120,7116,9123,91017670,155766,,
2026-08-07,9556113881,1,1149,1149,1149,1149,38267540,174107,,
2026-08-07,9561553764,1,17708,17708,17708,17708,116389017,108106,,
2026-08-07,9583346276,1,5483,5483,5483,5483,24684035,1057254,,
2026-08-07,9584852943,1,302273,302273,302273,302273,4324069614,5164851,,
2026-08-07,9758688665,1,3015,3015,3015,3015,103107433,5297791,,
2026-08-07,9793308933,1,7884,7884,7884,7884,20650143,662683,,
2026-08-07,9859536675,1,2754,2754,2754,2754,,,,
2026-08-07,9929086116,1,3312,3312,3312,3312,54662870,3723630,,
2026-08-07,9930466428,1,692,692,692,692,35020057,138729,,
2026-08-07,9940812243,1,3146,3146,3146,3146,6823236,115247,,
2026-08-07,9963622286,1,3044,3044,3044,3044,102983272,2674889,,
2026-08-07,9998576154,1,8918,8918,8918,8918,97465357,6185684,,
2026-08-07,10004244222,1,50596,50596,50596,50596,1614039690,24301142,,
2026-08-07,10037267577,1,4167,4167,4167,4167,4327558,166398,,
2026-08-07,10065013948,1,7865,7865,7865,7865,49866763,75053,,
2026-08-07,10083552936,1,828,828,828,828,8905200,389709,,
2026-08-07,10127090395,1,7178,7178,7178,7178,112125741,5104426,,
2026-08-07,10144280947,1,70224,70224,70224,70224,120977460,3966417,,
2026-08-07,10144587520,1,22135,22135,22135,22135,38396210,1185522,,
2026-08-07,10149910491,1,3381,3381,3381,3381,30412884,43220,,
2026-08-07,10149964044,1,6407,6407,6407,6407,,,,
2026-08-07,10153098880,1,9529,9529,9529,9529,15290439,132855,,
2026-08-07,10156435104,1,5441,5441,5441,5441,42154204,69160,,
2026-08-07,10184247393,1,14987,14987,14987,14987,61420310,1800717,,
2026-08-07,10189601764,1,6241,6241,6241,6241,28293136,32970,,
2026-08-07,10199301628,1,30091,30091,30091,30091,312358832,1644113,,
2026-08-07,10200395747,1,525641,525641,525641,525641,1570971709,648929,,
2026-08-07,10204207151,1,4958,4958,4958,4958,15117875,45853,,
2026-08-07,10214798872,1,7480,7480,7480,7480,16714995,205509,,
2026-08-07,10230921598,1,4035,4035,4035,4035,134043417,8738894,,
2026-08-07,10241000620,1,9351,9351,9351,9351,4776091,29169,,
2026-08-07,10244001346,1,13079,13079,13079,13079,77613366,78848,,
2026-08-07,10247797619,1,4103,4103,4103,4103,47901889,145169,,
2026-08-07,10253235584,1,30220,30220,30220,30220,31867314,383006,,
2026-08-07,10272236945,1,7472,7472,7472,7472,17240140,24663,,
2026-08-07,10274447949,1,4425,4425,4425,4425,31896992,2336592,,
2026-08-07,10286593249,1,2941,2941,2941,2941,,,,
2026-08-07,10314520237,1,11389,11389,11389,11389,,,,
2026-08-07,10321202755,1,11048,11048,11048,11048,37409023,375847,,
2026-08-07,10342857565,1,2760,2760,2760,2760,19080729,24635,,
2026-08-07,10350558449,1,8164,8164,8164,8164,17159196,360160,,
2026-08-07,10356701370,1,23679,23679,23679,23679,60148000,308941,,
2026-08-07,10376944238,1,20791,20791,20791,20791,9793220,77325,,
2026-08-07,10395261977,1,3582,3582,3582,3582,3245478,24413,,
2026-08-07,10406853972,1,5208,5208,5208,5208,13981613,1264243,,
2026-08-07,10409732219,1,24846,24846,24846,24846,33772206,2763959,,
2026-08-07,10426376134,1,13503,13503,13503,13503,,,,
2026-08-07,10437809977,1,8319,8319,8319,8319,7379794,16021,,
2026-08-07,10455462279,1,3800,3800,3800,3800,21969738,1062300,,
2026-08-07,10456832990,1,13686,13686,13686,13686,42196787,63972,,
2026-08-07,10502841145,1,22810,22810,22810,22810,35715935,47512,,
2026-08-07,10514488908,1,2593,2593,2593,2593,8658924,23300,,
2026-08-07,10516060568,1,2865,2865,2865,2865,5891864,15514,,
2026-08-07,10536401008,1,3133,3133,3133,3133,7137417,601997,,
2026-08-08,31970568,1,6776,6776,6776,6776,1600687643,6070020,,
2026-08-08,66654135,1,855448,855448,855448,855448,28622440243,23317382,,
2026-08-08,568307879,1,673,673,673,673,523924270,546600,,
2026-08-08,605887098,1,3082,3082,3082,3082,2515792494,3701010,,
2026-08-08,903807016,1,4638,4638,4638,4638,1558223475,2823149,,
2026-08-08,1053132402,1,2743,2743,2743,2743,565321544,970664,,
2026-08-08,1198533421,1,1122,1122,1122,1122,179812867,725583,,
2026-08-08,1214576306,1,3197,3197,3197,3197,1641316090,4292104,,
2026-08-08,1430007363,1,3480,3480,3480,3480,901625455,2320083,,
2026-08-08,1489026993,2,6502,6502,6405,6600,2660384232,4329751,,
2026-08-08,1526814825,1,12324,12324,12324,12324,1085260874,4313991,,
2026-08-08,1637284552,1,1016,1016,1016,1016,,,,
2026-08-08,1795206523,1,1356,1356,1356,1356,951669152,929342,,
2026-08-08,1831550657,1,34142,34142,34142,34142,2150875822,10837023,,
2026-08-08,1998835206,1,2711,2711,2711,2711,584067300,1169540,,
2026-08-08,2049551477,2,3964,3964,3452,4476,1464286723,1916013,,
2026-08-08,2165551367,1,1239,1239,1239,1239,669109335,2422611,,
2026-08-08,2247578975,2,4002,4002,3632,4372,1212885022,14930338,,
2026-08-08,2274830359,1,6773,6773,6773,6773,2971260881,2000893,,
2026-08-08,2294168059,1,7194,7194,7194,7194,1237489061,3334565,,
2026-08-08,2339944792,1,2112,2112,2112,2112,27287295,155672,,
2026-08-08,2369077151,1,7332,7332,7332,7332,401154632,10792520,,
2026-08-08,2440500124,1,22745,22745,22745,22745,7562604739,8010843,,
2026-08-08,2491559356,1,2321,2321,2321,2321,81087327,168319,,
2026-08-08,2655478023,2,3874,3874,3291,4457,1010793707,3486458,,
2026-08-08,2821905072,1,3716,3716,3716,3716,261723011,5480385,,
2026-08-08,2827951974,1,1044,1044,1044,1044,809990689,681250,,
2026-08-08,2921237723,1,1446,1446,1446,1446,139451242,760792,,
2026-08-08,2992873140,1,14234,14234,14234,14234,1380738190,1006029,,
2026-08-08,3034836582,1,748,748,748,748,502921284,1914260,,
2026-08-08,3079618996,1,7730,7730,7730,7730,783848699,932652,,
2026-08-08,3088609243,1,3360,3360,3360,3360,736327429,601234,,
2026-08-08,3164075108,1,3277,3277,3277,3277,278545930,730669,,
2026-08-08,3187874989,1,4115,4115,4115,4115,167083840,229043,,
2026-08-08,3191268194,1,2886,2886,2886,2886,1353599136,5453040,,
2026-08-08,3274669156,1,762,762,762,762,67979309,659176,,
2026-08-08,3310460039,1,21003,21003,21003,21003,4585485778,105139699,,
2026-08-08,3346892457,1,2800,2800,2800,2800,439856002,175545,,
2026-08-08,3420059569,1,2732,2732,2732,2732,953251103,27480715,,
2026-08-08,3472976893,1,4831,4831,4831,4831,168950449,2984403,,
2026-08-08,3502524667,1,1953,1953,1953,1953,754966146,3681671,,
2026-08-08,3551414857,1,2675,2675,2675,2675,630485377,1320315,,
2026-08-08,3647333358,1,54921,54921,54921,54921,8994046933,8104373,,
2026-08-08,3746418487,1,5430,5430,5430,5430,318078008,383989,,
2026-08-08,3754482795,1,5765,5765,5765,5765,1263726935,4470549,,
2026-08-08,3759884822,1,3711,3711,3711,3711,129958026,110953,,
2026-08-08,3841172115,1,2241,2241,2241,2241,149534365,686138,,
2026-08-08,4028801234,1,1039,1039,1039,1039,234171571,12462465,,
2026-08-08,4071487712,1,833,833,833,833,28480346,119165,,
2026-08-08,4079077350,1,6716,6716,6716,6716,3002069,52418,,
2026-08-08,4283416256,1,928,928,928,928,21447224,127877,,
2026-08-08,4343544885,1,3294,3294,3294,3294,117309840,2636638,,
2026-08-08,4348829796,1,15327,15327,15327,15327,2616916978,11007501,,
2026-08-08,4518160318,1,6043,6043,6043,6043,635228640,1143884,,
2026-08-08,4595016786,1,3215,3215,3215,3215,596742161,735506,,
2026-08-08,4599924264,1,2910,2910,2910,2910,712128403,278150,,
2026-08-08,4673599750,1,3522,3522,3522,3522,513759794,469600,,
2026-08-08,4720386144,1,2559,2559,2559,2559,115864274,584776,,
2026-08-08,4793836769,1,6084,6084,6084,6084,294450498,6232928,,
2026-08-08,4925331346,1,5403,5403,5403,5403,310349912,479652,,
2026-08-08,4944984948,1,6308,6308,6308,6308,258917631,128300,,
2026-08-08,5195168716,1,1744,1744,1744,1744,97153509,636429,,
2026-08-08,5207621753,1,3170,3170,3170,3170,89534029,75159,,
2026-08-08,5361032378,1,51974,51974,51974,51974,2059298301,993431,,
2026-08-08,5508238359,1,5822,5822,5822,5822,90593784,1677389,,
2026-08-08,5578556129,1,11837,11837,11837,11837,2010214371,1979208,,
2026-08-08,5668114043,1,1986,1986,1986,1986,239039722,736473,,
2026-08-08,5750914919,1,55610,55610,55610,55610,4745743625,3559121,,
2026-08-08,6072944764,1,932,932,932,932,53924281,61065,,
2026-08-08,6247557414,1,782,782,782,782,197583669,2291722,,
2026-08-08,6329693946,1,6298,6298,6298,6298,79676493,225898,,
2026-08-08,6409513651,1,3173,3173,3173,3173,93709643,827605,,
2026-08-08,6646518350,1,689,689,689,689,256264668,350291,,
2026-08-08,6682487255,1,11046,11046,11046,11046,485776791,227342,,
2026-08-08,6749060816,1,10862,10862,10862,10862,255368578,1723531,,
2026-08-08,7018190066,1,22775,22775,22775,22775,6484518956,6044592,,
2026-08-08,7058980030,1,6483,6483,6483,6483,576646733,962909,,
2026-08-08,7082244450,1,3520,3520,3520,3520,37329679,156205,,
2026-08-08,7082423811,1,4980,4980,4980,4980,282001282,1561488,,
2026-08-08,7094518649,1,13053,13053,13053,13053,339620019,820994,,
2026-08-08,7127084123,1,2912,2912,2912,2912,147356828,314428,,
2026-08-08,7128163167,1,2117,2117,2117,2117,73427418,123163,,
2026-08-08,7208219743,1,2220,2220,2220,2220,5231476,70401,,
2026-08-08,7219654364,1,64260,64260,64260,64260,1506454451,14959515,,
2026-08-08,7332711118,1,4065,4065,4065,4065,1868198935,2462101,,
2026-08-08,7368125255,1,4686,4686,4686,4686,,,,
2026-08-08,7383133134,1,1371,1371,1371,1371,104681275,774734,,
2026-08-08,7434179990,1,2851,2851,2851,2851,225876355,7927021,,
2026-08-08,7436755782,1,39670,39670,39670,39670,35816365764,11356490,,
2026-08-08,7450124099,1,2669,2669,2669,2669,132642803,747788,,
2026-08-08,7613921865,1,121198,121198,121198,121198,559747843,175574,,
2026-08-08,7690412163,1,1099,1099,1099,1099,,,,
2026-08-08,7709344486,1,119328,119328,119328,119328,72292945774,28913199,,
2026-08-08,7760134732,1,2890,2890,2890,2890,31392845,888543,,
2026-08-08,7798947148,1,3166,3166,3166,3166,142284143,304208,,
2026-08-08,7856039629,1,5330,5330,5330,5330,12684051,588779,,
2026-08-08,7891669427,1,1690,1690,1690,1690,36043073,854105,,
2026-08-08,8014099969,1,1739,1739,1739,1739,145693010,244487,,
2026-08-08,8152539587,1,3412,3412,3412,3412,96026537,10640579,,
2026-08-08,8291789996,1,3552,3552,3552,3552,,,,
2026-08-08,8316902627,1,4353,4353,4353,4353,4684874805,1979949,,
2026-08-08,8356066619,1,5853,5853,5853,5853,81201340,49248,,
2026-08-08,8401518398,1,4114,4114,4114,4114,81067798,61881,,
2026-08-08,8504461817,1,2330,2330,2330,2330,,,,
2026-08-08,8539298853,1,9472,9472,9472,9472,1258244664,1726113,,
2026-08-08,8562618273,1,742,742,742,742,103501507,83565,,
2026-08-08,8696670616,1,2886,2886,2886,2886,,,,
2026-08-08,8759966530,1,2706,2706,2706,2706,117444956,391089,,
2026-08-08,8786713187,1,1285,1285,1285,1285,116405850,283922,,
2026-08-08,8791358380,1,10138,10138,10138,10138,421081582,12509834,,
2026-08-08,8950496606,1,3576,3576,3576,3576,171640875,435036,,
2026-08-08,9077534770,1,981,981,981,981,59792773,184844,,
2026-08-08,9098570654,1,23514,23514,23514,23514,221494831,353177,,
2026-08-08,9122463229,1,9014,9014,9014,9014,,,,
2026-08-08,9129640671,1,11028,11028,11028,11028,,,,
2026-08-08,9141743926,1,11152,11152,11152,11152,424305186,587453,,
2026-08-08,9145063979,1,9289,9289,9289,9289,539184954,539522,,
2026-08-08,9177208241,1,2543,2543,2543,2543,74090184,393991,,
2026-08-08,9219116196,1,3542,3542,3542,3542,91188824,242512,,
2026-08-08,9231693026,1,2948,2948,2948,2948,,,,
2026-08-08,9296042754,1,4179,4179,4179,4179,56875655,271178,,
2026-08-08,9315472782,1,635,635,635,635,23179979,134162,,
2026-08-08,9315739469,1,1104,1104,1104,1104,81293048,85256,,
2026-08-08,9348272796,1,37699,37699,37699,37699,669277878,615185,,
2026-08-08,9362896961,1,4923,4923,4923,4923,,,,
2026-08-08,9363735110,1,7170,7170,7170,7170,5685443560,2034250,,
2026-08-08,9409870130,1,871,871,871,871,20341833,253074,,
2026-08-08,9411563986,1,1280,1280,1280,1280,84442995,146679,,
2026-08-08,9452898647,1,2802,2802,2802,2802,114899921,4813249,,
2026-08-08,9481391333,1,3906,3906,3906,3906,15628280,445827,,
2026-08-08,9494058490,1,12312,12312,12312,12312,,,,
2026-08-08,9501409571,1,756,756,756,756,39460847,196952,,
2026-08-08,9513686983,1,4250,4250,4250,4250,412765126,13527890,,
2026-08-08,9526307912,2,2814,2814,2678,2951,91406980,156430,,
2026-08-08,9561553764,1,14117,14117,14117,14117,118670230,110106,,
2026-08-08,9584852943,1,261532,261532,261532,261532,4366568290,5204428,,
2026-08-08,9639553972,1,4132,4132,4132,4132,35452529,185229,,
2026-08-08,9758688665,1,4003,4003,4003,4003,103525741,5317530,,
2026-08-08,9793308933,1,11737,11737,11737,11737,21674581,696530,,
2026-08-08,9859536675,1,2754,2754,2754,2754,,,,
2026-08-08,9940725596,1,857,857,857,857,32176255,41780,,
2026-08-08,9940812243,1,3144,3144,3144,3144,6962848,116517,,
2026-08-08,9948575164,1,2584,2584,2584,2584,38634138,206043,,
2026-08-08,9963622286,1,3399,3399,3399,3399,103427705,2675334,,
2026-08-08,9969095451,1,2887,2887,2887,2887,33277983,1345512,,
2026-08-08,9998576154,1,13445,13445,13445,13445,98670463,6262257,,
2026-08-08,10004244222,1,55928,55928,55928,55928,1620826958,24360650,,
2026-08-08,10037267577,2,3234,3234,2821,3648,4820894,167797,,
2026-08-08,10051853469,1,2708,2708,2708,2708,108200149,2364372,,
2026-08-08,10065013948,1,6777,6777,6777,6777,50673955,76554,,
2026-08-08,10083552936,1,1074,1074,1074,1074,9016536,395181,,
2026-08-08,10086454767,1,652,652,652,652,17987392,49548,,
2026-08-08,10127090395,1,5290,5290,5290,5290,113753718,5150939,,
2026-08-08,10144280947,1,65148,65148,65148,65148,131060391,4167445,,
2026-08-08,10144587520,1,24730,24730,24730,24730,39462508,1204918,,
2026-08-08,10149910491,1,3801,3801,3801,3801,30745995,43699,,
2026-08-08,10149964044,1,6407,6407,6407,6407,,,,
2026-08-08,10153098880,1,8480,8480,8480,8480,15898956,137233,,
2026-08-08,10156435104,1,6621,6621,6621,6621,42822914,70085,,
2026-08-08,10184247393,1,15870,15870,15870,15870,63176750,1843615,,
2026-08-08,10189601764,1,3392,3392,3392,3392,28723965,33362,,
2026-08-08,10196660716,1,3517,3517,3517,3517,25919714,1916965,,
2026-08-08,10199301628,1,28347,28347,28347,28347,316160923,1658976,,
2026-08-08,10200395747,1,485872,485872,485872,485872,1577582100,650653,,
2026-08-08,10204207151,1,5146,5146,5146,5146,15601211,47000,,
2026-08-08,10214798872,1,7039,7039,7039,7039,17371593,206124,,
2026-08-08,10230921598,1,4323,4323,4323,4323,134593997,8770038,,
2026-08-08,10241000620,1,4674,4674,4674,4674,5458158,32729,,
2026-08-08,10244001346,1,5364,5364,5364,5364,79066852,80783,,
2026-08-08,10247797619,1,4053,4053,4053,4053,48373892,146205,,
2026-08-08,10253235584,1,31224,31224,31224,31224,33594107,402847,,
2026-08-08,10272236945,1,4620,4620,4620,4620,18076399,25832,,
2026-08-08,10274447949,1,4528,4528,4528,4528,32578240,2380644,,
2026-08-08,10283025251,1,4009,4009,4009,4009,13233230,665154,,
2026-08-08,10286593249,1,2941,2941,2941,2941,,,,
2026-08-08,10291450669,1,2835,2835,2835,2835,6314002,633172,,
2026-08-08,10314520237,1,11389,11389,11389,11389,,,,
2026-08-08,10321202755,1,12178,12178,12178,12178,37753121,377931,,
2026-08-08,10342857565,1,3551,3551,3551,3551,19661254,25411,,
2026-08-08,10350558449,1,9077,9077,9077,9077,18002843,379344,,
2026-08-08,10356701370,1,15055,15055,15055,15055,62883697,318482,,
2026-08-08,10376944238,1,24352,24352,24352,24352,12796627,98870,,
2026-08-08,10395261977,1,4434,4434,4434,4434,3617111,26694,,
2026-08-08,10406853972,1,4957,4957,4957,4957,14484290,1296410,,
2026-08-08,10409732219,1,15368,15368,15368,15368,36957808,3004185,,
2026-08-08,10426376134,1,13503,13503,13503,13503,,,,
2026-08-08,10437809977,1,4441,4441,4441,4441,8352491,18158,,
2026-08-08,10448083800,1,3791,3791,3791,3791,7713728,14753,,
2026-08-08,10455462279,1,5852,5852,5852,5852,22609460,1092788,,
2026-08-08,10456832990,1,16235,16235,16235,16235,43619799,65978,,
2026-08-08,10485597695,1,3898,3898,3898,3898,7541552,25025,,
2026-08-08,10502841145,1,22024,22024,22024,22024,37100325,50198,,
2026-08-08,10514488908,1,3299,3299,3299,3299,8986931,24061,,
2026-08-08,10516060568,1,4935,4935,4935,4935,,,,
2026-08-09,31970568,1,7088,7088,7088,7088,1601148609,6070618,,
2026-08-09,66654135,1,949166,949166,949166,949166,28698592834,23340250,,
2026-08-09,568307879,1,798,798,798,798,524035532,546782,,
2026-08-09,605887098,1,3819,3819,3819,3819,2516277147,3701683,,
2026-08-09,903807016,1,5052,5052,5052,5052,1558995803,2823826,,
2026-08-09,1053132402,1,2902,2902,2902,2902,565506179,970826,,
2026-08-09,1198533421,1,1086,1086,1086,1086,179887058,725718,,
2026-08-09,1214576306,1,3502,3502,3502,3502,1641567989,4292519,,
2026-08-09,1430007363,1,3217,3217,3217,3217,902039914,2322404,,
2026-08-09,1489026993,2,6650,6650,6398,6902,2661108468,4330555,,
2026-08-09,1526814825,1,11886,11886,11886,11886,1086273382,4317373,,
2026-08-09,1637284552,1,1016,1016,1016,1016,,,,
2026-08-09,1795206523,1,1467,1467,1467,1467,951950275,929470,,
2026-08-09,1811388660,1,878,878,878,878,129488741,1405666,,
2026-08-09,1831550657,1,35862,35862,35862,35862,2153204001,10853782,,
2026-08-09,1998835206,1,2485,2485,2485,2485,584276960,1169726,,
2026-08-09,2049551477,2,4350,4350,3395,5306,1464906399,1916729,,
2026-08-09,2165551367,1,1159,1159,1159,1159,669298201,2423279,,
2026-08-09,2247578975,2,5089,5089,3688,6490,1213493412,14930820,,
2026-08-09,2274830359,1,7053,7053,7053,7053,2972327059,2001987,,
2026-08-09,2294168059,1,6008,6008,6008,6008,1238024324,3336194,,
2026-08-09,2339944792,1,1992,1992,1992,1992,27552419,156688,,
2026-08-09,2369077151,1,6743,6743,6743,6743,401874795,10806558,,
2026-08-09,2440500124,1,23925,23925,23925,23925,7565243079,8013439,,
2026-08-09,2491559356,1,2276,2276,2276,2276,81278704,168604,,
2026-08-09,2655478023,2,4274,4274,3532,5016,1011461476,3487169,,
2026-08-09,2788648141,1,3395,3395,3395,3395,997820121,2063430,,
2026-08-09,2821905072,1,4800,4800,4800,4800,262175690,5489250,,
2026-08-09,2827951974,1,1378,1378,1378,1378,,,,
2026-08-09,2921237723,1,1406,1406,1406,1406,,,,
2026-08-09,2992873140,1,14528,14528,14528,14528,1381895831,1006567,,
2026-08-09,3034836582,1,1492,1492,1492,1492,503029323,1914449,,
2026-08-09,3079618996,1,10856,10856,10856,10856,784716151,939040,,
2026-08-09,3088609243,1,3451,3451,3451,3451,736946403,601969,,
2026-08-09,3164075108,1,3748,3748,3748,3748,278801411,731294,,
2026-08-09,3187874989,1,4320,4320,4320,4320,167497827,229503,,
2026-08-09,3191268194,1,3049,3049,3049,3049,1353899212,5457293,,
2026-08-09,3274669156,1,755,755,755,755,68028693,659609,,
2026-08-09,3310460039,1,22627,22627,22627,22627,4588518412,105141273,,
2026-08-09,3346892457,1,2468,2468,2468,2468,440220277,175999,,
2026-08-09,3472976893,1,4446,4446,4446,4446,169636894,3004823,,
2026-08-09,3502524667,1,2339,2339,2339,2339,755309781,3682007,,
2026-08-09,3551414857,1,2796,2796,2796,2796,630726903,1320686,,
2026-08-09,3647333358,1,55171,55171,55171,55171,9000425628,8108781,,
2026-08-09,3746418487,1,5015,5015,5015,5015,318689232,384899,,
2026-08-09,3754482795,1,6146,6146,6146,6146,1264540271,4473656,,
2026-08-09,3759884822,1,4175,4175,4175,4175,130241931,111352,,
2026-08-09,3841172115,1,3229,3229,3229,3229,149806809,686997,,
2026-08-09,4028801234,1,2782,2782,2782,2782,234351246,12472555,,
2026-08-09,4071487712,1,904,904,904,904,28536326,119354,,
2026-08-09,4079077350,1,7126,7126,7126,7126,3255131,53496,,
2026-08-09,4283416256,1,855,855,855,855,21509433,128111,,
2026-08-09,4343544885,1,5015,5015,5015,5015,117667614,2643296,,
2026-08-09,4348829796,1,15858,15858,15858,15858,2619184742,11017724,,
2026-08-09,4518160318,1,6587,6587,6587,6587,635670009,1145028,,
2026-08-09,4595016786,1,3244,3244,3244,3244,597167083,736272,,
2026-08-09,4673599750,1,3584,3584,3584,3584,514618440,470394,,
2026-08-09,4720386144,1,2110,2110,2110,2110,116053005,585424,,
2026-08-09,4793836769,1,5654,5654,5654,5654,294919749,6241978,,
2026-08-09,4925331346,1,5566,5566,5566,5566,310789676,480415,,
2026-08-09,4944984948,1,5394,5394,5394,5394,259879034,129229,,
2026-08-09,5195168716,1,1954,1954,1954,1954,97336729,637300,,
2026-08-09,5207621753,1,2808,2808,2808,2808,89787845,75288,,
2026-08-09,5361032378,1,51555,51555,51555,51555,2062138022,994214,,
2026-08-09,5508238359,1,6065,6065,6065,6065,91094117,1682456,,
2026-08-09,5578556129,1,10814,10814,10814,10814,2010706802,1979266,,
2026-08-09,5668114043,1,1926,1926,1926,1926,239264000,736992,,
2026-08-09,5698013839,1,654,654,654,654,70597428,277218,,
2026-08-09,5750914919,1,59448,59448,59448,59448,4750530248,3561071,,
2026-08-09,5927446137,1,971,971,971,971,44801371,584791,,
2026-08-09,5956634861,1,1225,1225,1225,1225,150842559,588401,,
2026-08-09,5993969021,1,732,732,732,732,16428193,57643,,
2026-08-09,6072944764,1,834,834,834,834,54003600,61240,,
2026-08-09,6247557414,1,930,930,930,930,197701295,2293250,,
2026-08-09,6314664695,1,1724,1724,1724,1724,60644120,2837478,,
2026-08-09,6329693946,1,6197,6197,6197,6197,80012283,226378,,
2026-08-09,6409513651,1,3032,3032,3032,3032,93854526,827624,,
2026-08-09,6646518350,1,654,654,654,654,256433960,350422,,
2026-08-09,6682487255,1,10900,10900,10900,10900,486728637,227432,,
2026-08-09,6749060816,1,11164,11164,11164,11164,256188795,1728499,,
2026-08-09,7018190066,1,24748,24748,24748,24748,6486675437,6046193,,
2026-08-09,7058980030,1,6648,6648,6648,6648,577811051,964900,,
2026-08-09,7082244450,1,2556,2556,2556,2556,38139991,159400,,
2026-08-09,7082423811,1,5139,5139,5139,5139,282451267,1562066,,
2026-08-09,7094518649,1,15732,15732,15732,15732,340512128,823208,,
2026-08-09,7113705633,1,814,814,814,814,17752617,422346,,
2026-08-09,7127084123,1,3144,3144,3144,3144,147594310,314841,,
2026-08-09,7128163167,1,2256,2256,2256,2256,73624152,123490,,
2026-08-09,7208219743,1,1907,1907,1907,1907,5408098,71793,,
2026-08-09,7208561693,1,2732,2732,2732,2732,125901385,10175404,,
2026-08-09,7219654364,1,67311,67311,67311,67311,1513686512,14995450,,
2026-08-09,7332711118,1,4484,4484,4484,4484,1868807913,2462633,,
2026-08-09,7368125255,1,4686,4686,4686,4686,,,,
2026-08-09,7383133134,1,2122,2122,2122,2122,104902417,776595,,
2026-08-09,7434179990,1,2938,2938,2938,2938,226138092,7933429,,
2026-08-09,7436755782,1,44357,44357,44357,44357,35820560509,11358970,,
2026-08-09,7450124099,1,3297,3297,3297,3297,132879716,748929,,
2026-08-09,7613921865,1,111875,111875,111875,111875,574745528,178166,,
2026-08-09,7690412163,1,1099,1099,1099,1099,,,,
2026-08-09,7709344486,1,250966,250966,250966,250966,72343538427,28928883,,
2026-08-09,7719766419,1,2632,2632,2632,2632,31067469,264240,,
2026-08-09,7720654467,1,2705,2705,2705,2705,77689911,216007,,
2026-08-09,7798947148,1,5131,5131,5131,5131,142909801,304777,,
2026-08-09,7856039629,1,5949,5949,5949,5949,13357641,610391,,
2026-08-09,7891669427,1,1903,1903,1903,1903,36201618,856074,,
2026-08-09,8014099969,1,1581,1581,1581,1581,145881110,244762,,
2026-08-09,8152539587,1,4098,4098,4098,4098,96686119,10697962,,
2026-08-09,8291789996,1,3552,3552,3552,3552,,,,
2026-08-09,8316902627,1,6026,6026,6026,6026,4685776263,1980557,,
2026-08-09,8356066619,1,5250,5250,5250,5250,81353473,49304,,
2026-08-09,8401518398,1,4630,4630,4630,4630,81854412,62776,,
2026-08-09,8431193668,1,957,957,957,957,22135026,159693,,
2026-08-09,8497987845,1,3491,3491,3491,3491,14490032,86011,,
2026-08-09,8504461817,1,2330,2330,2330,2330,,,,
2026-08-09,8539298853,1,9637,9637,9637,9637,1259315084,1728013,,
2026-08-09,8562618273,1,1715,1715,1715,1715,103612601,83664,,
2026-08-09,8675480462,1,2334,2334,2334,2334,6028505,22197,,
2026-08-09,8696670616,1,2886,2886,2886,2886,,,,
2026-08-09,8759966530,1,2340,2340,2340,2340,117791426,392034,,
2026-08-09,8786713187,1,1124,1124,1124,1124,116521950,284185,,
2026-08-09,8791358380,1,11843,11843,11843,11843,422311009,12562143,,
2026-08-09,8950496606,1,3414,3414,3414,3414,171911491,435760,,
2026-08-09,8995269203,1,1186,1186,1186,1186,24984426,21440,,
2026-08-09,9029624625,1,800,800,800,800,35374750,160787,,
2026-08-09,9033457457,1,751,751,751,751,4689545,95659,,
2026-08-09,9073513091,1,4864,4864,4864,4864,125536865,160877,,
2026-08-09,9077534770,1,2487,2487,2487,2487,59945426,185548,,
2026-08-09,9098570654,1,20839,20839,20839,20839,222990251,356934,,
2026-08-09,9122463229,1,9014,9014,9014,9014,,,,
2026-08-09,9129640671,1,11028,11028,11028,11028,,,,
2026-08-09,9141743926,1,11334,11334,11334,11334,425509375,588065,,
2026-08-09,9145063979,1,7769,7769,7769,7769,540159888,540760,,
2026-08-09,9145282410,1,1599,1599,1599,1599,38660495,278963,,
2026-08-09,9177208241,1,3477,3477,3477,3477,74395041,395128,,
2026-08-09,9178347165,1,805,805,805,805,16279637,1284067,,
2026-08-09,9219116196,1,5826,5826,5826,5826,91598193,244299,,
2026-08-09,9231693026,1,2948,2948,2948,2948,,,,
2026-08-09,9296042754,1,5140,5140,5140,5140,57354041,273366,,
2026-08-09,9315472782,1,984,984,984,984,23276373,134686,,
2026-08-09,9315739469,1,1291,1291,1291,1291,81453366,85497,,
2026-08-09,9348272796,1,33558,33558,33558,33558,672956092,619065,,
2026-08-09,9362896961,1,5097,5097,5097,5097,146020132,216065,,
2026-08-09,9363735110,1,7420,7420,7420,7420,5686546640,2034968,,
2026-08-09,9409870130,1,1302,1302,1302,1302,20443075,254220,,
2026-08-09,9411563986,1,1102,1102,1102,1102,84610152,146931,,
2026-08-09,9481391333,1,3430,3430,3430,3430,16002316,450746,,
2026-08-09,9494058490,1,12312,12312,12312,12312,,,,
2026-08-09,9501409571,1,769,769,769,769,39561921,197613,,
2026-08-09,9513686983,1,4495,4495,4495,4495,,,,
2026-08-09,9526307912,2,3322,3322,2677,3966,91792237,157058,,
2026-08-09,9556113881,1,1070,1070,1070,1070,38372639,174544,,
2026-08-09,9561553764,1,13264,13264,13264,13264,120636633,111772,,
2026-08-09,9584852943,1,293633,293633,293633,293633,4444650928,5260479,,
2026-08-09,9639553972,1,2799,2799,2799,2799,35727628,186102,,
2026-08-09,9723617424,1,3009,3009,3009,3009,34183801,57868,,
2026-08-09,9758688665,1,5792,5792,5792,5792,104136898,5353989,,
2026-08-09,9793308933,1,9008,9008,9008,9008,22617354,720148,,
2026-08-09,9830725726,1,3812,3812,3812,3812,36957192,37963,,
2026-08-09,9859536675,1,2754,2754,2754,2754,,,,
2026-08-09,9930466428,1,876,876,876,876,35238941,139755,,
2026-08-09,9940725596,1,757,757,757,757,32319713,42015,,
2026-08-09,9940812243,1,3302,3302,3302,3302,7102687,117818,,
2026-08-09,9948575164,1,2915,2915,2915,2915,38986906,207877,,
2026-08-09,9963622286,1,3338,3338,3338,3338,103972177,2675868,,
2026-08-09,9998576154,1,16689,16689,16689,16689,100076256,6351648,,
2026-08-09,10004244222,1,55324,55324,55324,55324,1630786979,24429934,,
2026-08-09,10037267577,2,2895,2895,2800,2990,5257966,169064,,
2026-08-09,10038413468,1,21921,21921,21921,21921,49733390,1640134,,
2026-08-09,10065013948,1,6113,6113,6113,6113,51441923,78004,,
2026-08-09,10083552936,1,935,935,935,935,9152968,402848,,
2026-08-09,10127090395,1,5406,5406,5406,5406,115087588,5189945,,
2026-08-09,10144280947,1,73072,73072,73072,73072,139901191,4380192,,
2026-08-09,10144587520,1,27298,27298,27298,27298,40975410,1232678,,
2026-08-09,10149910491,1,4503,4503,4503,4503,31147217,44300,,
2026-08-09,10149964044,1,6407,6407,6407,6407,,,,
2026-08-09,10153098880,1,8848,8848,8848,8848,16587059,142172,,
2026-08-09,10156435104,1,5448,5448,5448,5448,43677957,71244,,
2026-08-09,10183029417,1,2929,2929,2929,2929,10195132,401855,,
2026-08-09,10184247393,1,16267,16267,16267,16267,65013193,1882228,,
2026-08-09,10189601764,1,3330,3330,3330,3330,29114349,33612,,
2026-08-09,10196660716,1,3833,3833,3833,3833,26378365,1947782,,
2026-08-09,10199301628,1,30820,30820,30820,30820,320302802,1674517,,
2026-08-09,10200395747,1,463576,463576,463576,463576,1584230567,652695,,
2026-08-09,10204207151,1,5071,5071,5071,5071,16269785,48139,,
2026-08-09,10214798872,1,6554,6554,6554,6554,17976838,206746,,
2026-08-09,10222315805,1,844,844,844,844,4967016,23501,,
2026-08-09,10230921598,1,4585,4585,4585,4585,,,,
2026-08-09,10241000620,1,3003,3003,3003,3003,5785419,33911,,
2026-08-09,10244001346,1,5645,5645,5645,5645,79956399,81695,,
2026-08-09,10247797619,1,4106,4106,4106,4106,48844412,147130,,
2026-08-09,10253235584,1,29679,29679,29679,29679,35532449,423891,,
2026-08-09,10272236945,1,3799,3799,3799,3799,18647703,26654,,
2026-08-09,10274447949,1,4823,4823,4823,4823,33272097,2426612,,
2026-08-09,10283025251,1,4157,4157,4157,4157,13629936,683419,,
2026-08-09,10286593249,1,2941,2941,2941,2941,,,,
2026-08-09,10314520237,1,11389,11389,11389,11389,,,,
2026-08-09,10321202755,1,13320,13320,13320,13320,38226379,380253,,
2026-08-09,10350558449,1,8110,8110,8110,8110,18801302,397561,,
2026-08-09,10356701370,1,16253,16253,16253,16253,65469584,325374,,
2026-08-09,10376944238,1,25422,25422,25422,25422,15384434,114717,,
2026-08-09,10395261977,1,3997,3997,3997,3997,3989924,29008,,
2026-08-09,10399136326,1,5000,5000,5000,5000,8858457,23671,,
2026-08-09,10406853972,1,4866,4866,4866,4866,15103367,1333596,,
2026-08-09,10409732219,1,19077,19077,19077,19077,40886208,3237653,,
2026-08-09,10426376134,1,13503,13503,13503,13503,,,,
2026-08-09,10437809977,1,3794,3794,3794,3794,8946262,19400,,
2026-08-09,10448083800,1,3627,3627,3627,3627,8118920,15284,,
2026-08-09,10455462279,1,5942,5942,5942,5942,23351599,1128763,,
2026-08-09,10456832990,1,14188,14188,14188,14188,45234074,68083,,
2026-08-09,10471583973,1,7814,7814,7814,7814,1871041,18104,,
2026-08-09,10485597695,1,4005,4005,4005,4005,8403210,27167,,
2026-08-09,10502841145,1,25692,25692,25692,25692,38628145,53084,,
2026-08-09,10514488908,1,3826,3826,3826,3826,9368390,24888,,
2026-08-09,10516060568,1,4935,4935,4935,4935,,,,
2026-08-10,31970568,1,6922,6922,6922,6922,1601607750,6071257,,
2026-08-10,66654135,1,1052381,1052381,1052381,1052381,28778147732,23363506,,
2026-08-10,605887098,1,3549,3549,3549,3549,2516667185,3702180,,
2026-08-10,903807016,1,5161,5161,5161,5161,1559763003,2824468,,
2026-08-10,1198533421,1,962,962,962,962,179958851,725875,,
2026-08-10,1214576306,1,3382,3382,3382,3382,1641800259,4292870,,
2026-08-10,1430007363,1,3331,3331,3331,3331,902394297,2324398,,
2026-08-10,1489026993,2,6060,6060,5988,6133,2661704872,4331237,,
2026-08-10,1526814825,1,10722,10722,10722,10722,1087222944,4319927,,
2026-08-10,1637284552,1,1016,1016,1016,1016,,,,
2026-08-10,1795206523,1,1329,1329,1329,1329,952215307,929620,,
2026-08-10,1831550657,1,29123,29123,29123,29123,2155239639,10866517,,
2026-08-10,1998835206,1,2397,2397,2397,2397,584469418,1169869,,
2026-08-10,2049551477,2,3641,3641,3107,4175,1465442950,1917430,,
2026-08-10,2165551367,1,1292,1292,1292,1292,669482241,2423902,,
2026-08-10,2247578975,2,3566,3566,3369,3764,1214083977,14931448,,
2026-08-10,2274830359,1,6843,6843,6843,6843,2973364104,2003128,,
2026-08-10,2294168059,1,5930,5930,5930,5930,1238511326,3337918,,
2026-08-10,2339944792,1,1692,1692,1692,1692,27770045,157501,,
2026-08-10,2369077151,1,5184,5184,5184,5184,402413898,10814763,,
2026-08-10,2440500124,1,23993,23993,23993,23993,7567857900,8015989,,
2026-08-10,2491559356,1,2037,2037,2037,2037,81450411,168896,,
2026-08-10,2655478023,2,3287,3287,3085,3489,1012023860,3487894,,
2026-08-10,2788648141,1,2688,2688,2688,2688,998070645,2065952,,
2026-08-10,2821905072,1,3887,3887,3887,3887,262619219,5497492,,
2026-08-10,2827951974,1,890,890,890,890,810278862,681731,,
2026-08-10,2921237723,1,1324,1324,1324,1324,139784406,761744,,
2026-08-10,2992873140,1,16496,16496,16496,16496,1383116114,1007100,,
2026-08-10,3034836582,1,979,979,979,979,,,,
2026-08-10,3079618996,1,6496,6496,6496,6496,785414464,943946,,
2026-08-10,3088609243,1,3263,3263,3263,3263,737454951,602643,,
2026-08-10,3164075108,1,3424,3424,3424,3424,279050436,731865,,
2026-08-10,3187874989,1,3817,3817,3817,3817,167829311,229856,,
2026-08-10,3191268194,1,2800,2800,2800,2800,1354150621,5460154,,
2026-08-10,3274669156,1,777,777,777,777,68077552,660164,,
2026-08-10,3310460039,1,19215,19215,19215,19215,4591404102,105142763,,
2026-08-10,3346892457,1,1855,1855,1855,1855,440495438,176411,,
2026-08-10,3472976893,1,3981,3981,3981,3981,170212658,3021130,,
2026-08-10,3502524667,1,1738,1738,1738,1738,755631873,3682312,,
2026-08-10,3551414857,1,2509,2509,2509,2509,630965434,1321118,,
2026-08-10,3647333358,1,52565,52565,52565,52565,9006424624,8112791,,
2026-08-10,3746418487,1,4582,4582,4582,4582,319182704,385696,,
2026-08-10,3754482795,1,5311,5311,5311,5311,1265288164,4476577,,
2026-08-10,3841172115,1,1930,1930,1930,1930,150082708,687905,,
2026-08-10,4028801234,1,1329,1329,1329,1329,234586936,12485882,,
2026-08-10,4071487712,1,855,855,855,855,28588444,119509,,
2026-08-10,4079077350,1,7377,7377,7377,7377,3478618,54930,,
2026-08-10,4283416256,1,784,784,784,784,21566438,128322,,
2026-08-10,4343544885,1,3951,3951,3951,3951,117996827,2648591,,
2026-08-10,4348829796,1,16304,16304,16304,16304,2621360376,11026984,,
2026-08-10,4509896324,1,5824,5824,5824,5824,1078232414,706718,,
2026-08-10,4518160318,1,6473,6473,6473,6473,636075261,1145971,,
2026-08-10,4599924264,1,2953,2953,2953,2953,713187254,279028,,
2026-08-10,4601145322,1,2244,2244,2244,2244,98199452,8171813,,
2026-08-10,4673599750,1,3461,3461,3461,3461,515465252,471157,,
2026-08-10,4720386144,1,2302,2302,2302,2302,116218216,586020,,
2026-08-10,4793836769,1,5475,5475,5475,5475,295331470,6249498,,
2026-08-10,4925331346,1,5301,5301,5301,5301,311204051,481140,,
2026-08-10,4944984948,1,5587,5587,5587,5587,261019402,130343,,
2026-08-10,5195168716,1,1579,1579,1579,1579,97500917,638216,,
2026-08-10,5361032378,1,50919,50919,50919,50919,2065115077,994907,,
2026-08-10,5508238359,1,7414,7414,7414,7414,91593735,1688440,,
2026-08-10,5578556129,1,11283,11283,11283,11283,2011204433,1979354,,
2026-08-10,5668114043,1,2441,2441,2441,2441,239487901,737505,,
2026-08-10,5750914919,1,52031,52031,52031,52031,4753440116,3562325,,
2026-08-10,6072944764,1,854,854,854,854,54074774,61368,,
2026-08-10,6247557414,1,713,713,713,713,197812923,2294795,,
2026-08-10,6329693946,1,5843,5843,5843,5843,80334127,226843,,
2026-08-10,6682487255,1,10320,10320,10320,10320,487688565,227490,,
2026-08-10,6749060816,1,10706,10706,10706,10706,256989833,1733711,,
2026-08-10,7018190066,1,21550,21550,21550,21550,6488588396,6047616,,
2026-08-10,7058980030,1,6226,6226,6226,6226,578778677,966836,,
2026-08-10,7082244450,1,2234,2234,2234,2234,38602181,161655,,
2026-08-10,7082423811,1,4951,4951,4951,4951,282919761,1562809,,
2026-08-10,7094518649,1,13213,13213,13213,13213,341241065,824653,,
2026-08-10,7128163167,1,2057,2057,2057,2057,73811056,123782,,
2026-08-10,7196736932,1,1489,1489,1489,1489,19932717,78444,,
2026-08-10,7208219743,1,1518,1518,1518,1518,5551093,72788,,
2026-08-10,7219654364,1,62251,62251,62251,62251,1520201479,15028950,,
2026-08-10,7332711118,1,3963,3963,3963,3963,1869254798,2462979,,
2026-08-10,7368125255,1,4686,4686,4686,4686,,,,
2026-08-10,7383133134,1,1585,1585,1585,1585,105163605,779015,,
2026-08-10,7436755782,1,39620,39620,39620,39620,35823546489,11360473,,
2026-08-10,7450124099,1,3869,3869,3869,3869,133164184,750710,,
2026-08-10,7709344486,1,218561,218561,218561,218561,72386521762,28941494,,
2026-08-10,7760134732,1,2986,2986,2986,2986,31916149,903764,,
2026-08-10,7798947148,1,3709,3709,3709,3709,143441465,305378,,
2026-08-10,7856039629,1,9103,9103,9103,9103,14129623,642139,,
2026-08-10,7891669427,1,2056,2056,2056,2056,36362157,858257,,
2026-08-10,8014099969,1,1170,1170,1170,1170,146015377,244971,,
2026-08-10,8152539587,1,4211,4211,4211,4211,97322975,10750240,,
2026-08-10,8291789996,1,3552,3552,3552,3552,,,,
2026-08-10,8316902627,1,5680,5680,5680,5680,4686520737,1981049,,
2026-08-10,8356066619,1,4683,4683,4683,4683,81492337,49391,,
2026-08-10,8401518398,1,4240,4240,4240,4240,82622819,63629,,
2026-08-10,8497987845,1,3626,3626,3626,3626,14711212,87224,,
2026-08-10,8504461817,1,2330,2330,2330,2330,,,,
2026-08-10,8539298853,1,8077,8077,8077,8077,1260174790,1729591,,
2026-08-10,8562618273,1,752,752,752,752,103739064,83763,,
2026-08-10,8696670616,1,2886,2886,2886,2886,,,,
2026-08-10,8705454731,1,3048,3048,3048,3048,75221278,518198,,
2026-08-10,8759966530,1,2867,2867,2867,2867,118079572,392734,,
2026-08-10,8786713187,1,1037,1037,1037,1037,116615042,284357,,
2026-08-10,8791358380,1,11004,11004,11004,11004,423379831,12596018,,
2026-08-10,8950496606,1,3087,3087,3087,3087,172151295,436201,,
2026-08-10,8995269203,1,897,897,897,897,25169929,21628,,
2026-08-10,9073513091,1,3816,3816,3816,3816,126061163,161363,,
2026-08-10,9077534770,1,1122,1122,1122,1122,60151473,186872,,
2026-08-10,9098570654,1,17941,17941,17941,17941,224103649,359864,,
2026-08-10,9122463229,1,9014,9014,9014,9014,,,,
2026-08-10,9129640671,1,11028,11028,11028,11028,,,,
2026-08-10,9141743926,1,10651,10651,10651,10651,426590773,588520,,
2026-08-10,9145063979,1,7455,7455,7455,7455,541435522,542653,,
2026-08-10,9145282410,1,836,836,836,836,38787256,280108,,
2026-08-10,9177208241,1,1942,1942,1942,1942,74689882,396588,,
2026-08-10,9219116196,1,4174,4174,4174,4174,92081122,246803,,
2026-08-10,9231693026,1,2948,2948,2948,2948,,,,
2026-08-10,9296042754,1,3946,3946,3946,3946,57720198,275119,,
2026-08-10,9315739469,1,1252,1252,1252,1252,81623799,85760,,
2026-08-10,9348272796,1,33301,33301,33301,33301,676737956,622452,,
2026-08-10,9362896961,1,4778,4778,4778,4778,146281894,216219,,
2026-08-10,9363735110,1,6854,6854,6854,6854,5687667857,2035559,,
2026-08-10,9409870130,1,782,782,782,782,20552962,255613,,
2026-08-10,9411563986,1,1043,1043,1043,1043,84743412,147133,,
2026-08-10,9481391333,1,3951,3951,3951,3951,16346184,456253,,
2026-08-10,9494058490,1,12312,12312,12312,12312,,,,
2026-08-10,9513686983,1,3591,3591,3591,3591,413992692,13577375,,
2026-08-10,9526307912,2,3659,3659,3454,3864,92269780,157920,,
2026-08-10,9561553764,1,16189,16189,16189,16189,122699487,113571,,
2026-08-10,9584852943,1,221807,221807,221807,221807,4490520684,5302169,,
2026-08-10,9639553972,1,4523,4523,4523,4523,36305188,189023,,
2026-08-10,9758688665,1,3469,3469,3469,3469,104603294,5379905,,
2026-08-10,9793308933,1,13428,13428,13428,13428,23931227,752650,,
2026-08-10,9859536675,1,2754,2754,2754,2754,,,,
2026-08-10,9930466428,1,794,794,794,794,35365621,140558,,
2026-08-10,9940725596,1,752,752,752,752,32437963,42227,,
2026-08-10,9940812243,1,4037,4037,4037,4037,7276487,119466,,
2026-08-10,9998576154,1,12533,12533,12533,12533,101541769,6440542,,
2026-08-10,10004244222,1,50230,50230,50230,50230,1636890075,24481920,,
2026-08-10,10037267577,1,3005,3005,3005,3005,5634209,170115,,
2026-08-10,10038413468,1,23351,23351,23351,23351,51757974,1679150,,
2026-08-10,10065013948,1,5571,5571,5571,5571,51995233,78977,,
2026-08-10,10067868611,1,2913,2913,2913,2913,15532212,25413,,
2026-08-10,10083552936,1,748,748,748,748,9254595,407380,,
2026-08-10,10127090395,1,3594,3594,3594,3594,115979347,5212392,,
2026-08-10,10138988383,1,1571,1571,1571,1571,27134476,55408,,
2026-08-10,10144280947,1,69975,69975,69975,69975,149242877,4562248,,
2026-08-10,10144587520,1,24910,24910,24910,24910,42008368,1247910,,
2026-08-10,10149910491,1,3533,3533,3533,3533,31458670,44764,,
2026-08-10,10149964044,1,6407,6407,6407,6407,,,,
2026-08-10,10153098880,1,9626,9626,9626,9626,17249864,146536,,
2026-08-10,10156435104,1,6088,6088,6088,6088,44284375,72274,,
2026-08-10,10184247393,1,15221,15221,15221,15221,66528991,1914143,,
2026-08-10,10189601764,1,2982,2982,2982,2982,29390160,33838,,
2026-08-10,10196660716,1,3784,3784,3784,3784,26843491,1974046,,
2026-08-10,10199301628,1,29772,29772,29772,29772,323422640,1685448,,
2026-08-10,10200395747,1,452152,452152,452152,452152,1590994136,654079,,
2026-08-10,10204207151,1,4170,4170,4170,4170,16743267,49100,,
2026-08-10,10214798872,1,5301,5301,5301,5301,18533968,207223,,
2026-08-10,10230921598,1,3731,3731,3731,3731,135725480,8833965,,
2026-08-10,10241000620,1,3398,3398,3398,3398,6151321,36093,,
2026-08-10,10244001346,1,4529,4529,4529,4529,80713790,82675,,
2026-08-10,10247797619,1,4566,4566,4566,4566,49431705,148969,,
2026-08-10,10253235584,1,27907,27907,27907,27907,37153189,439756,,
2026-08-10,10272236945,1,3007,3007,3007,3007,19117312,27391,,
2026-08-10,10274447949,1,4167,4167,4167,4167,33904662,2465727,,
2026-08-10,10283025251,1,2867,2867,2867,2867,14078022,703734,,
2026-08-10,10286593249,1,2941,2941,2941,2941,,,,
2026-08-10,10314520237,1,11389,11389,11389,11389,,,,
2026-08-10,10321202755,1,12550,12550,12550,12550,38636161,382448,,
2026-08-10,10342857565,1,2851,2851,2851,2851,20608980,26835,,
2026-08-10,10350558449,1,9187,9187,9187,9187,19684141,420643,,
2026-08-10,10356701370,1,12322,12322,12322,12322,67633445,331132,,
2026-08-10,10376944238,1,19935,19935,19935,19935,17454629,127375,,
2026-08-10,10395261977,1,3901,3901,3901,3901,4406429,31493,,
2026-08-10,10399136326,1,4505,4505,4505,4505,9323308,24530,,
2026-08-10,10406853972,1,3724,3724,3724,3724,15514565,1359523,,
2026-08-10,10409732219,1,16349,16349,16349,16349,43434593,3378515,,
2026-08-10,10426376134,1,13503,13503,13503,13503,,,,
2026-08-10,10437809977,1,3751,3751,3751,3751,9588678,21093,,
2026-08-10,10455462279,1,4262,4262,4262,4262,23913995,1151256,,
2026-08-10,10456832990,1,15783,15783,15783,15783,46901818,70716,,
2026-08-10,10471583973,1,14642,14642,14642,14642,2851254,24741,,
2026-08-10,10485597695,1,3479,3479,3479,3479,9130977,29134,,
2026-08-10,10502841145,1,22004,22004,22004,22004,40131912,55662,,
2026-08-10,10514488908,1,2969,2969,2969,2969,9742160,25781,,
2026-08-10,10516060568,1,4935,4935,4935,4935,,,,
2026-08-10,10528250136,1,5301,5301,5301,5301,5418694,425155,,
2026-08-11,31970568,1,6982,6982,6982,6982,1602082802,6071958,,
2026-08-11,66654135,1,1053298,1053298,1053298,1053298,28867434844,23387357,,
2026-08-11,605887098,1,3130,3130,3130,3130,2517014434,3702870,,
2026-08-11,903807016,1,4986,4986,4986,4986,1560509341,2825173,,
2026-08-11,1198533421,1,1011,1011,1011,1011,180028045,726007,,
2026-08-11,1214576306,1,3120,3120,3120,3120,1642025091,4293197,,
2026-08-11,1430007363,1,3429,3429,3429,3429,902765070,2326394,,
2026-08-11,1489026993,2,6004,6004,5989,6019,2662303039,4331921,,
2026-08-11,1526814825,1,9904,9904,9904,9904,1088111640,4321811,,
2026-08-11,1637284552,1,1016,1016,1016,1016,,,,
2026-08-11,1795206523,1,1441,1441,1441,1441,952467641,929754,,
2026-08-11,1831550657,1,27158,27158,27158,27158,2156908140,10874807,,
2026-08-11,1998835206,1,2533,2533,2533,2533,584654922,1170034,,
2026-08-11,2049551477,2,3666,3666,2746,4587,1465927315,1918061,,
2026-08-11,2165551367,1,1470,1470,1470,1470,669691943,2424590,,
2026-08-11,2247578975,2,3408,3408,3302,3515,1214576994,14931831,,
2026-08-11,2274830359,1,6922,6922,6922,6922,2974368983,2004180,,
2026-08-11,2294168059,1,5879,5879,5879,5879,1238996491,3339919,,
2026-08-11,2339944792,1,1677,1677,1677,1677,27965471,158032,,
2026-08-11,2369077151,1,5756,5756,5756,5756,402943375,10823174,,
2026-08-11,2440500124,1,25244,25244,25244,25244,7570764658,8019016,,
2026-08-11,2491559356,1,1926,1926,1926,1926,81605638,169116,,
2026-08-11,2655478023,2,3244,3244,2940,3549,1012536209,3488575,,
2026-08-11,2821905072,1,3843,3843,3843,3843,262968071,5503349,,
2026-08-11,2827951974,1,934,934,934,934,810394141,681959,,
2026-08-11,2921237723,1,1226,1226,1226,1226,139925264,762167,,
2026-08-11,2992873140,1,15810,15810,15810,15810,1384324189,1007660,,
2026-08-11,3034836582,1,850,850,850,850,503285035,1914983,,
2026-08-11,3079618996,1,5548,5548,5548,5548,785968522,947824,,
2026-08-11,3088609243,1,2873,2873,2873,2873,737928339,603280,,
2026-08-11,3164075108,1,3227,3227,3227,3227,279271392,732348,,
2026-08-11,3187874989,1,4156,4156,4156,4156,168168363,230208,,
2026-08-11,3191268194,1,2813,2813,2813,2813,1354391194,5463030,,
2026-08-11,3274669156,1,1119,1119,1119,1119,68133645,660835,,
2026-08-11,3310460039,1,19264,19264,19264,19264,4593813575,105144189,,
2026-08-11,3346892457,1,1917,1917,1917,1917,440730050,176729,,
2026-08-11,3472976893,1,3439,3439,3439,3439,170766514,3036237,,
2026-08-11,3502524667,1,1745,1745,1745,1745,755914741,3682592,,
2026-08-11,3551414857,1,2330,2330,2330,2330,631194090,1321536,,
2026-08-11,3647333358,1,48464,48464,48464,48464,9012311411,8117135,,
2026-08-11,3746418487,1,4696,4696,4696,4696,319663668,386452,,
2026-08-11,3754482795,1,5404,5404,5404,5404,1265911544,4479121,,
2026-08-11,3759884822,1,3383,3383,3383,3383,130658178,111931,,
2026-08-11,3841172115,1,1969,1969,1969,1969,150279278,688544,,
2026-08-11,4028801234,1,1260,1260,1260,1260,234724771,12493944,,
2026-08-11,4071487712,1,804,804,804,804,28638655,119661,,
2026-08-11,4079077350,1,6683,6683,6683,6683,3690440,56211,,
2026-08-11,4283416256,1,828,828,828,828,21626793,128556,,
2026-08-11,4343544885,1,3875,3875,3875,3875,118284768,2652705,,
2026-08-11,4348829796,1,15953,15953,15953,15953,2623435896,11036508,,
2026-08-11,4509896324,1,2755,2755,2755,2755,1078564459,706882,,
2026-08-11,4518160318,1,6281,6281,6281,6281,636502194,1147063,,
2026-08-11,4599924264,1,3052,3052,3052,3052,713637936,279444,,
2026-08-11,4673599750,1,3299,3299,3299,3299,516325569,471973,,
2026-08-11,4720386144,1,2781,2781,2781,2781,116419541,587015,,
2026-08-11,4793836769,1,5353,5353,5353,5353,295735173,6257396,,
2026-08-11,4925331346,1,5211,5211,5211,5211,311621281,481953,,
2026-08-11,4944984948,1,5455,5455,5455,5455,261905186,131234,,
2026-08-11,5195168716,1,1981,1981,1981,1981,97653593,639133,,
2026-08-11,5361032378,1,49698,49698,49698,49698,2067937342,995592,,
2026-08-11,5508238359,1,7726,7726,7726,7726,92201021,1698313,,
2026-08-11,5578556129,1,23825,23825,23825,23825,2011943781,1979817,,
2026-08-11,5668114043,1,2183,2183,2183,2183,239746951,738107,,
2026-08-11,5750914919,1,48509,48509,48509,48509,4755970915,3563497,,
2026-08-11,6072944764,1,833,833,833,833,54147690,61503,,
2026-08-11,6247557414,1,700,700,700,700,197913879,2296148,,
2026-08-11,6329693946,1,5416,5416,5416,5416,80620679,227217,,
2026-08-11,6682487255,1,9508,9508,9508,9508,488572978,227564,,
2026-08-11,6749060816,1,8705,8705,8705,8705,257719516,1738341,,
2026-08-11,7018190066,1,19769,19769,19769,19769,6490385987,6048956,,
2026-08-11,7058980030,1,6167,6167,6167,6167,579761884,968654,,
2026-08-11,7082244450,1,1828,1828,1828,1828,39019024,163149,,
2026-08-11,7082423811,1,3959,3959,3959,3959,283247361,1563219,,
2026-08-11,7094518649,1,12929,12929,12929,12929,341936037,826137,,
2026-08-11,7128163167,1,2170,2170,2170,2170,73995364,124091,,
2026-08-11,7208219743,1,2153,2153,2153,2153,5693269,73874,,
2026-08-11,7219654364,1,60315,60315,60315,60315,1526558368,15061949,,
2026-08-11,7332711118,1,4214,4214,4214,4214,1869669787,2463441,,
2026-08-11,7368125255,1,4686,4686,4686,4686,,,,
2026-08-11,7383133134,1,1248,1248,1248,1248,105368801,780670,,
2026-08-11,7434179990,1,2963,2963,2963,2963,226635852,7946991,,
2026-08-11,7436755782,1,35741,35741,35741,35741,35826236273,11361891,,
2026-08-11,7613921865,1,144843,144843,144843,144843,607673543,184230,,
2026-08-11,7709344486,1,222219,222219,222219,222219,72426172185,28953517,,
2026-08-11,7719766419,1,737,737,737,737,31356114,266582,,
2026-08-11,7760134732,1,3140,3140,3140,3140,32172284,910941,,
2026-08-11,7798947148,1,2866,2866,2866,2866,143783409,305771,,
2026-08-11,7856039629,1,9050,9050,9050,9050,15079047,685879,,
2026-08-11,7891669427,1,2131,2131,2131,2131,36532519,860659,,
2026-08-11,8014099969,1,1731,1731,1731,1731,146144600,245196,,
2026-08-11,8152539587,1,3004,3004,3004,3004,97966205,10808001,,
2026-08-11,8291789996,1,3552,3552,3552,3552,,,,
2026-08-11,8316902627,1,6018,6018,6018,6018,4687209747,1981549,,
2026-08-11,8356066619,1,3638,3638,3638,3638,81621477,49456,,
2026-08-11,8401518398,1,3859,3859,3859,3859,83238446,64354,,
2026-08-11,8497987845,1,3585,3585,3585,3585,14957340,89401,,
2026-08-11,8504461817,1,2330,2330,2330,2330,,,,
2026-08-11,8539298853,1,8990,8990,8990,8990,1261109280,1731471,,
2026-08-11,8562618273,1,1053,1053,1053,1053,103834167,83848,,
2026-08-11,8696670616,1,2886,2886,2886,2886,,,,
2026-08-11,8759966530,1,2803,2803,2803,2803,118402340,393497,,
2026-08-11,8786713187,1,1124,1124,1124,1124,116701606,284514,,
2026-08-11,8791358380,1,10048,10048,10048,10048,424369651,12627283,,
2026-08-11,8950496606,1,3160,3160,3160,3160,172392304,436926,,
2026-08-11,8995269203,1,786,786,786,786,25344801,21823,,
2026-08-11,9073513091,1,2988,2988,2988,2988,126416715,161659,,
2026-08-11,9077534770,1,1369,1369,1369,1369,60278248,187233,,
2026-08-11,9098570654,1,17451,17451,17451,17451,225171029,362944,,
2026-08-11,9122463229,1,9014,9014,9014,9014,,,,
2026-08-11,9129640671,1,11028,11028,11028,11028,,,,
2026-08-11,9141743926,1,9209,9209,9209,9209,427597085,589027,,
2026-08-11,9145063979,1,6254,6254,6254,6254,542221576,543886,,
2026-08-11,9177208241,1,1778,1778,1778,1778,74891183,397220,,
2026-08-11,9219116196,1,3772,3772,3772,3772,92459697,248291,,
2026-08-11,9231693026,1,2948,2948,2948,2948,,,,
2026-08-11,9296042754,1,3954,3954,3954,3954,58100116,276897,,
2026-08-11,9315472782,1,754,754,754,754,23487199,136145,,
2026-08-11,9315739469,1,1479,1479,1479,1479,81800837,86029,,
2026-08-11,9348272796,1,30200,30200,30200,30200,679839810,625615,,
2026-08-11,9362896961,1,4653,4653,4653,4653,146535404,216381,,
2026-08-11,9363735110,1,6288,6288,6288,6288,5688408590,2036086,,
2026-08-11,9409870130,1,864,864,864,864,20632214,256528,,
2026-08-11,9411563986,1,909,909,909,909,84875956,147331,,
2026-08-11,9481391333,1,3549,3549,3549,3549,16748669,464576,,
2026-08-11,9494058490,1,12312,12312,12312,12312,,,,
2026-08-11,9513686983,1,3447,3447,3447,3447,414454369,13593420,,
2026-08-11,9526307912,2,2660,2660,2598,2721,92671709,158637,,
2026-08-11,9561553764,1,14583,14583,14583,14583,125232105,115872,,
2026-08-11,9584852943,1,196082,196082,196082,196082,4529452890,5341401,,
2026-08-11,9758688665,1,3155,3155,3155,3155,104962435,5395861,,
2026-08-11,9793308933,1,12295,12295,12295,12295,25072446,777163,,
2026-08-11,9859536675,1,2754,2754,2754,2754,,,,
2026-08-11,9889811676,1,10104,10104,10104,10104,12818112,121850,,
2026-08-11,9930466428,1,671,671,671,671,35480901,141262,,
2026-08-11,9940725596,1,859,859,859,859,32565799,42468,,
2026-08-11,9940812243,1,3733,3733,3733,3733,7446721,121055,,
2026-08-11,9948575164,1,2660,2660,2660,2660,39604761,210685,,
2026-08-11,9998576154,1,10557,10557,10557,10557,102638130,6502276,,
2026-08-11,10004244222,1,46115,46115,46115,46115,1642518119,24533874,,
2026-08-11,10037267577,1,3749,3749,3749,3749,5999032,171161,,
2026-08-11,10038413468,1,25578,25578,25578,25578,54030012,1724589,,
2026-08-11,10065013948,1,6798,6798,6798,6798,52664482,80264,,
2026-08-11,10083552936,1,734,734,734,734,9343527,411378,,
2026-08-11,10127090395,1,3841,3841,3841,3841,116897844,5237721,,
2026-08-11,10144280947,1,78315,78315,78315,78315,159451953,4796275,,
2026-08-11,10144587520,1,24140,24140,24140,24140,43005745,1266172,,
2026-08-11,10149910491,1,3660,3660,3660,3660,31761032,45184,,
2026-08-11,10149964044,1,6407,6407,6407,6407,,,,
2026-08-11,10153098880,1,9907,9907,9907,9907,17859297,148726,,
2026-08-11,10156435104,1,4239,4239,4239,4239,44784014,73102,,
2026-08-11,10184247393,1,16373,16373,16373,16373,68090237,1953081,,
2026-08-11,10189601764,1,2861,2861,2861,2861,29634552,34056,,
2026-08-11,10196660716,1,3259,3259,3259,3259,27262717,2000176,,
2026-08-11,10199301628,1,29763,29763,29763,29763,326599318,1696755,,
2026-08-11,10200395747,1,412649,412649,412649,412649,1596319901,652862,,
2026-08-11,10204207151,1,3966,3966,3966,3966,17140901,50060,,
2026-08-11,10214798872,1,5339,5339,5339,5339,18974686,207736,,
2026-08-11,10230921598,1,3517,3517,3517,3517,136143874,8855540,,
2026-08-11,10244001346,1,4868,4868,4868,4868,81524418,83791,,
2026-08-11,10247797619,1,4199,4199,4199,4199,49904088,150012,,
2026-08-11,10253235584,1,26538,26538,26538,26538,38629373,454664,,
2026-08-11,10272236945,1,3156,3156,3156,3156,19594524,28145,,
2026-08-11,10274447949,1,4195,4195,4195,4195,34466225,2500080,,
2026-08-11,10298144467,1,16872,16872,16872,16872,12261478,28744,,
2026-08-11,10314520237,1,11389,11389,11389,11389,,,,
2026-08-11,10321202755,1,11368,11368,11368,11368,38967639,384416,,
2026-08-11,10350558449,1,8057,8057,8057,8057,20545442,439640,,
2026-08-11,10356701370,1,10855,10855,10855,10855,69508867,335994,,
2026-08-11,10376944238,1,21195,21195,21195,21195,19409944,138284,,
2026-08-11,10395261977,1,3670,3670,3670,3670,4819252,33783,,
2026-08-11,10399136326,1,4595,4595,4595,4595,9829905,25546,,
2026-08-11,10406853972,1,3666,3666,3666,3666,15858444,1381294,,
2026-08-11,10409732219,1,16142,16142,16142,16142,46393582,3571294,,
2026-08-11,10426376134,1,13503,13503,13503,13503,,,,
2026-08-11,10437809977,1,3578,3578,3578,3578,10071927,22259,,
2026-08-11,10455462279,1,3752,3752,3752,3752,24379071,1170049,,
2026-08-11,10456832990,1,12445,12445,12445,12445,48226727,72662,,
2026-08-11,10471583973,1,11905,11905,11905,11905,3907153,29321,,
2026-08-11,10485597695,1,2905,2905,2905,2905,9906241,31171,,
2026-08-11,10502841145,1,19072,19072,19072,19072,41397540,57006,,
2026-08-11,10514488908,1,2647,2647,2647,2647,10075614,26495,,
2026-08-11,10516060568,1,4935,4935,4935,4935,,,,
2026-08-11,10528250136,1,5800,5800,5800,5800,6424401,496869,,
2026-08-12,31970568,1,6732,6732,6732,6732,1602531648,6072573,,
2026-08-12,66654135,1,1022185,1022185,1022185,1022185,28943885315,23412445,,
2026-08-12,605887098,1,3097,3097,3097,3097,2517326478,3703317,,
2026-08-12,903807016,1,4623,4623,4623,4623,1561232721,2825854,,
2026-08-12,1198533421,1,934,934,934,934,180097499,726146,,
2026-08-12,1214576306,1,3225,3225,3225,3225,1642245673,4293511,,
2026-08-12,1430007363,1,2736,2736,2736,2736,903127304,2328415,,
2026-08-12,1489026993,2,5628,5628,5367,5889,2662878734,4332626,,
2026-08-12,1526814825,1,9413,9413,9413,9413,1088958301,4323779,,
2026-08-12,1637284552,1,1016,1016,1016,1016,,,,
2026-08-12,1795206523,1,1194,1194,1194,1194,952712252,929892,,
2026-08-12,1831550657,1,29935,29935,29935,29935,2158589681,10881839,,
2026-08-12,1998835206,1,2116,2116,2116,2116,584834226,1170184,,
2026-08-12,2049551477,2,3236,3236,2926,3546,1466410873,1918641,,
2026-08-12,2165551367,1,1221,1221,1221,1221,669909652,2425299,,
2026-08-12,2247578975,2,2764,2764,2762,2765,1215000695,14932152,,
2026-08-12,2274830359,1,6904,6904,6904,6904,2975304938,2005180,,
2026-08-12,2294168059,1,4814,4814,4814,4814,1239451877,3341577,,
2026-08-12,2339944792,1,1095,1095,1095,1095,28164372,158752,,
2026-08-12,2369077151,1,6145,6145,6145,6145,403539482,10833180,,
2026-08-12,2440500124,1,22574,22574,22574,22574,7573486042,8022943,,
2026-08-12,2491559356,1,1761,1761,1761,1761,81769237,169468,,
2026-08-12,2655478023,2,2858,2858,2730,2987,1013021458,3489130,,
2026-08-12,2788648141,1,2876,2876,2876,2876,998522577,2070100,,
2026-08-12,2821905072,1,4913,4913,4913,4913,263405171,5511851,,
2026-08-12,2827951974,1,840,840,840,840,810516954,682163,,
2026-08-12,2921237723,1,939,939,939,939,140051199,762544,,
2026-08-12,2992873140,1,15941,15941,15941,15941,1385546599,1008238,,
2026-08-12,3034836582,1,817,817,817,817,503383469,1915162,,
2026-08-12,3079618996,1,6166,6166,6166,6166,786483584,951284,,
2026-08-12,3088609243,1,2721,2721,2721,2721,738343941,603813,,
2026-08-12,3164075108,1,2843,2843,2843,2843,279472909,732747,,
2026-08-12,3187874989,1,3430,3430,3430,3430,168525510,230564,,
2026-08-12,3191268194,1,3137,3137,3137,3137,1354651861,5466510,,
2026-08-12,3274669156,1,1433,1433,1433,1433,68207724,661542,,
2026-08-12,3310460039,1,18631,18631,18631,18631,4596183015,105145636,,
2026-08-12,3346892457,1,2022,2022,2022,2022,441001966,177127,,
2026-08-12,3472976893,1,3475,3475,3475,3475,171289091,3051549,,
2026-08-12,3502524667,1,1475,1475,1475,1475,756174675,3682898,,
2026-08-12,3551414857,1,1936,1936,1936,1936,631385891,1321879,,
2026-08-12,3647333358,1,45222,45222,45222,45222,9017942249,8121365,,
2026-08-12,3746418487,1,3443,3443,3443,3443,320147841,387229,,
2026-08-12,3754482795,1,5510,5510,5510,5510,1266534370,4481534,,
2026-08-12,3759884822,1,4007,4007,4007,4007,130875310,112221,,
2026-08-12,3841172115,1,1536,1536,1536,1536,150470014,689126,,
2026-08-12,3887521769,1,2804,2804,2804,2804,138569151,8631763,,
2026-08-12,4028801234,1,1278,1278,1278,1278,234868043,12502670,,
2026-08-12,4071487712,1,719,719,719,719,28688171,119804,,
2026-08-12,4079077350,1,6694,6694,6694,6694,3889745,57147,,
2026-08-12,4283416256,1,712,712,712,712,21682714,128749,,
2026-08-12,4343544885,1,4016,4016,4016,4016,118606048,2657739,,
2026-08-12,4348829796,1,13902,13902,13902,13902,2625409372,11047509,,
2026-08-12,4457060041,1,2741,2741,2741,2741,,,,
2026-08-12,4509896324,1,2746,2746,2746,2746,,,,
2026-08-12,4518160318,1,6089,6089,6089,6089,636921537,1148119,,
2026-08-12,4599924264,1,2899,2899,2899,2899,714132505,279878,,
2026-08-12,4673599750,1,3181,3181,3181,3181,517204301,472796,,
2026-08-12,4720386144,1,2109,2109,2109,2109,116614311,587885,,
2026-08-12,4793836769,1,4785,4785,4785,4785,296123022,6264575,,
2026-08-12,4925331346,1,5411,5411,5411,5411,312050648,482732,,
2026-08-12,4944984948,1,5064,5064,5064,5064,262757474,132082,,
2026-08-12,5195168716,1,1314,1314,1314,1314,97796999,639833,,
2026-08-12,5361032378,1,49795,49795,49795,49795,2070770611,996305,,
2026-08-12,5508238359,1,6022,6022,6022,6022,92771891,1706052,,
2026-08-12,5578556129,1,20728,20728,20728,20728,2013005539,1980886,,
2026-08-12,5668114043,1,1710,1710,1710,1710,239957473,738582,,
2026-08-12,5750914919,1,48874,48874,48874,48874,4758474227,3564593,,
2026-08-12,5956634861,1,773,773,773,773,151067029,589018,,
2026-08-12,6072944764,1,757,757,757,757,54219078,61656,,
2026-08-12,6329693946,1,4903,4903,4903,4903,80904514,227627,,
2026-08-12,6682487255,1,9284,9284,9284,9284,489434829,227608,,
2026-08-12,6749060816,1,7413,7413,7413,7413,258372900,1742648,,
2026-08-12,7018190066,1,17793,17793,17793,17793,6492064979,6050180,,
2026-08-12,7058980030,1,5813,5813,5813,5813,580685250,970321,,
2026-08-12,7082244450,1,1468,1468,1468,1468,39336107,164078,,
2026-08-12,7082423811,1,5411,5411,5411,5411,283646308,1563748,,
2026-08-12,7094518649,1,12095,12095,12095,12095,342609484,827544,,
2026-08-12,7127084123,1,2710,2710,2710,2710,148162306,315974,,
2026-08-12,7128163167,1,1781,1781,1781,1781,74177472,124434,,
2026-08-12,7208219743,1,1555,1555,1555,1555,5864805,75224,,
2026-08-12,7219654364,1,56913,56913,56913,56913,1532715989,15091606,,
2026-08-12,7332711118,1,4129,4129,4129,4129,1870217333,2463993,,
2026-08-12,7368125255,1,4686,4686,4686,4686,,,,
2026-08-12,7383133134,1,1709,1709,1709,1709,105573461,782319,,
2026-08-12,7434179990,1,3225,3225,3225,3225,226894268,7953756,,
2026-08-12,7436755782,1,34266,34266,34266,34266,35828741797,11363101,,
2026-08-12,7613921865,1,114346,114346,114346,114346,625173154,187221,,
2026-08-12,7709344486,1,204573,204573,204573,204573,72472565447,28968258,,
2026-08-12,7719766419,1,952,952,952,952,31445316,266977,,
2026-08-12,7720654467,1,2754,2754,2754,2754,79073103,218845,,
2026-08-12,7760134732,1,3256,3256,3256,3256,32465733,919241,,
2026-08-12,7856039629,1,7103,7103,7103,7103,15972252,719453,,
2026-08-12,7891669427,1,1805,1805,1805,1805,36700050,862975,,
2026-08-12,8014099969,1,1697,1697,1697,1697,146338509,245494,,
2026-08-12,8152539587,1,4845,4845,4845,4845,98515518,10854251,,
2026-08-12,8291789996,1,3552,3552,3552,3552,,,,
2026-08-12,8316902627,1,5286,5286,5286,5286,4687835651,1981927,,
2026-08-12,8356066619,1,3574,3574,3574,3574,81733813,49502,,
2026-08-12,8401518398,1,4585,4585,4585,4585,83861020,65127,,
2026-08-12,8497987845,1,3583,3583,3583,3583,15237288,92016,,
2026-08-12,8504461817,1,2330,2330,2330,2330,,,,
2026-08-12,8539298853,1,6578,6578,6578,6578,1261859638,1732846,,
2026-08-12,8562618273,1,864,864,864,864,103931199,83915,,
2026-08-12,8696670616,1,2886,2886,2886,2886,,,,
2026-08-12,8705454731,1,3195,3195,3195,3195,75596795,518913,,
2026-08-12,8759966530,1,2042,2042,2042,2042,118687835,394102,,
2026-08-12,8786713187,1,929,929,929,929,116792382,284701,,
2026-08-12,8791358380,1,8665,8665,8665,8665,425309489,12655343,,
2026-08-12,8950496606,1,2823,2823,2823,2823,172630770,437619,,
2026-08-12,8995269203,1,753,753,753,753,25508885,21972,,
2026-08-12,9073513091,1,3087,3087,3087,3087,126755624,161991,,
2026-08-12,9077534770,1,1182,1182,1182,1182,60414786,187667,,
2026-08-12,9098570654,1,18511,18511,18511,18511,226298176,366311,,
2026-08-12,9122463229,1,9014,9014,9014,9014,,,,
2026-08-12,9129640671,1,11028,11028,11028,11028,,,,
2026-08-12,9141743926,1,8445,8445,8445,8445,428513617,589435,,
2026-08-12,9145063979,1,6100,6100,6100,6100,542957401,544935,,
2026-08-12,9177208241,1,1496,1496,1496,1496,75078860,397816,,
2026-08-12,9219116196,1,2883,2883,2883,2883,92753187,249350,,
2026-08-12,9231693026,1,2948,2948,2948,2948,,,,
2026-08-12,9296042754,1,4265,4265,4265,4265,58504775,278715,,
2026-08-12,9315472782,1,763,763,763,763,23574309,136561,,
2026-08-12,9315739469,1,1294,1294,1294,1294,81990663,86316,,
2026-08-12,9348272796,1,27077,27077,27077,27077,682719486,628424,,
2026-08-12,9362896961,1,4543,4543,4543,4543,146789947,216586,,
2026-08-12,9363735110,1,6753,6753,6753,6753,5689109857,2036600,,
2026-08-12,9409870130,1,702,702,702,702,20708515,257358,,
2026-08-12,9411563986,1,799,799,799,799,85002198,147548,,
2026-08-12,9481391333,1,2938,2938,2938,2938,17109610,471965,,
2026-08-12,9494058490,1,12312,12312,12312,12312,,,,
2026-08-12,9513686983,1,3078,3078,3078,3078,414911346,13610235,,
2026-08-12,9526307912,1,2749,2749,2749,2749,92967512,159142,,
2026-08-12,9561553764,1,11992,11992,11992,11992,127288500,117465,,
2026-08-12,9584852943,1,205258,205258,205258,205258,4570522665,5380293,,
2026-08-12,9758688665,1,6863,6863,6863,6863,105486647,5431522,,
2026-08-12,9793308933,1,10587,10587,10587,10587,26180598,798743,,
2026-08-12,9830725726,1,3658,3658,3658,3658,38281037,39556,,
2026-08-12,9859536675,1,2754,2754,2754,2754,,,,
2026-08-12,9889811676,1,7879,7879,7879,7879,13663130,127045,,
2026-08-12,9930466428,1,840,840,840,840,35593506,141903,,
2026-08-12,9940725596,1,586,586,586,586,32698544,42698,,
2026-08-12,9940812243,1,3894,3894,3894,3894,7620617,121692,,
2026-08-12,9998576154,1,11427,11427,11427,11427,103656536,6561357,,
2026-08-12,10004244222,1,43073,43073,43073,43073,1647888490,24582044,,
2026-08-12,10037267577,2,2968,2968,2773,3162,6439089,172561,,
2026-08-12,10038413468,1,21582,21582,21582,21582,56402075,1780008,,
2026-08-12,10065013948,1,5661,5661,5661,5661,53310180,81342,,
2026-08-12,10083552936,1,743,743,743,743,9435260,416102,,
2026-08-12,10127090395,1,3056,3056,3056,3056,117717881,5258756,,
2026-08-12,10144280947,1,80589,80589,80589,80589,170720184,5042791,,
2026-08-12,10144587520,1,25982,25982,25982,25982,44036088,1285211,,
2026-08-12,10149910491,1,3124,3124,3124,3124,32046242,45567,,
2026-08-12,10149964044,1,6407,6407,6407,6407,,,,
2026-08-12,10153098880,1,9197,9197,9197,9197,18522887,152978,,
2026-08-12,10156435104,1,4858,4858,4858,4858,45198378,73632,,
2026-08-12,10184247393,1,12164,12164,12164,12164,69489574,1980445,,
2026-08-12,10196660716,1,3898,3898,3898,3898,27732193,2034362,,
2026-08-12,10199301628,1,28932,28932,28932,28932,329909281,1708765,,
2026-08-12,10200395747,1,408185,408185,408185,408185,1600708943,651780,,
2026-08-12,10204207151,1,3297,3297,3297,3297,17504645,50881,,
2026-08-12,10214798872,1,4647,4647,4647,4647,19402323,208246,,
2026-08-12,10230921598,1,2784,2784,2784,2784,136545745,8877074,,
2026-08-12,10244001346,1,5300,5300,5300,5300,82492248,85049,,
2026-08-12,10247797619,1,3847,3847,3847,3847,50368936,151116,,
2026-08-12,10253235584,1,23848,23848,23848,23848,40002898,465736,,
2026-08-12,10272236945,1,4095,4095,4095,4095,20079540,28891,,
2026-08-12,10274447949,1,3733,3733,3733,3733,35076282,2541443,,
2026-08-12,10298144467,1,15877,15877,15877,15877,13113182,29231,,
2026-08-12,10314520237,1,11389,11389,11389,11389,,,,
2026-08-12,10321202755,1,10257,10257,10257,10257,39279368,386024,,
2026-08-12,10338952197,1,45801,45801,45801,45801,6268624,825574,,
2026-08-12,10350558449,1,5644,5644,5644,5644,21182807,450889,,
2026-08-12,10356701370,1,9020,9020,9020,9020,71197063,340066,,
2026-08-12,10376944238,1,17200,17200,17200,17200,21387108,150394,,
2026-08-12,10395261977,1,2881,2881,2881,2881,5173478,35371,,
2026-08-12,10399136326,1,6494,6494,6494,6494,10494893,26929,,
2026-08-12,10406853972,1,2723,2723,2723,2723,16187563,1402318,,
2026-08-12,10409732219,1,14771,14771,14771,14771,49169594,3745631,,
2026-08-12,10426376134,1,13503,13503,13503,13503,,,,
2026-08-12,10455462279,1,4231,4231,4231,4231,24884468,1193246,,
2026-08-12,10456832990,1,9605,9605,9605,9605,49338869,74248,,
2026-08-12,10471583973,1,15470,15470,15470,15470,4943710,33003,,
2026-08-12,10485597695,1,2746,2746,2746,2746,10686361,33144,,
2026-08-12,10490115057,1,4819,4819,4819,4819,8914116,80615,,
2026-08-12,10502841145,1,21198,21198,21198,21198,42726865,59198,,
2026-08-12,10514488908,1,1970,1970,1970,1970,10352969,27041,,
2026-08-12,10516060568,1,4935,4935,4935,4935,,,,
2026-08-12,10528250136,1,4910,4910,4910,4910,7412155,564720,,
2026-08-13,31970568,1,6317,6317,6317,6317,1602949790,6073149,,
2026-08-13,66654135,1,1137693,1137693,1137693,1137693,29018877161,23438230,,
2026-08-13,605887098,1,2846,2846,2846,2846,2517629789,3703857,,
2026-08-13,903807016,1,4384,4384,4384,4384,1561861862,2826274,,
2026-08-13,1198533421,1,2782,2782,2782,2782,180183853,726250,,
2026-08-13,1214576306,1,3104,3104,3104,3104,1642453499,4293807,,
2026-08-13,1430007363,1,2790,2790,2790,2790,903457502,2330303,,
2026-08-13,1489026993,2,5608,5608,5559,5658,2663431781,4333285,,
2026-08-13,1526814825,1,8737,8737,8737,8737,1089702147,4325161,,
2026-08-13,1637284552,1,1016,1016,1016,1016,,,,
2026-08-13,1795206523,1,1348,1348,1348,1348,952951515,930029,,
2026-08-13,1831550657,1,28334,28334,28334,28334,2160146042,10887952,,
2026-08-13,1998835206,1,2318,2318,2318,2318,585009455,1170332,,
2026-08-13,2049551477,2,3424,3424,2892,3957,1466879913,1919277,,
2026-08-13,2165551367,1,1364,1364,1364,1364,670107171,2425933,,
2026-08-13,2247578975,2,3037,3037,2752,3322,1215391451,14932469,,
2026-08-13,2274830359,1,6973,6973,6973,6973,2976295878,2006208,,
2026-08-13,2294168059,1,5195,5195,5195,5195,1239882129,3343006,,
2026-08-13,2339944792,1,1237,1237,1237,1237,28326374,159334,,
2026-08-13,2369077151,1,6303,6303,6303,6303,404111173,10842862,,
2026-08-13,2440500124,1,24209,24209,24209,24209,7576169976,8026237,,
2026-08-13,2491559356,1,1780,1780,1780,1780,81918188,169743,,
2026-08-13,2655478023,2,2954,2954,2753,3155,1013484741,3489678,,
2026-08-13,2788648141,1,2702,2702,2702,2702,998747547,2072533,,
2026-08-13,2821905072,1,4844,4844,4844,4844,263832436,5519348,,
2026-08-13,2827951974,1,894,894,894,894,810640104,682347,,
2026-08-13,2921237723,1,780,780,780,780,140167172,762852,,
2026-08-13,2992873140,1,15086,15086,15086,15086,1386688141,1008798,,
2026-08-13,3034836582,1,1190,1190,1190,1190,503487441,1915348,,
2026-08-13,3079618996,1,5911,5911,5911,5911,787048080,955266,,
2026-08-13,3187874989,1,3662,3662,3662,3662,168849616,230870,,
2026-08-13,3191268194,1,3159,3159,3159,3159,1354910717,5469934,,
2026-08-13,3274669156,1,1729,1729,1729,1729,68286811,662052,,
2026-08-13,3310460039,1,17904,17904,17904,17904,4598432806,105146892,,
2026-08-13,3346892457,1,2212,2212,2212,2212,441286971,177534,,
2026-08-13,3472976893,1,3536,3536,3536,3536,171836466,3067932,,
2026-08-13,3502524667,1,1510,1510,1510,1510,756430423,3683163,,
2026-08-13,3551414857,1,1855,1855,1855,1855,631564116,1322174,,
2026-08-13,3647333358,1,46143,46143,46143,46143,9023237408,8125555,,
2026-08-13,3746418487,1,3323,3323,3323,3323,320485296,387781,,
2026-08-13,3754482795,1,5683,5683,5683,5683,1267157692,4483987,,
2026-08-13,3759884822,1,4173,4173,4173,4173,131128054,112586,,
2026-08-13,3841172115,1,1573,1573,1573,1573,150640397,689632,,
2026-08-13,4028801234,1,1429,1429,1429,1429,235025590,12511719,,
2026-08-13,4071487712,1,765,765,765,765,28735014,119945,,
2026-08-13,4079077350,1,6165,6165,6165,6165,4084014,58263,,
2026-08-13,4283416256,1,763,763,763,763,21738233,128991,,
2026-08-13,4343544885,1,3768,3768,3768,3768,118907378,2662255,,
2026-08-13,4348829796,1,15081,15081,15081,15081,2627424182,11058534,,
2026-08-13,4518160318,1,5766,5766,5766,5766,637300485,1149001,,
2026-08-13,4673599750,1,3232,3232,3232,3232,518060780,473626,,
2026-08-13,4720386144,1,2233,2233,2233,2233,116792441,588579,,
2026-08-13,4793836769,1,4958,4958,4958,4958,296496619,6271618,,
2026-08-13,4925331346,1,5210,5210,5210,5210,312477694,483607,,
2026-08-13,4944984948,1,4959,4959,4959,4959,263565108,132854,,
2026-08-13,5195168716,1,2153,2153,2153,2153,97929765,640426,,
2026-08-13,5361032378,1,49187,49187,49187,49187,2073545147,997010,,
2026-08-13,5508238359,1,6937,6937,6937,6937,93278223,1711881,,
2026-08-13,5578556129,1,18382,18382,18382,18382,2013870582,1981494,,
2026-08-13,5668114043,1,1842,1842,1842,1842,240148478,738990,,
2026-08-13,5750914919,1,45704,45704,45704,45704,4760823363,3565802,,
2026-08-13,5927446137,1,753,753,753,753,45026346,587470,,
2026-08-13,5956634861,1,649,649,649,649,151151914,589235,,
2026-08-13,6072944764,1,735,735,735,735,54286469,61824,,
2026-08-13,6314664695,1,682,682,682,682,60880421,2847649,,
2026-08-13,6329693946,1,4881,4881,4881,4881,81161534,228040,,
2026-08-13,6647992437,1,691,691,691,691,89726448,32854,,
2026-08-13,6682487255,1,8909,8909,8909,8909,490261140,227704,,
2026-08-13,6749060816,1,8116,8116,8116,8116,258979806,1746312,,
2026-08-13,7018190066,1,19081,19081,19081,19081,6493706529,6051455,,
2026-08-13,7058980030,1,5981,5981,5981,5981,581542543,971955,,
2026-08-13,7082244450,1,1613,1613,1613,1613,39633890,164984,,
2026-08-13,7082423811,1,5883,5883,5883,5883,284110857,1564381,,
2026-08-13,7094518649,1,11554,11554,11554,11554,343233564,828980,,
2026-08-13,7128163167,1,2111,2111,2111,2111,74355986,124769,,
2026-08-13,7208219743,1,1910,1910,1910,1910,6021710,76372,,
2026-08-13,7219654364,1,60350,60350,60350,60350,1538761368,15117878,,
2026-08-13,7332711118,1,3636,3636,3636,3636,1870606321,2464404,,
2026-08-13,7368125255,1,4686,4686,4686,4686,,,,
2026-08-13,7383133134,1,1817,1817,1817,1817,105831797,784496,,
2026-08-13,7434179990,1,3503,3503,3503,3503,227201317,7962349,,
2026-08-13,7436755782,1,33920,33920,33920,33920,35831141905,11364428,,
2026-08-13,7613921865,1,99396,99396,99396,99396,639523245,189352,,
2026-08-13,7709344486,1,190947,190947,190947,190947,72506756623,28979513,,
2026-08-13,7719766419,1,785,785,785,785,31564665,267759,,
2026-08-13,7760134732,1,3587,3587,3587,3587,32782187,928694,,
2026-08-13,7856039629,1,7684,7684,7684,7684,16803286,748894,,
2026-08-13,7891669427,1,2160,2160,2160,2160,36865963,865013,,
2026-08-13,8014099969,1,1638,1638,1638,1638,146529377,245757,,
2026-08-13,8152539587,1,4250,4250,4250,4250,99293271,10922801,,
2026-08-13,8291789996,1,3552,3552,3552,3552,,,,
2026-08-13,8316902627,1,4897,4897,4897,4897,4688436646,1982357,,
2026-08-13,8356066619,1,3183,3183,3183,3183,81827746,49579,,
2026-08-13,8401518398,1,4691,4691,4691,4691,84517472,65951,,
2026-08-13,8497987845,1,3625,3625,3625,3625,15491727,94074,,
2026-08-13,8539298853,1,7011,7011,7011,7011,1262567688,1734151,,
2026-08-13,8562618273,1,1239,1239,1239,1239,104030484,84067,,
2026-08-13,8696670616,1,2886,2886,2886,2886,,,,
2026-08-13,8705454731,1,3688,3688,3688,3688,76034062,519829,,
2026-08-13,8759966530,1,2241,2241,2241,2241,118941491,394657,,
2026-08-13,8786713187,1,859,859,859,859,116873733,284851,,
2026-08-13,8791358380,1,8439,8439,8439,8439,426145938,12677861,,
2026-08-13,8950496606,1,2805,2805,2805,2805,172855637,438170,,
2026-08-13,8995269203,1,813,813,813,813,25677274,22157,,
2026-08-13,9073513091,1,2665,2665,2665,2665,127090785,162392,,
2026-08-13,9077534770,1,1308,1308,1308,1308,60561696,188102,,
2026-08-13,9098570654,1,18680,18680,18680,18680,227433613,369844,,
2026-08-13,9122463229,1,9014,9014,9014,9014,,,,
2026-08-13,9129640671,1,11028,11028,11028,11028,,,,
2026-08-13,9141743926,1,8142,8142,8142,8142,429379525,589884,,
2026-08-13,9145063979,1,6606,6606,6606,6606,543717483,546051,,
2026-08-13,9177208241,1,1610,1610,1610,1610,75251061,398373,,
2026-08-13,9219116196,1,3300,3300,3300,3300,93060612,250533,,
2026-08-13,9231693026,1,2948,2948,2948,2948,,,,
2026-08-13,9296042754,1,4099,4099,4099,4099,58888121,280363,,
2026-08-13,9315472782,1,826,826,826,826,23683926,137228,,
2026-08-13,9315739469,1,1603,1603,1603,1603,82177214,86593,,
2026-08-13,9348272796,1,23996,23996,23996,23996,684980855,630370,,
2026-08-13,9362896961,1,4701,4701,4701,4701,147052448,216752,,
2026-08-13,9363735110,1,6615,6615,6615,6615,5690020897,2037209,,
2026-08-13,9409870130,1,744,744,744,744,20786576,258202,,
2026-08-13,9411563986,1,816,816,816,816,85117046,147707,,
2026-08-13,9481391333,1,3325,3325,3325,3325,17448228,478456,,
2026-08-13,9494058490,1,12312,12312,12312,12312,,,,
2026-08-13,9513686983,1,2938,2938,2938,2938,415327934,13624837,,
2026-08-13,9526307912,1,3770,3770,3770,3770,93340197,159838,,
2026-08-13,9561553764,1,14477,14477,14477,14477,129256629,119084,,
2026-08-13,9584852943,1,229014,229014,229014,229014,4623842694,5424539,,
2026-08-13,9758688665,1,6624,6624,6624,6624,106106317,5474513,,
2026-08-13,9793308933,1,10000,10000,10000,10000,27150367,816378,,
2026-08-13,9830725726,1,3682,3682,3682,3682,38860416,40265,,
2026-08-13,9859536675,1,2754,2754,2754,2754,,,,
2026-08-13,9889811676,1,7166,7166,7166,7166,14388735,130998,,
2026-08-13,9930466428,1,977,977,977,977,,,,
2026-08-13,9940725596,1,638,638,638,638,32813173,42882,,
2026-08-13,9940812243,1,3742,3742,3742,3742,7784113,122745,,
2026-08-13,9998576154,1,10744,10744,10744,10744,104693353,6623892,,
2026-08-13,10004244222,1,54647,54647,54647,54647,1653240744,24626560,,
2026-08-13,10037267577,2,2854,2854,2822,2887,6868542,173981,,
2026-08-13,10038413468,1,25126,25126,25126,25126,58581479,1834807,,
2026-08-13,10065013948,1,5414,5414,5414,5414,53925443,82487,,
2026-08-13,10083552936,1,771,771,771,771,9531316,420647,,
2026-08-13,10127090395,1,3027,3027,3027,3027,118380840,5274894,,
2026-08-13,10144280947,1,80852,80852,80852,80852,181853212,5257997,,
2026-08-13,10144587520,1,23409,23409,23409,23409,45180989,1303465,,
2026-08-13,10149910491,1,2915,2915,2915,2915,32302054,45919,,
2026-08-13,10149964044,1,6407,6407,6407,6407,,,,
2026-08-13,10153098880,1,9077,9077,9077,9077,19139662,156801,,
2026-08-13,10156435104,1,4832,4832,4832,4832,45672879,74298,,
2026-08-13,10184247393,1,10426,10426,10426,10426,70564769,1998791,,
2026-08-13,10196660716,1,3305,3305,3305,3305,28204713,2061281,,
2026-08-13,10199301628,1,26532,26532,26532,26532,332845879,1718353,,
2026-08-13,10200395747,1,454479,454479,454479,454479,1604852945,652850,,
2026-08-13,10204207151,1,2904,2904,2904,2904,17804080,51562,,
2026-08-13,10214798872,1,4120,4120,4120,4120,19746614,208640,,
2026-08-13,10244001346,1,4907,4907,4907,4907,83297689,85993,,
2026-08-13,10247797619,1,3726,3726,3726,3726,50768401,152113,,
2026-08-13,10253235584,1,22514,22514,22514,22514,41266414,476483,,
2026-08-13,10272236945,1,4204,4204,4204,4204,20606791,29850,,
2026-08-13,10274447949,1,3304,3304,3304,3304,35534434,2566959,,
2026-08-13,10298144467,1,14140,14140,14140,14140,13885923,29725,,
2026-08-13,10314520237,1,11389,11389,11389,11389,,,,
2026-08-13,10321202755,1,9226,9226,9226,9226,39562386,387858,,
2026-08-13,10338952197,1,50008,50008,50008,50008,9174676,1154326,,
2026-08-13,10350558449,1,4994,4994,4994,4994,21673283,459297,,
2026-08-13,10356701370,1,8198,8198,8198,8198,72672936,343470,,
2026-08-13,10376944238,1,18829,18829,18829,18829,23252300,161615,,
2026-08-13,10399136326,1,6260,6260,6260,6260,11228082,28291,,
2026-08-13,10409732219,1,14009,14009,14009,14009,51367613,3867822,,
2026-08-13,10426376134,1,13503,13503,13503,13503,,,,
2026-08-13,10455462279,1,4418,4418,4418,4418,25363260,1213778,,
2026-08-13,10456832990,1,9912,9912,9912,9912,50234536,75591,,
2026-08-13,10471583973,1,14947,14947,14947,14947,6103099,37182,,
2026-08-13,10481060526,1,2816,2816,2816,2816,1244592,4765,,
2026-08-13,10490115057,1,4099,4099,4099,4099,9849821,82364,,
2026-08-13,10502841145,1,20085,20085,20085,20085,43982790,61258,,
2026-08-13,10514488908,1,2113,2113,2113,2113,10614418,27571,,
2026-08-13,10516060568,1,4935,4935,4935,4935,,,,
2026-08-13,10528250136,1,4689,4689,4689,4689,8137946,610326,,
2026-08-14,31970568,1,6579,6579,6579,6579,1603370468,6073797,,
2026-08-14,66654135,1,1156418,1156418,1156418,1156418,29095588849,23462422,,
2026-08-14,605887098,1,2764,2764,2764,2764,2517915435,3704375,,
2026-08-14,903807016,1,4230,4230,4230,4230,1562486531,2826700,,
2026-08-14,1198533421,1,1856,1856,1856,1856,180315496,726433,,
2026-08-14,1214576306,1,3244,3244,3244,3244,1642664914,4294137,,
2026-08-14,1430007363,1,3313,3313,3313,3313,903815986,2332400,,
2026-08-14,1489026993,2,6185,6185,6146,6224,2664051565,4334144,,
2026-08-14,1526814825,1,8683,8683,8683,8683,1090431865,4326827,,
2026-08-14,1637284552,1,1016,1016,1016,1016,,,,
2026-08-14,1795206523,1,1284,1284,1284,1284,953199217,930151,,
2026-08-14,1831550657,1,28162,28162,28162,28162,2161714414,10894410,,
2026-08-14,1998835206,1,2383,2383,2383,2383,585190272,1170488,,
2026-08-14,2049551477,2,3672,3672,3218,4125,1467391147,1919966,,
2026-08-14,2165551367,1,1268,1268,1268,1268,670311874,2426573,,
2026-08-14,2247578975,2,3624,3624,3258,3989,1215874466,14932872,,
2026-08-14,2274830359,1,6124,6124,6124,6124,2977244039,2007173,,
2026-08-14,2294168059,1,6754,6754,6754,6754,1240368063,3344741,,
2026-08-14,2339944792,1,1281,1281,1281,1281,28510342,160075,,
2026-08-14,2369077151,1,5626,5626,5626,5626,404666908,10851854,,
2026-08-14,2440500124,1,25156,25156,25156,25156,7578883035,8029306,,
2026-08-14,2491559356,1,2600,2600,2600,2600,82126883,170124,,
2026-08-14,2655478023,2,3291,3291,3040,3542,1013985856,3490298,,
2026-08-14,2788648141,1,2663,2663,2663,2663,998962940,2074829,,
2026-08-14,2821905072,1,5754,5754,5754,5754,264297288,5528205,,
2026-08-14,2827951974,1,1019,1019,1019,1019,810765762,682555,,
2026-08-14,2921237723,1,1223,1223,1223,1223,140297293,763235,,
2026-08-14,2992873140,1,14546,14546,14546,14546,1387840867,1009405,,
2026-08-14,3034836582,1,724,724,724,724,503576348,1915494,,
2026-08-14,3079618996,1,5332,5332,5332,5332,787574833,958929,,
2026-08-14,3164075108,1,2702,2702,2702,2702,279848382,733402,,
2026-08-14,3187874989,1,4008,4008,4008,4008,169222027,231251,,
2026-08-14,3191268194,1,2934,2934,2934,2934,1355166563,5473135,,
2026-08-14,3274669156,1,1482,1482,1482,1482,68363171,662491,,
2026-08-14,3310460039,1,18199,18199,18199,18199,4600789946,105148422,,
2026-08-14,3346892457,1,1952,1952,1952,1952,441552851,177906,,
2026-08-14,3472976893,1,4034,4034,4034,4034,172449893,3085516,,
2026-08-14,3502524667,1,1588,1588,1588,1588,756692820,3683440,,
2026-08-14,3551414857,1,2388,2388,2388,2388,631777990,1322510,,
2026-08-14,3647333358,1,47101,47101,47101,47101,9028734021,8129578,,
2026-08-14,3746418487,1,3171,3171,3171,3171,320829548,388307,,
2026-08-14,3754482795,1,5599,5599,5599,5599,1267787337,4486434,,
2026-08-14,3759884822,1,3007,3007,3007,3007,131350759,112894,,
2026-08-14,3841172115,1,1681,1681,1681,1681,150820712,690134,,
2026-08-14,4028801234,1,1266,1266,1266,1266,235170997,12520203,,
2026-08-14,4071487712,1,831,831,831,831,28784911,120118,,
2026-08-14,4079077350,1,6101,6101,6101,6101,4277797,59274,,
2026-08-14,4283416256,1,748,748,748,748,21793109,129188,,
2026-08-14,4343544885,1,3920,3920,3920,3920,119203991,2666439,,
2026-08-14,4348829796,1,15327,15327,15327,15327,2629554980,11070703,,
2026-08-14,4509896324,1,2797,2797,2797,2797,1079132360,706649,,
2026-08-14,4518160318,1,5653,5653,5653,5653,637679209,1149941,,
2026-08-14,4673599750,1,3459,3459,3459,3459,518935461,474518,,
2026-08-14,4720386144,1,2343,2343,2343,2343,116971039,589128,,
2026-08-14,4793836769,1,5378,5378,5378,5378,296906803,6280302,,
2026-08-14,4925331346,1,5302,5302,5302,5302,312917319,484599,,
2026-08-14,4944984948,1,4866,4866,4866,4866,264393179,133691,,
2026-08-14,5195168716,1,1688,1688,1688,1688,98074751,641125,,
2026-08-14,5361032378,1,48969,48969,48969,48969,2076089367,997801,,
2026-08-14,5508238359,1,8166,8166,8166,8166,93917768,1722927,,
2026-08-14,5578556129,1,16793,16793,16793,16793,2014651461,1982189,,
2026-08-14,5668114043,1,2053,2053,2053,2053,240390721,739556,,
2026-08-14,5750914919,1,46646,46646,46646,46646,4763177851,3566325,,
2026-08-14,5927446137,1,717,717,717,717,45087257,588083,,
2026-08-14,6072944764,1,917,917,917,917,54360241,61984,,
2026-08-14,6247557414,1,690,690,690,690,198178469,2299576,,
2026-08-14,6329693946,1,4758,4758,4758,4758,81410059,228407,,
2026-08-14,6682487255,1,9116,9116,9116,9116,491076342,227891,,
2026-08-14,6749060816,1,8311,8311,8311,8311,259646777,1751187,,
2026-08-14,7018190066,1,20903,20903,20903,20903,6495497682,6052918,,
2026-08-14,7058980030,1,6176,6176,6176,6176,582465908,973617,,
2026-08-14,7082244450,1,1170,1170,1170,1170,39913371,165761,,
2026-08-14,7082423811,1,4987,4987,4987,4987,284574962,1565016,,
2026-08-14,7094518649,1,11904,11904,11904,11904,343878658,830451,,
2026-08-14,7113705633,1,2007,2007,2007,2007,18156948,432444,,
2026-08-14,7127084123,1,2740,2740,2740,2740,148538882,316829,,
2026-08-14,7128163167,1,2321,2321,2321,2321,74570428,125168,,
2026-08-14,7208219743,1,1479,1479,1479,1479,6147385,77085,,
2026-08-14,7219654364,1,61223,61223,61223,61223,1545115471,15148386,,
2026-08-14,7332711118,1,3740,3740,3740,3740,1870976466,2464836,,
2026-08-14,7368125255,1,4686,4686,4686,4686,,,,
2026-08-14,7383133134,1,1580,1580,1580,1580,106058880,786424,,
2026-08-14,7434179990,1,4007,4007,4007,4007,227540290,7972349,,
2026-08-14,7436755782,1,33759,33759,33759,33759,35833535381,11365785,,
2026-08-14,7613921865,1,102573,102573,102573,102573,652144913,191312,,
2026-08-14,7709344486,1,207934,207934,207934,207934,72541596679,28990964,,
2026-08-14,7760134732,1,3017,3017,3017,3017,33087056,937297,,
2026-08-14,7856039629,1,8182,8182,8182,8182,17685872,782108,,
2026-08-14,7891669427,1,1884,1884,1884,1884,37033926,867150,,
2026-08-14,8014099969,1,1505,1505,1505,1505,146684433,246046,,
2026-08-14,8152539587,1,3210,3210,3210,3210,99851697,10968326,,
2026-08-14,8291789996,1,3552,3552,3552,3552,,,,
2026-08-14,8316902627,1,5223,5223,5223,5223,4689050150,1983134,,
2026-08-14,8356066619,1,2820,2820,2820,2820,81911465,49625,,
2026-08-14,8401518398,1,4012,4012,4012,4012,85108141,66707,,
2026-08-14,8497987845,1,3393,3393,3393,3393,15729870,95689,,
2026-08-14,8539298853,1,7046,7046,7046,7046,1263274578,1735297,,
2026-08-14,8562618273,1,892,892,892,892,104131647,84300,,
2026-08-14,8696670616,1,2886,2886,2886,2886,,,,
2026-08-14,8759966530,1,2119,2119,2119,2119,119214734,395375,,
2026-08-14,8786713187,1,888,888,888,888,116957048,285035,,
2026-08-14,8791358380,1,9539,9539,9539,9539,427043240,12707001,,
2026-08-14,8950496606,1,3157,3157,3157,3157,173083702,438547,,
2026-08-14,8995269203,1,764,764,764,764,25830423,22314,,
2026-08-14,9073513091,1,3019,3019,3019,3019,127432402,162855,,
2026-08-14,9077534770,1,1096,1096,1096,1096,60690075,188432,,
2026-08-14,9098570654,1,17116,17116,17116,17116,228494732,372381,,
2026-08-14,9122463229,1,9014,9014,9014,9014,,,,
2026-08-14,9129640671,1,11028,11028,11028,11028,,,,
2026-08-14,9141743926,1,11337,11337,11337,11337,430412995,590345,,
2026-08-14,9145063979,1,6594,6594,6594,6594,544535654,547291,,
2026-08-14,9177208241,1,1530,1530,1530,1530,75430946,398890,,
2026-08-14,9219116196,1,3466,3466,3466,3466,93385187,251690,,
2026-08-14,9231693026,1,2948,2948,2948,2948,,,,
2026-08-14,9296042754,1,4194,4194,4194,4194,59266955,282068,,
2026-08-14,9315472782,1,666,666,666,666,23769847,137615,,
2026-08-14,9315739469,1,1305,1305,1305,1305,82372200,86873,,
2026-08-14,9348272796,1,25295,25295,25295,25295,687340871,632870,,
2026-08-14,9362896961,1,4830,4830,4830,4830,147316656,216934,,
2026-08-14,9363735110,1,6236,6236,6236,6236,5690753173,2037669,,
2026-08-14,9411563986,1,918,918,918,918,85236535,147935,,
2026-08-14,9481391333,1,3689,3689,3689,3689,17847842,486907,,
2026-08-14,9494058490,1,12312,12312,12312,12312,,,,
2026-08-14,9513686983,1,3041,3041,3041,3041,415773659,13641347,,
2026-08-14,9526307912,2,3000,3000,2970,3029,93715424,160510,,
2026-08-14,9561553764,1,16457,16457,16457,16457,131679060,121105,,
2026-08-14,9584852943,1,214383,214383,214383,214383,4662487905,5464116,,
2026-08-14,9758688665,1,4601,4601,4601,4601,106656118,5503644,,
2026-08-14,9793308933,1,13506,13506,13506,13506,28367587,846378,,
2026-08-14,9859536675,1,2754,2754,2754,2754,,,,
2026-08-14,9889811676,1,7462,7462,7462,7462,15105352,134731,,
2026-08-14,9930466428,1,713,713,713,713,35870180,143545,,
2026-08-14,9940725596,1,647,647,647,647,32935753,43075,,
2026-08-14,9940812243,1,4281,4281,4281,4281,7966433,124718,,
2026-08-14,9998576154,1,9924,9924,9924,9924,105691624,6681675,,
2026-08-14,10004244222,1,58172,58172,58172,58172,1659232120,24676003,,
2026-08-14,10007524016,1,4397,4397,4397,4397,17393907,3411620,,
2026-08-14,10037267577,1,2821,2821,2821,2821,7245267,175173,,
2026-08-14,10038413468,1,25232,25232,25232,25232,60990576,1895763,,
2026-08-14,10065013948,1,6623,6623,6623,6623,54664974,83879,,
2026-08-14,10127090395,1,3262,3262,3262,3262,119110555,5295746,,
2026-08-14,10144280947,1,100758,100758,100758,100758,195272526,5531530,,
2026-08-14,10144587520,1,22268,22268,22268,22268,46110586,1320949,,
2026-08-14,10149910491,1,3271,3271,3271,3271,32575361,46322,,
2026-08-14,10149964044,1,6407,6407,6407,6407,,,,
2026-08-14,10153098880,1,8824,8824,8824,8824,19756124,160198,,
2026-08-14,10156435104,1,4991,4991,4991,4991,46139096,74939,,
2026-08-14,10184247393,1,12555,12555,12555,12555,71716541,2024251,,
2026-08-14,10199301628,1,28752,28752,28752,28752,335856866,1728177,,
2026-08-14,10200395747,1,434474,434474,434474,434474,1609263341,653930,,
2026-08-14,10204207151,1,2775,2775,2775,2775,18081299,52069,,
2026-08-14,10214798872,1,3666,3666,3666,3666,20073536,208914,,
2026-08-14,10230921598,1,2858,2858,2858,2858,137189324,8910901,,
2026-08-14,10241000620,1,2752,2752,2752,2752,7003306,39818,,
2026-08-14,10244001346,1,4181,4181,4181,4181,84018542,86781,,
2026-08-14,10247797619,1,4414,4414,4414,4414,51205760,153066,,
2026-08-14,10253235584,1,23303,23303,23303,23303,42536351,486683,,
2026-08-14,10272236945,1,3832,3832,3832,3832,21127629,30672,,
2026-08-14,10274447949,1,3576,3576,3576,3576,36035094,2597756,,
2026-08-14,10298144467,1,13351,13351,13351,13351,14602837,30490,,
2026-08-14,10314520237,1,11389,11389,11389,11389,,,,
2026-08-14,10321202755,1,9205,9205,9205,9205,39830450,389813,,
2026-08-14,10338952197,1,51073,51073,51073,51073,12304846,1453610,,
2026-08-14,10350558449,1,6364,6364,6364,6364,22169849,470202,,
2026-08-14,10356701370,1,8144,8144,8144,8144,74164711,347085,,
2026-08-14,10376944238,1,21285,21285,21285,21285,25391283,173454,,
2026-08-14,10395261977,1,3015,3015,3015,3015,5765596,38253,,
2026-08-14,10399136326,1,7150,7150,7150,7150,12018488,29686,,
2026-08-14,10406853972,1,2935,2935,2935,2935,16680182,1433596,,
2026-08-14,10409732219,1,16913,16913,16913,16913,53922215,4016651,,
2026-08-14,10426376134,1,13503,13503,13503,13503,,,,
2026-08-14,10455462279,1,3758,3758,3758,3758,25858010,1235176,,
2026-08-14,10456832990,1,11188,11188,11188,11188,51235021,77115,,
2026-08-14,10471583973,1,15528,15528,15528,15528,7283312,40697,,
2026-08-14,10485597695,1,3449,3449,3449,3449,12130415,36309,,
2026-08-14,10490115057,1,5894,5894,5894,5894,10957912,84595,,
2026-08-14,10502841145,1,19368,19368,19368,19368,45188359,63357,,
2026-08-14,10514488908,1,2413,2413,2413,2413,10904993,28216,,
2026-08-14,10516060568,1,4935,4935,4935,4935,,,,
2026-08-14,10528250136,1,4210,4210,4210,4210,8815827,650107,,
2026-08-14,10536401008,1,4506,4506,4506,4506,9913369,808739,,
2026-08-14,10547918402,1,9859,9859,9859,9859,10376228,28855,,
2026-08-14,10561206188,1,3175,3175,3175,3175,2248236,6386,,
2026-08-14,10563114921,1,135214,135214,135214,135214,17894979,58282,,
2026-08-15,31970568,1,6372,6372,6372,6372,1603797866,6074378,,
2026-08-15,66654135,1,1172945,1172945,1172945,1172945,29170292535,23485786,,
2026-08-15,605887098,1,2844,2844,2844,2844,2518211802,3704915,,
2026-08-15,903807016,1,3925,3925,3925,3925,1563127517,2827144,,
2026-08-15,1053132402,1,2701,2701,2701,2701,566440767,971678,,
2026-08-15,1198533421,1,2048,2048,2048,2048,180451118,726642,,
2026-08-15,1214576306,1,3038,3038,3038,3038,1642881984,4294457,,
2026-08-15,1430007363,1,3732,3732,3732,3732,904250730,2334796,,
2026-08-15,1489026993,2,6486,6486,6336,6635,2664722759,4335016,,
2026-08-15,1526814825,1,9471,9471,9471,9471,1091236933,4328677,,
2026-08-15,1637284552,1,1016,1016,1016,1016,,,,
2026-08-15,1795206523,1,1442,1442,1442,1442,953461531,930272,,
2026-08-15,1831550657,1,37402,37402,37402,37402,2163794456,10902157,,
2026-08-15,1998835206,1,2724,2724,2724,2724,585384671,1170658,,
2026-08-15,2049551477,2,3955,3955,2831,5079,1467932010,1920634,,
2026-08-15,2165551367,1,1446,1446,1446,1446,670539372,2427292,,
2026-08-15,2247578975,2,4244,4244,3815,4672,1216430234,14933275,,
2026-08-15,2274830359,1,7290,7290,7290,7290,2978306075,2008167,,
2026-08-15,2294168059,1,7240,7240,7240,7240,1240887148,3346760,,
2026-08-15,2339944792,1,1394,1394,1394,1394,28699110,160846,,
2026-08-15,2369077151,1,5303,5303,5303,5303,405196775,10860057,,
2026-08-15,2440500124,1,26693,26693,26693,26693,7581710348,8032148,,
2026-08-15,2491559356,1,2923,2923,2923,2923,82364142,170496,,
2026-08-15,2655478023,2,4120,4120,3581,4658,1014606265,3490891,,
2026-08-15,2821905072,1,5164,5164,5164,5164,264727058,5535414,,
2026-08-15,2827951974,1,1131,1131,1131,1131,810909892,682729,,
2026-08-15,2921237723,1,1281,1281,1281,1281,140438212,763667,,
2026-08-15,2992873140,1,13829,13829,13829,13829,1388981924,1010027,,
2026-08-15,3034836582,1,912,912,912,912,503669901,1915647,,
2026-08-15,3079618996,1,5464,5464,5464,5464,,,,
2026-08-15,3187874989,1,4538,4538,4538,4538,169635810,231679,,
2026-08-15,3191268194,1,2756,2756,2756,2756,1355420098,5476295,,
2026-08-15,3274669156,1,1554,1554,1554,1554,68439651,663094,,
2026-08-15,3310460039,1,20533,20533,20533,20533,4603472944,105150056,,
2026-08-15,3346892457,1,2115,2115,2115,2115,441840421,178240,,
2026-08-15,3472976893,1,4357,4357,4357,4357,173132310,3105881,,
2026-08-15,3502524667,1,1919,1919,1919,1919,756992264,3683739,,
2026-08-15,3551414857,1,2445,2445,2445,2445,631993174,1322837,,
2026-08-15,3647333358,1,52297,52297,52297,52297,9034560303,8133784,,
2026-08-15,3746418487,1,2855,2855,2855,2855,321155546,388769,,
2026-08-15,3754482795,1,6182,6182,6182,6182,1268516234,4489407,,
2026-08-15,3759884822,1,3349,3349,3349,3349,131600047,113236,,
2026-08-15,3841172115,1,1951,1951,1951,1951,151029073,690749,,
2026-08-15,4028801234,1,1182,1182,1182,1182,235313468,12528458,,
2026-08-15,4071487712,1,882,882,882,882,28839526,120270,,
2026-08-15,4079077350,1,5828,5828,5828,5828,4473647,60163,,
2026-08-15,4283416256,1,812,812,812,812,21849119,129392,,
2026-08-15,4343544885,1,4304,4304,4304,4304,119593152,2672094,,
2026-08-15,4348829796,1,16987,16987,16987,16987,2631720847,11083694,,
2026-08-15,4518160318,1,6293,6293,6293,6293,638094572,1151015,,
2026-08-15,4595016786,1,2843,2843,2843,2843,599097142,739733,,
2026-08-15,4599924264,1,3023,3023,3023,3023,715499164,280994,,
2026-08-15,4673599750,1,3772,3772,3772,3772,519806971,475304,,
2026-08-15,4720386144,1,2792,2792,2792,2792,117153959,589839,,
2026-08-15,4793836769,1,8186,8186,8186,8186,297408657,6291117,,
2026-08-15,4925331346,1,4883,4883,4883,4883,313351323,485422,,
2026-08-15,4944984948,1,5687,5687,5687,5687,265298297,134441,,
2026-08-15,5195168716,1,1608,1608,1608,1608,98205364,641710,,
2026-08-15,5207621753,1,2630,2630,2630,2630,91037192,75769,,
2026-08-15,5361032378,1,64798,64798,64798,64798,2079026241,998559,,
2026-08-15,5508238359,1,7821,7821,7821,7821,94592525,1732568,,
2026-08-15,5578556129,1,15892,15892,15892,15892,2015373044,1982402,,
2026-08-15,5668114043,1,2003,2003,2003,2003,240615934,739981,,
2026-08-15,5750914919,1,52304,52304,52304,52304,4765841802,3567873,,
2026-08-15,5927446137,1,653,653,653,653,45146528,588753,,
2026-08-15,6072944764,1,985,985,985,985,,,,
2026-08-15,6247557414,1,778,778,778,778,198275392,2300849,,
2026-08-15,6329693946,1,4104,4104,4104,4104,81639401,228709,,
2026-08-15,6682487255,1,8642,8642,8642,8642,491851730,228071,,
2026-08-15,6749060816,1,10023,10023,10023,10023,260415022,1756146,,
2026-08-15,6996099240,1,750,750,750,750,80152086,255098,,
2026-08-15,7018190066,1,23570,23570,23570,23570,6497572614,6054541,,
2026-08-15,7058980030,1,6765,6765,6765,6765,583491306,975379,,
2026-08-15,7082244450,1,1015,1015,1015,1015,40120607,166293,,
2026-08-15,7082423811,1,4587,4587,4587,4587,284964605,1565484,,
2026-08-15,7094518649,1,11306,11306,11306,11306,344551329,831748,,
2026-08-15,7127084123,1,2872,2872,2872,2872,148762855,317239,,
2026-08-15,7128163167,1,2396,2396,2396,2396,74780877,125545,,
2026-08-15,7208219743,1,1535,1535,1535,1535,6267731,77712,,
2026-08-15,7219654364,1,66905,66905,66905,66905,1551998754,15181854,,
2026-08-15,7332711118,1,3984,3984,3984,3984,1871381069,2465335,,
2026-08-15,7368125255,1,4686,4686,4686,4686,,,,
2026-08-15,7383133134,1,1674,1674,1674,1674,106290335,788321,,
2026-08-15,7434179990,1,3965,3965,3965,3965,227898237,7982391,,
2026-08-15,7436755782,1,36693,36693,36693,36693,35836281549,11367390,,
2026-08-15,7613921865,1,102896,102896,102896,102896,664208301,192389,,
2026-08-15,7709344486,1,196713,196713,196713,196713,72577786792,29003428,,
2026-08-15,7720654467,1,2622,2622,2622,2622,80490117,221541,,
2026-08-15,7760134732,1,2739,2739,2739,2739,33368590,944894,,
2026-08-15,7856039629,1,9130,9130,9130,9130,18647968,819087,,
2026-08-15,7891669427,1,1865,1865,1865,1865,37193253,869057,,
2026-08-15,8014099969,1,1402,1402,1402,1402,146836133,246299,,
2026-08-15,8152539587,1,3527,3527,3527,3527,100401938,11015734,,
2026-08-15,8291789996,1,3552,3552,3552,3552,,,,
2026-08-15,8316902627,1,5506,5506,5506,5506,4689786035,1983899,,
2026-08-15,8401518398,1,3605,3605,3605,3605,85694941,67341,,
2026-08-15,8497987845,1,3914,3914,3914,3914,16009423,98156,,
2026-08-15,8539298853,1,9185,9185,9185,9185,1264222695,1737226,,
2026-08-15,8562618273,1,708,708,708,708,104219911,84536,,
2026-08-15,8675480462,1,786,786,786,786,6432043,23639,,
2026-08-15,8696670616,1,2886,2886,2886,2886,,,,
2026-08-15,8759966530,1,2834,2834,2834,2834,119513928,396113,,
2026-08-15,8786713187,1,835,835,835,835,117031853,285163,,
2026-08-15,8791358380,1,10318,10318,10318,10318,428070306,12743283,,
2026-08-15,8950496606,1,3228,3228,3228,3228,173318542,438950,,
2026-08-15,8995269203,1,684,684,684,684,25990609,22458,,
2026-08-15,9073513091,1,3418,3418,3418,3418,127799473,163274,,
2026-08-15,9077534770,1,920,920,920,920,60807444,188713,,
2026-08-15,9098570654,1,19296,19296,19296,19296,229685573,375517,,
2026-08-15,9122463229,1,9014,9014,9014,9014,,,,
2026-08-15,9129640671,1,11028,11028,11028,11028,,,,
2026-08-15,9141743926,1,9806,9806,9806,9806,431496581,590888,,
2026-08-15,9145063979,1,6770,6770,6770,6770,545336398,548303,,
2026-08-15,9177208241,1,1823,1823,1823,1823,75650195,399470,,
2026-08-15,9219116196,1,3571,3571,3571,3571,93740227,252956,,
2026-08-15,9231693026,1,2948,2948,2948,2948,,,,
2026-08-15,9296042754,1,4134,4134,4134,4134,59696221,284000,,
2026-08-15,9315472782,1,660,660,660,660,23855035,138036,,
2026-08-15,9315739469,1,1532,1532,1532,1532,82572488,87110,,
2026-08-15,9348272796,1,25623,25623,25623,25623,690040215,635473,,
2026-08-15,9362896961,1,5160,5160,5160,5160,147578305,217111,,
2026-08-15,9363735110,1,6665,6665,6665,6665,5691562422,2038220,,
2026-08-15,9411563986,1,936,936,936,936,85363303,148108,,
2026-08-15,9481391333,1,4161,4161,4161,4161,18276297,495374,,
2026-08-15,9494058490,1,12312,12312,12312,12312,,,,
2026-08-15,9513686983,1,3854,3854,3854,3854,416280491,13661256,,
2026-08-15,9526307912,2,3362,3362,3233,3492,94152758,161187,,
2026-08-15,9561553764,1,17724,17724,17724,17724,134460349,123367,,
2026-08-15,9584852943,1,228145,228145,228145,228145,4703959501,5504813,,
2026-08-15,9758688665,1,3886,3886,3886,3886,107130742,5526427,,
2026-08-15,9793308933,1,13870,13870,13870,13870,29747388,880420,,
2026-08-15,9830725726,1,3831,3831,3831,3831,39954668,41486,,
2026-08-15,9859536675,1,2754,2754,2754,2754,,,,
2026-08-15,9889811676,1,9696,9696,9696,9696,15911280,139129,,
2026-08-15,9930466428,1,635,635,635,635,35993298,144161,,
2026-08-15,9940725596,1,1283,1283,1283,1283,33110513,43318,,
2026-08-15,9940812243,1,4366,4366,4366,4366,8161366,127496,,
2026-08-15,9963622286,1,3487,3487,3487,3487,105558641,2677746,,
2026-08-15,9998576154,1,11707,11707,11707,11707,106746519,6749893,,
2026-08-15,10004244222,1,58252,58252,58252,58252,1666182984,24737467,,
2026-08-15,10007524016,1,4653,4653,4653,4653,18078231,3533027,,
2026-08-15,10037267577,2,3244,3244,2583,3906,7716179,176572,,
2026-08-15,10038413468,1,27437,27437,27437,27437,63584346,1963569,,
2026-08-15,10065013948,1,7048,7048,7048,7048,55418015,85128,,
2026-08-15,10083552936,1,830,830,830,830,9704104,428343,,
2026-08-15,10127090395,1,3311,3311,3311,3311,119934862,5317840,,
2026-08-15,10144280947,1,115494,115494,115494,115494,216487680,5893592,,
2026-08-15,10144587520,1,23503,23503,23503,23503,47114896,1343708,,
2026-08-15,10149910491,1,3014,3014,3014,3014,32865563,46686,,
2026-08-15,10149964044,1,6407,6407,6407,6407,,,,
2026-08-15,10153098880,1,8320,8320,8320,8320,20337508,163970,,
2026-08-15,10156435104,1,4062,4062,4062,4062,46598736,75565,,
2026-08-15,10184247393,1,13713,13713,13713,13713,73086391,2058628,,
2026-08-15,10196660716,1,3267,3267,3267,3267,28901907,2102616,,
2026-08-15,10199301628,1,27653,27653,27653,27653,339148968,1739544,,
2026-08-15,10200395747,1,337554,337554,337554,337554,1613812578,655244,,
2026-08-15,10204207151,1,3233,3233,3233,3233,18425026,52893,,
2026-08-15,10214798872,1,3940,3940,3940,3940,20429491,209323,,
2026-08-15,10230921598,1,2884,2884,2884,2884,137555520,8932393,,
2026-08-15,10244001346,1,5304,5304,5304,5304,84808503,87698,,
2026-08-15,10247797619,1,3737,3737,3737,3737,51643578,153976,,
2026-08-15,10253235584,1,22051,22051,22051,22051,43777259,497277,,
2026-08-15,10272236945,1,4706,4706,4706,4706,21647313,31436,,
2026-08-15,10274447949,1,3374,3374,3374,3374,36508166,2626986,,
2026-08-15,10298144467,1,13033,13033,13033,13033,15312177,31213,,
2026-08-15,10314520237,1,11389,11389,11389,11389,,,,
2026-08-15,10321202755,1,9744,9744,9744,9744,40092695,391622,,
2026-08-15,10338952197,1,66572,66572,66572,66572,16372203,1911461,,
2026-08-15,10350558449,1,5671,5671,5671,5671,22658367,481233,,
2026-08-15,10356701370,1,8313,8313,8313,8313,75812178,351357,,
2026-08-15,10376944238,1,20539,20539,20539,20539,27713980,185715,,
2026-08-15,10399136326,1,7477,7477,7477,7477,12863036,31074,,
2026-08-15,10406853972,1,2774,2774,2774,2774,16959053,1453089,,
2026-08-15,10409732219,1,17250,17250,17250,17250,56831776,4188379,,
2026-08-15,10426376134,1,13503,13503,13503,13503,,,,
2026-08-15,10431718987,1,11645,11645,11645,11645,8357483,25394,,
2026-08-15,10455462279,1,4610,4610,4610,4610,26386644,1255403,,
2026-08-15,10456832990,1,11020,11020,11020,11020,52276718,78589,,
2026-08-15,10471583973,1,16661,16661,16661,16661,8536289,43707,,
2026-08-15,10490115057,1,5790,5790,5790,5790,12509220,87477,,
2026-08-15,10502841145,1,18208,18208,18208,18208,46305794,64785,,
2026-08-15,10514488908,1,3253,3253,3253,3253,11275725,29002,,
2026-08-15,10516060568,1,4935,4935,4935,4935,,,,
2026-08-15,10528250136,1,7071,7071,7071,7071,9717833,708001,,
2026-08-15,10536401008,1,3260,3260,3260,3260,10504573,855757,,
2026-08-15,10547918402,1,11725,11725,11725,11725,12364745,32920,,
2026-08-15,10551595617,1,24237,24237,24237,24237,11644884,442853,,
2026-08-15,10554316588,1,11660,11660,11660,11660,2956301,9502,,
2026-08-15,10563114921,1,157460,157460,157460,157460,28609401,78809,,
2026-08-16,31970568,1,6992,6992,6992,6992,1604260338,6075009,,
2026-08-16,66654135,1,1322177,1322177,1322177,1322177,29241653680,23511191,,
2026-08-16,605887098,1,2730,2730,2730,2730,2518537089,3705430,,
2026-08-16,903807016,1,4342,4342,4342,4342,1563813623,2827613,,
2026-08-16,1053132402,1,2755,2755,2755,2755,,,,
2026-08-16,1198533421,1,1954,1954,1954,1954,180584428,726900,,
2026-08-16,1214576306,1,3227,3227,3227,3227,1643101927,4294757,,
2026-08-16,1430007363,1,4346,4346,4346,4346,904735395,2337415,,
2026-08-16,1489026993,2,7132,7132,7013,7250,2665461580,4335943,,
2026-08-16,1526814825,1,9163,9163,9163,9163,1092039573,4330430,,
2026-08-16,1637284552,1,1016,1016,1016,1016,,,,
2026-08-16,1795206523,1,1544,1544,1544,1544,953741587,930427,,
2026-08-16,1831550657,1,34930,34930,34930,34930,2165869232,10910772,,
2026-08-16,1998835206,1,2672,2672,2672,2672,585596285,1170862,,
2026-08-16,2049551477,2,4057,4057,2911,5203,1468542922,1921371,,
2026-08-16,2247578975,2,4394,4394,3988,4800,1217040405,14933733,,
2026-08-16,2274830359,1,8859,8859,8859,8859,2979544031,2009364,,
2026-08-16,2294168059,1,6592,6592,6592,6592,1241415294,3348544,,
2026-08-16,2339944792,1,1373,1373,1373,1373,28877986,161469,,
2026-08-16,2369077151,1,5611,5611,5611,5611,405768449,10869392,,
2026-08-16,2440500124,1,29322,29322,29322,29322,7584758547,8035118,,
2026-08-16,2491559356,1,3038,3038,3038,3038,82614786,170787,,
2026-08-16,2655478023,2,4150,4150,3593,4706,1015276395,3491628,,
2026-08-16,2788648141,1,3106,3106,3106,3106,999465131,2079046,,
2026-08-16,2821905072,1,6406,6406,6406,6406,265271060,5546257,,
2026-08-16,2827951974,1,1145,1145,1145,1145,811064550,682958,,
2026-08-16,2921237723,1,1317,1317,1317,1317,140575645,764049,,
2026-08-16,2992873140,1,14791,14791,14791,14791,1390132419,1010668,,
2026-08-16,3034836582,1,984,984,984,984,503780288,1915823,,
2026-08-16,3079618996,1,5473,5473,5473,5473,788587136,965722,,
2026-08-16,3088609243,1,2738,2738,2738,2738,740040253,606012,,
2026-08-16,3187874989,1,4946,4946,4946,4946,170071747,232164,,
2026-08-16,3191268194,1,2780,2780,2780,2780,1355668795,5479430,,
2026-08-16,3274669156,1,1137,1137,1137,1137,68516443,663753,,
2026-08-16,3310460039,1,22151,22151,22151,22151,4606511486,105151700,,
2026-08-16,3346892457,1,2523,2523,2523,2523,442183202,178660,,
2026-08-16,3472976893,1,5057,5057,5057,5057,173862014,3128894,,
2026-08-16,3502524667,1,2181,2181,2181,2181,757324850,3684053,,
2026-08-16,3551414857,1,2706,2706,2706,2706,632215514,1323190,,
2026-08-16,3647333358,1,51928,51928,51928,51928,9040494427,8137826,,
2026-08-16,3746418487,1,3729,3729,3729,3729,321527908,389265,,
2026-08-16,3754482795,1,6169,6169,6169,6169,,,,
2026-08-16,3759884822,1,3406,3406,3406,3406,131831888,113543,,
2026-08-16,3841172115,1,2487,2487,2487,2487,151272337,691424,,
2026-08-16,4028801234,1,1422,1422,1422,1422,235480266,12538387,,
2026-08-16,4071487712,1,934,934,934,934,28896167,120437,,
2026-08-16,4079077350,1,5754,5754,5754,5754,4649076,60848,,
2026-08-16,4283416256,1,848,848,848,848,21907255,129631,,
2026-08-16,4343544885,1,5137,5137,5137,5137,119960036,2677638,,
2026-08-16,4348829796,1,18030,18030,18030,18030,2633986688,11097137,,
2026-08-16,4457060041,1,2738,2738,2738,2738,,,,
2026-08-16,4518160318,1,6903,6903,6903,6903,638562291,1152275,,
2026-08-16,4595016786,1,3171,3171,3171,3171,599479175,740387,,
2026-08-16,4599924264,1,3669,3669,3669,3669,716056911,281438,,
2026-08-16,4673599750,1,3924,3924,3924,3924,520695904,476067,,
2026-08-16,4720386144,1,2562,2562,2562,2562,117352349,590743,,
2026-08-16,4793836769,1,6839,6839,6839,6839,298039713,6304934,,
2026-08-16,4925331346,1,5760,5760,5760,5760,,,,
2026-08-16,4944984948,1,6854,6854,6854,6854,266322685,135348,,
2026-08-16,5195168716,1,1614,1614,1614,1614,98358814,642416,,
2026-08-16,5207621753,1,2957,2957,2957,2957,91294768,75978,,
2026-08-16,5361032378,1,56853,56853,56853,56853,2082250087,999419,,
2026-08-16,5508238359,1,7802,7802,7802,7802,95229047,1740336,,
2026-08-16,5578556129,1,14247,14247,14247,14247,2016046897,1982700,,
2026-08-16,5668114043,1,2240,2240,2240,2240,240838395,740399,,
2026-08-16,5750914919,1,82492,82492,82492,82492,4772744845,3570668,,
2026-08-16,5956634861,1,613,613,613,613,151329355,589597,,
2026-08-16,6015491985,1,2896,2896,2896,2896,357780133,210708,,
2026-08-16,6072944764,1,1063,1063,1063,1063,54520731,62310,,
2026-08-16,6247557414,1,823,823,823,823,198381081,2302203,,
2026-08-16,6329693946,1,3954,3954,3954,3954,81871262,228916,,
2026-08-16,6466404775,1,2690,2690,2690,2690,68838423,130002,,
2026-08-16,6646518350,1,717,717,717,717,257405837,351015,,
2026-08-16,6682487255,1,7586,7586,7586,7586,492560610,228152,,
2026-08-16,6749060816,1,9814,9814,9814,9814,261143630,1760285,,
2026-08-16,6996099240,1,765,765,765,765,80328623,255528,,
2026-08-16,7018190066,1,38252,38252,38252,38252,6500796710,6056989,,
2026-08-16,7058980030,1,8143,8143,8143,8143,584673568,977334,,
2026-08-16,7082244450,1,1105,1105,1105,1105,40317703,166817,,
2026-08-16,7082423811,1,4415,4415,4415,4415,285358048,1565982,,
2026-08-16,7094518649,1,11953,11953,11953,11953,345202569,833029,,
2026-08-16,7113705633,1,681,681,681,681,18251353,435390,,
2026-08-16,7127084123,1,3078,3078,3078,3078,148990110,317721,,
2026-08-16,7128163167,1,2793,2793,2793,2793,75020075,125985,,
2026-08-16,7208219743,1,1808,1808,1808,1808,6401358,78553,,
2026-08-16,7219654364,1,72911,72911,72911,72911,1559770683,15219950,,
2026-08-16,7332711118,1,5037,5037,5037,5037,1872080364,2466008,,
2026-08-16,7368125255,1,4686,4686,4686,4686,,,,
2026-08-16,7383133134,1,2025,2025,2025,2025,106556433,790387,,
2026-08-16,7434179990,1,4468,4468,4468,4468,228281462,7993128,,
2026-08-16,7436755782,1,40593,40593,40593,40593,35840215407,11369413,,
2026-08-16,7450124099,1,2670,2670,2670,2670,134250356,756564,,
2026-08-16,7613921865,1,106388,106388,106388,106388,676793954,193933,,
2026-08-16,7709344486,1,229329,229329,229329,229329,72632048545,29022329,,
2026-08-16,7719766419,1,783,783,783,783,31769434,268546,,
2026-08-16,7720654467,1,2879,2879,2879,2879,81021745,222611,,
2026-08-16,7760134732,1,3525,3525,3525,3525,33664118,952855,,
2026-08-16,7798947148,1,3968,3968,3968,3968,145370782,307953,,
2026-08-16,7856039629,1,10836,10836,10836,10836,19682538,860616,,
2026-08-16,7891669427,1,2126,2126,2126,2126,37355468,871180,,
2026-08-16,8014099969,1,1583,1583,1583,1583,146997516,246535,,
2026-08-16,8291789996,1,3552,3552,3552,3552,,,,
2026-08-16,8316902627,1,7544,7544,7544,7544,4690920677,1984818,,
2026-08-16,8356066619,1,6433,6433,6433,6433,82163566,49742,,
2026-08-16,8401518398,1,4007,4007,4007,4007,86285893,68007,,
2026-08-16,8497987845,1,5222,5222,5222,5222,16401407,100568,,
2026-08-16,8539298853,1,8771,8771,8771,8771,1265094722,1738618,,
2026-08-16,8562618273,1,698,698,698,698,104314325,84614,,
2026-08-16,8696670616,1,2886,2886,2886,2886,,,,
2026-08-16,8759966530,1,2975,2975,2975,2975,119869108,397005,,
2026-08-16,8786713187,1,889,889,889,889,117107947,285275,,
2026-08-16,8791358380,1,10321,10321,10321,10321,429221413,12784585,,
2026-08-16,8950496606,1,3417,3417,3417,3417,173562890,439392,,
2026-08-16,8995269203,1,748,748,748,748,26156957,22632,,
2026-08-16,9073513091,1,7378,7378,7378,7378,128737397,163977,,
2026-08-16,9077534770,1,1272,1272,1272,1272,60929846,188975,,
2026-08-16,9098570654,1,30403,30403,30403,30403,231560886,378785,,
2026-08-16,9122463229,1,9014,9014,9014,9014,,,,
2026-08-16,9129640671,1,11028,11028,11028,11028,,,,
2026-08-16,9141743926,1,9696,9696,9696,9696,432521296,591352,,
2026-08-16,9145063979,1,8772,8772,8772,8772,546294911,549545,,
2026-08-16,9175015027,1,3259,3259,3259,3259,34797376,4924128,,
2026-08-16,9177208241,1,2246,2246,2246,2246,75878646,400133,,
2026-08-16,9219116196,1,3804,3804,3804,3804,94099301,254159,,
2026-08-16,9231693026,1,2948,2948,2948,2948,,,,
2026-08-16,9296042754,1,4765,4765,4765,4765,60141149,286012,,
2026-08-16,9315739469,1,2006,2006,2006,2006,82818578,87450,,
2026-08-16,9348272796,1,24992,24992,24992,24992,692775506,638112,,
2026-08-16,9362896961,1,5116,5116,5116,5116,147866457,217308,,
2026-08-16,9363735110,1,7734,7734,7734,7734,5692838756,2038924,,
2026-08-16,9409870130,1,701,701,701,701,20994522,260324,,
2026-08-16,9411563986,1,1125,1125,1125,1125,85498478,148351,,
2026-08-16,9481391333,1,5449,5449,5449,5449,18739067,502609,,
2026-08-16,9494058490,1,12312,12312,12312,12312,,,,
2026-08-16,9501409571,1,680,680,680,680,40097936,200771,,
2026-08-16,9513686983,1,3796,3796,3796,3796,416958385,13691462,,
2026-08-16,9526307912,2,3491,3491,3300,3682,94585321,161939,,
2026-08-16,9561553764,1,18108,18108,18108,18108,137243981,126246,,
2026-08-16,9584852943,1,290263,290263,290263,290263,4783307168,5563694,,
2026-08-16,9758688665,1,4038,4038,4038,4038,107612142,5548953,,
2026-08-16,9793308933,1,15335,15335,15335,15335,31303173,923213,,
2026-08-16,9802644580,1,7135,7135,7135,7135,50189455,793421,,
2026-08-16,9830725726,1,4254,4254,4254,4254,40707143,42252,,
2026-08-16,9859536675,1,2754,2754,2754,2754,,,,
2026-08-16,9889811676,1,9907,9907,9907,9907,16799783,143817,,
2026-08-16,9930466428,1,785,785,785,785,36106654,144707,,
2026-08-16,9940725596,1,1138,1138,1138,1138,,,,
2026-08-16,9940812243,1,4615,4615,4615,4615,8357198,129665,,
2026-08-16,9963622286,1,3036,3036,3036,3036,106084792,2678258,,
2026-08-16,9998576154,1,10377,10377,10377,10377,107969438,6831303,,
2026-08-16,10004244222,1,69462,69462,69462,69462,1677907577,24806837,,
2026-08-16,10007524016,1,3882,3882,3882,3882,18859769,3674114,,
2026-08-16,10037267577,2,3628,3628,2918,4337,8257422,178159,,
2026-08-16,10038413468,1,29863,29863,29863,29863,66196925,2021840,,
2026-08-16,10065013948,1,8143,8143,8143,8143,56272628,86667,,
2026-08-16,10083552936,1,754,754,754,754,9795100,432530,,
2026-08-16,10086454767,1,831,831,831,831,18399355,50703,,
2026-08-16,10088821187,1,2653,2653,2653,2653,18153730,815981,,
2026-08-16,10144280947,1,112973,112973,112973,112973,234296825,6240104,,
2026-08-16,10144587520,1,25885,25885,25885,25885,48498106,1369254,,
2026-08-16,10149910491,1,3259,3259,3259,3259,33161132,47077,,
2026-08-16,10149964044,1,6407,6407,6407,6407,,,,
2026-08-16,10153098880,1,8225,8225,8225,8225,20941583,168269,,
2026-08-16,10156435104,1,5087,5087,5087,5087,47191342,76252,,
2026-08-16,10184247393,1,15324,15324,15324,15324,74756536,2098860,,
2026-08-16,10189601764,1,2858,2858,2858,2858,30872765,35151,,
2026-08-16,10196660716,1,4908,4908,4908,4908,29338097,2130942,,
2026-08-16,10199301628,1,30928,30928,30928,30928,342871024,1752015,,
2026-08-16,10200395747,1,318110,318110,318110,318110,1619466667,656809,,
2026-08-16,10204207151,1,4145,4145,4145,4145,18988345,53750,,
2026-08-16,10214798872,1,3278,3278,3278,3278,20765802,209678,,
2026-08-16,10230921598,1,3107,3107,3107,3107,137945799,8955501,,
2026-08-16,10244001346,1,6382,6382,6382,6382,85777964,88791,,
2026-08-16,10247797619,1,4046,4046,4046,4046,52100500,154932,,
2026-08-16,10253235584,1,22238,22238,22238,22238,45303118,508826,,
2026-08-16,10272236945,1,4755,4755,4755,4755,22333511,32487,,
2026-08-16,10274447949,1,3276,3276,3276,3276,37063751,2665590,,
2026-08-16,10298144467,1,13292,13292,13292,13292,15993248,31984,,
2026-08-16,10314520237,1,11389,11389,11389,11389,,,,
2026-08-16,10321202755,1,12082,12082,12082,12082,40466772,393577,,
2026-08-16,10338952197,1,88137,88137,88137,88137,21676645,2447891,,
2026-08-16,10350558449,1,4734,4734,4734,4734,23168004,492846,,
2026-08-16,10356701370,1,8556,8556,8556,8556,77490601,355229,,
2026-08-16,10376944238,1,23359,23359,23359,23359,29810989,196733,,
2026-08-16,10399136326,1,8581,8581,8581,8581,14057414,33539,,
2026-08-16,10406853972,1,2918,2918,2918,2918,17409137,1482552,,
2026-08-16,10409732219,1,15123,15123,15123,15123,60207962,4368257,,
2026-08-16,10426376134,1,13503,13503,13503,13503,,,,
2026-08-16,10431718987,1,12604,12604,12604,12604,9583535,28656,,
2026-08-16,10455462279,1,5318,5318,5318,5318,27066549,1282280,,
2026-08-16,10456832990,1,8443,8443,8443,8443,53365513,80339,,
2026-08-16,10471583973,1,14834,14834,14834,14834,9908856,47065,,
2026-08-16,10485597695,1,3268,3268,3268,3268,13828806,39865,,
2026-08-16,10490115057,1,5875,5875,5875,5875,13643845,89556,,
2026-08-16,10502841145,1,22680,22680,22680,22680,47574111,66548,,
2026-08-16,10514488908,1,4162,4162,4162,4162,11708623,29904,,
2026-08-16,10516060568,1,4935,4935,4935,4935,,,,
2026-08-16,10528250136,1,5011,5011,5011,5011,10726320,766327,,
2026-08-16,10536401008,1,3115,3115,3115,3115,11030205,895458,,
2026-08-16,10547918402,1,10716,10716,10716,10716,14437617,36435,,
2026-08-16,10551595617,1,20243,20243,20243,20243,14409444,527121,,
2026-08-16,10554316588,1,6799,6799,6799,6799,3692035,11290,,
2026-08-16,10563114921,1,181048,181048,181048,181048,42261966,101825,,
2026-08-16,10636243604,1,2388,2388,2388,2388,1768182,41748,,
2026-08-17,31970568,1,6538,6538,6538,6538,1604747859,6075747,,
2026-08-17,66654135,1,1120462,1120462,1120462,1120462,29314724992,23534800,,
2026-08-17,903807016,1,4088,4088,4088,4088,1564519231,2828131,,
2026-08-17,1198533421,1,1665,1665,1665,1665,180705384,727157,,
2026-08-17,1214576306,1,2963,2963,2963,2963,1643329467,4295082,,
2026-08-17,1430007363,1,3513,3513,3513,3513,905166989,2339773,,
2026-08-17,1489026993,2,6301,6301,6202,6400,2666160539,4336839,,
2026-08-17,1526814825,1,8170,8170,8170,8170,1092785419,4331831,,
2026-08-17,1637284552,1,1016,1016,1016,1016,,,,
2026-08-17,1795206523,1,1378,1378,1378,1378,954008601,930567,,
2026-08-17,1831550657,1,31836,31836,31836,31836,2167724128,10917933,,
2026-08-17,1998835206,1,2151,2151,2151,2151,585790282,1171016,,
2026-08-17,2049551477,2,3534,3534,2923,4146,1469063357,1922122,,
2026-08-17,2165551367,1,1361,1361,1361,1361,670814734,2428234,,
2026-08-17,2247578975,2,3232,3232,2910,3553,1217540459,14934084,,
2026-08-17,2274830359,1,7255,7255,7255,7255,2980918152,2010657,,
2026-08-17,2294168059,1,5436,5436,5436,5436,1241901601,3350278,,
2026-08-17,2339944792,1,955,955,955,955,,,,
2026-08-17,2369077151,1,5361,5361,5361,5361,,,,
2026-08-17,2440500124,1,26498,26498,26498,26498,7587729877,8038029,,
2026-08-17,2491559356,1,2472,2472,2472,2472,82833484,171147,,
2026-08-17,2655478023,2,3409,3409,3013,3805,1015834726,3492253,,
2026-08-17,2788648141,1,2997,2997,2997,2997,999722226,2080882,,
2026-08-17,2821905072,1,5311,5311,5311,5311,,,,
2026-08-17,2827951974,1,806,806,806,806,811194521,683147,,
2026-08-17,2921237723,1,1239,1239,1239,1239,140714843,764438,,
2026-08-17,2992873140,1,13556,13556,13556,13556,1391305377,1010587,,
2026-08-17,3034836582,1,705,705,705,705,503875885,1915985,,
2026-08-17,3079618996,1,4955,4955,4955,4955,789066651,968812,,
2026-08-17,3187874989,1,4209,4209,4209,4209,170453411,232560,,
2026-08-17,3191268194,1,2789,2789,2789,2789,1355924583,5482695,,
2026-08-17,3274669156,1,1019,1019,1019,1019,68577130,664175,,
2026-08-17,3310460039,1,19019,19019,19019,19019,4609354333,105153275,,
2026-08-17,3346892457,1,1979,1979,1979,1979,442479216,179059,,
2026-08-17,3472976893,1,3608,3608,3608,3608,174523404,3148463,,
2026-08-17,3502524667,1,1723,1723,1723,1723,757628783,3684350,,
2026-08-17,3551414857,1,2168,2168,2168,2168,632429118,1323508,,
2026-08-17,3647333358,1,45255,45255,45255,45255,9045934454,8141598,,
2026-08-17,3746418487,1,2817,2817,2817,2817,321931968,389911,,
2026-08-17,3754482795,1,5373,5373,5373,5373,1270058889,4495610,,
2026-08-17,3759884822,1,3184,3184,3184,3184,132054112,113808,,
2026-08-17,3841172115,1,1746,1746,1746,1746,151499267,692066,,
2026-08-17,4028801234,1,1262,1262,1262,1262,235636447,12547313,,
2026-08-17,4079077350,1,4963,4963,4963,4963,4816351,61567,,
2026-08-17,4283416256,1,767,767,767,767,21964573,129853,,
2026-08-17,4343544885,1,4411,4411,4411,4411,120338069,2683617,,
2026-08-17,4348829796,1,15304,15304,15304,15304,2636178881,11109439,,
2026-08-17,4518160318,1,5990,5990,5990,5990,639022937,1153549,,
2026-08-17,4599924264,1,2738,2738,2738,2738,716622092,281912,,
2026-08-17,4673599750,1,3452,3452,3452,3452,521611418,476927,,
2026-08-17,4720386144,1,2583,2583,2583,2583,117549185,591559,,
2026-08-17,4793836769,1,5743,5743,5743,5743,298567771,6316762,,
2026-08-17,4858558391,1,6241,6241,6241,6241,63112606,530739,,
2026-08-17,4925331346,1,5493,5493,5493,5493,314239950,487194,,
2026-08-17,4944984948,1,4806,4806,4806,4806,267379096,136352,,
2026-08-17,5195168716,1,1265,1265,1265,1265,98501553,643094,,
2026-08-17,5361032378,1,54583,54583,54583,54583,2085378110,1000281,,
2026-08-17,5508238359,1,6613,6613,6613,6613,95797492,1747079,,
2026-08-17,5578556129,1,24360,24360,24360,24360,2017032610,1982802,,
2026-08-17,5668114043,1,1791,1791,1791,1791,241050572,740869,,
2026-08-17,5750914919,1,71159,71159,71159,71159,4777231857,3572813,,
2026-08-17,6072944764,1,809,809,809,809,54596229,62495,,
2026-08-17,6329693946,1,3804,3804,3804,3804,82092798,229233,,
2026-08-17,6466404775,1,3324,3324,3324,3324,69012463,130296,,
2026-08-17,6682487255,1,7056,7056,7056,7056,493236021,228227,,
2026-08-17,6749060816,1,8295,8295,8295,8295,261804228,1763934,,
2026-08-17,7018190066,1,30110,30110,30110,30110,6503701684,6059106,,
2026-08-17,7058980030,1,6804,6804,6804,6804,585972168,979327,,
2026-08-17,7082244450,1,1055,1055,1055,1055,40514445,167328,,
2026-08-17,7082423811,1,3427,3427,3427,3427,285747974,1566509,,
2026-08-17,7094518649,1,10999,10999,10999,10999,345860684,834308,,
2026-08-17,7127084123,1,2763,2763,2763,2763,149207122,318152,,
2026-08-17,7128163167,1,2175,2175,2175,2175,75239772,126323,,
2026-08-17,7208219743,1,1427,1427,1427,1427,6531224,79479,,
2026-08-17,7219654364,1,65232,65232,65232,65232,1566848977,15253528,,
2026-08-17,7332711118,1,4341,4341,4341,4341,1872636644,2466577,,
2026-08-17,7368125255,1,4686,4686,4686,4686,,,,
2026-08-17,7383133134,1,1511,1511,1511,1511,106794869,792254,,
2026-08-17,7434179990,1,4277,4277,4277,4277,228655547,8003221,,
2026-08-17,7436755782,1,35305,35305,35305,35305,35843215551,11371197,,
2026-08-17,7613921865,1,85517,85517,85517,85517,687615900,195339,,
2026-08-17,7709344486,1,196935,196935,196935,196935,72671837522,29036484,,
2026-08-17,7720654467,1,2987,2987,2987,2987,81569390,223758,,
2026-08-17,7760134732,1,2784,2784,2784,2784,33948394,960477,,
2026-08-17,7798947148,1,2878,2878,2878,2878,145886835,308487,,
2026-08-17,7856039629,1,9809,9809,9809,9809,21067057,906351,,
2026-08-17,7891669427,1,1901,1901,1901,1901,37507656,873125,,
2026-08-17,8014099969,1,1311,1311,1311,1311,147142689,246748,,
2026-08-17,8291789996,1,3552,3552,3552,3552,,,,
2026-08-17,8316902627,1,6296,6296,6296,6296,4691897351,1985573,,
2026-08-17,8356066619,1,5409,5409,5409,5409,82368184,49833,,
2026-08-17,8401518398,1,3665,3665,3665,3665,86893856,68689,,
2026-08-17,8497987845,1,4497,4497,4497,4497,16731468,102429,,
2026-08-17,8539298853,1,7166,7166,7166,7166,1265868397,1739971,,
2026-08-17,8696670616,1,2886,2886,2886,2886,,,,
2026-08-17,8759966530,1,2495,2495,2495,2495,120213839,397834,,
2026-08-17,8786713187,1,829,829,829,829,117186784,285415,,
2026-08-17,8791358380,1,9837,9837,9837,9837,430256115,12818225,,
2026-08-17,8946565814,1,23055,23055,23055,23055,5596703,11077,,
2026-08-17,8950496606,1,2821,2821,2821,2821,173798965,439839,,
2026-08-17,8959257868,1,6818,6818,6818,6818,2811926,11223,,
2026-08-17,9073513091,1,5643,5643,5643,5643,129536962,164865,,
2026-08-17,9077534770,1,927,927,927,927,61057181,189284,,
2026-08-17,9098570654,1,25627,25627,25627,25627,233173013,382738,,
2026-08-17,9122463229,1,9014,9014,9014,9014,,,,
2026-08-17,9129640671,1,11028,11028,11028,11028,,,,
2026-08-17,9141743926,1,8957,8957,8957,8957,433433353,591805,,
2026-08-17,9145063979,1,6614,6614,6614,6614,547296257,550905,,
2026-08-17,9175015027,1,2930,2930,2930,2930,35412589,4925969,,
2026-08-17,9177208241,1,1423,1423,1423,1423,76090386,400669,,
2026-08-17,9219116196,1,3404,3404,3404,3404,94438838,255363,,
2026-08-17,9231693026,1,2948,2948,2948,2948,,,,
2026-08-17,9296042754,1,4142,4142,4142,4142,60600522,288041,,
2026-08-17,9315739469,1,1288,1288,1288,1288,83055182,87790,,
2026-08-17,9348272796,1,24684,24684,24684,24684,695730231,640998,,
2026-08-17,9362896961,1,4806,4806,4806,4806,148133267,217478,,
2026-08-17,9363735110,1,6639,6639,6639,6639,5693704992,2039505,,
2026-08-17,9411563986,1,1088,1088,1088,1088,85635258,148597,,
2026-08-17,9481391333,1,4204,4204,4204,4204,19162950,508463,,
2026-08-17,9494058490,1,12312,12312,12312,12312,,,,
2026-08-17,9513686983,1,3605,3605,3605,3605,417525038,13713183,,
2026-08-17,9526307912,1,2639,2639,2639,2639,94975319,162636,,
2026-08-17,9561553764,1,17169,17169,17169,17169,139768288,128614,,
2026-08-17,9584852943,1,234401,234401,234401,234401,4829729860,5606498,,
2026-08-17,9758688665,1,4067,4067,4067,4067,108056935,5568972,,
2026-08-17,9793308933,1,14850,14850,14850,14850,33338501,958784,,
2026-08-17,9830725726,1,3478,3478,3478,3478,41551112,43238,,
2026-08-17,9859536675,1,2754,2754,2754,2754,,,,
2026-08-17,9889811676,1,6573,6573,6573,6573,17530001,147670,,
2026-08-17,9930466428,1,715,715,715,715,36227109,145386,,
2026-08-17,9940725596,1,802,802,802,802,33480372,43871,,
2026-08-17,9940812243,1,4997,4997,4997,4997,8587953,131948,,
2026-08-17,9998576154,1,8066,8066,8066,8066,109018745,6895643,,
2026-08-17,10004244222,1,57351,57351,57351,57351,1686051700,24864315,,
2026-08-17,10037267577,1,2845,2845,2845,2845,8698807,179369,,
2026-08-17,10038413468,1,24933,24933,24933,24933,68592104,2069313,,
2026-08-17,10065013948,1,6582,6582,6582,6582,57188039,88402,,
2026-08-17,10086454767,1,702,702,702,702,18456852,50875,,
2026-08-17,10144280947,1,96082,96082,96082,96082,251391287,6568613,,
2026-08-17,10144587520,1,23796,23796,23796,23796,49497454,1388363,,
2026-08-17,10149910491,1,3025,3025,3025,3025,33438715,47419,,
2026-08-17,10149964044,1,6407,6407,6407,6407,,,,
2026-08-17,10153098880,1,7668,7668,7668,7668,21535289,171895,,
2026-08-17,10156435104,1,4457,4457,4457,4457,47731823,77049,,
2026-08-17,10184247393,1,12153,12153,12153,12153,76216464,2135940,,
2026-08-17,10196660716,1,2953,2953,2953,2953,29927902,2165035,,
2026-08-17,10199301628,1,29693,29693,29693,29693,346311082,1764445,,
2026-08-17,10200395747,1,235858,235858,235858,235858,1624580554,657901,,
2026-08-17,10204207151,1,3348,3348,3348,3348,19387369,54559,,
2026-08-17,10244001346,1,4492,4492,4492,4492,86685720,89772,,
2026-08-17,10247797619,1,3485,3485,3485,3485,52574804,155913,,
2026-08-17,10253235584,1,19089,19089,19089,19089,46489030,517761,,
2026-08-17,10272236945,1,4973,4973,4973,4973,22931158,33435,,
2026-08-17,10274447949,1,3093,3093,3093,3093,37560248,2695400,,
2026-08-17,10298144467,1,13215,13215,13215,13215,17068762,32782,,
2026-08-17,10314520237,1,11389,11389,11389,11389,,,,
2026-08-17,10321202755,1,11328,11328,11328,11328,40812900,395584,,
2026-08-17,10338952197,1,75052,75052,75052,75052,26559271,2877676,,
2026-08-17,10350558449,1,4102,4102,4102,4102,23572789,500920,,
2026-08-17,10356701370,1,7451,7451,7451,7451,79070638,359625,,
2026-08-17,10376944238,1,20173,20173,20173,20173,31832078,206827,,
2026-08-17,10399136326,1,9019,9019,9019,9019,15231777,36179,,
2026-08-17,10409732219,1,15384,15384,15384,15384,63013792,4527087,,
2026-08-17,10426376134,1,13503,13503,13503,13503,,,,
2026-08-17,10431718987,1,11125,11125,11125,11125,10710872,31680,,
2026-08-17,10455462279,1,5251,5251,5251,5251,27681205,1308556,,
2026-08-17,10456832990,1,6934,6934,6934,6934,54197263,81791,,
2026-08-17,10471583973,1,13132,13132,13132,13132,11079987,49576,,
2026-08-17,10490115057,1,5500,5500,5500,5500,14883787,91384,,
2026-08-17,10502841145,1,20146,20146,20146,20146,48859568,68620,,
2026-08-17,10514488908,1,2955,2955,2955,2955,12092137,30794,,
2026-08-17,10516060568,1,4935,4935,4935,4935,,,,
2026-08-17,10528250136,1,5169,5169,5169,5169,11685175,822556,,
2026-08-17,10547918402,1,8983,8983,8983,8983,16614491,41125,,
2026-08-17,10551595617,1,20151,20151,20151,20151,17057267,607571,,
2026-08-17,10554316588,1,6325,6325,6325,6325,4223077,12697,,
2026-08-17,10559253584,1,2868,2868,2868,2868,2962047,6098,,
2026-08-17,10563114921,1,174036,174036,174036,174036,55182872,122260,,
2026-08-17,10636243604,1,2438,2438,2438,2438,1878397,44190,,
2026-08-18,31970568,1,5974,5974,5974,5974,1605173424,6076339,,
2026-08-18,66654135,1,959893,959893,959893,959893,29390845435,23558068,,
2026-08-18,903807016,1,3804,3804,3804,3804,1565183618,2828719,,
2026-08-18,1198533421,1,1661,1661,1661,1661,180818054,727415,,
2026-08-18,1214576306,1,3051,3051,3051,3051,1643535366,4295333,,
2026-08-18,1430007363,1,3412,3412,3412,3412,905576036,2341929,,
2026-08-18,1489026993,2,5960,5960,5912,6007,2666760895,4337580,,
2026-08-18,1526814825,1,7989,7989,7989,7989,1093475609,4333120,,
2026-08-18,1637284552,1,1016,1016,1016,1016,,,,
2026-08-18,1795206523,1,1269,1269,1269,1269,954250394,930725,,
2026-08-18,1831550657,1,30718,30718,30718,30718,2169515344,10926685,,
2026-08-18,1998835206,1,2088,2088,2088,2088,585966394,1171119,,
2026-08-18,2049551477,1,3460,3460,3460,3460,1469508595,1922753,,
2026-08-18,2165551367,1,1486,1486,1486,1486,671048825,2428969,,
2026-08-18,2247578975,1,3090,3090,3090,3090,1217934822,14934430,,
2026-08-18,2274830359,1,7790,7790,7790,7790,2982125130,2011851,,
2026-08-18,2294168059,1,5248,5248,5248,5248,1242328001,3351671,,
2026-08-18,2339944792,1,892,892,892,892,29160741,162594,,
2026-08-18,2369077151,1,4945,4945,4945,4945,406839035,10887822,,
2026-08-18,2440500124,1,24652,24652,24652,24652,7590520998,8040711,,
2026-08-18,2491559356,1,2139,2139,2139,2139,83022448,171450,,
2026-08-18,2655478023,1,3180,3180,3180,3180,1016307728,3492809,,
2026-08-18,2788648141,1,2731,2731,2731,2731,999953512,2082806,,
2026-08-18,2821905072,1,5052,5052,5052,5052,,,,
2026-08-18,2827951974,1,789,789,789,789,811303629,683338,,
2026-08-18,2921237723,1,1204,1204,1204,1204,140849368,764846,,
2026-08-18,2992873140,1,13641,13641,13641,13641,1392439871,1011173,,
2026-08-18,3079618996,1,5354,5354,5354,5354,789543697,972263,,
2026-08-18,3187874989,1,3991,3991,3991,3991,170809828,232927,,
2026-08-18,3191268194,1,2738,2738,2738,2738,1356168709,5485884,,
2026-08-18,3274669156,1,1086,1086,1086,1086,68638201,664627,,
2026-08-18,3310460039,1,16534,16534,16534,16534,4611735343,105154709,,
2026-08-18,3346892457,1,1724,1724,1724,1724,442725152,179387,,
2026-08-18,3472976893,1,3340,3340,3340,3340,175063459,3163596,,
2026-08-18,3502524667,1,1410,1410,1410,1410,757889045,3684589,,
2026-08-18,3551414857,1,1950,1950,1950,1950,632621245,1323817,,
2026-08-18,3647333358,1,43370,43370,43370,43370,9051042645,8145145,,
2026-08-18,3754482795,1,5257,5257,5257,5257,1270678353,4498114,,
2026-08-18,3759884822,1,2924,2924,2924,2924,132247407,114095,,
2026-08-18,3841172115,1,1575,1575,1575,1575,151692401,692645,,
2026-08-18,4028801234,1,993,993,993,993,235762664,12554343,,
2026-08-18,4071487712,1,778,778,778,778,28995701,120684,,
2026-08-18,4079077350,1,4469,4469,4469,4469,4962880,62187,,
2026-08-18,4283416256,1,759,759,759,759,22019402,130080,,
2026-08-18,4343544885,1,3926,3926,3926,3926,120657994,2687977,,
2026-08-18,4348829796,1,15227,15227,15227,15227,2638187971,11121427,,
2026-08-18,4518160318,1,5824,5824,5824,5824,639414468,1154486,,
2026-08-18,4673599750,1,3462,3462,3462,3462,522493556,477750,,
2026-08-18,4720386144,1,2217,2217,2217,2217,117729088,592328,,
2026-08-18,4793836769,1,5378,5378,5378,5378,299033822,6326828,,
2026-08-18,4925331346,1,4865,4865,4865,4865,314656655,487965,,
2026-08-18,4944984948,1,4359,4359,4359,4359,268155338,137150,,
2026-08-18,5195168716,1,1339,1339,1339,1339,98650794,643776,,
2026-08-18,5361032378,1,54008,54008,54008,54008,2088421705,1000745,,
2026-08-18,5508238359,1,7191,7191,7191,7191,96373736,1755355,,
2026-08-18,5578556129,1,22374,22374,22374,22374,2018056385,1982937,,
2026-08-18,5668114043,1,1639,1639,1639,1639,241226111,741229,,
2026-08-18,5750914919,1,67227,67227,67227,67227,4780925206,3574611,,
2026-08-18,6072944764,1,840,840,840,840,54667303,62618,,
2026-08-18,6329693946,1,3942,3942,3942,3942,82301592,229564,,
2026-08-18,6466404775,1,3431,3431,3431,3431,69226577,130693,,
2026-08-18,6682487255,1,6951,6951,6951,6951,493874736,228255,,
2026-08-18,6749060816,1,7722,7722,7722,7722,262428997,1767810,,
2026-08-18,7018190066,1,27537,27537,27537,27537,6506300842,6060879,,
2026-08-18,7058980030,1,6397,6397,6397,6397,586925729,980931,,
2026-08-18,7082244450,1,1066,1066,1066,1066,40703115,167860,,
2026-08-18,7082423811,1,3061,3061,3061,3061,286030560,1566873,,
2026-08-18,7094518649,1,10899,10899,10899,10899,346441381,835414,,
2026-08-18,7128163167,1,1744,1744,1744,1744,75417552,126612,,
2026-08-18,7208219743,1,1443,1443,1443,1443,6648506,80304,,
2026-08-18,7219654364,1,60240,60240,60240,60240,1573512126,15282948,,
2026-08-18,7332711118,1,3700,3700,3700,3700,1873072397,2466970,,
2026-08-18,7368125255,1,4686,4686,4686,4686,,,,
2026-08-18,7383133134,1,1238,1238,1238,1238,106987357,793839,,
2026-08-18,7434179990,1,3584,3584,3584,3584,229022439,8013623,,
2026-08-18,7436755782,1,32502,32502,32502,32502,35845764871,11372403,,
2026-08-18,7613921865,1,75079,75079,75079,75079,695627974,196380,,
2026-08-18,7709344486,1,201961,201961,201961,201961,72706928984,29048599,,
2026-08-18,7856039629,1,9720,9720,9720,9720,22448448,949547,,
2026-08-18,7891669427,1,1750,1750,1750,1750,37652963,874797,,
2026-08-18,8014099969,1,1396,1396,1396,1396,147284398,246986,,
2026-08-18,8291789996,1,3552,3552,3552,3552,,,,
2026-08-18,8316902627,1,5317,5317,5317,5317,4692628911,1986049,,
2026-08-18,8356066619,1,4920,4920,4920,4920,82531215,44769,,
2026-08-18,8401518398,1,3642,3642,3642,3642,87436008,69306,,
2026-08-18,8497987845,1,4227,4227,4227,4227,17037563,104216,,
2026-08-18,8539298853,1,6467,6467,6467,6467,1266530798,1741113,,
2026-08-18,8696670616,1,2886,2886,2886,2886,,,,
2026-08-18,8759966530,1,2112,2112,2112,2112,120500579,398541,,
2026-08-18,8786713187,1,689,689,689,689,117254394,285516,,
2026-08-18,8791358380,1,8531,8531,8531,8531,431165169,12849158,,
2026-08-18,8946565814,1,24345,24345,24345,24345,7501903,12375,,
2026-08-18,8950496606,1,2723,2723,2723,2723,174030186,440332,,
2026-08-18,8959257868,1,6455,6455,6455,6455,3220005,12735,,
2026-08-18,9073513091,1,5160,5160,5160,5160,130145906,165785,,
2026-08-18,9077534770,1,863,863,863,863,61159867,189534,,
2026-08-18,9098570654,1,22855,22855,22855,22855,234499307,385289,,
2026-08-18,9122463229,1,9014,9014,9014,9014,,,,
2026-08-18,9129640671,1,11028,11028,11028,11028,,,,
2026-08-18,9141743926,1,8262,8262,8262,8262,434254432,592255,,
2026-08-18,9145063979,1,7216,7216,7216,7216,548136797,552088,,
2026-08-18,9175015027,1,3860,3860,3860,3860,36062429,4927856,,
2026-08-18,9177208241,1,1382,1382,1382,1382,76254145,401144,,
2026-08-18,9219116196,1,2866,2866,2866,2866,94738999,256426,,
2026-08-18,9231693026,1,2948,2948,2948,2948,,,,
2026-08-18,9296042754,1,3773,3773,3773,3773,60983382,289755,,
2026-08-18,9315739469,1,1407,1407,1407,1407,83237655,88037,,
2026-08-18,9348272796,1,19944,19944,19944,19944,697894973,643084,,
2026-08-18,9362896961,1,4644,4644,4644,4644,148387920,217625,,
2026-08-18,9363735110,1,5985,5985,5985,5985,5694448242,2039966,,
2026-08-18,9411563986,1,961,961,961,961,85758948,148830,,
2026-08-18,9481391333,1,4020,4020,4020,4020,19561458,514644,,
2026-08-18,9494058490,1,12312,12312,12312,12312,,,,
2026-08-18,9513686983,1,3030,3030,3030,3030,417986710,13729300,,
2026-08-18,9526307912,1,2458,2458,2458,2458,95286017,163221,,
2026-08-18,9561553764,1,15002,15002,15002,15002,142115294,130612,,
2026-08-18,9584852943,1,212594,212594,212594,212594,4866898160,5643591,,
2026-08-18,9758688665,1,3506,3506,3506,3506,108462711,5586116,,
2026-08-18,9793308933,1,12642,12642,12642,12642,34698769,983952,,
2026-08-18,9830725726,1,3887,3887,3887,3887,42221998,44039,,
2026-08-18,9859536675,1,2754,2754,2754,2754,,,,
2026-08-18,9889811676,1,5113,5113,5113,5113,18103308,150628,,
2026-08-18,9940725596,1,793,793,793,793,33612258,44096,,
2026-08-18,9940812243,1,4707,4707,4707,4707,8798315,133645,,
2026-08-18,9998576154,1,6523,6523,6523,6523,109804178,6938532,,
2026-08-18,10004244222,1,53001,53001,53001,53001,1692692372,24912689,,
2026-08-18,10037267577,1,2088,2088,2088,2088,9014012,180295,,
2026-08-18,10038413468,1,24566,24566,24566,24566,70810694,2113983,,
2026-08-18,10065013948,1,5369,5369,5369,5369,57861042,89525,,
2026-08-18,10086454767,1,654,654,654,654,18506849,51017,,
2026-08-18,10144280947,1,102481,102481,102481,102481,267353150,6867779,,
2026-08-18,10144587520,1,24180,24180,24180,24180,50470881,1411111,,
2026-08-18,10149910491,1,2800,2800,2800,2800,33684696,47750,,
2026-08-18,10149964044,1,6407,6407,6407,6407,,,,
2026-08-18,10153098880,1,7213,7213,7213,7213,22086803,175517,,
2026-08-18,10156435104,1,3924,3924,3924,3924,48135313,77573,,
2026-08-18,10183029417,1,3350,3350,3350,3350,11893699,543857,,
2026-08-18,10184247393,1,12152,12152,12152,12152,77381733,2163622,,
2026-08-18,10196660716,1,2906,2906,2906,2906,30332751,2190006,,
2026-08-18,10199301628,1,25552,25552,25552,25552,349138773,1773575,,
2026-08-18,10200395747,1,191207,191207,191207,191207,1628823641,655863,,
2026-08-18,10204207151,1,2797,2797,2797,2797,19699827,55174,,
2026-08-18,10244001346,1,4584,4584,4584,4584,87405445,90561,,
2026-08-18,10247797619,1,3820,3820,3820,3820,52999929,157002,,
2026-08-18,10253235584,1,16942,16942,16942,16942,47510437,524383,,
2026-08-18,10272236945,1,4362,4362,4362,4362,23467691,34246,,
2026-08-18,10274447949,1,3435,3435,3435,3435,38040026,2727066,,
2026-08-18,10298144467,1,12690,12690,12690,12690,17776268,33536,,
2026-08-18,10314520237,1,11389,11389,11389,11389,,,,
2026-08-18,10321202755,1,10873,10873,10873,10873,41140203,397463,,
2026-08-18,10338952197,1,74836,74836,74836,74836,30931532,3252863,,
2026-08-18,10350558449,1,3810,3810,3810,3810,23946737,507356,,
2026-08-18,10356701370,1,6048,6048,6048,6048,80353977,362655,,
2026-08-18,10376944238,1,13562,13562,13562,13562,33399747,214501,,
2026-08-18,10399136326,1,9554,9554,9554,9554,16262510,38111,,
2026-08-18,10409732219,1,12210,12210,12210,12210,65873749,4701876,,
2026-08-18,10426376134,1,13503,13503,13503,13503,,,,
2026-08-18,10431718987,1,9604,9604,9604,9604,11644287,34082,,
2026-08-18,10455462279,1,5144,5144,5144,5144,28336087,1338865,,
2026-08-18,10456832990,1,6491,6491,6491,6491,54913041,83094,,
2026-08-18,10471583973,1,12194,12194,12194,12194,12107082,51664,,
2026-08-18,10490115057,1,3012,3012,3012,3012,16022985,93002,,
2026-08-18,10502841145,1,19353,19353,19353,19353,50081635,70581,,
2026-08-18,10514488908,1,2706,2706,2706,2706,12425025,31621,,
2026-08-18,10516060568,1,4935,4935,4935,4935,,,,
2026-08-18,10528250136,1,5137,5137,5137,5137,12678217,890516,,
2026-08-18,10547918402,1,14422,14422,14422,14422,18547842,45150,,
2026-08-18,10551595617,1,24814,24814,24814,24814,19824768,696284,,
2026-08-18,10554316588,1,11201,11201,11201,11201,4986355,15046,,
2026-08-18,10559253584,1,2891,2891,2891,2891,3372004,6880,,
2026-08-18,10563114921,1,241136,241136,241136,241136,70178608,148219,,
2026-08-18,10636243604,1,2801,2801,2801,2801,2004398,47021,,
2026-08-19,31970568,1,5922,5922,5922,5922,1605624814,6076971,,
2026-08-19,66654135,1,792162,792162,792162,792162,29442846050,23579907,,
2026-08-19,903807016,1,3891,3891,3891,3891,1565835743,2829285,,
2026-08-19,1198533421,1,1543,1543,1543,1543,180928187,727609,,
2026-08-19,1214576306,1,2948,2948,2948,2948,1643744770,4295659,,
2026-08-19,1430007363,1,3109,3109,3109,3109,905963276,2344104,,
2026-08-19,1489026993,2,6064,6064,5985,6143,2667355617,4338287,,
2026-08-19,1526814825,1,7439,7439,7439,7439,1094086130,4334226,,
2026-08-19,1637284552,1,1016,1016,1016,1016,,,,
2026-08-19,1795206523,1,1187,1187,1187,1187,954485352,930824,,
2026-08-19,1831550657,1,31731,31731,31731,31731,2171274512,10935291,,
2026-08-19,1998835206,1,2056,2056,2056,2056,586134647,1171228,,
2026-08-19,2049551477,1,3265,3265,3265,3265,1469906844,1923321,,
2026-08-19,2165551367,1,1302,1302,1302,1302,671269596,2429639,,
2026-08-19,2247578975,1,2841,2841,2841,2841,1218304674,14934707,,
2026-08-19,2274830359,1,7685,7685,7685,7685,2983277443,2013081,,
2026-08-19,2294168059,1,5139,5139,5139,5139,1242737360,3352911,,
2026-08-19,2339944792,1,728,728,728,728,29277748,163063,,
2026-08-19,2369077151,1,4584,4584,4584,4584,407295094,10895127,,
2026-08-19,2440500124,1,24772,24772,24772,24772,7593278338,8043338,,
2026-08-19,2491559356,1,1932,1932,1932,1932,83192809,171689,,
2026-08-19,2655478023,1,3052,3052,3052,3052,1016743021,3493324,,
2026-08-19,2821905072,1,5272,5272,5272,5272,266720000,5573246,,
2026-08-19,2827951974,1,808,808,808,808,811411209,683533,,
2026-08-19,2921237723,1,1137,1137,1137,1137,140977556,765241,,
2026-08-19,2992873140,1,13227,13227,13227,13227,1393583640,1011718,,
2026-08-19,3079618996,1,5112,5112,5112,5112,790026976,975634,,
2026-08-19,3187874989,1,3981,3981,3981,3981,171179962,233348,,
2026-08-19,3274669156,1,1082,1082,1082,1082,68700463,665159,,
2026-08-19,3310460039,1,17540,17540,17540,17540,4613915054,105155961,,
2026-08-19,3346892457,1,1965,1965,1965,1965,442972580,179762,,
2026-08-19,3472976893,1,3161,3161,3161,3161,175583654,3177425,,
2026-08-19,3502524667,1,1387,1387,1387,1387,758138463,3684866,,
2026-08-19,3551414857,1,1764,1764,1764,1764,632794208,1324083,,
2026-08-19,3647333358,1,43412,43412,43412,43412,9056070517,8148618,,
2026-08-19,3754482795,1,5681,5681,5681,5681,1271289378,4500611,,
2026-08-19,3841172115,1,1447,1447,1447,1447,151874457,693151,,
2026-08-19,4028801234,1,802,802,802,802,235870774,12560513,,
2026-08-19,4071487712,1,674,674,674,674,29043768,120812,,
2026-08-19,4079077350,1,3992,3992,3992,3992,5096394,62712,,
2026-08-19,4283416256,1,693,693,693,693,22073013,130286,,
2026-08-19,4343544885,1,3612,3612,3612,3612,120943171,2691548,,
2026-08-19,4348829796,1,14269,14269,14269,14269,2640190078,11134002,,
2026-08-19,4509896324,1,6406,6406,6406,6406,1079804767,707053,,
2026-08-19,4518160318,1,5619,5619,5619,5619,639806076,1155427,,
2026-08-19,4673599750,1,3567,3567,3567,3567,523378145,478594,,
2026-08-19,4720386144,1,2027,2027,2027,2027,117893478,592956,,
2026-08-19,4793836769,1,5198,5198,5198,5198,299477613,6335823,,
2026-08-19,4925331346,1,4707,4707,4707,4707,315039743,488581,,
2026-08-19,4944984948,1,3912,3912,3912,3912,268814455,137809,,
2026-08-19,5195168716,1,1330,1330,1330,1330,98793525,644471,,
2026-08-19,5361032378,1,53564,53564,53564,53564,2091562788,1001459,,
2026-08-19,5508238359,1,7582,7582,7582,7582,96998516,1764228,,
2026-08-19,5578556129,1,20865,20865,20865,20865,2019006734,1983025,,
2026-08-19,5668114043,1,1985,1985,1985,1985,241426059,741607,,
2026-08-19,5750914919,1,64812,64812,64812,64812,4784404045,3576210,,
2026-08-19,6072944764,1,812,812,812,812,,,,
2026-08-19,6329693946,1,3818,3818,3818,3818,82519369,229909,,
2026-08-19,6466404775,1,3529,3529,3529,3529,69463194,131132,,
2026-08-19,6682487255,1,6839,6839,6839,6839,494520172,228299,,
2026-08-19,6749060816,1,7183,7183,7183,7183,263023888,1771465,,
2026-08-19,7018190066,1,27055,27055,27055,27055,6508849606,6062709,,
2026-08-19,7058980030,1,6996,6996,6996,6996,587865858,982504,,
2026-08-19,7082244450,1,840,840,840,840,,,,
2026-08-19,7094518649,1,10509,10509,10509,10509,347020911,836619,,
2026-08-19,7128163167,1,1741,1741,1741,1741,75586788,126881,,
2026-08-19,7208219743,1,1342,1342,1342,1342,6760998,80994,,
2026-08-19,7219654364,1,57075,57075,57075,57075,1580101717,15313511,,
2026-08-19,7332711118,1,3715,3715,3715,3715,1873549274,2467397,,
2026-08-19,7368125255,1,4686,4686,4686,4686,,,,
2026-08-19,7383133134,1,1675,1675,1675,1675,107213973,795808,,
2026-08-19,7434179990,1,3531,3531,3531,3531,229325174,8021466,,
2026-08-19,7436755782,1,31716,31716,31716,31716,35848138406,11373595,,
2026-08-19,7450124099,1,3485,3485,3485,3485,134862561,760138,,
2026-08-19,7613921865,1,72467,72467,72467,72467,703202880,197325,,
2026-08-19,7709344486,1,199320,199320,199320,199320,72755104616,29064878,,
2026-08-19,7856039629,1,9254,9254,9254,9254,23839927,989258,,
2026-08-19,7891669427,1,1654,1654,1654,1654,37801093,876508,,
2026-08-19,8014099969,1,1419,1419,1419,1419,147430671,247184,,
2026-08-19,8291789996,1,3552,3552,3552,3552,,,,
2026-08-19,8316902627,1,4441,4441,4441,4441,4693268933,1986460,,
2026-08-19,8356066619,1,4697,4697,4697,4697,,,,
2026-08-19,8401518398,1,3557,3557,3557,3557,87978883,69931,,
2026-08-19,8497987845,1,3762,3762,3762,3762,17341997,106233,,
2026-08-19,8504461817,1,633,633,633,633,187418789,99632,,
2026-08-19,8539298853,1,6303,6303,6303,6303,1267162995,1742169,,
2026-08-19,8696670616,1,2886,2886,2886,2886,,,,
2026-08-19,8759966530,1,2083,2083,2083,2083,120753640,399073,,
2026-08-19,8786713187,1,673,673,673,673,117314746,285602,,
2026-08-19,8791358380,1,9623,9623,9623,9623,432041081,12878848,,
2026-08-19,8946565814,1,23951,23951,23951,23951,9394608,13566,,
2026-08-19,8950496606,1,2761,2761,2761,2761,174260603,440834,,
2026-08-19,8959257868,1,5720,5720,5720,5720,3610922,14305,,
2026-08-19,9073513091,1,4560,4560,4560,4560,130688252,166682,,
2026-08-19,9077534770,1,870,870,870,870,61271036,189844,,
2026-08-19,9098570654,1,21581,21581,21581,21581,235694208,387274,,
2026-08-19,9122463229,1,9014,9014,9014,9014,,,,
2026-08-19,9129640671,1,11028,11028,11028,11028,,,,
2026-08-19,9141743926,1,7737,7737,7737,7737,435022798,592697,,
2026-08-19,9145063979,1,8152,8152,8152,8152,549034508,553422,,
2026-08-19,9175015027,1,5482,5482,5482,5482,37013836,4930753,,
2026-08-19,9177208241,1,1383,1383,1383,1383,76416917,401568,,
2026-08-19,9219116196,1,3012,3012,3012,3012,95036865,257487,,
2026-08-19,9231693026,1,2948,2948,2948,2948,,,,
2026-08-19,9296042754,1,4438,4438,4438,4438,61370685,291537,,
2026-08-19,9315739469,1,1298,1298,1298,1298,83424860,88279,,
2026-08-19,9348272796,1,18644,18644,18644,18644,699754050,644845,,
2026-08-19,9362896961,1,4588,4588,4588,4588,148641863,217790,,
2026-08-19,9363735110,1,6330,6330,6330,6330,5695164825,2040518,,
2026-08-19,9411563986,1,876,876,876,876,85878849,149053,,
2026-08-19,9481391333,1,3553,3553,3553,3553,19954841,520806,,
2026-08-19,9494058490,1,12312,12312,12312,12312,,,,
2026-08-19,9513686983,1,3193,3193,3193,3193,418421069,13744834,,
2026-08-19,9526307912,1,2361,2361,2361,2361,95614222,163773,,
2026-08-19,9561553764,1,14584,14584,14584,14584,144335067,132453,,
2026-08-19,9584852943,1,200571,200571,200571,200571,4903347548,5680313,,
2026-08-19,9758688665,1,3350,3350,3350,3350,108829363,5600581,,
2026-08-19,9793308933,1,13524,13524,13524,13524,35952068,1009478,,
2026-08-19,9830725726,1,3738,3738,3738,3738,42998418,45036,,
2026-08-19,9859536675,1,2754,2754,2754,2754,,,,
2026-08-19,9889811676,1,4441,4441,4441,4441,18592475,153025,,
2026-08-19,9940725596,1,774,774,774,774,33735410,44307,,
2026-08-19,9940812243,1,4421,4421,4421,4421,8992815,134750,,
2026-08-19,9998576154,1,6893,6893,6893,6893,110482368,6978340,,
2026-08-19,10004244222,1,51948,51948,51948,51948,1698919870,24961804,,
2026-08-19,10037267577,1,1529,1529,1529,1529,9243484,180898,,
2026-08-19,10038413468,1,26783,26783,26783,26783,73244048,2162799,,
2026-08-19,10065013948,1,5247,5247,5247,5247,58459452,90484,,
2026-08-19,10144280947,1,106244,106244,106244,106244,283503155,7171667,,
2026-08-19,10144587520,1,25679,25679,25679,25679,51522635,1437883,,
2026-08-19,10149910491,1,2725,2725,2725,2725,33918313,48076,,
2026-08-19,10149964044,1,6407,6407,6407,6407,,,,
2026-08-19,10153098880,1,6677,6677,6677,6677,22584622,178603,,
2026-08-19,10156435104,1,4518,4518,4518,4518,48536852,78151,,
2026-08-19,10183029417,1,3141,3141,3141,3141,12183684,572898,,
2026-08-19,10184247393,1,13634,13634,13634,13634,78587296,2194866,,
2026-08-19,10199301628,1,24786,24786,24786,24786,351874537,1782107,,
2026-08-19,10200395747,1,173752,173752,173752,173752,1633516809,656731,,
2026-08-19,10244001346,1,4917,4917,4917,4917,88178375,91508,,
2026-08-19,10247797619,1,3871,3871,3871,3871,53431010,157951,,
2026-08-19,10253235584,1,16147,16147,16147,16147,48462777,530361,,
2026-08-19,10272236945,1,4574,4574,4574,4574,24014727,35176,,
2026-08-19,10274447949,1,3848,3848,3848,3848,38555898,2762671,,
2026-08-19,10298144467,1,11595,11595,11595,11595,18416585,34036,,
2026-08-19,10314520237,1,11389,11389,11389,11389,,,,
2026-08-19,10321202755,1,10179,10179,10179,10179,41441570,399327,,
2026-08-19,10338952197,1,75795,75795,75795,75795,35631506,3697890,,
2026-08-19,10350558449,1,3381,3381,3381,3381,24304966,513580,,
2026-08-19,10356701370,1,5864,5864,5864,5864,81512994,365013,,
2026-08-19,10376944238,1,13769,13769,13769,13769,34789047,221070,,
2026-08-19,10399136326,1,9745,9745,9745,9745,17425694,40245,,
2026-08-19,10409732219,1,10669,10669,10669,10669,68228124,4829948,,
2026-08-19,10426376134,1,13503,13503,13503,13503,,,,
2026-08-19,10431718987,1,10211,10211,10211,10211,12518218,34582,,
2026-08-19,10455462279,1,5705,5705,5705,5705,29000457,1368390,,
2026-08-19,10456832990,1,6156,6156,6156,6156,55587411,84330,,
2026-08-19,10471583973,1,11138,11138,11138,11138,13100732,53787,,
2026-08-19,10502841145,1,22038,22038,22038,22038,51345013,73257,,
2026-08-19,10514488908,1,2325,2325,2325,2325,12720127,32242,,
2026-08-19,10516060568,1,4935,4935,4935,4935,,,,
2026-08-19,10519092644,1,3240,3240,3240,3240,3514268,423815,,
2026-08-19,10528250136,1,4715,4715,4715,4715,13628052,951092,,
2026-08-19,10547918402,1,8969,8969,8969,8969,20591231,49628,,
2026-08-19,10551595617,1,22922,22922,22922,22922,22706281,782599,,
2026-08-19,10554316588,1,9570,9570,9570,9570,5899337,17591,,
2026-08-19,10563114921,1,281709,281709,281709,281709,89537310,179484,,
2026-08-20,31970568,1,6022,6022,6022,6022,1606051906,6077593,,
2026-08-20,66654135,1,773462,773462,773462,773462,29495005685,23600653,,
2026-08-20,903807016,1,3967,3967,3967,3967,1566494190,2829840,,
2026-08-20,1198533421,1,1335,1335,1335,1335,181034007,727836,,
2026-08-20,1214576306,1,3085,3085,3085,3085,1643951454,4295932,,
2026-08-20,1430007363,1,3229,3229,3229,3229,906324378,2346212,,
2026-08-20,1489026993,2,6034,6034,6032,6035,2667961261,4339208,,
2026-08-20,1526814825,1,7626,7626,7626,7626,1094657429,4335492,,
2026-08-20,1637284552,1,1016,1016,1016,1016,,,,
2026-08-20,1795206523,1,1211,1211,1211,1211,954714374,930929,,
2026-08-20,1831550657,1,19972,19972,19972,19972,2172902429,10942224,,
2026-08-20,1998835206,1,2087,2087,2087,2087,586301225,1171366,,
2026-08-20,2049551477,1,3331,3331,3331,3331,1470286472,1923866,,
2026-08-20,2165551367,1,1254,1254,1254,1254,671469910,2430282,,
2026-08-20,2247578975,2,2983,2983,2978,2988,1218714608,14935060,,
2026-08-20,2274830359,1,7883,7883,7883,7883,2984389166,2014287,,
2026-08-20,2294168059,1,5008,5008,5008,5008,1243184841,3354112,,
2026-08-20,2339944792,1,620,620,620,620,29377368,163420,,
2026-08-20,2369077151,1,4934,4934,4934,4934,407744715,10902846,,
2026-08-20,2440500124,1,25061,25061,25061,25061,7596047331,8046060,,
2026-08-20,2491559356,1,1842,1842,1842,1842,83355222,172000,,
2026-08-20,2655478023,1,3351,3351,3351,3351,1017186253,3493892,,
2026-08-20,2788648141,1,2874,2874,2874,2874,1000414751,2086506,,
2026-08-20,2821905072,1,5090,5090,5090,5090,267156594,5580951,,
2026-08-20,2827951974,1,795,795,795,795,811518247,683704,,
2026-08-20,2921237723,1,1200,1200,1200,1200,141103304,765630,,
2026-08-20,2992873140,1,13494,13494,13494,13494,1394730181,1012392,,
2026-08-20,3079618996,1,4693,4693,4693,4693,790463526,978589,,
2026-08-20,3187874989,1,4152,4152,4152,4152,171561536,233738,,
2026-08-20,3274669156,1,1164,1164,1164,1164,68769921,665793,,
2026-08-20,3310460039,1,18088,18088,18088,18088,4616135980,105157337,,
2026-08-20,3346892457,1,1893,1893,1893,1893,443246708,180156,,
2026-08-20,3472976893,1,3455,3455,3455,3455,176172788,3196057,,
2026-08-20,3502524667,1,1383,1383,1383,1383,758386737,3685120,,
2026-08-20,3551414857,1,1678,1678,1678,1678,632955524,1324334,,
2026-08-20,3647333358,1,43698,43698,43698,43698,9061028528,8151859,,
2026-08-20,3754482795,1,5728,5728,5728,5728,1271945825,4503411,,
2026-08-20,3759884822,1,3262,3262,3262,3262,132622601,114621,,
2026-08-20,3841172115,1,1788,1788,1788,1788,152046033,693713,,
2026-08-20,4028801234,1,952,952,952,952,235971606,12566122,,
2026-08-20,4071487712,1,702,702,702,702,29093887,120962,,
2026-08-20,4283416256,1,704,704,704,704,22127438,130517,,
2026-08-20,4343544885,1,4195,4195,4195,4195,121240081,2695846,,
2026-08-20,4348829796,1,14417,14417,14417,14417,2642050637,11145412,,
2026-08-20,4509896324,1,4153,4153,4153,4153,1080080454,707155,,
2026-08-20,4518160318,1,5865,5865,5865,5865,640193271,1156330,,
2026-08-20,4595016786,1,2668,2668,2668,2668,600785159,742787,,
2026-08-20,4673599750,1,3451,3451,3451,3451,524265736,479427,,
2026-08-20,4720386144,1,2098,2098,2098,2098,118055416,593704,,
2026-08-20,4793836769,1,5067,5067,5067,5067,299918724,6345167,,
2026-08-20,4925331346,1,4546,4546,4546,4546,315411962,489271,,
2026-08-20,4944984948,1,4729,4729,4729,4729,269537077,138541,,
2026-08-20,5195168716,1,1403,1403,1403,1403,98940436,645166,,
2026-08-20,5361032378,1,52395,52395,52395,52395,2094542426,1002351,,
2026-08-20,5508238359,1,7767,7767,7767,7767,97627507,1772732,,
2026-08-20,5578556129,1,18530,18530,18530,18530,2019852838,1983299,,
2026-08-20,5668114043,1,2025,2025,2025,2025,241652621,742140,,
2026-08-20,5750914919,1,64238,64238,64238,64238,4787761813,3578118,,
2026-08-20,6072944764,1,874,874,874,874,,,,
2026-08-20,6329693946,1,3758,3758,3758,3758,82730269,230235,,
2026-08-20,6466404775,1,3455,3455,3455,3455,69700356,131498,,
2026-08-20,6682487255,1,6561,6561,6561,6561,495129638,228534,,
2026-08-20,6749060816,1,6884,6884,6884,6884,263583128,1774456,,
2026-08-20,7018190066,1,28580,28580,28580,28580,6511457728,6064636,,
2026-08-20,7058980030,1,7198,7198,7198,7198,588903525,984234,,
2026-08-20,7082244450,1,1055,1055,1055,1055,41065886,168925,,
2026-08-20,7082423811,1,2864,2864,2864,2864,286538816,1567608,,
2026-08-20,7094518649,1,10564,10564,10564,10564,347595910,837944,,
2026-08-20,7128163167,1,1716,1716,1716,1716,75759303,127147,,
2026-08-20,7208219743,1,1258,1258,1258,1258,6865144,81599,,
2026-08-20,7219654364,1,59452,59452,59452,59452,1586775917,15344832,,
2026-08-20,7332711118,1,3434,3434,3434,3434,1873933129,2467830,,
2026-08-20,7368125255,1,4686,4686,4686,4686,,,,
2026-08-20,7383133134,1,1986,1986,1986,1986,107505596,798205,,
2026-08-20,7434179990,1,4708,4708,4708,4708,229672957,8031879,,
2026-08-20,7436755782,1,29694,29694,29694,29694,35850465993,11374961,,
2026-08-20,7613921865,1,63313,63313,63313,63313,710244003,198174,,
2026-08-20,7709344486,1,135391,135391,135391,135391,72785928284,29077359,,
2026-08-20,7720654467,1,2794,2794,2794,2794,83027091,227086,,
2026-08-20,7856039629,1,9346,9346,9346,9346,25197339,1026084,,
2026-08-20,7891669427,1,1810,1810,1810,1810,37945962,878131,,
2026-08-20,8014099969,1,1313,1313,1313,1313,147568917,247500,,
2026-08-20,8291789996,1,3552,3552,3552,3552,,,,
2026-08-20,8316902627,1,4467,4467,4467,4467,4693832640,1987259,,
2026-08-20,8356066619,1,4302,4302,4302,4302,82833954,44904,,
2026-08-20,8401518398,1,3981,3981,3981,3981,88509248,70558,,
2026-08-20,8497987845,1,3505,3505,3505,3505,17600365,107516,,
2026-08-20,8504461817,1,734,734,734,734,187541717,99860,,
2026-08-20,8539298853,1,8074,8074,8074,8074,1267988414,1744207,,
2026-08-20,8696670616,1,2886,2886,2886,2886,,,,
2026-08-20,8759966530,1,2031,2031,2031,2031,121004166,399706,,
2026-08-20,8791358380,1,10187,10187,10187,10187,433016254,12919131,,
2026-08-20,8946565814,1,23189,23189,23189,23189,11132917,14736,,
2026-08-20,8950496606,1,2479,2479,2479,2479,174472792,441232,,
2026-08-20,8959257868,1,5182,5182,5182,5182,3968809,15697,,
2026-08-20,9073513091,1,3912,3912,3912,3912,131160937,167329,,
2026-08-20,9077534770,1,737,737,737,737,61362008,190067,,
2026-08-20,9098570654,1,20017,20017,20017,20017,236810029,389051,,
2026-08-20,9122463229,1,9014,9014,9014,9014,,,,
2026-08-20,9129640671,1,11028,11028,11028,11028,,,,
2026-08-20,9141743926,1,7256,7256,7256,7256,435740776,593055,,
2026-08-20,9145063979,1,8179,8179,8179,8179,549970254,554723,,
2026-08-20,9175015027,1,4753,4753,4753,4753,38001278,4933557,,
2026-08-20,9177208241,1,1519,1519,1519,1519,76578681,402055,,
2026-08-20,9219116196,1,2843,2843,2843,2843,95341988,258597,,
2026-08-20,9231693026,1,2948,2948,2948,2948,,,,
2026-08-20,9296042754,1,5193,5193,5193,5193,61822723,293562,,
2026-08-20,9315739469,1,1283,1283,1283,1283,83604727,88517,,
2026-08-20,9348272796,1,16880,16880,16880,16880,701427923,646529,,
2026-08-20,9362896961,1,4507,4507,4507,4507,148899844,217995,,
2026-08-20,9363735110,1,6867,6867,6867,6867,5696123320,2041106,,
2026-08-20,9411563986,1,888,888,888,888,85999567,149306,,
2026-08-20,9481391333,1,3459,3459,3459,3459,20313084,525645,,
2026-08-20,9494058490,1,12312,12312,12312,12312,,,,
2026-08-20,9513686983,1,3389,3389,3389,3389,418873404,13761759,,
2026-08-20,9526307912,1,2976,2976,2976,2976,95888162,164273,,
2026-08-20,9561553764,1,17520,17520,17520,17520,146661811,134438,,
2026-08-20,9584852943,1,216968,216968,216968,216968,4960691320,5725256,,
2026-08-20,9758688665,1,3776,3776,3776,3776,109216179,5616968,,
2026-08-20,9793308933,1,14251,14251,14251,14251,37290236,1040220,,
2026-08-20,9830725726,1,3466,3466,3466,3466,43647881,45815,,
2026-08-20,9859536675,1,2754,2754,2754,2754,,,,
2026-08-20,9889811676,1,5153,5153,5153,5153,19088630,155485,,
2026-08-20,9940725596,1,946,946,946,946,33862044,44505,,
2026-08-20,9940812243,1,4279,4279,4279,4279,9178335,135556,,
2026-08-20,9953328866,1,3091,3091,3091,3091,48815180,53803,,
2026-08-20,9998576154,1,7228,7228,7228,7228,111161895,7019131,,
2026-08-20,10004244222,1,49028,49028,49028,49028,1704750612,25007930,,
2026-08-20,10037267577,1,1435,1435,1435,1435,9459328,181505,,
2026-08-20,10038413468,1,27083,27083,27083,27083,75744780,2209487,,
2026-08-20,10065013948,1,4407,4407,4407,4407,58993070,91314,,
2026-08-20,10144280947,1,100476,100476,100476,100476,301886167,7464761,,
2026-08-20,10144587520,1,24090,24090,24090,24090,52777040,1467416,,
2026-08-20,10149910491,1,2666,2666,2666,2666,34152495,48401,,
2026-08-20,10149964044,1,6407,6407,6407,6407,,,,
2026-08-20,10153098880,1,6297,6297,6297,6297,23049009,181424,,
2026-08-20,10156435104,1,5619,5619,5619,5619,48991693,78873,,
2026-08-20,10183029417,1,3080,3080,3080,3080,12459263,598367,,
2026-08-20,10184247393,1,12160,12160,12160,12160,79785177,2223522,,
2026-08-20,10199301628,1,26272,26272,26272,26272,354616838,1791185,,
2026-08-20,10200395747,1,49276,49276,49276,49276,1638417540,657220,,
2026-08-20,10244001346,1,4898,4898,4898,4898,88963515,92404,,
2026-08-20,10247797619,1,4354,4354,4354,4354,53885220,159038,,
2026-08-20,10253235584,1,16218,16218,16218,16218,49395843,537738,,
2026-08-20,10272236945,1,3684,3684,3684,3684,24495766,35967,,
2026-08-20,10274447949,1,3164,3164,3164,3164,39020041,2791410,,
2026-08-20,10298144467,1,10765,10765,10765,10765,18991825,33158,,
2026-08-20,10314520237,1,11389,11389,11389,11389,,,,
2026-08-20,10321202755,1,9165,9165,9165,9165,41723355,401243,,
2026-08-20,10338952197,1,70865,70865,70865,70865,40395256,4116480,,
2026-08-20,10356701370,1,5428,5428,5428,5428,82621685,367350,,
2026-08-20,10376944238,1,12843,12843,12843,12843,36159648,227826,,
2026-08-20,10399136326,1,12296,12296,12296,12296,18708584,42905,,
2026-08-20,10409732219,1,9784,9784,9784,9784,70177281,4931188,,
2026-08-20,10426376134,1,13503,13503,13503,13503,,,,
2026-08-20,10431718987,1,15146,15146,15146,15146,13565611,37544,,
2026-08-20,10455462279,1,5436,5436,5436,5436,29662597,1397181,,
2026-08-20,10456832990,1,6918,6918,6918,6918,56259723,85599,,
2026-08-20,10471583973,1,11230,11230,11230,11230,14017404,55924,,
2026-08-20,10502841145,1,20322,20322,20322,20322,52632486,75876,,
2026-08-20,10514488908,1,2229,2229,2229,2229,12992739,32849,,
2026-08-20,10516060568,1,4935,4935,4935,4935,,,,
2026-08-20,10519092644,1,4879,4879,4879,4879,3980045,487829,,
2026-08-20,10528250136,1,3636,3636,3636,3636,14413440,1002246,,
2026-08-20,10547918402,1,8051,8051,8051,8051,22021425,52956,,
2026-08-20,10551595617,1,27359,27359,27359,27359,25577303,872298,,
2026-08-20,10554316588,1,10846,10846,10846,10846,6850140,19814,,
2026-08-20,10559253584,1,2889,2889,2889,2889,4159563,8408,,
2026-08-20,10563114921,1,330853,330853,330853,330853,112454478,212910,,
2026-08-20,10601447895,1,5916,5916,5916,5916,4855118,410976,,
2026-08-21,31970568,1,6481,6481,6481,6481,1606478625,6078107,,
2026-08-21,66654135,1,826177,826177,826177,826177,29546514081,23619972,,
2026-08-21,903807016,1,3928,3928,3928,3928,1567138591,2830390,,
2026-08-21,1198533421,1,1336,1336,1336,1336,181135184,728056,,
2026-08-21,1214576306,1,2860,2860,2860,2860,1644148868,4296219,,
2026-08-21,1430007363,1,3459,3459,3459,3459,906707034,2348388,,
2026-08-21,1489026993,2,6300,6300,6128,6473,2668598328,4339995,,
2026-08-21,1526814825,1,7335,7335,7335,7335,1095161175,4336456,,
2026-08-21,1637284552,1,1016,1016,1016,1016,,,,
2026-08-21,1795206523,1,1155,1155,1155,1155,954943989,931017,,
2026-08-21,1831550657,1,24929,24929,24929,24929,2174476986,10948719,,
2026-08-21,1998835206,1,2281,2281,2281,2281,586470505,1171511,,
2026-08-21,2049551477,1,3723,3723,3723,3723,1470695027,1924471,,
2026-08-21,2165551367,1,1161,1161,1161,1161,671653370,2430875,,
2026-08-21,2247578975,2,3328,3328,3120,3536,1219127935,14935419,,
2026-08-21,2274830359,1,8151,8151,8151,8151,2985499226,2015426,,
2026-08-21,2294168059,1,5407,5407,5407,5407,1243630427,3355303,,
2026-08-21,2369077151,1,5637,5637,5637,5637,408197263,10910646,,
2026-08-21,2440500124,1,26383,26383,26383,26383,7598982235,8049030,,
2026-08-21,2491559356,1,2029,2029,2029,2029,83532919,172261,,
2026-08-21,2655478023,2,3218,3218,3037,3400,1017679265,3494472,,
2026-08-21,2788648141,1,2871,2871,2871,2871,1000649986,2088853,,
2026-08-21,2821905072,1,5035,5035,5035,5035,267628957,5589644,,
2026-08-21,2827951974,1,971,971,971,971,811636041,683908,,
2026-08-21,2921237723,1,1135,1135,1135,1135,141226872,765989,,
2026-08-21,2992873140,1,12873,12873,12873,12873,1395862501,1012900,,
2026-08-21,3079618996,1,4479,4479,4479,4479,790896653,981806,,
2026-08-21,3187874989,1,4316,4316,4316,4316,171961279,234141,,
2026-08-21,3274669156,1,1174,1174,1174,1174,68834272,666396,,
2026-08-21,3310460039,1,19476,19476,19476,19476,4618684061,105158888,,
2026-08-21,3346892457,1,2466,2466,2466,2466,443543975,180564,,
2026-08-21,3472976893,1,3383,3383,3383,3383,176747323,3212267,,
2026-08-21,3502524667,1,1557,1557,1557,1557,758621683,3685395,,
2026-08-21,3551414857,1,1649,1649,1649,1649,633109667,1324616,,
2026-08-21,3647333358,1,44939,44939,44939,44939,9066098506,8155004,,
2026-08-21,3754482795,1,6483,6483,6483,6483,1272642341,4506319,,
2026-08-21,3759884822,1,3222,3222,3222,3222,,,,
2026-08-21,3841172115,1,1792,1792,1792,1792,152245532,694422,,
2026-08-21,4028801234,1,942,942,942,942,,,,
2026-08-21,4071487712,1,690,690,690,690,29142477,121077,,
2026-08-21,4283416256,1,676,676,676,676,22181067,130734,,
2026-08-21,4343544885,1,3761,3761,3761,3761,121535118,2700117,,
2026-08-21,4348829796,1,14760,14760,14760,14760,2643897950,11156794,,
2026-08-21,4509896324,1,3515,3515,3515,3515,1080258193,707248,,
2026-08-21,4518160318,1,6078,6078,6078,6078,640590104,1157292,,
2026-08-21,4595016786,1,2944,2944,2944,2944,601167874,743489,,
2026-08-21,4673599750,1,3613,3613,3613,3613,525174810,480272,,
2026-08-21,4720386144,1,2265,2265,2265,2265,118217918,594413,,
2026-08-21,4793836769,1,5040,5040,5040,5040,300354910,6354501,,
2026-08-21,4925331346,1,4598,4598,4598,4598,315780369,489943,,
2026-08-21,4944984948,1,4837,4837,4837,4837,270240363,139294,,
2026-08-21,5195168716,1,1496,1496,1496,1496,99090747,645847,,
2026-08-21,5361032378,1,52787,52787,52787,52787,2097360162,1003074,,
2026-08-21,5508238359,1,7949,7949,7949,7949,98287686,1782200,,
2026-08-21,5578556129,1,17581,17581,17581,17581,2020615787,1983542,,
2026-08-21,5668114043,1,1933,1933,1933,1933,241870975,742587,,
2026-08-21,5750914919,1,64023,64023,64023,64023,4791080984,3579025,,
2026-08-21,5927446137,1,752,752,752,752,45418951,591471,,
2026-08-21,6072944764,1,824,824,824,824,54882891,63049,,
2026-08-21,6329693946,1,3670,3670,3670,3670,82939018,230556,,
2026-08-21,6466404775,1,3698,3698,3698,3698,69946888,131888,,
2026-08-21,6682487255,1,6588,6588,6588,6588,495733530,228570,,
2026-08-21,6749060816,1,7040,7040,7040,7040,264141329,1777544,,
2026-08-21,7018190066,1,31133,31133,31133,31133,6514257094,6066724,,
2026-08-21,7058980030,1,7946,7946,7946,7946,590089349,986081,,
2026-08-21,7082244450,1,1097,1097,1097,1097,41256273,169414,,
2026-08-21,7082423811,1,3370,3370,3370,3370,286834505,1568001,,
2026-08-21,7094518649,1,10555,10555,10555,10555,348152777,839055,,
2026-08-21,7113705633,1,758,758,758,758,18453228,441674,,
2026-08-21,7128163167,1,1806,1806,1806,1806,75936395,127409,,
2026-08-21,7208219743,1,1168,1168,1168,1168,6967682,82181,,
2026-08-21,7219654364,1,62573,62573,62573,62573,1593444657,15375418,,
2026-08-21,7332711118,1,3286,3286,3286,3286,,,,
2026-08-21,7368125255,1,4686,4686,4686,4686,,,,
2026-08-21,7383133134,1,2197,2197,2197,2197,107834361,800830,,
2026-08-21,7434179990,1,6028,6028,6028,6028,230189263,8050565,,
2026-08-21,7436755782,1,29530,29530,29530,29530,35852718674,11376068,,
2026-08-21,7613921865,1,53869,53869,53869,53869,716140196,198748,,
2026-08-21,7709344486,1,175366,175366,175366,175366,72816585984,29089921,,
2026-08-21,7856039629,1,9277,9277,9277,9277,26542551,1060968,,
2026-08-21,7891669427,1,1620,1620,1620,1620,38090607,879804,,
2026-08-21,8014099969,1,1529,1529,1529,1529,147719558,247764,,
2026-08-21,8291789996,1,3552,3552,3552,3552,,,,
2026-08-21,8316902627,1,4016,4016,4016,4016,4694375286,1987564,,
2026-08-21,8356066619,1,3904,3904,3904,3904,82954022,44962,,
2026-08-21,8401518398,1,3971,3971,3971,3971,89148884,71282,,
2026-08-21,8497987845,1,3098,3098,3098,3098,17820404,108299,,
2026-08-21,8504461817,1,1176,1176,1176,1176,187703933,100000,,
2026-08-21,8539298853,1,6977,6977,6977,6977,1268687824,1745464,,
2026-08-21,8696670616,1,2886,2886,2886,2886,,,,
2026-08-21,8759966530,1,2200,2200,2200,2200,121285473,400359,,
2026-08-21,8791358380,1,10422,10422,10422,10422,434084531,12965250,,
2026-08-21,8946565814,1,22082,22082,22082,22082,12810880,15906,,
2026-08-21,8950496606,1,2881,2881,2881,2881,174684724,441671,,
2026-08-21,8959257868,1,6231,6231,6231,6231,4410743,20676,,
2026-08-21,8995269203,1,642,642,642,642,26828538,23274,,
2026-08-21,9073513091,1,3668,3668,3668,3668,131590876,167961,,
2026-08-21,9098570654,1,19826,19826,19826,19826,237896849,390595,,
2026-08-21,9122463229,1,9014,9014,9014,9014,,,,
2026-08-21,9129640671,1,11028,11028,11028,11028,,,,
2026-08-21,9141743926,1,8732,8732,8732,8732,436524918,593390,,
2026-08-21,9145063979,1,10242,10242,10242,10242,551151299,556367,,
2026-08-21,9175015027,1,4938,4938,4938,4938,39063481,4936319,,
2026-08-21,9177208241,1,1635,1635,1635,1635,76758361,402552,,
2026-08-21,9219116196,1,3071,3071,3071,3071,95630792,259533,,
2026-08-21,9231693026,1,2948,2948,2948,2948,,,,
2026-08-21,9296042754,1,5642,5642,5642,5642,62367264,295957,,
2026-08-21,9315739469,1,1249,1249,1249,1249,83780573,88774,,
2026-08-21,9348272796,1,16736,16736,16736,16736,703069995,647969,,
2026-08-21,9362896961,1,4367,4367,4367,4367,149123517,218113,,
2026-08-21,9363735110,1,6475,6475,6475,6475,5696896017,2041679,,
2026-08-21,9411563986,1,921,921,921,921,,,,
2026-08-21,9452898647,1,3037,3037,3037,3037,117943590,4967367,,
2026-08-21,9481391333,1,3979,3979,3979,3979,20702333,532054,,
2026-08-21,9494058490,1,12312,12312,12312,12312,,,,
2026-08-21,9501409571,1,685,685,685,685,40504063,203266,,
2026-08-21,9513686983,1,3516,3516,3516,3516,419360920,13780000,,
2026-08-21,9526307912,1,2556,2556,2556,2556,96235160,164875,,
2026-08-21,9561553764,1,18790,18790,18790,18790,149354219,136646,,
2026-08-21,9584852943,1,178602,178602,178602,178602,4996482026,5761119,,
2026-08-21,9758688665,1,3691,3691,3691,3691,109596806,5632759,,
2026-08-21,9793308933,1,12680,12680,12680,12680,38696700,1073313,,
2026-08-21,9830725726,1,4150,4150,4150,4150,44267739,46558,,
2026-08-21,9859536675,1,2754,2754,2754,2754,,,,
2026-08-21,9889811676,1,4876,4876,4876,4876,19580434,157817,,
2026-08-21,9940725596,1,900,900,900,900,34003711,44760,,
2026-08-21,9940812243,1,4222,4222,4222,4222,9360246,136353,,
2026-08-21,9953328866,1,3955,3955,3955,3955,49176798,54381,,
2026-08-21,9998576154,1,6315,6315,6315,6315,111804543,7054869,,
2026-08-21,10004244222,1,49600,49600,49600,49600,1710655326,25055212,,
2026-08-21,10037267577,1,1277,1277,1277,1277,9641554,181976,,
2026-08-21,10038413468,1,26372,26372,26372,26372,78273395,2256499,,
2026-08-21,10065013948,1,4716,4716,4716,4716,59473004,92041,,
2026-08-21,10144280947,1,98960,98960,98960,98960,317990065,7736471,,
2026-08-21,10144587520,1,24326,24326,24326,24326,53853404,1495702,,
2026-08-21,10149910491,1,2753,2753,2753,2753,34398521,48697,,
2026-08-21,10149964044,1,6407,6407,6407,6407,,,,
2026-08-21,10153098880,1,6206,6206,6206,6206,23493825,184363,,
2026-08-21,10156435104,1,5078,5078,5078,5078,49469636,79599,,
2026-08-21,10183029417,1,3392,3392,3392,3392,12765864,628057,,
2026-08-21,10184247393,1,14023,14023,14023,14023,80968419,2253857,,
2026-08-21,10199301628,1,25468,25468,25468,25468,357473154,1800573,,
2026-08-21,10200395747,1,68472,68472,68472,68472,1641648482,657789,,
2026-08-21,10204207151,1,2833,2833,2833,2833,20488122,56950,,
2026-08-21,10244001346,1,4913,4913,4913,4913,89741289,93227,,
2026-08-21,10247797619,1,5473,5473,5473,5473,54528934,161058,,
2026-08-21,10253235584,1,15235,15235,15235,15235,50271366,544026,,
2026-08-21,10272236945,1,4763,4763,4763,4763,24946014,36671,,
2026-08-21,10274447949,1,3826,3826,3826,3826,39549737,2827312,,
2026-08-21,10283025251,1,2760,2760,2760,2760,16854357,796084,,
2026-08-21,10298144467,1,10880,10880,10880,10880,19530011,30983,,
2026-08-21,10314520237,1,11389,11389,11389,11389,,,,
2026-08-21,10321202755,1,8920,8920,8920,8920,41990029,401464,,
2026-08-21,10338952197,1,65778,65778,65778,65778,45055250,4490209,,
2026-08-21,10356701370,1,5001,5001,5001,5001,83684502,369573,,
2026-08-21,10376944238,1,10717,10717,10717,10717,37356212,233523,,
2026-08-21,10399136326,1,12935,12935,12935,12935,20061499,45534,,
2026-08-21,10409732219,1,8389,8389,8389,8389,71992233,5026062,,
2026-08-21,10426376134,1,13503,13503,13503,13503,,,,
2026-08-21,10431718987,1,15098,15098,15098,15098,14843924,40961,,
2026-08-21,10455462279,1,4828,4828,4828,4828,30252729,1420474,,
2026-08-21,10456832990,1,5107,5107,5107,5107,56902858,86803,,
2026-08-21,10471583973,1,10942,10942,10942,10942,14922272,58153,,
2026-08-21,10502841145,1,19675,19675,19675,19675,53864964,78288,,
2026-08-21,10514488908,1,2073,2073,2073,2073,13263855,33382,,
2026-08-21,10516060568,1,4935,4935,4935,4935,,,,
2026-08-21,10519092644,1,2924,2924,2924,2924,4423760,542139,,
2026-08-21,10528250136,1,3456,3456,3456,3456,15175923,1056763,,
2026-08-21,10547918402,1,6254,6254,6254,6254,23223391,55306,,
2026-08-21,10551595617,1,21529,21529,21529,21529,28323086,945185,,
2026-08-21,10554316588,1,7484,7484,7484,7484,7530315,21309,,
2026-08-21,10559253584,1,3627,3627,3627,3627,4643342,9350,,
2026-08-21,10563114921,1,425689,425689,425689,425689,141772003,255325,,
2026-08-21,10601447895,1,7080,7080,7080,7080,6012759,487243,,
2026-08-22,31970568,1,6799,6799,6799,6799,1606958194,6078724,,
2026-08-22,66654135,1,769573,769573,769573,769573,29598101524,23640000,,
2026-08-22,597286316,1,2957,2957,2957,2957,151077746,229046,,
2026-08-22,903807016,1,4310,4310,4310,4310,1567818796,2830896,,
2026-08-22,1198533421,1,1497,1497,1497,1497,181241377,728308,,
2026-08-22,1214576306,1,2762,2762,2762,2762,1644350466,4296482,,
2026-08-22,1430007363,1,3491,3491,3491,3491,907127325,2350743,,
2026-08-22,1489026993,2,6417,6417,6326,6508,2669275826,4340777,,
2026-08-22,1526814825,1,7635,7635,7635,7635,1095711864,4337662,,
2026-08-22,1637284552,1,1016,1016,1016,1016,,,,
2026-08-22,1795206523,1,1354,1354,1354,1354,955195268,931142,,
2026-08-22,1831550657,1,32294,32294,32294,32294,2176913403,10957350,,
2026-08-22,1998835206,1,2700,2700,2700,2700,586657350,1171637,,
2026-08-22,2049551477,1,3924,3924,3924,3924,1471158551,1925107,,
2026-08-22,2165551367,1,1102,1102,1102,1102,671834649,2431486,,
2026-08-22,2247578975,2,3816,3816,3328,4304,1219631076,14935846,,
2026-08-22,2274830359,1,9799,9799,9799,9799,2986907273,2016853,,
2026-08-22,2294168059,1,6460,6460,6460,6460,1244105635,3356554,,
2026-08-22,2369077151,1,5795,5795,5795,5795,408725400,10920580,,
2026-08-22,2440500124,1,27207,27207,27207,27207,7602022028,8051934,,
2026-08-22,2491559356,1,2065,2065,2065,2065,83712248,172495,,
2026-08-22,2655478023,2,3572,3572,3298,3845,1018228690,3495062,,
2026-08-22,2788648141,1,3756,3756,3756,3756,1000926730,2091123,,
2026-08-22,2821905072,1,4640,4640,4640,4640,268078903,5597378,,
2026-08-22,2827951974,1,1094,1094,1094,1094,811780181,684139,,
2026-08-22,2921237723,1,1218,1218,1218,1218,141358579,766421,,
2026-08-22,2992873140,1,14536,14536,14536,14536,1397039843,1013422,,
2026-08-22,3034836582,1,1037,1037,1037,1037,504286394,1916712,,
2026-08-22,3079618996,1,5042,5042,5042,5042,791310806,984893,,
2026-08-22,3187874989,1,4060,4060,4060,4060,172390913,234589,,
2026-08-22,3274669156,1,1177,1177,1177,1177,68908620,667222,,
2026-08-22,3310460039,1,19698,19698,19698,19698,4621672525,105160720,,
2026-08-22,3346892457,1,2707,2707,2707,2707,443916170,181057,,
2026-08-22,3472976893,1,3158,3158,3158,3158,177323527,3228192,,
2026-08-22,3502524667,1,1536,1536,1536,1536,758876645,3685702,,
2026-08-22,3551414857,1,1817,1817,1817,1817,633282810,1324901,,
2026-08-22,3647333358,1,47475,47475,47475,47475,9071489420,8158323,,
2026-08-22,3746418487,1,2831,2831,2831,2831,323341873,392017,,
2026-08-22,3754482795,1,5965,5965,5965,5965,1273437352,4509552,,
2026-08-22,3759884822,1,2975,2975,2975,2975,133035236,115159,,
2026-08-22,3841172115,1,2232,2232,2232,2232,152481397,695164,,
2026-08-22,4028801234,1,1314,1314,1314,1314,236221770,12580297,,
2026-08-22,4071487712,1,942,942,942,942,29197189,121248,,
2026-08-22,4079077350,1,2880,2880,2880,2880,5265242,64366,,
2026-08-22,4283416256,1,806,806,806,806,22238029,130940,,
2026-08-22,4343544885,1,3848,3848,3848,3848,121819318,2704245,,
2026-08-22,4348829796,1,14387,14387,14387,14387,2645802547,11168489,,
2026-08-22,4509896324,1,3411,3411,3411,3411,1080412704,707330,,
2026-08-22,4518160318,1,5969,5969,5969,5969,641011392,1158338,,
2026-08-22,4595016786,1,3154,3154,3154,3154,601548705,744237,,
2026-08-22,4673599750,1,3631,3631,3631,3631,526073594,481145,,
2026-08-22,4720386144,1,2386,2386,2386,2386,118392546,595280,,
2026-08-22,4793836769,1,5136,5136,5136,5136,300817982,6365142,,
2026-08-22,4925331346,1,4256,4256,4256,4256,316137169,490653,,
2026-08-22,4944984948,1,5212,5212,5212,5212,271102773,140117,,
2026-08-22,5195168716,1,1594,1594,1594,1594,99237435,646619,,
2026-08-22,5207621753,1,2841,2841,2841,2841,92705923,77087,,
2026-08-22,5361032378,1,54094,54094,54094,54094,2100387825,1003801,,
2026-08-22,5508238359,1,6488,6488,6488,6488,98905853,1789021,,
2026-08-22,5578556129,1,16307,16307,16307,16307,2021352016,1983794,,
2026-08-22,5668114043,1,2175,2175,2175,2175,242108009,743096,,
2026-08-22,5750914919,1,72216,72216,72216,72216,4794763697,3580615,,
2026-08-22,5927446137,1,1047,1047,1047,1047,45499037,592592,,
2026-08-22,6072944764,1,866,866,866,866,54958604,63203,,
2026-08-22,6314664695,1,880,880,880,880,61219246,2861193,,
2026-08-22,6329693946,1,3201,3201,3201,3201,83132859,230894,,
2026-08-22,6466404775,1,4129,4129,4129,4129,70218178,132411,,
2026-08-22,6682487255,1,8949,8949,8949,8949,496447135,228618,,
2026-08-22,6749060816,1,9009,9009,9009,9009,264827730,1780602,,
2026-08-22,7018190066,1,31583,31583,31583,31583,6517218499,6068832,,
2026-08-22,7058980030,1,7997,7997,7997,7997,591405569,988194,,
2026-08-22,7082244450,1,1114,1114,1114,1114,41450614,169998,,
2026-08-22,7082423811,1,5675,5675,5675,5675,287243982,1568606,,
2026-08-22,7094518649,1,11838,11838,11838,11838,348835862,840328,,
2026-08-22,7128163167,1,1639,1639,1639,1639,76101442,127653,,
2026-08-22,7208219743,1,1444,1444,1444,1444,7095184,82832,,
2026-08-22,7219654364,1,62717,62717,62717,62717,1600742143,15409041,,
2026-08-22,7332711118,1,3454,3454,3454,3454,1874667326,2468473,,
2026-08-22,7368125255,1,4686,4686,4686,4686,,,,
2026-08-22,7383133134,1,2172,2172,2172,2172,108149786,803347,,
2026-08-22,7434179990,1,5533,5533,5533,5533,230695019,8067151,,
2026-08-22,7436755782,1,31182,31182,31182,31182,35855114381,11377370,,
2026-08-22,7613921865,1,46283,46283,46283,46283,721184492,199476,,
2026-08-22,7690412163,1,682,682,682,682,85350446,204155,,
2026-08-22,7709344486,1,163463,163463,163463,163463,72851203804,29104229,,
2026-08-22,7720654467,1,2625,2625,2625,2625,83951226,229019,,
2026-08-22,7856039629,1,9437,9437,9437,9437,27899467,1093096,,
2026-08-22,7891669427,1,1553,1553,1553,1553,38229635,881300,,
2026-08-22,8014099969,1,1469,1469,1469,1469,147896887,248069,,
2026-08-22,8291789996,1,3552,3552,3552,3552,,,,
2026-08-22,8316902627,1,3889,3889,3889,3889,4694959230,1987897,,
2026-08-22,8356066619,1,3671,3671,3671,3671,83061586,45012,,
2026-08-22,8401518398,1,3848,3848,3848,3848,89745864,71965,,
2026-08-22,8497987845,1,3308,3308,3308,3308,18040490,109352,,
2026-08-22,8504461817,2,2290,2290,1904,2676,188024942,100288,,
2026-08-22,8539298853,1,23414,23414,23414,23414,1271667980,1760675,,
2026-08-22,8562618273,1,800,800,800,800,104792898,85353,,
2026-08-22,8696670616,1,2886,2886,2886,2886,,,,
2026-08-22,8759966530,1,2475,2475,2475,2475,121611189,401084,,
2026-08-22,8791358380,1,10676,10676,10676,10676,435254487,13018323,,
2026-08-22,8946565814,1,23196,23196,23196,23196,14424182,17001,,
2026-08-22,8950496606,1,2853,2853,2853,2853,174920433,442220,,
2026-08-22,8959257868,1,6687,6687,6687,6687,4820566,23773,,
2026-08-22,9073513091,1,3838,3838,3838,3838,132023540,168666,,
2026-08-22,9077534770,1,1214,1214,1214,1214,61592498,190755,,
2026-08-22,9098570654,1,21573,21573,21573,21573,239090148,392831,,
2026-08-22,9122463229,1,9014,9014,9014,9014,,,,
2026-08-22,9129640671,1,11028,11028,11028,11028,,,,
2026-08-22,9141743926,1,6732,6732,6732,6732,437293092,593677,,
2026-08-22,9145063979,1,11644,11644,11644,11644,552547123,558440,,
2026-08-22,9145282410,1,976,976,976,976,39344372,283342,,
2026-08-22,9175015027,1,5270,5270,5270,5270,40196248,4939068,,
2026-08-22,9177208241,1,1763,1763,1763,1763,76964750,403213,,
2026-08-22,9219116196,1,3444,3444,3444,3444,95950187,260861,,
2026-08-22,9231693026,1,2948,2948,2948,2948,,,,
2026-08-22,9296042754,1,5139,5139,5139,5139,62948672,298532,,
2026-08-22,9315472782,1,679,679,679,679,24358877,140280,,
2026-08-22,9315739469,1,1191,1191,1191,1191,83960416,89022,,
2026-08-22,9348272796,1,17179,17179,17179,17179,704956731,649655,,
2026-08-22,9362896961,1,4385,4385,4385,4385,149337927,218220,,
2026-08-22,9363735110,1,6441,6441,6441,6441,5697688175,2042263,,
2026-08-22,9409870130,1,1018,1018,1018,1018,21388814,264264,,
2026-08-22,9411563986,1,808,808,808,808,86243465,149745,,
2026-08-22,9452898647,1,3573,3573,3573,3573,118305596,4988560,,
2026-08-22,9481391333,1,4992,4992,4992,4992,21169072,538713,,
2026-08-22,9494058490,1,12312,12312,12312,12312,,,,
2026-08-22,9501409571,1,794,794,794,794,40622608,204158,,
2026-08-22,9513686983,1,3564,3564,3564,3564,419862676,13797654,,
2026-08-22,9526307912,2,2806,2806,2511,3101,96627599,165631,,
2026-08-22,9561553764,1,17129,17129,17129,17129,152143393,138933,,
2026-08-22,9584852943,1,210310,210310,210310,210310,5033544226,5799007,,
2026-08-22,9674179529,1,1500,1500,1500,1500,12625699,19162,,
2026-08-22,9758688665,1,3936,3936,3936,3936,110028552,5653223,,
2026-08-22,9793308933,1,10316,10316,10316,10316,39982567,1098772,,
2026-08-22,9830725726,1,4586,4586,4586,4586,45103170,47622,,
2026-08-22,9859536675,1,2754,2754,2754,2754,,,,
2026-08-22,9889811676,1,5775,5775,5775,5775,20123500,160493,,
2026-08-22,9930466428,1,597,597,597,597,36733668,148213,,
2026-08-22,9940725596,1,1137,1137,1137,1137,34174676,45019,,
2026-08-22,9940812243,1,4190,4190,4190,4190,9533174,137109,,
2026-08-22,9953328866,1,2687,2687,2687,2687,49553007,54871,,
2026-08-22,9998576154,1,5348,5348,5348,5348,112442640,7089745,,
2026-08-22,10004244222,1,46600,46600,46600,46600,1717010248,25108437,,
2026-08-22,10007524016,1,3249,3249,3249,3249,21702906,4126709,,
2026-08-22,10037267577,1,1105,1105,1105,1105,9812951,182448,,
2026-08-22,10038413468,1,25982,25982,25982,25982,80842638,2304421,,
2026-08-22,10065013948,1,4369,4369,4369,4369,59973076,92891,,
2026-08-22,10144280947,1,119351,119351,119351,119351,335376634,8028936,,
2026-08-22,10144587520,1,23325,23325,23325,23325,54969090,1525266,,
2026-08-22,10149910491,1,2749,2749,2749,2749,34645444,49010,,
2026-08-22,10149964044,1,6407,6407,6407,6407,,,,
2026-08-22,10153098880,1,6429,6429,6429,6429,23931693,187647,,
2026-08-22,10156435104,1,5491,5491,5491,5491,49984319,80402,,
2026-08-22,10183029417,1,3827,3827,3827,3827,13110989,661801,,
2026-08-22,10184247393,1,11979,11979,11979,11979,82309732,2288004,,
2026-08-22,10199301628,1,20632,20632,20632,20632,360377359,1810146,,
2026-08-22,10200395747,1,61188,61188,61188,61188,1644417840,658398,,
2026-08-22,10204207151,1,2790,2790,2790,2790,20770645,57559,,
2026-08-22,10241000620,1,3588,3588,3588,3588,8684398,48645,,
2026-08-22,10244001346,1,6283,6283,6283,6283,90636913,94191,,
2026-08-22,10247797619,1,5434,5434,5434,5434,,,,
2026-08-22,10253235584,1,14596,14596,14596,14596,51150203,551232,,
2026-08-22,10272236945,1,3974,3974,3974,3974,25541039,37692,,
2026-08-22,10274447949,1,3895,3895,3895,3895,40080122,2861908,,
2026-08-22,10298144467,1,11074,11074,11074,11074,20074812,31421,,
2026-08-22,10314520237,1,11389,11389,11389,11389,,,,
2026-08-22,10321202755,1,10102,10102,10102,10102,42258796,402899,,
2026-08-22,10338952197,1,62510,62510,62510,62510,49521865,4849083,,
2026-08-22,10356701370,1,4476,4476,4476,4476,84686380,371654,,
2026-08-22,10376944238,1,9846,9846,9846,9846,38509759,238821,,
2026-08-22,10399136326,1,14092,14092,14092,14092,21711556,48674,,
2026-08-22,10409732219,1,11042,11042,11042,11042,73760516,5109214,,
2026-08-22,10426376134,1,13503,13503,13503,13503,,,,
2026-08-22,10431718987,1,16168,16168,16168,16168,16275724,44723,,
2026-08-22,10455462279,1,5447,5447,5447,5447,30909210,1445670,,
2026-08-22,10456832990,1,6043,6043,6043,6043,57491761,87815,,
2026-08-22,10471583973,1,10094,10094,10094,10094,15801873,59976,,
2026-08-22,10502841145,1,19727,19727,19727,19727,55053240,80449,,
2026-08-22,10514488908,1,2669,2669,2669,2669,13594390,34094,,
2026-08-22,10516060568,1,4935,4935,4935,4935,,,,
2026-08-22,10519092644,1,3910,3910,3910,3910,4843123,590966,,
2026-08-22,10528250136,1,4308,4308,4308,4308,15948612,1104146,,
2026-08-22,10547918402,1,5771,5771,5771,5771,24372759,57701,,
2026-08-22,10551595617,1,20244,20244,20244,20244,31015637,1011784,,
2026-08-22,10554316588,1,13970,13970,13970,13970,8414454,23726,,
2026-08-22,10559253584,1,4302,4302,4302,4302,5156393,10309,,
2026-08-22,10563114921,1,576376,576376,576376,576376,181467144,308222,,
2026-08-22,10601447895,1,14381,14381,14381,14381,7812816,618478,,
2026-08-22,10636243604,1,2662,2662,2662,2662,2611427,59315,,
2026-08-23,31970568,1,7420,7420,7420,7420,1607441566,6079394,,
2026-08-23,66654135,1,853593,853593,853593,853593,29651251209,23660744,,
2026-08-23,568307879,1,756,756,756,756,525140566,548828,,
2026-08-23,605887098,1,2893,2893,2893,2893,2520440581,3708276,,
2026-08-23,903807016,1,4678,4678,4678,4678,1568539039,2831464,,
2026-08-23,1198533421,1,1392,1392,1392,1392,181340759,728526,,
2026-08-23,1214576306,1,3062,3062,3062,3062,1644555353,4296815,,
2026-08-23,1430007363,1,3878,3878,3878,3878,907571060,2353168,,
2026-08-23,1489026993,2,6728,6728,6668,6787,2669966972,4341547,,
2026-08-23,1526814825,1,8001,8001,8001,8001,1096274785,4339140,,
2026-08-23,1637284552,1,1016,1016,1016,1016,,,,
2026-08-23,1795206523,1,1416,1416,1416,1416,955457202,931232,,
2026-08-23,1831550657,1,30514,30514,30514,30514,2179188209,10967310,,
2026-08-23,1998835206,1,2604,2604,2604,2604,586861009,1171807,,
2026-08-23,2049551477,1,4403,4403,4403,4403,1471640654,1925719,,
2026-08-23,2165551367,1,1232,1232,1232,1232,672021938,2432103,,
2026-08-23,2247578975,2,4043,4043,3667,4419,1220200455,14936276,,
2026-08-23,2274830359,1,9577,9577,9577,9577,2988445550,2018312,,
2026-08-23,2294168059,1,5106,5106,5106,5106,1244576400,3357792,,
2026-08-23,2369077151,1,6061,6061,6061,6061,409274696,10930501,,
2026-08-23,2440500124,1,32582,32582,32582,32582,7605297651,8055315,,
2026-08-23,2491559356,1,1999,1999,1999,1999,83887885,172758,,
2026-08-23,2655478023,2,4063,4063,3631,4495,1018832985,3495678,,
2026-08-23,2788648141,1,3749,3749,3749,3749,1001279023,2093748,,
2026-08-23,2821905072,1,4984,4984,4984,4984,268542266,5605454,,
2026-08-23,2827951974,1,1053,1053,1053,1053,811924473,684350,,
2026-08-23,2921237723,1,1259,1259,1259,1259,141499364,766799,,
2026-08-23,2992873140,1,15381,15381,15381,15381,1398166695,1013967,,
2026-08-23,3034836582,1,946,946,946,946,504400530,1916879,,
2026-08-23,3079618996,1,5253,5253,5253,5253,791791288,988549,,
2026-08-23,3164075108,1,2958,2958,2958,2958,281495691,736336,,
2026-08-23,3187874989,1,4766,4766,4766,4766,172840428,235056,,
2026-08-23,3274669156,1,999,999,999,999,68971744,667779,,
2026-08-23,3310460039,1,22257,22257,22257,22257,4624798579,105162386,,
2026-08-23,3317771874,1,78691,78691,78691,78691,2610612941,2188519,,
2026-08-23,3346892457,1,2506,2506,2506,2506,444261104,181492,,
2026-08-23,3420059569,1,2919,2919,2919,2919,958311756,27483476,,
2026-08-23,3472976893,1,3662,3662,3662,3662,177901530,3245239,,
2026-08-23,3502524667,1,1850,1850,1850,1850,759145016,3686017,,
2026-08-23,3551414857,1,2592,2592,2592,2592,633480010,1325224,,
2026-08-23,3647333358,1,48495,48495,48495,48495,9077016165,8161784,,
2026-08-23,3746418487,1,3191,3191,3191,3191,323674248,392467,,
2026-08-23,3754482795,1,6965,6965,6965,6965,1274295561,4513131,,
2026-08-23,3759884822,1,3972,3972,3972,3972,133265826,115478,,
2026-08-23,3841172115,1,2503,2503,2503,2503,152731015,695883,,
2026-08-23,4028801234,1,1210,1210,1210,1210,236357923,12588000,,
2026-08-23,4071487712,1,890,890,890,890,29252013,121379,,
2026-08-23,4079077350,1,3860,3860,3860,3860,5383065,65220,,
2026-08-23,4283416256,1,752,752,752,752,,,,
2026-08-23,4343544885,1,4004,4004,4004,4004,122117531,2708849,,
2026-08-23,4348829796,1,16404,16404,16404,16404,2647731528,11180430,,
2026-08-23,4509896324,1,2837,2837,2837,2837,1080550947,707406,,
2026-08-23,4518160318,1,6621,6621,6621,6621,641461643,1159407,,
2026-08-23,4595016786,1,3108,3108,3108,3108,601937187,744914,,
2026-08-23,4673599750,1,3713,3713,3713,3713,526963359,482010,,
2026-08-23,4720386144,1,2192,2192,2192,2192,118569609,595965,,
2026-08-23,4793836769,1,5068,5068,5068,5068,301259387,6374414,,
2026-08-23,4925331346,1,4414,4414,4414,4414,316482255,491310,,
2026-08-23,4944984948,1,6482,6482,6482,6482,272121482,141084,,
2026-08-23,5195168716,1,1365,1365,1365,1365,99389736,647284,,
2026-08-23,5361032378,1,53525,53525,53525,53525,2102966079,1004525,,
2026-08-23,5508238359,1,8008,8008,8008,8008,99521889,1796493,,
2026-08-23,5578556129,1,15430,15430,15430,15430,2022050839,1983908,,
2026-08-23,5668114043,1,2221,2221,2221,2221,242342492,743609,,
2026-08-23,5750914919,1,91892,91892,91892,91892,4801403882,3582989,,
2026-08-23,5927446137,1,856,856,856,856,45572871,593511,,
2026-08-23,6015491985,1,2549,2549,2549,2549,360244633,212778,,
2026-08-23,6072944764,1,988,988,988,988,55038677,63357,,
2026-08-23,6247557414,1,728,728,728,728,198977839,2310100,,
2026-08-23,6329693946,1,3322,3322,3322,3322,83318934,231242,,
2026-08-23,6466404775,1,4838,4838,4838,4838,70570585,132959,,
2026-08-23,6682487255,1,8494,8494,8494,8494,497185898,228663,,
2026-08-23,6749060816,1,9329,9329,9329,9329,265494598,1783607,,
2026-08-23,7018190066,1,35655,35655,35655,35655,6520229708,6071026,,
2026-08-23,7058980030,1,9074,9074,9074,9074,592737893,990370,,
2026-08-23,7082244450,1,1096,1096,1096,1096,41652488,170647,,
2026-08-23,7082423811,1,4546,4546,4546,4546,287730469,1569316,,
2026-08-23,7094518649,1,12225,12225,12225,12225,349495671,841499,,
2026-08-23,7127084123,1,2742,2742,2742,2742,150349416,320567,,
2026-08-23,7128163167,1,1806,1806,1806,1806,76266176,127888,,
2026-08-23,7208219743,1,1661,1661,1661,1661,7220405,83744,,
2026-08-23,7219654364,1,80160,80160,80160,80160,1608789680,15446209,,
2026-08-23,7332711118,1,3867,3867,3867,3867,1875211635,2468827,,
2026-08-23,7368125255,1,4686,4686,4686,4686,,,,
2026-08-23,7383133134,1,2431,2431,2431,2431,108499977,805791,,
2026-08-23,7434179990,1,7697,7697,7697,7697,231302850,8088789,,
2026-08-23,7436755782,1,34422,34422,34422,34422,35858425644,11379101,,
2026-08-23,7450124099,1,2889,2889,2889,2889,135731039,764930,,
2026-08-23,7613921865,1,38924,38924,38924,38924,725843899,200054,,
2026-08-23,7709344486,1,151653,151653,151653,151653,72900907714,29123819,,
2026-08-23,7720654467,1,3019,3019,3019,3019,84442521,230124,,
2026-08-23,7798947148,1,2799,2799,2799,2799,147534502,310559,,
2026-08-23,7856039629,1,10527,10527,10527,10527,29278390,1126859,,
2026-08-23,7891669427,1,1831,1831,1831,1831,38367651,882804,,
2026-08-23,8014099969,1,1444,1444,1444,1444,148057093,248315,,
2026-08-23,8291789996,1,3552,3552,3552,3552,,,,
2026-08-23,8316902627,1,6024,6024,6024,6024,4695819585,1988466,,
2026-08-23,8401518398,1,4898,4898,4898,4898,90387720,72670,,
2026-08-23,8497987845,1,5548,5548,5548,5548,18425561,110809,,
2026-08-23,8504461817,1,1716,1716,1716,1716,188325646,100527,,
2026-08-23,8539298853,1,9814,9814,9814,9814,1272781862,1762837,,
2026-08-23,8562618273,1,793,793,793,793,104896627,85456,,
2026-08-23,8696670616,1,2886,2886,2886,2886,,,,
2026-08-23,8759966530,1,2980,2980,2980,2980,121931839,401754,,
2026-08-23,8791358380,1,11913,11913,11913,11913,436474008,13072280,,
2026-08-23,8946565814,1,22733,22733,22733,22733,16027446,18091,,
2026-08-23,8950496606,1,2816,2816,2816,2816,175148583,442652,,
2026-08-23,8959257868,1,8832,8832,8832,8832,5398105,27947,,
2026-08-23,8995269203,1,642,642,642,642,27115117,23565,,
2026-08-23,9073513091,1,6738,6738,6738,6738,132962672,169362,,
2026-08-23,9077534770,1,1075,1075,1075,1075,61721174,191110,,
2026-08-23,9098570654,1,21351,21351,21351,21351,240403594,395291,,
2026-08-23,9122463229,1,9014,9014,9014,9014,,,,
2026-08-23,9129640671,1,11028,11028,11028,11028,,,,
2026-08-23,9141743926,1,6788,6788,6788,6788,438015438,594005,,
2026-08-23,9145063979,1,10687,10687,10687,10687,553974672,560479,,
2026-08-23,9175015027,1,4929,4929,4929,4929,41356014,4941822,,
2026-08-23,9177208241,1,1872,1872,1872,1872,77178192,403799,,
2026-08-23,9219116196,1,3558,3558,3558,3558,96257886,261946,,
2026-08-23,9231693026,1,2948,2948,2948,2948,,,,
2026-08-23,9296042754,1,5174,5174,5174,5174,63494296,300991,,
2026-08-23,9315739469,1,1368,1368,1368,1368,84140080,89257,,
2026-08-23,9348272796,1,22004,22004,22004,22004,707366977,651373,,
2026-08-23,9362896961,1,4621,4621,4621,4621,149578211,218306,,
2026-08-23,9363735110,1,6590,6590,6590,6590,5698820535,2043007,,
2026-08-23,9409870130,1,788,788,788,788,,,,
2026-08-23,9411563986,1,862,862,862,862,86353818,149921,,
2026-08-23,9452898647,1,3090,3090,3090,3090,118657406,5006912,,
2026-08-23,9481391333,1,5011,5011,5011,5011,21626861,544423,,
2026-08-23,9494058490,1,12312,12312,12312,12312,,,,
2026-08-23,9501409571,1,825,825,825,825,40738017,204930,,
2026-08-23,9513686983,1,3561,3561,3561,3561,420386532,13816606,,
2026-08-23,9526307912,1,2231,2231,2231,2231,96926376,166220,,
2026-08-23,9561553764,1,21030,21030,21030,21030,154957800,141307,,
2026-08-23,9584852943,1,226218,226218,226218,226218,5098154438,5846949,,
2026-08-23,9674179529,1,1110,1110,1110,1110,12799609,19459,,
2026-08-23,9758688665,1,3729,3729,3729,3729,110496150,5675719,,
2026-08-23,9793308933,1,12705,12705,12705,12705,41159856,1124424,,
2026-08-23,9830725726,1,4525,4525,4525,4525,45973489,48620,,
2026-08-23,9859536675,1,2754,2754,2754,2754,,,,
2026-08-23,9889811676,1,5828,5828,5828,5828,20672075,162942,,
2026-08-23,9930466428,1,691,691,691,691,36841490,148795,,
2026-08-23,9940725596,1,1148,1148,1148,1148,34358247,45319,,
2026-08-23,9940812243,1,4306,4306,4306,4306,9703010,137892,,
2026-08-23,9953328866,1,3492,3492,3492,3492,49944826,55311,,
2026-08-23,9998576154,1,5548,5548,5548,5548,113030485,7123253,,
2026-08-23,10004244222,1,55266,55266,55266,55266,1727137549,25168089,,
2026-08-23,10007524016,1,2747,2747,2747,2747,,,,
2026-08-23,10037267577,1,1237,1237,1237,1237,9969876,182842,,
2026-08-23,10038413468,1,30807,30807,30807,30807,83391647,2350869,,
2026-08-23,10065013948,1,4069,4069,4069,4069,60427817,93663,,
2026-08-23,10144280947,1,100698,100698,100698,100698,359765010,8332355,,
2026-08-23,10144587520,1,25481,25481,25481,25481,56285997,1546237,,
2026-08-23,10149910491,1,3276,3276,3276,3276,34926380,49383,,
2026-08-23,10149964044,1,6407,6407,6407,6407,,,,
2026-08-23,10153098880,1,7656,7656,7656,7656,24511834,191149,,
2026-08-23,10156435104,1,5401,5401,5401,5401,50624223,81182,,
2026-08-23,10183029417,1,3756,3756,3756,3756,13460480,694864,,
2026-08-23,10184247393,1,11664,11664,11664,11664,83641072,2314288,,
2026-08-23,10199301628,1,22416,22416,22416,22416,363331092,1819392,,
2026-08-23,10200395747,1,54361,54361,54361,54361,1647557400,659056,,
2026-08-23,10204207151,1,2985,2985,2985,2985,21223005,58237,,
2026-08-23,10241000620,1,2897,2897,2897,2897,8967548,50354,,
2026-08-23,10244001346,1,6825,6825,6825,6825,91732247,95337,,
2026-08-23,10247797619,1,5548,5548,5548,5548,55883609,164428,,
2026-08-23,10253235584,1,15366,15366,15366,15366,52072592,557349,,
2026-08-23,10272236945,1,4407,4407,4407,4407,26081571,38534,,
2026-08-23,10274447949,1,3748,3748,3748,3748,40608590,2896955,,
2026-08-23,10298144467,1,11818,11818,11818,11818,20623214,30732,,
2026-08-23,10314520237,1,11389,11389,11389,11389,,,,
2026-08-23,10321202755,1,11576,11576,11576,11576,42630169,405164,,
2026-08-23,10338952197,1,75039,75039,75039,75039,55038990,5153940,,
2026-08-23,10356701370,1,4464,4464,4464,4464,85731131,373762,,
2026-08-23,10364552556,1,2795,2795,2795,2795,,,,
2026-08-23,10376944238,1,9086,9086,9086,9086,39521436,243618,,
2026-08-23,10399136326,1,17680,17680,17680,17680,23635352,52518,,
2026-08-23,10409732219,1,7401,7401,7401,7401,75801126,5180606,,
2026-08-23,10426376134,1,13503,13503,13503,13503,,,,
2026-08-23,10431718987,1,15294,15294,15294,15294,17969658,48667,,
2026-08-23,10455462279,1,9366,9366,9366,9366,31964735,1478597,,
2026-08-23,10456832990,1,4783,4783,4783,4783,58090730,88880,,
2026-08-23,10471583973,1,10999,10999,10999,10999,16711207,62249,,
2026-08-23,10502841145,1,25309,25309,25309,25309,56528155,83163,,
2026-08-23,10514488908,1,2953,2953,2953,2953,13952942,34847,,
2026-08-23,10516060568,1,4935,4935,4935,4935,,,,
2026-08-23,10519092644,1,5195,5195,5195,5195,5380487,657874,,
2026-08-23,10526434002,1,13502,13502,13502,13502,5524973,8930,,
2026-08-23,10528250136,1,5043,5043,5043,5043,16925857,1150757,,
2026-08-23,10533932233,1,3249,3249,3249,3249,1425245,40046,,
2026-08-23,10536401008,1,3213,3213,3213,3213,14014091,1126284,,
2026-08-23,10547918402,1,4652,4652,4652,4652,25558583,59917,,
2026-08-23,10551595617,1,24115,24115,24115,24115,33824441,1088475,,
2026-08-23,10554316588,1,8348,8348,8348,8348,9490506,26546,,
2026-08-23,10559253584,1,5255,5255,5255,5255,5878949,11762,,
2026-08-23,10563114921,1,758253,758253,758253,758253,244850435,394902,,
2026-08-23,10601447895,1,16534,16534,16534,16534,10360502,678896,,
2026-08-23,10604772590,1,19038,19038,19038,19038,3556964,8003,,
2026-08-23,10605530218,1,7138,7138,7138,7138,9849011,14244,,
2026-08-24,31970568,1,5926,5926,5926,5926,1607921448,6080039,,
2026-08-24,66654135,1,386602,386602,386602,386602,29697338160,23682418,,
2026-08-24,903807016,1,4126,4126,4126,4126,1569258733,2832062,,
2026-08-24,1198533421,1,1166,1166,1166,1166,181428061,728697,,
2026-08-24,1214576306,1,2936,2936,2936,2936,1644760174,4297160,,
2026-08-24,1430007363,1,3201,3201,3201,3201,907949270,2355269,,
2026-08-24,1489026993,2,5764,5764,5641,5886,2670577560,4342263,,
2026-08-24,1526814825,1,7457,7457,7457,7457,1096811865,4340273,,
2026-08-24,1637284552,1,1016,1016,1016,1016,,,,
2026-08-24,1795206523,1,1110,1110,1110,1110,955685189,931349,,
2026-08-24,1831550657,1,26632,26632,26632,26632,2181133523,10976650,,
2026-08-24,1998835206,1,1970,1970,1970,1970,587036915,1171913,,
2026-08-24,2049551477,1,3297,3297,3297,3297,1472065802,1926291,,
2026-08-24,2165551367,1,1020,1020,1020,1020,672188194,2432635,,
2026-08-24,2247578975,2,3082,3082,3036,3128,1220650845,14936637,,
2026-08-24,2274830359,1,8623,8623,8623,8623,2989814700,2019630,,
2026-08-24,2294168059,1,4492,4492,4492,4492,1244960853,3358816,,
2026-08-24,2369077151,1,5280,5280,5280,5280,409801929,10939947,,
2026-08-24,2440500124,1,26428,26428,26428,26428,7608366787,8058748,,
2026-08-24,2491559356,1,2014,2014,2014,2014,84049094,173060,,
2026-08-24,2655478023,2,3115,3115,2935,3295,1019348990,3496262,,
2026-08-24,2788648141,1,3316,3316,3316,3316,1001571383,2095916,,
2026-08-24,2821905072,1,4586,4586,4586,4586,269006862,5613694,,
2026-08-24,2827951974,1,869,869,869,869,812041758,684529,,
2026-08-24,2921237723,1,996,996,996,996,141618275,767156,,
2026-08-24,2992873140,1,13351,13351,13351,13351,1399317273,1014568,,
2026-08-24,3034836582,1,762,762,762,762,504498245,1917098,,
2026-08-24,3079618996,1,4244,4244,4244,4244,792211803,991575,,
2026-08-24,3187874989,1,4093,4093,4093,4093,173228158,235463,,
2026-08-24,3274669156,1,915,915,915,915,69026991,668226,,
2026-08-24,3310460039,1,18305,18305,18305,18305,4627594568,105163852,,
2026-08-24,3317771874,1,98423,98423,98423,98423,2612062610,2187989,,
2026-08-24,3346892457,1,1914,1914,1914,1914,444548248,181895,,
2026-08-24,3472976893,1,2656,2656,2656,2656,178369194,3257745,,
2026-08-24,3502524667,1,1401,1401,1401,1401,759388795,3686312,,
2026-08-24,3551414857,1,1901,1901,1901,1901,633671041,1325559,,
2026-08-24,3647333358,1,42465,42465,42465,42465,9081904519,8164605,,
2026-08-24,3746418487,1,3040,3040,3040,3040,323989598,392992,,
2026-08-24,3754482795,1,5930,5930,5930,5930,1275073327,4516548,,
2026-08-24,3759884822,1,3992,3992,3992,3992,133504036,115767,,
2026-08-24,3841172115,1,1749,1749,1749,1749,152948788,696538,,
2026-08-24,4028801234,1,972,972,972,972,236465503,12594148,,
2026-08-24,4071487712,1,747,747,747,747,29303615,121506,,
2026-08-24,4079077350,1,3221,3221,3221,3221,5493990,65711,,
2026-08-24,4283416256,1,707,707,707,707,22348357,131374,,
2026-08-24,4343544885,1,3564,3564,3564,3564,122402740,2713357,,
2026-08-24,4348829796,1,13219,13219,13219,13219,2649500865,11191712,,
2026-08-24,4518160318,1,6192,6192,6192,6192,641902962,1160542,,
2026-08-24,4673599750,1,3082,3082,3082,3082,527841486,482798,,
2026-08-24,4720386144,1,1926,1926,1926,1926,118719131,596556,,
2026-08-24,4793836769,1,4362,4362,4362,4362,301637559,6382580,,
2026-08-24,4925331346,1,4251,4251,4251,4251,316829557,491999,,
2026-08-24,4944984948,1,5985,5985,5985,5985,273109782,142072,,
2026-08-24,5195168716,1,1503,1503,1503,1503,99527723,647947,,
2026-08-24,5361032378,1,51944,51944,51944,51944,2105792955,1005156,,
2026-08-24,5508238359,1,6193,6193,6193,6193,100066722,1802696,,
2026-08-24,5578556129,1,12451,12451,12451,12451,2022652329,1984540,,
2026-08-24,5668114043,1,1791,1791,1791,1791,242540982,743995,,
2026-08-24,5750914919,1,74449,74449,74449,74449,4806018478,3584799,,
2026-08-24,5927446137,1,739,739,739,739,45638453,594259,,
2026-08-24,6072944764,1,745,745,745,745,55110199,63524,,
2026-08-24,6329693946,1,3123,3123,3123,3123,83507772,231475,,
2026-08-24,6466404775,1,4481,4481,4481,4481,70884897,133417,,
2026-08-24,6682487255,1,7672,7672,7672,7672,497886440,228702,,
2026-08-24,6749060816,1,7557,7557,7557,7557,266090188,1786316,,
2026-08-24,7018190066,1,25689,25689,25689,25689,6522721300,6072763,,
2026-08-24,7058980030,1,7528,7528,7528,7528,593982414,992484,,
2026-08-24,7082244450,1,1091,1091,1091,1091,41855863,171305,,
2026-08-24,7082423811,1,4500,4500,4500,4500,288130704,1569871,,
2026-08-24,7094518649,1,11276,11276,11276,11276,350141701,842774,,
2026-08-24,7127084123,1,2711,2711,2711,2711,150544621,321016,,
2026-08-24,7128163167,1,1438,1438,1438,1438,76408612,128116,,
2026-08-24,7208219743,1,1187,1187,1187,1187,7334866,84689,,
2026-08-24,7219654364,1,62566,62566,62566,62566,1615953116,15480220,,
2026-08-24,7332711118,1,3076,3076,3076,3076,1875597456,2469084,,
2026-08-24,7368125255,1,4686,4686,4686,4686,,,,
2026-08-24,7383133134,1,1796,1796,1796,1796,108811328,808102,,
2026-08-24,7434179990,1,6368,6368,6368,6368,231881761,8108328,,
2026-08-24,7436755782,1,29453,29453,29453,29453,35860857141,11380419,,
2026-08-24,7613921865,1,31637,31637,31637,31637,729467403,200980,,
2026-08-24,7709344486,1,183445,183445,183445,183445,72935342986,29135860,,
2026-08-24,7720654467,1,2750,2750,2750,2750,84953582,231312,,
2026-08-24,7856039629,1,7842,7842,7842,7842,30520912,1156356,,
2026-08-24,7891669427,1,1631,1631,1631,1631,38500385,884223,,
2026-08-24,8014099969,1,1169,1169,1169,1169,148178638,248502,,
2026-08-24,8223345519,1,752,752,752,752,36088122,81004,,
2026-08-24,8291789996,1,3552,3552,3552,3552,,,,
2026-08-24,8316902627,1,4908,4908,4908,4908,4696491313,1988873,,
2026-08-24,8356066619,1,6193,6193,6193,6193,83363600,45129,,
2026-08-24,8401518398,1,3630,3630,3630,3630,91041683,73404,,
2026-08-24,8497987845,1,4171,4171,4171,4171,18728655,111921,,
2026-08-24,8504461817,1,1478,1478,1478,1478,188567787,100772,,
2026-08-24,8539298853,1,7054,7054,7054,7054,1273574791,1764245,,
2026-08-24,8696670616,1,2886,2886,2886,2886,,,,
2026-08-24,8759966530,1,1908,1908,1908,1908,122214657,402343,,
2026-08-24,8791358380,1,10142,10142,10142,10142,437564953,13117722,,
2026-08-24,8946565814,1,16856,16856,16856,16856,17373689,18963,,
2026-08-24,8950496606,1,2452,2452,2452,2452,175350608,443064,,
2026-08-24,8959257868,1,8073,8073,8073,8073,5898327,30662,,
2026-08-24,9073513091,1,4514,4514,4514,4514,133618474,169899,,
2026-08-24,9077534770,1,799,799,799,799,61821179,191370,,
2026-08-24,9098570654,1,16105,16105,16105,16105,241417223,397160,,
2026-08-24,9122463229,1,9014,9014,9014,9014,,,,
2026-08-24,9129640671,1,11028,11028,11028,11028,,,,
2026-08-24,9141743926,1,5759,5759,5759,5759,438619209,594237,,
2026-08-24,9145063979,1,9486,9486,9486,9486,555143714,562135,,
2026-08-24,9175015027,1,4646,4646,4646,4646,42505258,4944282,,
2026-08-24,9177208241,1,1424,1424,1424,1424,77348851,404255,,
2026-08-24,9219116196,1,2642,2642,2642,2642,96517231,262920,,
2026-08-24,9231693026,1,2948,2948,2948,2948,,,,
2026-08-24,9296042754,1,4526,4526,4526,4526,63964587,303196,,
2026-08-24,9315739469,1,1048,1048,1048,1048,84298710,89475,,
2026-08-24,9348272796,1,15266,15266,15266,15266,709170282,652841,,
2026-08-24,9362896961,1,4372,4372,4372,4372,149804885,218432,,
2026-08-24,9363735110,1,5465,5465,5465,5465,5699580326,2043573,,
2026-08-24,9411563986,1,875,875,875,875,86456510,150113,,
2026-08-24,9452898647,1,4101,4101,4101,4101,119029344,5028511,,
2026-08-24,9481391333,1,3769,3769,3769,3769,22011000,549423,,
2026-08-24,9494058490,1,12312,12312,12312,12312,,,,
2026-08-24,9501409571,1,619,619,619,619,40834144,205581,,
2026-08-24,9513686983,1,3033,3033,3033,3033,420871127,13833733,,
2026-08-24,9526307912,1,2101,2101,2101,2101,97232169,166774,,
2026-08-24,9561553764,1,16137,16137,16137,16137,157376006,143184,,
2026-08-24,9584852943,1,172780,172780,172780,172780,5134124134,5881208,,
2026-08-24,9592387369,1,5674,5674,5674,5674,,,,
2026-08-24,9674179529,1,813,813,813,813,,,,
2026-08-24,9758688665,1,3508,3508,3508,3508,110893975,5692658,,
2026-08-24,9793308933,1,11106,11106,11106,11106,42724900,1151700,,
2026-08-24,9830725726,1,4225,4225,4225,4225,46743176,49603,,
2026-08-24,9859536675,1,2754,2754,2754,2754,,,,
2026-08-24,9889811676,1,3423,3423,3423,3423,21103817,165043,,
2026-08-24,9940725596,1,810,810,810,810,34498732,45568,,
2026-08-24,9940812243,1,4490,4490,4490,4490,9913668,138855,,
2026-08-24,9953328866,1,2827,2827,2827,2827,50265774,55725,,
2026-08-24,9998576154,1,5798,5798,5798,5798,113605453,7157824,,
2026-08-24,10004244222,1,48228,48228,48228,48228,1733393741,25214167,,
2026-08-24,10037267577,1,735,735,735,735,10095062,183166,,
2026-08-24,10038413468,1,24590,24590,24590,24590,85715773,2390915,,
2026-08-24,10065013948,1,3468,3468,3468,3468,60811308,94242,,
2026-08-24,10144280947,1,79142,79142,79142,79142,375865595,8570625,,
2026-08-24,10144587520,1,21483,21483,21483,21483,57228747,1565160,,
2026-08-24,10149910491,1,2937,2937,2937,2937,35201969,49800,,
2026-08-24,10149964044,1,6407,6407,6407,6407,,,,
2026-08-24,10153098880,1,6786,6786,6786,6786,25004213,194344,,
2026-08-24,10156435104,1,4651,4651,4651,4651,51131455,81921,,
2026-08-24,10183029417,1,3090,3090,3090,3090,13781815,723240,,
2026-08-24,10184247393,1,8680,8680,8680,8680,84632789,2334502,,
2026-08-24,10199301628,1,20926,20926,20926,20926,365830687,1827146,,
2026-08-24,10200395747,1,50351,50351,50351,50351,1649884697,659551,,
2026-08-24,10244001346,1,4769,4769,4769,4769,92631802,96246,,
2026-08-24,10247797619,1,4134,4134,4134,4134,56452585,165711,,
2026-08-24,10253235584,1,12819,12819,12819,12819,52871586,561870,,
2026-08-24,10272236945,1,3927,3927,3927,3927,26593383,39357,,
2026-08-24,10274447949,1,3062,3062,3062,3062,41092347,2926945,,
2026-08-24,10298144467,1,13264,13264,13264,13264,21543134,31218,,
2026-08-24,10314520237,1,11389,11389,11389,11389,,,,
2026-08-24,10321202755,1,10444,10444,10444,10444,42958419,407067,,
2026-08-24,10338952197,1,60462,60462,60462,60462,59479868,5414536,,
2026-08-24,10356701370,1,3893,3893,3893,3893,86610039,375564,,
2026-08-24,10364552556,1,2753,2753,2753,2753,1785999,80299,,
2026-08-24,10376944238,1,6591,6591,6591,6591,40292890,247275,,
2026-08-24,10399136326,1,14672,14672,14672,14672,25589094,56596,,
2026-08-24,10409732219,1,5785,5785,5785,5785,77308787,5234623,,
2026-08-24,10426376134,1,13503,13503,13503,13503,,,,
2026-08-24,10431718987,1,12231,12231,12231,12231,19275169,51659,,
2026-08-24,10455462279,1,6850,6850,6850,6850,32876648,1507817,,
2026-08-24,10456832990,1,2831,2831,2831,2831,58492542,89551,,
2026-08-24,10471583973,1,10617,10617,10617,10617,17574211,64405,,
2026-08-24,10502841145,1,22141,22141,22141,22141,58011663,85711,,
2026-08-24,10514488908,1,2030,2030,2030,2030,14224075,35411,,
2026-08-24,10516060568,1,4935,4935,4935,4935,,,,
2026-08-24,10519092644,1,3257,3257,3257,3257,5845874,711546,,
2026-08-24,10526434002,1,11161,11161,11161,11161,7569014,11923,,
2026-08-24,10528250136,1,3489,3489,3489,3489,17926510,1206035,,
2026-08-24,10536401008,1,2743,2743,2743,2743,14477308,1166924,,
2026-08-24,10547918402,1,4520,4520,4520,4520,26459501,61527,,
2026-08-24,10551595617,1,21923,21923,21923,21923,36642026,1170365,,
2026-08-24,10551923502,1,10764,10764,10764,10764,7592818,752998,,
2026-08-24,10554316588,1,9654,9654,9654,9654,10330730,28510,,
2026-08-24,10559253584,1,4969,4969,4969,4969,6496844,12755,,
2026-08-24,10563114921,1,790080,790080,790080,790080,299129109,474531,,
2026-08-24,10601447895,1,12432,12432,12432,12432,12629289,685158,,
2026-08-24,10604772590,1,16623,16623,16623,16623,4810984,10228,,
2026-08-24,10605530218,1,5913,5913,5913,5913,11786205,16752,,
2026-08-24,10697889407,1,3682,3682,3682,3682,1741079,20398,,
2026-08-25,31970568,1,5928,5928,5928,5928,1608335959,6080663,,
2026-08-25,66654135,1,383962,383962,383962,383962,29737025621,23701095,,
2026-08-25,903807016,1,3969,3969,3969,3969,1569869182,2832582,,
2026-08-25,1198533421,1,1198,1198,1198,1198,181511483,728876,,
2026-08-25,1214576306,1,2712,2712,2712,2712,1644945401,4297376,,
2026-08-25,1430007363,1,3037,3037,3037,3037,908312654,2357187,,
2026-08-25,1489026993,2,5952,5952,5711,6192,2671208882,4343004,,
2026-08-25,1526814825,1,7425,7425,7425,7425,1097304660,4341163,,
2026-08-25,1637284552,1,1016,1016,1016,1016,,,,
2026-08-25,1795206523,1,1089,1089,1089,1089,955889875,931418,,
2026-08-25,1831550657,1,25403,25403,25403,25403,2182826608,10984370,,
2026-08-25,1998835206,1,2117,2117,2117,2117,587195576,1172032,,
2026-08-25,2049551477,1,3326,3326,3326,3326,1472446642,1926808,,
2026-08-25,2165551367,1,1099,1099,1099,1099,672354039,2433129,,
2026-08-25,2247578975,2,3040,3040,2805,3276,1221056588,14936935,,
2026-08-25,2274830359,1,7787,7787,7787,7787,2990984680,2020801,,
2026-08-25,2294168059,1,4065,4065,4065,4065,1245317844,3359722,,
2026-08-25,2369077151,1,5484,5484,5484,5484,410283174,10948661,,
2026-08-25,2440500124,1,26907,26907,26907,26907,7611282693,8061808,,
2026-08-25,2491559356,1,1740,1740,1740,1740,84211993,173359,,
2026-08-25,2655478023,2,3004,3004,2814,3194,1019819136,3496773,,
2026-08-25,2788648141,1,2993,2993,2993,2993,1001805466,2097647,,
2026-08-25,2821905072,1,4412,4412,4412,4412,269431318,5620795,,
2026-08-25,2827951974,1,799,799,799,799,,,,
2026-08-25,2921237723,1,842,842,842,842,141723114,767458,,
2026-08-25,2992873140,1,13005,13005,13005,13005,1400408376,1015058,,
2026-08-25,3034836582,1,807,807,807,807,504595658,1917277,,
2026-08-25,3079618996,1,4171,4171,4171,4171,792576130,994183,,
2026-08-25,3187874989,1,3884,3884,3884,3884,173631568,235899,,
2026-08-25,3274669156,1,807,807,807,807,69076328,668628,,
2026-08-25,3310460039,1,16320,16320,16320,16320,4629896331,105165161,,
2026-08-25,3317771874,1,92685,92685,92685,92685,2613349206,2188225,,
2026-08-25,3346892457,1,2035,2035,2035,2035,444810850,182257,,
2026-08-25,3472976893,1,2632,2632,2632,2632,178844636,3271002,,
2026-08-25,3502524667,1,1295,1295,1295,1295,759613122,3686556,,
2026-08-25,3551414857,1,2070,2070,2070,2070,633859814,1325866,,
2026-08-25,3647333358,1,42775,42775,42775,42775,9086803811,8167603,,
2026-08-25,3746418487,1,2761,2761,2761,2761,324278822,393400,,
2026-08-25,3754482795,1,6137,6137,6137,6137,1275768905,4519546,,
2026-08-25,3759884822,1,3600,3600,3600,3600,133729785,116058,,
2026-08-25,3841172115,1,1619,1619,1619,1619,153145882,697177,,
2026-08-25,4028801234,1,1058,1058,1058,1058,236573082,12600526,,
2026-08-25,4071487712,1,706,706,706,706,29351991,121649,,
2026-08-25,4079077350,1,3057,3057,3057,3057,5594337,66041,,
2026-08-25,4283416256,1,732,732,732,732,22399377,131567,,
2026-08-25,4343544885,1,3663,3663,3663,3663,122673402,2717895,,
2026-08-25,4348829796,1,13129,13129,13129,13129,2651125783,11202249,,
2026-08-25,4518160318,1,6098,6098,6098,6098,642299734,1161557,,
2026-08-25,4673599750,1,3110,3110,3110,3110,528704696,483566,,
2026-08-25,4720386144,1,1719,1719,1719,1719,118852441,597061,,
2026-08-25,4793836769,1,4283,4283,4283,4283,302007039,6390325,,
2026-08-25,4858558391,1,3858,3858,3858,3858,65090487,546145,,
2026-08-25,4925331346,1,3874,3874,3874,3874,317148758,492581,,
2026-08-25,4944984948,1,5224,5224,5224,5224,273964747,142874,,
2026-08-25,5195168716,1,1381,1381,1381,1381,99661801,648556,,
2026-08-25,5361032378,1,50782,50782,50782,50782,2108649343,1005747,,
2026-08-25,5508238359,1,6087,6087,6087,6087,100609222,1809473,,
2026-08-25,5578556129,1,11496,11496,11496,11496,2023156521,1984876,,
2026-08-25,5668114043,1,1811,1811,1811,1811,242739277,744451,,
2026-08-25,5750914919,1,70092,70092,70092,70092,4809938211,3585909,,
2026-08-25,5927446137,1,680,680,680,680,45695789,594883,,
2026-08-25,6072944764,1,757,757,757,757,55176203,63657,,
2026-08-25,6329693946,1,3159,3159,3159,3159,83687858,228420,,
2026-08-25,6466404775,1,4197,4197,4197,4197,71172590,133803,,
2026-08-25,6682487255,1,7014,7014,7014,7014,498496830,228747,,
2026-08-25,6749060816,1,6630,6630,6630,6630,266635791,1788624,,
2026-08-25,7018190066,1,25401,25401,25401,25401,6525018079,6074287,,
2026-08-25,7058980030,1,7820,7820,7820,7820,595082507,994280,,
2026-08-25,7082244450,1,996,996,996,996,42051519,171941,,
2026-08-25,7082423811,1,4528,4528,4528,4528,288559709,1570468,,
2026-08-25,7094518649,1,10650,10650,10650,10650,350702341,843881,,
2026-08-25,7128163167,1,1459,1459,1459,1459,76550986,128341,,
2026-08-25,7208219743,1,1105,1105,1105,1105,7417461,85301,,
2026-08-25,7219654364,1,63006,63006,63006,63006,1622742607,15511246,,
2026-08-25,7332711118,1,3020,3020,3020,3020,1875925933,2469325,,
2026-08-25,7368125255,1,4686,4686,4686,4686,,,,
2026-08-25,7383133134,1,1698,1698,1698,1698,109084637,810213,,
2026-08-25,7434179990,1,7351,7351,7351,7351,232453818,8128782,,
2026-08-25,7436755782,1,28957,28957,28957,28957,35863043941,11380821,,
2026-08-25,7613921865,1,26766,26766,26766,26766,732296583,201594,,
2026-08-25,7709344486,1,199073,199073,199073,199073,72963036814,29146033,,
2026-08-25,7856039629,1,7647,7647,7647,7647,31711935,1184665,,
2026-08-25,7891669427,1,1629,1629,1629,1629,38631074,885621,,
2026-08-25,8014099969,1,1313,1313,1313,1313,148304738,248699,,
2026-08-25,8223345519,1,688,688,688,688,36189108,81221,,
2026-08-25,8291789996,1,3552,3552,3552,3552,,,,
2026-08-25,8316902627,1,4825,4825,4825,4825,4697075423,1989259,,
2026-08-25,8356066619,1,5727,5727,5727,5727,83529694,45203,,
2026-08-25,8401518398,1,3673,3673,3673,3673,91574587,73973,,
2026-08-25,8497987845,1,3683,3683,3683,3683,18974091,112869,,
2026-08-25,8504461817,1,1537,1537,1537,1537,188828210,100994,,
2026-08-25,8539298853,1,6617,6617,6617,6617,1274244877,1765393,,
2026-08-25,8562618273,1,767,767,767,767,105071009,85616,,
2026-08-25,8696670616,1,2886,2886,2886,2886,,,,
2026-08-25,8759966530,1,1814,1814,1814,1814,122452810,402852,,
2026-08-25,8791358380,1,9613,9613,9613,9613,438527272,13153095,,
2026-08-25,8946565814,1,15060,15060,15060,15060,18418880,19993,,
2026-08-25,8950496606,1,2215,2215,2215,2215,175544611,443423,,
2026-08-25,8959257868,1,6934,6934,6934,6934,6337702,32603,,
2026-08-25,9073513091,1,4354,4354,4354,4354,134146004,170286,,
2026-08-25,9077534770,1,794,794,794,794,61921042,191615,,
2026-08-25,9098570654,1,15802,15802,15802,15802,242332712,398732,,
2026-08-25,9122463229,1,9014,9014,9014,9014,,,,
2026-08-25,9129640671,1,11028,11028,11028,11028,,,,
2026-08-25,9141743926,1,5080,5080,5080,5080,439148343,594498,,
2026-08-25,9145063979,1,8354,8354,8354,8354,556208335,563661,,
2026-08-25,9175015027,1,4127,4127,4127,4127,43497554,4946326,,
2026-08-25,9177208241,1,1362,1362,1362,1362,77507332,404712,,
2026-08-25,9219116196,1,2665,2665,2665,2665,96756410,263816,,
2026-08-25,9231693026,1,2948,2948,2948,2948,,,,
2026-08-25,9296042754,1,4636,4636,4636,4636,64384465,305145,,
2026-08-25,9315739469,1,939,939,939,939,84445151,89671,,
2026-08-25,9348272796,1,13550,13550,13550,13550,710603408,653982,,
2026-08-25,9362896961,1,4224,4224,4224,4224,150026934,218556,,
2026-08-25,9363735110,1,5476,5476,5476,5476,,,,
2026-08-25,9409870130,1,764,764,764,764,21615107,266526,,
2026-08-25,9411563986,1,771,771,771,771,86554407,150312,,
2026-08-25,9452898647,1,3596,3596,3596,3596,119388061,5048280,,
2026-08-25,9481391333,1,3554,3554,3554,3554,22386530,554695,,
2026-08-25,9494058490,1,12312,12312,12312,12312,,,,
2026-08-25,9513686983,1,3386,3386,3386,3386,421309214,13848961,,
2026-08-25,9526307912,1,2199,2199,2199,2199,97515226,167285,,
2026-08-25,9561553764,1,16350,16350,16350,16350,159683210,145018,,
2026-08-25,9584852943,1,162999,162999,162999,162999,5164301803,5912365,,
2026-08-25,9592387369,1,5948,5948,5948,5948,2320053,16543,,
2026-08-25,9674179529,1,748,748,748,748,13044023,19886,,
2026-08-25,9758688665,1,3734,3734,3734,3734,111290415,5710311,,
2026-08-25,9793308933,1,10708,10708,10708,10708,43911541,1175265,,
2026-08-25,9830725726,1,3285,3285,3285,3285,47460926,50499,,
2026-08-25,9859536675,1,2754,2754,2754,2754,,,,
2026-08-25,9889811676,1,3263,3263,3263,3263,21450830,166795,,
2026-08-25,9940725596,1,743,743,743,743,34632524,45783,,
2026-08-25,9940812243,1,4199,4199,4199,4199,10094585,139584,,
2026-08-25,9998576154,1,5924,5924,5924,5924,114138853,7188633,,
2026-08-25,10004244222,1,41962,41962,41962,41962,1739441657,25252527,,
2026-08-25,10007524016,1,2785,2785,2785,2785,23137291,4353786,,
2026-08-25,10019914160,1,3195,3195,3195,3195,1145899,4377,,
2026-08-25,10038413468,1,25002,25002,25002,25002,88054190,2432160,,
2026-08-25,10065013948,1,3509,3509,3509,3509,61163304,94776,,
2026-08-25,10144280947,1,78368,78368,78368,78368,389587835,8774984,,
2026-08-25,10144587520,1,20284,20284,20284,20284,58125666,1584326,,
2026-08-25,10149910491,1,2874,2874,2874,2874,35443881,48936,,
2026-08-25,10149964044,1,6407,6407,6407,6407,,,,
2026-08-25,10153098880,1,6261,6261,6261,6261,25437773,196896,,
2026-08-25,10156435104,1,4628,4628,4628,4628,51584626,82587,,
2026-08-25,10183029417,1,2981,2981,2981,2981,14079607,749935,,
2026-08-25,10184247393,1,8380,8380,8380,8380,85446125,2350361,,
2026-08-25,10199301628,1,22023,22023,22023,22023,368436815,1835309,,
2026-08-25,10200395747,1,26137,26137,26137,26137,1651786373,659455,,
2026-08-25,10244001346,1,4942,4942,4942,4942,93430358,97048,,
2026-08-25,10247797619,1,3970,3970,3970,3970,56916705,166664,,
2026-08-25,10253235584,1,11906,11906,11906,11906,53567089,565353,,
2026-08-25,10272236945,1,4249,4249,4249,4249,27058059,40095,,
2026-08-25,10274447949,1,4254,4254,4254,4254,41544379,2955793,,
2026-08-25,10298144467,1,13372,13372,13372,13372,22281648,31595,,
2026-08-25,10314520237,1,11389,11389,11389,11389,,,,
2026-08-25,10321202755,1,10107,10107,10107,10107,43249337,408646,,
2026-08-25,10338952197,1,55949,55949,55949,55949,63599890,5630114,,
2026-08-25,10356701370,1,3273,3273,3273,3273,87332480,376964,,
2026-08-25,10376944238,1,6127,6127,6127,6127,41012531,250548,,
2026-08-25,10399136326,1,14076,14076,14076,14076,27202617,59367,,
2026-08-25,10409732219,1,5536,5536,5536,5536,78541143,5280715,,
2026-08-25,10426376134,1,13503,13503,13503,13503,,,,
2026-08-25,10431718987,1,13482,13482,13482,13482,20440820,54316,,
2026-08-25,10455462279,1,6309,6309,6309,6309,33579149,1530512,,
2026-08-25,10456832990,1,3210,3210,3210,3210,58815659,90132,,
2026-08-25,10471583973,1,10795,10795,10795,10795,18410975,66537,,
2026-08-25,10502841145,1,20706,20706,20706,20706,59339042,87625,,
2026-08-25,10514488908,1,1914,1914,1914,1914,14473716,35930,,
2026-08-25,10516060568,1,4935,4935,4935,4935,,,,
2026-08-25,10519092644,1,2932,2932,2932,2932,6211203,750394,,
2026-08-25,10526434002,1,10003,10003,10003,10003,9391318,14441,,
2026-08-25,10528250136,1,2815,2815,2815,2815,18640227,1244748,,
2026-08-25,10547918402,1,4773,4773,4773,4773,27297093,63040,,
2026-08-25,10551595617,1,22853,22853,22853,22853,39216893,1240758,,
2026-08-25,10551923502,1,9923,9923,9923,9923,8598786,833813,,
2026-08-25,10554316588,1,7903,7903,7903,7903,11181995,30470,,
2026-08-25,10559253584,1,4469,4469,4469,4469,7043604,13670,,
2026-08-25,10563114921,1,823920,823920,823920,823920,351974635,552683,,
2026-08-25,10601447895,1,8651,8651,8651,8651,14219290,688012,,
2026-08-25,10604772590,1,16631,16631,16631,16631,5946808,12197,,
2026-08-25,10697889407,1,3935,3935,3935,3935,1962366,24692,,
2026-08-26,31970568,1,5803,5803,5803,5803,1608739668,6081264,,
2026-08-26,66654135,1,367608,367608,367608,367608,29778594266,23720500,,
2026-08-26,903807016,1,4223,4223,4223,4223,1570472811,2833311,,
2026-08-26,1198533421,1,1040,1040,1040,1040,181600369,729019,,
2026-08-26,1430007363,1,2659,2659,2659,2659,908697116,2359337,,
2026-08-26,1489026993,2,6021,6021,5677,6365,2671833557,4343748,,
2026-08-26,1526814825,1,7703,7703,7703,7703,1097798821,4342209,,
2026-08-26,1637284552,1,1016,1016,1016,1016,,,,
2026-08-26,1795206523,1,1097,1097,1097,1097,956100864,931493,,
2026-08-26,1831550657,1,32088,32088,32088,32088,2184957524,11007117,,
2026-08-26,1998835206,1,2151,2151,2151,2151,587358936,1172201,,
2026-08-26,2049551477,1,2923,2923,2923,2923,1472843039,1927304,,
2026-08-26,2165551367,1,1030,1030,1030,1030,672536682,2433725,,
2026-08-26,2247578975,2,2773,2773,2432,3114,1221509881,14937305,,
2026-08-26,2274830359,1,7669,7669,7669,7669,2992002676,2021859,,
2026-08-26,2294168059,1,3596,3596,3596,3596,1245679115,3360654,,
2026-08-26,2369077151,1,5202,5202,5202,5202,410715264,10955567,,
2026-08-26,2440500124,1,25885,25885,25885,25885,7614430773,8064682,,
2026-08-26,2491559356,1,1575,1575,1575,1575,84368228,173568,,
2026-08-26,2655478023,2,2728,2728,2481,2975,1020308349,3497314,,
2026-08-26,2788648141,1,2927,2927,2927,2927,1002022721,2099085,,
2026-08-26,2821905072,1,5105,5105,5105,5105,269862253,5627794,,
2026-08-26,2827951974,1,901,901,901,901,812267396,684884,,
2026-08-26,2921237723,1,792,792,792,792,141827287,767783,,
2026-08-26,2992873140,1,13752,13752,13752,13752,1401528606,1015569,,
2026-08-26,3079618996,1,4843,4843,4843,4843,792949301,996968,,
2026-08-26,3187874989,1,3580,3580,3580,3580,174031753,236321,,
2026-08-26,3274669156,1,1010,1010,1010,1010,69133192,669168,,
2026-08-26,3310460039,1,17382,17382,17382,17382,4632166796,105166433,,
2026-08-26,3317771874,1,101620,101620,101620,101620,2614805732,2188463,,
2026-08-26,3346892457,1,1915,1915,1915,1915,445107002,182645,,
2026-08-26,3472976893,1,2269,2269,2269,2269,179348400,3285650,,
2026-08-26,3502524667,1,1149,1149,1149,1149,759840352,3686814,,
2026-08-26,3551414857,1,2096,2096,2096,2096,634048295,1326148,,
2026-08-26,3647333358,1,40820,40820,40820,40820,9091822302,8170715,,
2026-08-26,3746418487,1,2845,2845,2845,2845,324561775,393778,,
2026-08-26,3754482795,1,5898,5898,5898,5898,1276427093,4522287,,
2026-08-26,3759884822,1,3991,3991,3991,3991,133950836,116380,,
2026-08-26,3841172115,1,1579,1579,1579,1579,153339172,697792,,
2026-08-26,4028801234,1,851,851,851,851,236679704,12606589,,
2026-08-26,4071487712,1,705,705,705,705,29401934,121798,,
2026-08-26,4079077350,1,2843,2843,2843,2843,5686266,66330,,
2026-08-26,4343544885,1,3586,3586,3586,3586,122934231,2721807,,
2026-08-26,4348829796,1,11333,11333,11333,11333,2652894165,11212433,,
2026-08-26,4518160318,1,6203,6203,6203,6203,642713476,1162571,,
2026-08-26,4673599750,1,2479,2479,2479,2479,529562817,484475,,
2026-08-26,4720386144,1,1753,1753,1753,1753,118996979,597650,,
2026-08-26,4793836769,1,4129,4129,4129,4129,302377827,6398050,,
2026-08-26,4925331346,1,4213,4213,4213,4213,317465456,493151,,
2026-08-26,4944984948,1,5671,5671,5671,5671,274793661,143674,,
2026-08-26,5195168716,1,1444,1444,1444,1444,99795651,649117,,
2026-08-26,5361032378,1,50617,50617,50617,50617,2111343291,1006303,,
2026-08-26,5508238359,1,5977,5977,5977,5977,101173291,1816444,,
2026-08-26,5578556129,1,10824,10824,10824,10824,2023636527,1985208,,
2026-08-26,5668114043,1,1499,1499,1499,1499,242944513,744912,,
2026-08-26,5750914919,1,65418,65418,65418,65418,4813509512,3587208,,
2026-08-26,6072944764,1,729,729,729,729,55248548,63789,,
2026-08-26,6329693946,1,3104,3104,3104,3104,83864746,228674,,
2026-08-26,6466404775,1,4144,4144,4144,4144,71449537,134160,,
2026-08-26,6682487255,1,6884,6884,6884,6884,499111996,228765,,
2026-08-26,6749060816,1,6602,6602,6602,6602,267182410,1791211,,
2026-08-26,7018190066,1,23763,23763,23763,23763,6527373076,6075938,,
2026-08-26,7058980030,1,7605,7605,7605,7605,596113900,995908,,
2026-08-26,7082244450,1,1058,1058,1058,1058,42238661,172545,,
2026-08-26,7082423811,1,4557,4557,4557,4557,288953248,1571019,,
2026-08-26,7094518649,1,10262,10262,10262,10262,351248567,845017,,
2026-08-26,7128163167,1,1406,1406,1406,1406,76696780,128564,,
2026-08-26,7208219743,1,1121,1121,1121,1121,7508508,86098,,
2026-08-26,7219654364,1,69972,69972,69972,69972,1629972736,15544684,,
2026-08-26,7332711118,1,2956,2956,2956,2956,1876311463,2469624,,
2026-08-26,7368125255,1,4686,4686,4686,4686,,,,
2026-08-26,7383133134,1,1344,1344,1344,1344,109369891,812376,,
2026-08-26,7434179990,1,7538,7538,7538,7538,233060436,8149999,,
2026-08-26,7436755782,1,27645,27645,27645,27645,35865089203,11381021,,
2026-08-26,7613921865,1,24326,24326,24326,24326,734842059,202221,,
2026-08-26,7709344486,1,191016,191016,191016,191016,72998323480,29159092,,
2026-08-26,7856039629,1,7418,7418,7418,7418,32951023,1213175,,
2026-08-26,7891669427,1,1339,1339,1339,1339,38772135,887028,,
2026-08-26,8014099969,1,1118,1118,1118,1118,148441706,248927,,
2026-08-26,8291789996,1,3552,3552,3552,3552,,,,
2026-08-26,8316902627,1,4062,4062,4062,4062,4697593053,1989562,,
2026-08-26,8356066619,1,5294,5294,5294,5294,83676109,45267,,
2026-08-26,8401518398,1,3596,3596,3596,3596,92079381,74528,,
2026-08-26,8497987845,1,3458,3458,3458,3458,19193327,113778,,
2026-08-26,8504461817,1,1296,1296,1296,1296,189058477,101274,,
2026-08-26,8539298853,1,6378,6378,6378,6378,1274922513,1766518,,
2026-08-26,8696670616,1,2886,2886,2886,2886,,,,
2026-08-26,8759966530,1,1691,1691,1691,1691,122689004,403355,,
2026-08-26,8791358380,1,9399,9399,9399,9399,439414392,13181997,,
2026-08-26,8946565814,1,13769,13769,13769,13769,19334194,20745,,
2026-08-26,8950496606,1,2027,2027,2027,2027,175734616,443742,,
2026-08-26,8959257868,1,6194,6194,6194,6194,6734762,33952,,
2026-08-26,9073513091,1,3550,3550,3550,3550,134602287,170672,,
2026-08-26,9077534770,1,728,728,728,728,62017513,191902,,
2026-08-26,9098570654,1,14405,14405,14405,14405,243175388,400286,,
2026-08-26,9122463229,1,9014,9014,9014,9014,,,,
2026-08-26,9129640671,1,11028,11028,11028,11028,,,,
2026-08-26,9141743926,1,4459,4459,4459,4459,439654411,594780,,
2026-08-26,9145063979,1,8084,8084,8084,8084,557142726,564978,,
2026-08-26,9175015027,1,4047,4047,4047,4047,44423354,4948193,,
2026-08-26,9177208241,1,1336,1336,1336,1336,77667090,405170,,
2026-08-26,9219116196,1,2898,2898,2898,2898,97001679,264747,,
2026-08-26,9231693026,1,2948,2948,2948,2948,,,,
2026-08-26,9296042754,1,4897,4897,4897,4897,64832581,307196,,
2026-08-26,9315739469,1,717,717,717,717,84593797,89885,,
2026-08-26,9348272796,1,12110,12110,12110,12110,711813037,655088,,
2026-08-26,9362896961,1,4211,4211,4211,4211,150245710,218668,,
2026-08-26,9363735110,1,5977,5977,5977,5977,5700903270,2044502,,
2026-08-26,9409870130,1,773,773,773,773,,,,
2026-08-26,9442472087,1,1485,1485,1485,1485,8303187,245518,,
2026-08-26,9452898647,1,3158,3158,3158,3158,119702695,5064327,,
2026-08-26,9481391333,1,3607,3607,3607,3607,22763296,560466,,
2026-08-26,9491545867,1,2894,2894,2894,2894,114006767,1120189,,
2026-08-26,9494058490,1,12312,12312,12312,12312,,,,
2026-08-26,9513686983,1,3491,3491,3491,3491,421745537,13864287,,
2026-08-26,9526307912,1,1846,1846,1846,1846,97804570,167792,,
2026-08-26,9561553764,1,14622,14622,14622,14622,162136238,147001,,
2026-08-26,9584852943,1,167791,167791,167791,167791,5194035085,5943894,,
2026-08-26,9592387369,1,6965,6965,6965,6965,3023696,20288,,
2026-08-26,9758688665,1,3746,3746,3746,3746,111670974,5727182,,
2026-08-26,9793308933,1,9330,9330,9330,9330,44905506,1191972,,
2026-08-26,9830725726,1,3131,3131,3131,3131,48004467,51148,,
2026-08-26,9859536675,1,2754,2754,2754,2754,,,,
2026-08-26,9889811676,1,2895,2895,2895,2895,21811969,168501,,
2026-08-26,9940725596,1,742,742,742,742,34769817,46032,,
2026-08-26,9940812243,1,3976,3976,3976,3976,10267250,140311,,
2026-08-26,9953328866,1,2755,2755,2755,2755,50827731,56380,,
2026-08-26,9998576154,1,5551,5551,5551,5551,114673976,7219243,,
2026-08-26,10004244222,1,38784,38784,38784,38784,1744414259,25284215,,
2026-08-26,10019914160,1,2977,2977,2977,2977,1475026,5540,,
2026-08-26,10038413468,1,22168,22168,22168,22168,90443776,2471737,,
2026-08-26,10065013948,1,3617,3617,3617,3617,61495262,95303,,
2026-08-26,10144280947,1,76250,76250,76250,76250,402468382,8964711,,
2026-08-26,10144587520,1,20176,20176,20176,20176,58975311,1601024,,
2026-08-26,10149910491,1,2750,2750,2750,2750,35678853,48823,,
2026-08-26,10149964044,1,6407,6407,6407,6407,,,,
2026-08-26,10153098880,1,6158,6158,6158,6158,25866033,199335,,
2026-08-26,10156435104,1,4331,4331,4331,4331,51995722,83126,,
2026-08-26,10183029417,1,2692,2692,2692,2692,14342723,770501,,
2026-08-26,10184247393,1,8600,8600,8600,8600,86234302,2368396,,
2026-08-26,10199301628,1,22435,22435,22435,22435,370754920,1842438,,
2026-08-26,10200395747,1,32578,32578,32578,32578,1653626028,659472,,
2026-08-26,10244001346,1,6086,6086,6086,6086,94293358,97996,,
2026-08-26,10247797619,1,5072,5072,5072,5072,57424388,167812,,
2026-08-26,10253235584,1,10897,10897,10897,10897,54204524,568191,,
2026-08-26,10272236945,1,3670,3670,3670,3670,27532548,40811,,
2026-08-26,10274447949,1,5315,5315,5315,5315,42122489,2996353,,
2026-08-26,10298144467,1,13266,13266,13266,13266,23015131,31953,,
2026-08-26,10314520237,1,11389,11389,11389,11389,,,,
2026-08-26,10321202755,1,9429,9429,9429,9429,43537567,410293,,
2026-08-26,10338952197,1,47388,47388,47388,47388,67072248,5790009,,
2026-08-26,10356701370,1,3414,3414,3414,3414,88005092,378342,,
2026-08-26,10364552556,1,2770,2770,2770,2770,2084054,91054,,
2026-08-26,10376944238,1,5701,5701,5701,5701,41696225,253606,,
2026-08-26,10399136326,1,14113,14113,14113,14113,28745477,61105,,
2026-08-26,10409732219,1,5425,5425,5425,5425,79698346,5324222,,
2026-08-26,10426376134,1,13503,13503,13503,13503,,,,
2026-08-26,10431718987,1,12602,12602,12602,12602,21586837,56906,,
2026-08-26,10455462279,1,7842,7842,7842,7842,34319746,1557124,,
2026-08-26,10456832990,1,3013,3013,3013,3013,59127068,90706,,
2026-08-26,10471583973,1,9465,9465,9465,9465,19175750,68202,,
2026-08-26,10502841145,1,22669,22669,22669,22669,60779803,89734,,
2026-08-26,10514488908,1,1468,1468,1468,1468,14725514,36493,,
2026-08-26,10516060568,1,4935,4935,4935,4935,,,,
2026-08-26,10519092644,1,2511,2511,2511,2511,6569971,788106,,
2026-08-26,10526434002,1,8828,8828,8828,8828,10866231,16498,,
2026-08-26,10536401008,1,2906,2906,2906,2906,15247983,1226740,,
2026-08-26,10547918402,1,4191,4191,4191,4191,28088648,64498,,
2026-08-26,10551595617,1,23278,23278,23278,23278,41686840,1305821,,
2026-08-26,10551923502,1,12063,12063,12063,12063,9650987,922897,,
2026-08-26,10554316588,1,6451,6451,6451,6451,11805167,31915,,
2026-08-26,10559253584,1,3725,3725,3725,3725,7524555,14487,,
2026-08-26,10563114921,1,950443,950443,950443,950443,418478220,654383,,
2026-08-26,10601447895,1,9008,9008,9008,9008,15631603,690485,,
2026-08-26,10604772590,1,13388,13388,13388,13388,6961911,13851,,
2026-08-26,10697889407,1,4718,4718,4718,4718,2223699,29719,,
2026-08-27,31970568,1,8251,8251,8251,8251,1609318365,6082064,,
2026-08-27,605887098,1,3003,3003,3003,3003,2521676716,3710129,,
2026-08-27,903807016,1,8306,8306,8306,8306,1571339418,2834054,,
2026-08-27,1214576306,1,2982,2982,2982,2982,1645412984,4298062,,
2026-08-27,1489026993,1,5547,5547,5547,5547,2672427746,4344447,,
2026-08-27,1526814825,1,8048,8048,8048,8048,1098599110,4344128,,
2026-08-27,1831550657,1,33157,33157,33157,33157,2187747428,11031820,,
2026-08-27,2049551477,1,3082,3082,3082,3082,1473222073,1927817,,
2026-08-27,2274830359,1,8130,8130,8130,8130,2993464792,2023440,,
2026-08-27,2369077151,1,4084,4084,4084,4084,411340420,10966290,,
2026-08-27,2655478023,1,2781,2781,2781,2781,1020768391,3497847,,
2026-08-27,2788648141,1,2943,2943,2943,2943,1002343621,2101408,,
2026-08-27,2821905072,1,6192,6192,6192,6192,270555118,5639941,,
2026-08-27,2992873140,1,16962,16962,16962,16962,1403360324,1016377,,
2026-08-27,3079618996,1,4772,4772,4772,4772,793596434,1001896,,
2026-08-27,3164075108,1,2793,2793,2793,2793,282311195,737711,,
2026-08-27,3191268194,1,2729,2729,2729,2729,1358303799,5512665,,
2026-08-27,3310460039,1,13576,13576,13576,13576,4635373624,105168363,,
2026-08-27,3317771874,1,102840,102840,102840,102840,2616475446,2188655,,
2026-08-27,3754482795,1,4695,4695,4695,4695,1277360340,4526192,,
2026-08-27,4343544885,1,3360,3360,3360,3360,123310555,2727149,,
2026-08-27,4518160318,1,4656,4656,4656,4656,643311531,1164021,,
2026-08-27,4595016786,1,3852,3852,3852,3852,603338120,747498,,
2026-08-27,4925331346,1,4979,4979,4979,4979,317936231,494085,,
2026-08-27,4944984948,1,5250,5250,5250,5250,275996849,144889,,
2026-08-27,5361032378,1,45592,45592,45592,45592,2115218139,1007130,,
2026-08-27,5578556129,1,10034,10034,10034,10034,2024293598,1985413,,
2026-08-27,5750914919,1,59611,59611,59611,59611,4818290608,3589229,,
2026-08-27,6329693946,1,3006,3006,3006,3006,84136053,229167,,
2026-08-27,6466404775,1,3992,3992,3992,3992,71843536,134655,,
2026-08-27,6682487255,1,6579,6579,6579,6579,499954469,228810,,
2026-08-27,7058980030,1,8396,8396,8396,8396,597640860,998381,,
2026-08-27,7082423811,1,5910,5910,5910,5910,289681849,1572132,,
2026-08-27,7094518649,1,11349,11349,11349,11349,352063534,846615,,
2026-08-27,7364297396,1,4130,4130,4130,4130,449070196,659219,,
2026-08-27,7368125255,1,4686,4686,4686,4686,,,,
2026-08-27,7434179990,1,8004,8004,8004,8004,234054343,8185788,,
2026-08-27,7436755782,1,20485,20485,20485,20485,35867997407,11382572,,
2026-08-27,7613921865,1,20830,20830,20830,20830,738142568,202644,,
2026-08-27,7709344486,1,137366,137366,137366,137366,73034155466,29173363,,
2026-08-27,7720654467,1,4533,4533,4533,4533,86443025,234269,,
2026-08-27,7760134732,1,3499,3499,3499,3499,36148412,1017831,,
2026-08-27,8291789996,1,3552,3552,3552,3552,,,,
2026-08-27,8316902627,1,3066,3066,3066,3066,4698229876,1989881,,
2026-08-27,8356066619,1,5114,5114,5114,5114,83883234,45365,,
2026-08-27,8401518398,1,3929,3929,3929,3929,92836671,75453,,
2026-08-27,8497987845,1,3367,3367,3367,3367,19555873,117029,,
2026-08-27,8696670616,1,2886,2886,2886,2886,,,,
2026-08-27,8791358380,1,4553,4553,4553,4553,440628307,13218701,,
2026-08-27,8946565814,1,11487,11487,11487,11487,20483234,21464,,
2026-08-27,8959257868,1,4578,4578,4578,4578,7205500,35321,,
2026-08-27,9098570654,1,14029,14029,14029,14029,244448108,402996,,
2026-08-27,9122463229,1,9014,9014,9014,9014,,,,
2026-08-27,9129640671,1,11028,11028,11028,11028,,,,
2026-08-27,9145063979,1,8141,8141,8141,8141,558765918,567324,,
2026-08-27,9175015027,1,3288,3288,3288,3288,45629128,4950611,,
2026-08-27,9231693026,1,2948,2948,2948,2948,,,,
2026-08-27,9296042754,1,3783,3783,3783,3783,65525375,310451,,
2026-08-27,9348272796,1,7538,7538,7538,7538,713428500,656503,,
2026-08-27,9362896961,1,4714,4714,4714,4714,150563820,218820,,
2026-08-27,9363735110,1,4718,4718,4718,4718,5702110082,2045328,,
2026-08-27,9491545867,1,3368,3368,3368,3368,114633731,1127580,,
2026-08-27,9513686983,1,4381,4381,4381,4381,422416098,13889016,,
2026-08-27,9582986239,1,11521,11521,11521,11521,3738545,43135,,
2026-08-27,9584852943,1,215668,215668,215668,215668,5250011451,5992843,,
2026-08-27,9592387369,1,16402,16402,16402,16402,4651434,28173,,
2026-08-27,9793308933,1,6510,6510,6510,6510,46186957,1213527,,
2026-08-27,9830725726,1,3103,3103,3103,3103,48641182,51960,,
2026-08-27,9836330876,1,3303,3303,3303,3303,15955051,53328,,
2026-08-27,9940812243,1,4088,4088,4088,4088,10508748,141632,,
2026-08-27,9953328866,1,3515,3515,3515,3515,51324163,57129,,
2026-08-27,9969095451,1,2930,2930,2930,2930,37334651,1501665,,
2026-08-27,9998576154,1,3469,3469,3469,3469,115418183,7261857,,
2026-08-27,10004244222,1,19905,19905,19905,19905,1750968827,25325385,,
2026-08-27,10019914160,1,3653,3653,3653,3653,2049970,7496,,
2026-08-27,10065013948,1,3565,3565,3565,3565,62073420,96285,,
2026-08-27,10144280947,1,125378,125378,125378,125378,421270424,9221192,,
2026-08-27,10144587520,1,15009,15009,15009,15009,60364436,1627420,,
2026-08-27,10149964044,1,6407,6407,6407,6407,,,,
2026-08-27,10153098880,1,6035,6035,6035,6035,26440940,202456,,
2026-08-27,10156435104,1,4341,4341,4341,4341,52553543,83906,,
2026-08-27,10184247393,1,4027,4027,4027,4027,87212906,2388949,,
2026-08-27,10199301628,1,15441,15441,15441,15441,374269445,1853873,,
2026-08-27,10200395747,1,24689,24689,24689,24689,1655925259,659882,,
2026-08-27,10241000620,1,3394,3394,3394,3394,9852563,54955,,
2026-08-27,10244001346,1,5164,5164,5164,5164,95783750,99763,,
2026-08-27,10247797619,1,3613,3613,3613,3613,58188698,169451,,
2026-08-27,10253235584,1,10684,10684,10684,10684,55079474,573281,,
2026-08-27,10272236945,1,3261,3261,3261,3261,28187540,41790,,
2026-08-27,10274447949,1,3998,3998,3998,3998,42885592,3041563,,
2026-08-27,10298144467,1,13048,13048,13048,13048,24036419,32500,,
2026-08-27,10314520237,1,11389,11389,11389,11389,,,,
2026-08-27,10321202755,1,9154,9154,9154,9154,43918183,412613,,
2026-08-27,10338952197,1,35421,35421,35421,35421,71582748,6016891,,
2026-08-27,10351850295,1,4472,4472,4472,4472,14417053,453082,,
2026-08-27,10356701370,1,4461,4461,4461,4461,88902104,380237,,
2026-08-27,10364552556,1,3617,3617,3617,3617,2366445,103128,,
2026-08-27,10399136326,1,14513,14513,14513,14513,31221902,64264,,
2026-08-27,10409732219,1,5017,5017,5017,5017,81236153,5380206,,
2026-08-27,10426376134,1,13503,13503,13503,13503,,,,
2026-08-27,10431718987,1,11509,11509,11509,11509,23350551,60801,,
2026-08-27,10455462279,1,6156,6156,6156,6156,35441723,1600977,,
2026-08-27,10471583973,1,9629,9629,9629,9629,20213255,70657,,
2026-08-27,10502841145,1,21673,21673,21673,21673,62749664,92579,,
2026-08-27,10516060568,1,4935,4935,4935,4935,,,,
2026-08-27,10526434002,1,11631,11631,11631,11631,13212083,20107,,
2026-08-27,10528250136,1,3039,3039,3039,3039,19922222,1310652,,
2026-08-27,10547918402,1,5279,5279,5279,5279,29129999,66513,,
2026-08-27,10551595617,1,25808,25808,25808,25808,45411811,1412972,,
2026-08-27,10551923502,1,6777,6777,6777,6777,11181497,1041436,,
2026-08-27,10554316588,1,5772,5772,5772,5772,12513430,33629,,
2026-08-27,10559253584,1,3134,3134,3134,3134,8182506,15445,,
2026-08-27,10563114921,1,840177,840177,840177,840177,533203073,839377,,
2026-08-27,10601447895,1,13352,13352,13352,13352,17885430,694712,,
2026-08-27,10604772590,1,11133,11133,11133,11133,8255898,15981,,
2026-08-27,10697889407,1,4775,4775,4775,4775,2586837,36105,,
2026-08-28,31970568,1,8223,8223,8223,8223,1609729671,6082596,,
2026-08-28,66654135,1,269734,269734,269734,269734,29827882580,23743513,,
2026-08-28,605887098,1,2851,2851,2851,2851,2521948582,3710591,,
2026-08-28,903807016,1,8986,8986,8986,8986,1571987160,2834561,,
2026-08-28,1198533421,1,975,975,975,975,181704530,729239,,
2026-08-28,1214576306,1,2718,2718,2718,2718,,,,
2026-08-28,1430007363,1,1799,1799,1799,1799,909136591,2361754,,
2026-08-28,1489026993,2,5369,5369,4867,5871,2673090026,4344601,,
2026-08-28,1526814825,1,7289,7289,7289,7289,1099141989,4345369,,
2026-08-28,1637284552,1,1016,1016,1016,1016,,,,
2026-08-28,1795206523,1,919,919,919,919,956355291,931608,,
2026-08-28,1831550657,1,46041,46041,46041,46041,2189648622,11042358,,
2026-08-28,1998835206,1,2487,2487,2487,2487,587565192,1172376,,
2026-08-28,2049551477,2,2808,2808,2122,3495,1473645265,1927964,,
2026-08-28,2247578975,2,2556,2556,2368,2745,1222416074,14937688,,
2026-08-28,2274830359,1,15418,15418,15418,15418,2994927920,2025005,,
2026-08-28,2294168059,1,2971,2971,2971,2971,1246100060,3361946,,
2026-08-28,2369077151,1,3659,3659,3659,3659,411794351,10974610,,
2026-08-28,2440500124,1,16235,16235,16235,16235,7618451168,8068466,,
2026-08-28,2491559356,1,1327,1327,1327,1327,84543607,173858,,
2026-08-28,2655478023,2,2552,2552,2326,2778,1021297854,3497960,,
2026-08-28,2788648141,1,2771,2771,2771,2771,1002587234,2103271,,
2026-08-28,2821905072,1,4651,4651,4651,4651,271007666,5647197,,
2026-08-28,2827951974,1,893,893,893,893,812415900,685168,,
2026-08-28,2992873140,1,16327,16327,16327,16327,1404600954,1016943,,
2026-08-28,3079618996,1,4534,4534,4534,4534,794176492,1006471,,
2026-08-28,3164075108,1,2959,2959,2959,2959,282492575,738037,,
2026-08-28,3187874989,1,4217,4217,4217,4217,174552706,236902,,
2026-08-28,3191268194,1,2649,2649,2649,2649,1358521540,5515369,,
2026-08-28,3310460039,1,12719,12719,12719,12719,4637785940,105169732,,
2026-08-28,3317771874,1,98050,98050,98050,98050,2617613518,2188921,,
2026-08-28,3346892457,1,2213,2213,2213,2213,445482539,183171,,
2026-08-28,3472976893,1,1919,1919,1919,1919,179867995,3300395,,
2026-08-28,3502524667,1,892,892,892,892,760122365,3687147,,
2026-08-28,3551414857,1,1438,1438,1438,1438,634262032,1326466,,
2026-08-28,3647333358,1,31319,31319,31319,31319,9097496456,8174111,,
2026-08-28,3754482795,1,5290,5290,5290,5290,1278153616,4529512,,
2026-08-28,3759884822,1,2610,2610,2610,2610,134612533,117338,,
2026-08-28,3841172115,1,1409,1409,1409,1409,153573400,698577,,
2026-08-28,4343544885,1,3479,3479,3479,3479,123592814,2731631,,
2026-08-28,4348829796,1,10190,10190,10190,10190,2655013393,11224461,,
2026-08-28,4518160318,1,4238,4238,4238,4238,643712781,1164975,,
2026-08-28,4595016786,1,4027,4027,4027,4027,603797014,748425,,
2026-08-28,4599924264,1,2765,2765,2765,2765,720869736,285415,,
2026-08-28,4673599750,1,5205,5205,5205,5205,530511728,485450,,
2026-08-28,4720386144,1,1441,1441,1441,1441,119193085,598732,,
2026-08-28,4793836769,1,4418,4418,4418,4418,302808741,6407025,,
2026-08-28,4925331346,1,4496,4496,4496,4496,318265667,494754,,
2026-08-28,4944984948,1,3947,3947,3947,3947,276859417,145688,,
2026-08-28,5195168716,1,1154,1154,1154,1154,99959482,649830,,
2026-08-28,5361032378,1,44714,44714,44714,44714,2118077719,1004541,,
2026-08-28,5508238359,1,6265,6265,6265,6265,101896025,1827039,,
2026-08-28,5578556129,1,9295,9295,9295,9295,2024787008,1985549,,
2026-08-28,5668114043,1,1111,1111,1111,1111,243190914,745477,,
2026-08-28,5750914919,1,61919,61919,61919,61919,4821722703,3590716,,
2026-08-28,6329693946,1,2876,2876,2876,2876,84338914,229589,,
2026-08-28,6466404775,1,4211,4211,4211,4211,72155947,135114,,
2026-08-28,6682487255,1,7442,7442,7442,7442,500556204,228853,,
2026-08-28,6749060816,1,6360,6360,6360,6360,267861101,1794486,,
2026-08-28,7018190066,1,21824,21824,21824,21824,6530006918,6077726,,
2026-08-28,7058980030,1,7402,7402,7402,7402,598824172,1000349,,
2026-08-28,7082423811,1,2964,2964,2964,2964,290289077,1573131,,
2026-08-28,7094518649,1,11283,11283,11283,11283,352682437,848010,,
2026-08-28,7128163167,1,1293,1293,1293,1293,76863269,128820,,
2026-08-28,7208219743,1,955,955,955,955,7614889,87013,,
2026-08-28,7219654364,1,90902,90902,90902,90902,1639688123,15589810,,
2026-08-28,7364297396,1,4373,4373,4373,4373,449677101,660152,,
2026-08-28,7368125255,1,4686,4686,4686,4686,,,,
2026-08-28,7383133134,1,924,924,924,924,109675058,814613,,
2026-08-28,7434179990,1,10013,10013,10013,10013,234924794,8219234,,
2026-08-28,7436755782,1,21829,21829,21829,21829,35870175272,11383854,,
2026-08-28,7613921865,1,17963,17963,17963,17963,740241883,202946,,
2026-08-28,7613970129,1,3124,3124,3124,3124,61792212,156050,,
2026-08-28,7709344486,1,165469,165469,165469,165469,73058648726,29183430,,
2026-08-28,7720654467,1,3923,3923,3923,3923,86896967,235382,,
2026-08-28,7760134732,1,3391,3391,3391,3391,36529128,1029662,,
2026-08-28,7856039629,1,7981,7981,7981,7981,34506738,1250088,,
2026-08-28,7891669427,1,638,638,638,638,38934429,888696,,
2026-08-28,8014099969,1,802,802,802,802,148593927,249194,,
2026-08-28,8291789996,1,3552,3552,3552,3552,,,,
2026-08-28,8316902627,1,3272,3272,3272,3272,4698695645,1990142,,
2026-08-28,8356066619,1,4650,4650,4650,4650,84024447,45427,,
2026-08-28,8401518398,1,5563,5563,5563,5563,93463670,76217,,
2026-08-28,8497987845,1,3180,3180,3180,3180,19806396,118747,,
2026-08-28,8504461817,1,1078,1078,1078,1078,189301628,101525,,
2026-08-28,8539298853,1,3985,3985,3985,3985,1275740697,1767964,,
2026-08-28,8696670616,1,2886,2886,2886,2886,,,,
2026-08-28,8759966530,1,1914,1914,1914,1914,122977063,403887,,
2026-08-28,8791358380,1,4132,4132,4132,4132,441476808,13248123,,
2026-08-28,8946565814,1,9832,9832,9832,9832,21183731,21865,,
2026-08-28,8950496606,1,1678,1678,1678,1678,175947659,444124,,
2026-08-28,8959257868,1,4314,4314,4314,4314,7511979,36277,,
2026-08-28,9073513091,1,2731,2731,2731,2731,,,,
2026-08-28,9098570654,1,13954,13954,13954,13954,245476712,405492,,
2026-08-28,9122463229,1,9014,9014,9014,9014,,,,
2026-08-28,9129640671,1,11028,11028,11028,11028,,,,
2026-08-28,9141743926,1,3982,3982,3982,3982,440197454,595053,,
2026-08-28,9145063979,1,7843,7843,7843,7843,559927133,569007,,
2026-08-28,9175015027,1,2745,2745,2745,2745,46366231,4952001,,
2026-08-28,9177208241,1,845,845,845,845,77857392,405737,,
2026-08-28,9219116196,1,1613,1613,1613,1613,97297537,266048,,
2026-08-28,9231693026,1,2948,2948,2948,2948,,,,
2026-08-28,9296042754,1,4017,4017,4017,4017,66082755,313043,,
2026-08-28,9348272796,1,7777,7777,7777,7777,714643879,657491,,
2026-08-28,9362896961,1,4692,4692,4692,4692,150790315,218923,,
2026-08-28,9363735110,1,4311,4311,4311,4311,5702820296,2045821,,
2026-08-28,9442472087,1,1216,1216,1216,1216,8405867,246791,,
2026-08-28,9481391333,1,4886,4886,4886,4886,23295628,570816,,
2026-08-28,9491545867,1,3388,3388,3388,3388,115108738,1132464,,
2026-08-28,9494058490,1,12312,12312,12312,12312,,,,
2026-08-28,9513686983,1,4031,4031,4031,4031,422964618,13910893,,
2026-08-28,9526307912,1,1024,1024,1024,1024,98119831,168463,,
2026-08-28,9561553764,1,14262,14262,14262,14262,165519406,149699,,
2026-08-28,9582986239,1,12295,12295,12295,12295,4348027,45371,,
2026-08-28,9584852943,1,218415,218415,218415,218415,5285761946,6023861,,
2026-08-28,9592387369,1,16093,16093,16093,16093,6155009,34716,,
2026-08-28,9639553972,1,3700,3700,3700,3700,39637884,202472,,
2026-08-28,9660713566,1,3478,3478,3478,3478,101532696,6144003,,
2026-08-28,9674179529,1,639,639,639,639,13285133,20384,,
2026-08-28,9793308933,1,4959,4959,4959,4959,46958059,1225098,,
2026-08-28,9830725726,1,7505,7505,7505,7505,49201265,52720,,
2026-08-28,9836330876,1,4381,4381,4381,4381,16457111,57382,,
2026-08-28,9859536675,1,2754,2754,2754,2754,,,,
2026-08-28,9889811676,1,3487,3487,3487,3487,22261604,170706,,
2026-08-28,9940725596,1,1109,1109,1109,1109,34960302,46355,,
2026-08-28,9940812243,1,3816,3816,3816,3816,10679251,142379,,
2026-08-28,9953328866,1,2607,2607,2607,2607,51729725,57695,,
2026-08-28,9969095451,1,2949,2949,2949,2949,37683857,1517189,,
2026-08-28,9998576154,1,2662,2662,2662,2662,115893848,7290045,,
2026-08-28,10004244222,1,18132,18132,18132,18132,1755537252,25355529,,
2026-08-28,10019914160,1,3320,3320,3320,3320,2554050,9241,,
2026-08-28,10038413468,1,20566,20566,20566,20566,93494625,2529477,,
2026-08-28,10065013948,1,2767,2767,2767,2767,62514960,97009,,
2026-08-28,10144280947,1,123575,123575,123575,123575,434995124,9414835,,
2026-08-28,10144587520,1,13774,13774,13774,13774,61162025,1643940,,
2026-08-28,10149964044,1,6407,6407,6407,6407,,,,
2026-08-28,10153098880,1,5696,5696,5696,5696,26842208,205356,,
2026-08-28,10156435104,1,4995,4995,4995,4995,53208320,84980,,
2026-08-28,10184247393,1,4754,4754,4754,4754,88087164,2414034,,
2026-08-28,10199301628,1,14086,14086,14086,14086,376747864,1862018,,
2026-08-28,10200395747,1,26802,26802,26802,26802,1657369373,660152,,
2026-08-28,10241000620,1,3027,3027,3027,3027,10042371,56059,,
2026-08-28,10244001346,1,4683,4683,4683,4683,96723946,100813,,
2026-08-28,10247797619,1,3361,3361,3361,3361,58599301,170326,,
2026-08-28,10253235584,1,9947,9947,9947,9947,55705160,577453,,
2026-08-28,10263732883,1,2903,2903,2903,2903,994358,12081,,
2026-08-28,10272236945,1,3940,3940,3940,3940,28908169,42982,,
2026-08-28,10274447949,1,3978,3978,3978,3978,43456913,3079712,,
2026-08-28,10298144467,1,11907,11907,11907,11907,24736996,32848,,
2026-08-28,10314520237,1,11389,11389,11389,11389,,,,
2026-08-28,10321202755,1,8841,8841,8841,8841,44181626,414425,,
2026-08-28,10338952197,1,32261,32261,32261,32261,74676130,6178042,,
2026-08-28,10351850295,1,5644,5644,5644,5644,15102956,474226,,
2026-08-28,10356701370,1,4278,4278,4278,4278,89447074,381222,,
2026-08-28,10364552556,1,2894,2894,2894,2894,2553812,109209,,
2026-08-28,10376944238,1,3892,3892,3892,3892,42470064,257396,,
2026-08-28,10399136326,1,12537,12537,12537,12537,32972639,66881,,
2026-08-28,10409732219,1,4739,4739,4739,4739,82275353,5417931,,
2026-08-28,10426376134,1,13503,13503,13503,13503,,,,
2026-08-28,10431718987,1,10545,10545,10545,10545,24721270,63903,,
2026-08-28,10455462279,1,5230,5230,5230,5230,36126667,1624707,,
2026-08-28,10461810987,1,6955,6955,6955,6955,5086399,19374,,
2026-08-28,10471583973,1,10322,10322,10322,10322,20915055,72316,,
2026-08-28,10502841145,1,20263,20263,20263,20263,64105982,94363,,
2026-08-28,10514488908,1,926,926,926,926,14991547,37129,,
2026-08-28,10519092644,1,1841,1841,1841,1841,7044037,840597,,
2026-08-28,10526434002,1,8555,8555,8555,8555,15278755,23366,,
2026-08-28,10528250136,1,2709,2709,2709,2709,20353171,1332499,,
2026-08-28,10547918402,1,5348,5348,5348,5348,29935215,67872,,
2026-08-28,10551595617,1,32766,32766,32766,32766,48196069,1495080,,
2026-08-28,10551923502,1,12317,12317,12317,12317,12357317,1134335,,
2026-08-28,10554316588,1,2865,2865,2865,2865,12873534,34458,,
2026-08-28,10563114921,1,961749,961749,961749,961749,636187411,1020800,,
2026-08-28,10601447895,1,11718,11718,11718,11718,19585186,697948,,
2026-08-28,10604772590,1,9898,9898,9898,9898,9184613,17548,,
2026-08-28,10637513477,1,5835,5835,5835,5835,4530393,9232,,
2026-08-28,10697889407,1,5384,5384,5384,5384,2846083,40091,,
2026-08-29,31970568,1,9888,9888,9888,9888,1610030142,6083044,,
2026-08-29,66654135,2,359634,359634,298998,420270,29898288167,23777200,,
2026-08-29,568307879,1,660,660,660,660,525643086,549683,,
2026-08-29,605887098,1,4758,4758,4758,4758,2522168260,3711048,,
2026-08-29,903807016,1,8464,8464,8464,8464,1572445539,2834915,,
2026-08-29,1053132402,1,2756,2756,2756,2756,568647492,973474,,
2026-08-29,1198533421,2,1118,1118,1050,1186,181862465,729510,,
2026-08-29,1214576306,1,3519,3519,3519,3519,,,,
2026-08-29,1430007363,2,2898,2898,2657,3139,909917080,2365711,,
2026-08-29,1489026993,3,5897,6406,5708,7614,2673731062,4346450,,
2026-08-29,1526814825,1,10504,10504,10504,10504,1099531651,4347102,,
2026-08-29,1637284552,2,1016,1016,1016,1016,,,,
2026-08-29,1795206523,2,1272,1272,1147,1396,956749634,931771,,
2026-08-29,1831550657,1,45365,45365,45365,45365,2191564004,11059059,,
2026-08-29,1998835206,2,3072,3072,2926,3219,587869505,1172607,,
2026-08-29,2027832238,1,1934,1934,1934,1934,201213300,105102,,
2026-08-29,2049551477,3,4833,4222,2889,4944,1474160931,1929129,,
2026-08-29,2092410051,1,2779,2779,2779,2779,335853518,1400250,,
2026-08-29,2165551367,1,1049,1049,1049,1049,673073569,2435569,,
2026-08-29,2247578975,3,2994,3251,2736,4022,1222855927,14938339,,
2026-08-29,2274830359,1,20818,20818,20818,20818,2996470848,2026510,,
2026-08-29,2294168059,2,4476,4476,3303,5649,1247031095,3363936,,
2026-08-29,2369077151,1,6147,6147,6147,6147,412140908,10980646,,
2026-08-29,2440500124,2,86346,86346,68654,104037,7631938112,8081823,,
2026-08-29,2491559356,2,1575,1575,1455,1695,84814712,174448,,
2026-08-29,2655478023,3,3402,3401,2357,4444,1021831056,3498964,,
2026-08-29,2788648141,1,4651,4651,4651,4651,1002802497,2104786,,
2026-08-29,2821905072,1,6085,6085,6085,6085,271315654,5652353,,
2026-08-29,2827951974,2,1006,1006,935,1077,812669180,685570,,
2026-08-29,2921237723,2,894,894,661,1128,142148254,768711,,
2026-08-29,2992873140,1,18625,18625,18625,18625,1405324716,1017496,,
2026-08-29,3034836582,1,848,848,848,848,504970627,1917956,,
2026-08-29,3079618996,1,6330,6330,6330,6330,794509073,1009081,,
2026-08-29,3164075108,1,3673,3673,3673,3673,282636337,738309,,
2026-08-29,3187874989,2,4804,4804,4198,5409,175321545,237802,,
2026-08-29,3191268194,1,2956,2956,2956,2956,1358672288,5517502,,
2026-08-29,3274669156,1,1304,1304,1304,1304,69332324,671186,,
2026-08-29,3310460039,1,21962,21962,21962,21962,4639549552,105170784,,
2026-08-29,3317771874,1,96794,96794,96794,96794,2618287795,2189285,,
2026-08-29,3346892457,2,2660,2660,2654,2666,446202612,184218,,
2026-08-29,3420059569,1,3082,3082,3082,3082,960454006,27484603,,
2026-08-29,3472976893,2,2710,2710,2497,2924,180755507,3326509,,
2026-08-29,3502524667,2,1360,1360,1090,1629,760550017,3687644,,
2026-08-29,3551414857,2,2053,2053,1835,2271,634516580,1326903,,
2026-08-29,3647333358,2,43252,43252,39435,47070,9106716866,8180110,,
2026-08-29,3746418487,1,3895,3895,3895,3895,325488063,395221,,
2026-08-29,3754482795,1,9062,9062,9062,9062,1278799266,4532181,,
2026-08-29,3759884822,1,3645,3645,3645,3645,134815508,117633,,
2026-08-29,3841172115,2,2346,2346,1600,3091,153990175,699863,,
2026-08-29,4028801234,1,1062,1062,1062,1062,,,,
2026-08-29,4071487712,2,867,867,786,948,29551206,122248,,
2026-08-29,4079077350,1,3071,3071,3071,3071,5944412,67122,,
2026-08-29,4283416256,1,725,725,725,725,22605087,132323,,
2026-08-29,4343544885,1,4723,4723,4723,4723,123789176,2735209,,
2026-08-29,4348829796,2,14006,14006,12310,15702,2658280895,11245163,,
2026-08-29,4457060041,1,2957,2957,2957,2957,138383291,224600,,
2026-08-29,4518160318,1,6158,6158,6158,6158,643978739,1165657,,
2026-08-29,4595016786,1,4716,4716,4716,4716,604094816,749013,,
2026-08-29,4599924264,1,4469,4469,4469,4469,721230843,285686,,
2026-08-29,4601145322,1,2959,2959,2959,2959,101493996,8377780,,
2026-08-29,4673599750,2,5148,5148,2747,7548,532170705,487017,,
2026-08-29,4720386144,2,2160,2160,2058,2262,119545290,600641,,
2026-08-29,4793836769,2,5610,5610,5091,6128,303574494,6423123,,
2026-08-29,4925331346,1,5344,5344,5344,5344,318492819,495193,,
2026-08-29,4944984948,1,7869,7869,7869,7869,277507320,146242,,
2026-08-29,5195168716,2,1440,1440,1201,1680,100195672,650863,,
2026-08-29,5361032378,1,45939,45939,45939,45939,2119976319,1005282,,
2026-08-29,5508238359,2,7534,7534,7164,7905,102992769,1842944,,
2026-08-29,5578556129,1,13035,13035,13035,13035,2025208498,1986433,,
2026-08-29,5668114043,2,1524,1524,1319,1728,243537156,746111,,
2026-08-29,5750914919,1,119766,119766,119766,119766,4824576995,3592889,,
2026-08-29,5927446137,2,1288,1288,922,1654,45966752,597885,,
2026-08-29,6015491985,1,3108,3108,3108,3108,362131263,214308,,
2026-08-29,6072944764,2,802,802,668,935,55489892,64342,,
2026-08-29,6113928308,1,3762,3762,3762,3762,83118440,432897,,
2026-08-29,6163884815,1,2910,2910,2910,2910,154832389,18709615,,
2026-08-29,6247557414,1,730,730,730,730,199410857,2315602,,
2026-08-29,6329693946,1,3652,3652,3652,3652,84467442,229832,,
2026-08-29,6466404775,1,4560,4560,4560,4560,72390786,135483,,
2026-08-29,6491900489,1,3377,3377,3377,3377,567118559,440931,,
2026-08-29,6646518350,1,753,753,753,753,259023843,351812,,
2026-08-29,6682487255,1,9299,9299,9299,9299,501119708,229357,,
2026-08-29,6749060816,2,10209,10209,9627,10791,269123679,1800759,,
2026-08-29,7018190066,2,28646,28646,28192,29101,6534251058,6080943,,
2026-08-29,7058980030,1,10585,10585,10585,10585,599771842,1001824,,
2026-08-29,7082244450,1,1468,1468,1468,1468,42813784,174205,,
2026-08-29,7082423811,1,6344,6344,6344,6344,290644826,1573652,,
2026-08-29,7094518649,1,15516,15516,15516,15516,353140832,849271,,
2026-08-29,7127084123,1,3808,3808,3808,3808,151591949,323620,,
2026-08-29,7128163167,2,1766,1766,1741,1791,77163097,129347,,
2026-08-29,7208219743,2,1584,1584,1210,1957,7786447,88897,,
2026-08-29,7219654364,2,96200,96200,95788,96612,1651364613,15643086,,
2026-08-29,7332711118,1,5019,5019,5019,5019,1877275222,2470663,,
2026-08-29,7364297396,1,3979,3979,3979,3979,450138544,661014,,
2026-08-29,7368125255,1,4686,4686,4686,4686,,,,
2026-08-29,7383133134,2,1582,1582,1303,1861,110196053,819099,,
2026-08-29,7434179990,1,11659,11659,11659,11659,235573235,8244364,,
2026-08-29,7435020231,1,1034,1034,1034,1034,33518148,118068,,
2026-08-29,7436755782,1,38302,38302,38302,38302,35871992502,11385241,,
2026-08-29,7450124099,1,2844,2844,2844,2844,136924471,771217,,
2026-08-29,7613921865,1,19463,19463,19463,19463,741782249,203576,,
2026-08-29,7613970129,1,3418,3418,3418,3418,61942218,156503,,
2026-08-29,7690412163,1,727,727,727,727,85597864,205070,,
2026-08-29,7709344486,1,156802,156802,156802,156802,73076651557,29191599,,
2026-08-29,7720654467,1,5618,5618,5618,5618,87243982,236170,,
2026-08-29,7760134732,1,3512,3512,3512,3512,,,,
2026-08-29,7856039629,2,9538,9538,9240,9835,36664033,1298245,,
2026-08-29,7891669427,2,1154,1154,763,1546,39171267,891190,,
2026-08-29,8014099969,2,1077,1077,1074,1080,148870649,249818,,
2026-08-29,8291789996,1,3552,3552,3552,3552,,,,
2026-08-29,8316902627,1,5396,5396,5396,5396,4699092270,1991445,,
2026-08-29,8401518398,1,8035,8035,8035,8035,94042850,76874,,
2026-08-29,8497987845,1,3805,3805,3805,3805,19981555,119930,,
2026-08-29,8504461817,3,2252,2566,1837,3610,189894559,102284,,
2026-08-29,8539298853,2,7250,7250,5948,8552,1277189124,1771008,,
2026-08-29,8696670616,1,2886,2886,2886,2886,,,,
2026-08-29,8759966530,2,2320,2320,2189,2451,123339847,404776,,
2026-08-29,8791358380,1,8143,8143,8143,8143,442110174,13266660,,
2026-08-29,8946565814,1,9419,9419,9419,9419,21635207,22118,,
2026-08-29,8950496606,2,2032,2032,1991,2072,176284063,444703,,
2026-08-29,8959257868,1,10928,10928,10928,10928,7754230,37100,,
2026-08-29,9073513091,1,3724,3724,3724,3724,135709706,170812,,
2026-08-29,9077534770,1,928,928,928,928,62267896,192578,,
2026-08-29,9098570654,1,24736,24736,24736,24736,246243623,406887,,
2026-08-29,9122463229,1,9014,9014,9014,9014,,,,
2026-08-29,9129640671,1,11028,11028,11028,11028,,,,
2026-08-29,9141743926,2,7627,7627,7138,8116,441519223,595584,,
2026-08-29,9145063979,1,13804,13804,13804,13804,560852617,570340,,
2026-08-29,9175015027,1,4496,4496,4496,4496,46912558,4953041,,
2026-08-29,9177208241,2,1075,1075,970,1180,78110838,406444,,
2026-08-29,9219116196,2,2772,2772,2453,3092,97760276,267970,,
2026-08-29,9231693026,1,2948,2948,2948,2948,,,,
2026-08-29,9296042754,1,5541,5541,5541,5541,66430801,314656,,
2026-08-29,9315739469,2,822,822,690,954,85027062,90481,,
2026-08-29,9348272796,1,13877,13877,13877,13877,715774306,658454,,
2026-08-29,9362896961,1,4845,4845,4845,4845,150946739,218991,,
2026-08-29,9363735110,1,7819,7819,7819,7819,5703373590,2046241,,
2026-08-29,9409870130,1,1068,1068,1068,1068,21943014,269679,,
2026-08-29,9411563986,1,627,627,627,627,86942220,150907,,
2026-08-29,9442472087,2,2634,2634,2434,2833,8629823,249338,,
2026-08-29,9452898647,1,4026,4026,4026,4026,120789818,5123695,,
2026-08-29,9481391333,2,4502,4502,4361,4642,24052060,582841,,
2026-08-29,9491545867,1,6765,6765,6765,6765,115502323,1136837,,
2026-08-29,9494058490,2,12312,12312,12312,12312,,,,
2026-08-29,9513686983,1,5056,5056,5056,5056,423343316,13925807,,
2026-08-29,9526307912,2,1224,1224,975,1474,98491556,169209,,
2026-08-29,9561553764,2,19348,19348,17992,20704,171327823,153813,,
2026-08-29,9582986239,1,12513,12513,12513,12513,4774565,46773,,
2026-08-29,9584852943,1,375723,375723,375723,375723,5315608040,6048229,,
2026-08-29,9592387369,1,23703,23703,23703,23703,7532033,39705,,
2026-08-29,9639553972,1,5251,5251,5251,5251,39864619,203426,,
2026-08-29,9660713566,1,3011,3011,3011,3011,101847675,6163979,,
2026-08-29,9674179529,1,815,815,815,815,13372963,20566,,
2026-08-29,9758688665,1,3952,3952,3952,3952,113139810,5806934,,
2026-08-29,9787206684,1,13864,13864,13864,13864,772657638,2963625,,
2026-08-29,9793308933,1,6361,6361,6361,6361,47511410,1234092,,
2026-08-29,9830725726,1,5348,5348,5348,5348,49745853,53431,,
2026-08-29,9836330876,1,5382,5382,5382,5382,16742362,59020,,
2026-08-29,9859536675,2,2754,2754,2754,2754,,,,
2026-08-29,9889811676,2,4479,4479,4109,4849,23034177,174206,,
2026-08-29,9930466428,1,696,696,696,696,37283698,151043,,
2026-08-29,9938429322,1,2674,2674,2674,2674,9932979,27136,,
2026-08-29,9940725596,2,1408,1408,1254,1563,35348661,46961,,
2026-08-29,9940812243,1,3865,3865,3865,3865,10795611,142923,,
2026-08-29,9953328866,1,20001,20001,20001,20001,52145692,58358,,
2026-08-29,9969095451,1,4394,4394,4394,4394,37954058,1528451,,
2026-08-29,9998576154,1,7069,7069,7069,7069,,,,
2026-08-29,10004244222,1,44383,44383,44383,44383,1759232842,25379575,,
2026-08-29,10019914160,1,4102,4102,4102,4102,2926276,10393,,
2026-08-29,10037267577,2,720,720,660,781,10581764,184434,,
2026-08-29,10038413468,2,27990,27990,25112,30868,97956016,2609226,,
2026-08-29,10039940475,1,776,776,776,776,348001,5281,,
2026-08-29,10045085816,1,2589,2589,2589,2589,35664985,51297,,
2026-08-29,10065013948,1,4304,4304,4304,4304,62844177,97506,,
2026-08-29,10083552936,1,656,656,656,656,10583451,466504,,
2026-08-29,10086454767,1,637,637,637,637,18955579,52455,,
2026-08-29,10144280947,1,125360,125360,125360,125360,444505523,9552775,,
2026-08-29,10144587520,1,23471,23471,23471,23471,61746921,1655847,,
2026-08-29,10149910491,1,3354,3354,3354,3354,36409694,49848,,
2026-08-29,10149964044,1,6407,6407,6407,6407,,,,
2026-08-29,10153098880,1,6679,6679,6679,6679,27113729,207172,,
2026-08-29,10156435104,1,8974,8974,8974,8974,53633752,85632,,
2026-08-29,10183029417,1,2786,2786,2786,2786,15135137,832921,,
2026-08-29,10184247393,1,11240,11240,11240,11240,88860893,2433976,,
2026-08-29,10199301628,1,23386,23386,23386,23386,378709505,1869038,,
2026-08-29,10200395747,1,29730,29730,29730,29730,1658411954,660393,,
2026-08-29,10244001346,1,7177,7177,7177,7177,97478634,101610,,
2026-08-29,10247797619,1,5983,5983,5983,5983,59000566,171244,,
2026-08-29,10253235584,1,11199,11199,11199,11199,56118899,579485,,
2026-08-29,10263732883,1,2836,2836,2836,2836,1090773,12826,,
2026-08-29,10272236945,1,5403,5403,5403,5403,29340722,43638,,
2026-08-29,10274447949,1,6381,6381,6381,6381,43869854,3111582,,
2026-08-29,10298144467,1,12149,12149,12149,12149,25204941,33072,,
2026-08-29,10314520237,1,11389,11389,11389,11389,,,,
2026-08-29,10321202755,1,10260,10260,10260,10260,44371707,415734,,
2026-08-29,10338952197,1,188058,188058,188058,188058,77328972,6310535,,
2026-08-29,10351850295,1,10450,10450,10450,10450,15909947,500676,,
2026-08-29,10356701370,1,3382,3382,3382,3382,89821911,381862,,
2026-08-29,10364552556,1,3871,3871,3871,3871,2680312,114047,,
2026-08-29,10376944238,2,4987,4987,4769,5205,43558363,262293,,
2026-08-29,10399136326,1,26990,26990,26990,26990,34708848,69951,,
2026-08-29,10406853972,1,2585,2585,2585,2585,20001151,1660937,,
2026-08-29,10409732219,1,6177,6177,6177,6177,83015242,5442204,,
2026-08-29,10426376134,1,13503,13503,13503,13503,,,,
2026-08-29,10431718987,1,13395,13395,13395,13395,25543343,65788,,
2026-08-29,10455462279,1,11082,11082,11082,11082,36776126,1650251,,
2026-08-29,10456832990,1,3179,3179,3179,3179,59958512,92078,,
2026-08-29,10461810987,1,13742,13742,13742,13742,6275464,21228,,
2026-08-29,10471583973,1,10008,10008,10008,10008,21395951,73589,,
2026-08-29,10502841145,1,21324,21324,21324,21324,65025652,95661,,
2026-08-29,10514488908,2,1644,1644,1322,1967,15427732,38097,,
2026-08-29,10519092644,2,1902,1902,1737,2067,7453726,876746,,
2026-08-29,10526434002,1,14246,14246,14246,14246,16671552,25444,,
2026-08-29,10528250136,1,3564,3564,3564,3564,20680975,1348900,,
2026-08-29,10547918402,1,8760,8760,8760,8760,30549301,68658,,
2026-08-29,10551595617,1,35420,35420,35420,35420,50436878,1566717,,
2026-08-29,10551923502,1,15642,15642,15642,15642,13366326,1218078,,
2026-08-29,10554316588,1,3791,3791,3791,3791,13079881,34928,,
2026-08-29,10563114921,1,2627357,2627357,2627357,2627357,735431631,1181011,,
2026-08-29,10601447895,1,16615,16615,16615,16615,20917787,700502,,
2026-08-29,10604772590,1,14245,14245,14245,14245,9840831,18555,,
2026-08-29,10605467256,1,4613,4613,4613,4613,5646748,9193,,
2026-08-29,10637513477,1,6378,6378,6378,6378,5095496,10132,,
2026-08-29,10697889407,1,5923,5923,5923,5923,3064783,42765,,
2026-08-30,2471084,1,2760,2760,2760,2760,1310928858,4616138,,
2026-08-30,31970568,1,10446,10446,10446,10446,1610519515,6083778,,
2026-08-30,66654135,1,450996,450996,450996,450996,29941981441,23797300,,
2026-08-30,465016798,1,3124,3124,3124,3124,123485122,405500,,
2026-08-30,568307879,1,694,694,694,694,525746591,549869,,
2026-08-30,605887098,1,4390,4390,4390,4390,2522542636,3711612,,
2026-08-30,903807016,1,8679,8679,8679,8679,1573180429,2835470,,
2026-08-30,1198533421,1,1190,1190,1190,1190,181950976,729709,,
2026-08-30,1214576306,1,3891,3891,3891,3891,1645946525,4298869,,
2026-08-30,1430007363,1,3335,3335,3335,3335,910371337,2368120,,
2026-08-30,1489026993,2,6696,6696,6256,7137,2674401058,4347171,,
2026-08-30,1526814825,1,13973,13973,13973,13973,1100353490,4349642,,
2026-08-30,1637284552,1,1016,1016,1016,1016,,,,
2026-08-30,1795206523,1,1382,1382,1382,1382,956989847,931843,,
2026-08-30,1831550657,1,37274,37274,37274,37274,2193694744,11073073,,
2026-08-30,1998835206,1,3351,3351,3351,3351,588069922,1172764,,
2026-08-30,2049551477,2,4696,4696,4565,4828,1474722423,1929929,,
2026-08-30,2092410051,1,2824,2824,2824,2824,335956642,1400576,,
2026-08-30,2165551367,1,1127,1127,1127,1127,673274062,2436277,,
2026-08-30,2247578975,2,4022,4022,3540,4505,1223397199,14938712,,
2026-08-30,2274830359,1,15929,15929,15929,15929,2998420977,2028383,,
2026-08-30,2294168059,1,5514,5514,5514,5514,1247652694,3365435,,
2026-08-30,2369077151,1,6173,6173,6173,6173,412656502,10989738,,
2026-08-30,2440500124,1,100693,100693,100693,100693,7639296336,8088875,,
2026-08-30,2491559356,1,1644,1644,1644,1644,84970325,174679,,
2026-08-30,2655478023,2,3953,3953,3526,4380,1022414374,3499572,,
2026-08-30,2788648141,1,4096,4096,4096,4096,1003096114,2106902,,
2026-08-30,2821905072,1,6351,6351,6351,6351,271784678,5660400,,
2026-08-30,2827951974,1,992,992,992,992,812821132,685804,,
2026-08-30,2921237723,1,917,917,917,917,142259453,769077,,
2026-08-30,2992873140,1,20682,20682,20682,20682,1406544256,1018040,,
2026-08-30,3034836582,1,783,783,783,783,505080245,1918140,,
2026-08-30,3079618996,1,5725,5725,5725,5725,794990548,1012667,,
2026-08-30,3164075108,1,3779,3779,3779,3779,282846481,738657,,
2026-08-30,3187874989,1,4185,4185,4185,4185,175780262,238295,,
2026-08-30,3191268194,1,3107,3107,3107,3107,1358894816,5520521,,
2026-08-30,3274669156,1,985,985,985,985,69398989,671779,,
2026-08-30,3310460039,1,21426,21426,21426,21426,4642219007,105172100,,
2026-08-30,3317771874,1,91141,91141,91141,91141,2619652909,2189669,,
2026-08-30,3346892457,1,2418,2418,2418,2418,446597703,184710,,
2026-08-30,3420059569,1,2986,2986,2986,2986,960851504,27484794,,
2026-08-30,3472976893,1,2649,2649,2649,2649,181348341,3344541,,
2026-08-30,3502524667,1,1520,1520,1520,1520,760816714,3687935,,
2026-08-30,3551414857,1,2582,2582,2582,2582,634703592,1327197,,
2026-08-30,3647333358,1,42238,42238,42238,42238,9112468704,8184376,,
2026-08-30,3746418487,1,3142,3142,3142,3142,325817139,395741,,
2026-08-30,3754482795,1,8685,8685,8685,8685,1279680867,4535842,,
2026-08-30,3759884822,1,3728,3728,3728,3728,135071805,117993,,
2026-08-30,3841172115,1,3325,3325,3325,3325,154302111,700858,,
2026-08-30,4028801234,1,876,876,876,876,237121882,12632397,,
2026-08-30,4071487712,1,995,995,995,995,29609598,122413,,
2026-08-30,4079077350,1,3223,3223,3223,3223,6049473,67385,,
2026-08-30,4283416256,1,795,795,795,795,22664843,132564,,
2026-08-30,4343544885,1,5085,5085,5085,5085,124072167,2739789,,
2026-08-30,4348829796,1,16413,16413,16413,16413,2660258481,11257196,,
2026-08-30,4457060041,1,3193,3193,3193,3193,138599614,224888,,
2026-08-30,4509896324,1,3879,3879,3879,3879,1081055753,707478,,
2026-08-30,4518160318,1,6101,6101,6101,6101,644363854,1166603,,
2026-08-30,4595016786,1,4369,4369,4369,4369,604456301,749633,,
2026-08-30,4599924264,1,3394,3394,3394,3394,721739391,286052,,
2026-08-30,4673599750,1,2644,2644,2644,2644,533076355,487853,,
2026-08-30,4720386144,1,2551,2551,2551,2551,119744259,601551,,
2026-08-30,4793836769,1,5141,5141,5141,5141,304092551,6432664,,
2026-08-30,4925331346,1,5785,5785,5785,5785,318853421,495947,,
2026-08-30,4944984948,1,7066,7066,7066,7066,278530335,147135,,
2026-08-30,5195168716,1,1856,1856,1856,1856,100350647,651564,,
2026-08-30,5361032378,1,46303,46303,46303,46303,2122875556,1005927,,
2026-08-30,5508238359,1,7181,7181,7181,7181,103617580,1850412,,
2026-08-30,5578556129,1,38188,38188,38188,38188,2026717027,1986811,,
2026-08-30,5668114043,1,1889,1889,1889,1889,243745107,746510,,
2026-08-30,5750914919,1,95240,95240,95240,95240,4830272815,3594955,,
2026-08-30,5927446137,1,1642,1642,1642,1642,46087902,599374,,
2026-08-30,6015491985,1,3057,3057,3057,3057,362518721,214590,,
2026-08-30,6072944764,1,1033,1033,1033,1033,55589604,64593,,
2026-08-30,6113928308,1,3333,3333,3333,3333,83520113,435370,,
2026-08-30,6163884815,1,2955,2955,2955,2955,155287631,18758976,,
2026-08-30,6247557414,1,842,842,842,842,199506452,2316884,,
2026-08-30,6329693946,1,4031,4031,4031,4031,84657286,230176,,
2026-08-30,6466404775,1,4528,4528,4528,4528,72692655,135895,,
2026-08-30,6682487255,1,8506,8506,8506,8506,501866042,229408,,
2026-08-30,6749060816,1,12524,12524,12524,12524,270033127,1805132,,
2026-08-30,7018190066,1,33070,33070,33070,33070,6537107374,6082811,,
2026-08-30,7058980030,1,10629,10629,10629,10629,601090692,1003894,,
2026-08-30,7082244450,1,1441,1441,1441,1441,43074334,174978,,
2026-08-30,7082423811,1,5079,5079,5079,5079,291130466,1574434,,
2026-08-30,7094518649,1,16245,16245,16245,16245,353827178,850734,,
2026-08-30,7127084123,1,3654,3654,3654,3654,151828780,324300,,
2026-08-30,7128163167,1,1728,1728,1728,1728,77339063,129666,,
2026-08-30,7208219743,1,2404,2404,2404,2404,7912199,90386,,
2026-08-30,7219654364,1,100892,100892,100892,100892,1659892783,15684909,,
2026-08-30,7332711118,1,3387,3387,3387,3387,,,,
2026-08-30,7364297396,1,3655,3655,3655,3655,450850849,662055,,
2026-08-30,7368125255,1,4686,4686,4686,4686,,,,
2026-08-30,7383133134,1,1989,1989,1989,1989,110559354,822024,,
2026-08-30,7434179990,1,11836,11836,11836,11836,236419944,8273555,,
2026-08-30,7435020231,1,741,741,741,741,33571303,118143,,
2026-08-30,7436755782,1,46997,46997,46997,46997,35875640991,11387015,,
2026-08-30,7450124099,1,2771,2771,2771,2771,137108621,772158,,
2026-08-30,7577791613,1,608,608,608,608,107862387,592271,,
2026-08-30,7613921865,1,16264,16264,16264,16264,743620015,203867,,
2026-08-30,7690412163,1,677,677,677,677,85705704,205421,,
2026-08-30,7709344486,1,236054,236054,236054,236054,73120937860,29208075,,
2026-08-30,7720654467,1,4054,4054,4054,4054,87739379,237229,,
2026-08-30,7760134732,1,2919,2919,2919,2919,36977158,1041140,,
2026-08-30,7798947148,1,2807,2807,2807,2807,148948049,312323,,
2026-08-30,7856039629,1,10658,10658,10658,10658,38033965,1328116,,
2026-08-30,7891669427,1,1365,1365,1365,1365,39306629,892693,,
2026-08-30,8014099969,1,1125,1125,1125,1125,149021212,250080,,
2026-08-30,8291789996,1,3552,3552,3552,3552,,,,
2026-08-30,8316902627,1,4927,4927,4927,4927,4699818545,1991825,,
2026-08-30,8356066619,1,8415,8415,8415,8415,84385882,45519,,
2026-08-30,8401518398,1,8274,8274,8274,8274,94995933,77923,,
2026-08-30,8497987845,1,5113,5113,5113,5113,20309169,121774,,
2026-08-30,8504461817,2,2150,2150,1664,2636,190248443,102603,,
2026-08-30,8539298853,1,8475,8475,8475,8475,1278037100,1772343,,
2026-08-30,8696670616,1,2886,2886,2886,2886,,,,
2026-08-30,8759966530,1,3011,3011,3011,3011,123638659,405307,,
2026-08-30,8791358380,1,8993,8993,8993,8993,442974640,13291881,,
2026-08-30,8946565814,1,7406,7406,7406,7406,22172646,22429,,
2026-08-30,8950496606,1,2099,2099,2099,2099,176480411,445046,,
2026-08-30,8959257868,1,6128,6128,6128,6128,8149485,38423,,
2026-08-30,9073513091,1,5194,5194,5194,5194,136486879,171427,,
2026-08-30,9077534770,1,808,808,808,808,62367650,192864,,
2026-08-30,9098570654,1,21594,21594,21594,21594,247489235,409078,,
2026-08-30,9122463229,1,9014,9014,9014,9014,,,,
2026-08-30,9129640671,1,11028,11028,11028,11028,,,,
2026-08-30,9141743926,1,6943,6943,6943,6943,442284285,595933,,
2026-08-30,9145063979,1,12008,12008,12008,12008,562221090,572211,,
2026-08-30,9145282410,1,716,716,716,716,39705498,285789,,
2026-08-30,9175015027,1,3694,3694,3694,3694,47679561,4954469,,
2026-08-30,9177208241,1,1389,1389,1389,1389,78258805,406872,,
2026-08-30,9219116196,1,2867,2867,2867,2867,98021394,268923,,
2026-08-30,9231693026,1,2948,2948,2948,2948,,,,
2026-08-30,9296042754,1,5659,5659,5659,5659,66911090,316954,,
2026-08-30,9315739469,1,1107,1107,1107,1107,85204813,90705,,
2026-08-30,9348272796,1,13374,13374,13374,13374,717248958,659680,,
2026-08-30,9362896961,1,4904,4904,4904,4904,151184457,219133,,
2026-08-30,9363735110,1,6879,6879,6879,6879,5704440392,2046875,,
2026-08-30,9409870130,1,1070,1070,1070,1070,22055231,270759,,
2026-08-30,9442472087,1,2146,2146,2146,2146,8755355,250976,,
2026-08-30,9452898647,1,4738,4738,4738,4738,121263836,5152811,,
2026-08-30,9481391333,1,4499,4499,4499,4499,24475073,589222,,
2026-08-30,9491545867,1,6421,6421,6421,6421,116077451,1143156,,
2026-08-30,9494058490,1,12312,12312,12312,12312,,,,
2026-08-30,9501409571,1,680,680,680,680,41369226,208836,,
2026-08-30,9513686983,1,4881,4881,4881,4881,423867806,13946279,,
2026-08-30,9526307912,1,1635,1635,1635,1635,98721280,169632,,
2026-08-30,9561553764,1,20947,20947,20947,20947,174938223,156424,,
2026-08-30,9582986239,1,12583,12583,12583,12583,5345471,48241,,
2026-08-30,9584852943,1,379095,379095,379095,379095,5387233081,6095150,,
2026-08-30,9592387369,1,25637,25637,25637,25637,9516348,46639,,
2026-08-30,9639553972,1,4084,4084,4084,4084,40154419,204421,,
2026-08-30,9660713566,1,2850,2850,2850,2850,102197119,6183171,,
2026-08-30,9758688665,1,4388,4388,4388,4388,113602147,5830921,,
2026-08-30,9793308933,1,12892,12892,12892,12892,48303630,1248976,,
2026-08-30,9830725726,1,5083,5083,5083,5083,50353474,54142,,
2026-08-30,9836330876,1,3841,3841,3841,3841,17088219,60862,,
2026-08-30,9859536675,1,2754,2754,2754,2754,,,,
2026-08-30,9889811676,1,5111,5111,5111,5111,23564487,176444,,
2026-08-30,9930466428,1,738,738,738,738,37456656,151965,,
2026-08-30,9938429322,1,3324,3324,3324,3324,10145225,27825,,
2026-08-30,9940725596,1,1195,1195,1195,1195,35551233,47296,,
2026-08-30,9940812243,1,4034,4034,4034,4034,10953876,143618,,
2026-08-30,9948575164,1,2876,2876,2876,2876,45026076,227233,,
2026-08-30,9953328866,1,4536,4536,4536,4536,52644240,59045,,
2026-08-30,9969095451,1,4170,4170,4170,4170,38329120,1543143,,
2026-08-30,9998576154,1,6381,6381,6381,6381,116920595,7354243,,
2026-08-30,10004244222,1,35135,35135,35135,35135,1766407288,25415217,,
2026-08-30,10019914160,1,4171,4171,4171,4171,3375261,11739,,
2026-08-30,10037267577,1,831,831,831,831,10702992,184756,,
2026-08-30,10038413468,1,31662,31662,31662,31662,100791178,2661400,,
2026-08-30,10039940475,1,720,720,720,720,383851,5547,,
2026-08-30,10065013948,1,5554,5554,5554,5554,63319558,98277,,
2026-08-30,10083552936,1,697,697,697,697,10678528,471964,,
2026-08-30,10144280947,1,104226,104226,104226,104226,463557152,9750441,,
2026-08-30,10144587520,1,19865,19865,19865,19865,62778122,1671749,,
2026-08-30,10149910491,1,3207,3207,3207,3207,36666459,50178,,
2026-08-30,10149964044,1,6407,6407,6407,6407,,,,
2026-08-30,10153098880,1,6121,6121,6121,6121,27514649,209604,,
2026-08-30,10156435104,1,8040,8040,8040,8040,54288475,86530,,
2026-08-30,10183029417,1,2752,2752,2752,2752,15365613,850776,,
2026-08-30,10184247393,1,11581,11581,11581,11581,89852218,2462123,,
2026-08-30,10196660716,1,2774,2774,2774,2774,34217700,2437017,,
2026-08-30,10199301628,1,21685,21685,21685,21685,381446503,1877422,,
2026-08-30,10200395747,1,28951,28951,28951,28951,1659640914,660587,,
2026-08-30,10204207151,1,3172,3172,3172,3172,22722297,61268,,
2026-08-30,10241000620,1,3359,3359,3359,3359,,,,
2026-08-30,10244001346,1,6521,6521,6521,6521,98426449,102471,,
2026-08-30,10247797619,1,6020,6020,6020,6020,59632452,172702,,
2026-08-30,10253235584,1,11486,11486,11486,11486,56821015,582505,,
2026-08-30,10263732883,1,3016,3016,3016,3016,1235791,13829,,
2026-08-30,10272236945,1,5185,5185,5185,5185,29862681,44315,,
2026-08-30,10274447949,1,5994,5994,5994,5994,44448163,3151084,,
2026-08-30,10298144467,1,20649,20649,20649,20649,26028197,33525,,
2026-08-30,10314520237,1,11389,11389,11389,11389,,,,
2026-08-30,10321202755,1,10928,10928,10928,10928,44728314,417930,,
2026-08-30,10338952197,1,52506,52506,52506,52506,80893249,6424696,,
2026-08-30,10351850295,1,9609,9609,9609,9609,17078575,538990,,
2026-08-30,10356701370,1,3158,3158,3158,3158,90347760,382664,,
2026-08-30,10364552556,1,3675,3675,3675,3675,2881089,121289,,
2026-08-30,10376944238,1,4533,4533,4533,4533,44234645,265290,,
2026-08-30,10399136326,1,28529,28529,28529,28529,37318771,75016,,
2026-08-30,10409732219,1,5120,5120,5120,5120,83983394,5472176,,
2026-08-30,10426376134,1,13503,13503,13503,13503,,,,
2026-08-30,10431718987,1,13698,13698,13698,13698,26603840,68168,,
2026-08-30,10455462279,1,14153,14153,14153,14153,38036061,1689026,,
2026-08-30,10456832990,1,2888,2888,2888,2888,60239253,92493,,
2026-08-30,10461810987,1,11629,11629,11629,11629,8136279,23665,,
2026-08-30,10471583973,1,9861,9861,9861,9861,22021671,74991,,
2026-08-30,10502841145,1,26690,26690,26690,26690,66531875,97885,,
2026-08-30,10514488908,1,2261,2261,2261,2261,15730302,38741,,
2026-08-30,10519092644,1,2731,2731,2731,2731,7749335,905091,,
2026-08-30,10526434002,1,9356,9356,9356,9356,18325212,27858,,
2026-08-30,10547918402,1,5314,5314,5314,5314,31370669,69905,,
2026-08-30,10551595617,1,30504,30504,30504,30504,53370944,1648124,,
2026-08-30,10551923502,1,10726,10726,10726,10726,14484006,1291689,,
2026-08-30,10554316588,1,3524,3524,3524,3524,13348317,35558,,
2026-08-30,10559253584,1,3829,3829,3829,3829,9392883,17367,,
2026-08-30,10563114921,1,1689681,1689681,1689681,1689681,894308695,1385015,,
2026-08-30,10601447895,1,15144,15144,15144,15144,22919348,704270,,
2026-08-30,10604772590,1,14793,14793,14793,14793,10844794,20348,,
2026-08-30,10605467256,1,4711,4711,4711,4711,6494871,10336,,
2026-08-30,10637513477,1,6972,6972,6972,6972,5854713,11333,,
2026-08-30,10697889407,1,5071,5071,5071,5071,3315801,45059,,
2026-08-31,31970568,1,8379,8379,8379,8379,1611029234,6084601,,
2026-08-31,66654135,1,290237,290237,290237,290237,29983719628,23816278,,
2026-08-31,605887098,1,3145,3145,3145,3145,2522896723,3712200,,
2026-08-31,903807016,1,7628,7628,7628,7628,1573941300,2836206,,
2026-08-31,1198533421,1,810,810,810,810,182033059,729877,,
2026-08-31,1214576306,1,2855,2855,2855,2855,1646165736,4299132,,
2026-08-31,1430007363,1,2154,2154,2154,2154,910759952,2370046,,
2026-08-31,1489026993,2,4454,4454,3759,5148,2674986459,4347748,,
2026-08-31,1526814825,1,10895,10895,10895,10895,1101153665,4352118,,
2026-08-31,1637284552,1,1016,1016,1016,1016,,,,
2026-08-31,1795206523,1,948,948,948,948,957210392,931910,,
2026-08-31,1831550657,1,29549,29549,29549,29549,2195549593,11082669,,
2026-08-31,1998835206,1,1852,1852,1852,1852,588248730,1172901,,
2026-08-31,2049551477,2,2897,2897,2722,3072,1475197532,1930574,,
2026-08-31,2247578975,2,2646,2646,2432,2861,1223813431,14939002,,
2026-08-31,2274830359,1,9508,9508,9508,9508,3000080771,2029993,,
2026-08-31,2294168059,1,3046,3046,3046,3046,1248149285,3366724,,
2026-08-31,2369077151,1,3453,3453,3453,3453,413155183,10997842,,
2026-08-31,2440500124,1,56900,56900,56900,56900,7645844274,8095073,,
2026-08-31,2491559356,1,1081,1081,1081,1081,85111034,174940,,
2026-08-31,2655478023,2,2491,2491,2208,2774,1022886869,3500077,,
2026-08-31,2788648141,1,3215,3215,3215,3215,1003376335,2109110,,
2026-08-31,2821905072,1,4639,4639,4639,4639,272274324,5668609,,
2026-08-31,2992873140,1,19271,19271,19271,19271,1407905865,1018778,,
2026-08-31,3079618996,1,3761,3761,3761,3761,795401965,1015517,,
2026-08-31,3164075108,1,2991,2991,2991,2991,283055616,738980,,
2026-08-31,3187874989,1,3656,3656,3656,3656,176161150,238709,,
2026-08-31,3310460039,1,15524,15524,15524,15524,4644713921,105173488,,
2026-08-31,3317771874,1,94904,94904,94904,94904,2620993326,2190066,,
2026-08-31,3346892457,1,1530,1530,1530,1530,446915543,185178,,
2026-08-31,3472976893,1,1584,1584,1584,1584,181849306,3359061,,
2026-08-31,3502524667,1,1072,1072,1072,1072,761046354,3688196,,
2026-08-31,3551414857,1,1650,1650,1650,1650,634863636,1327441,,
2026-08-31,3647333358,1,24514,24514,24514,24514,9117687287,8187928,,
2026-08-31,3754482795,1,5045,5045,5045,5045,1280492952,4539181,,
2026-08-31,3759884822,1,2828,2828,2828,2828,135348193,118374,,
2026-08-31,3841172115,1,1581,1581,1581,1581,154544871,701631,,
2026-08-31,4343544885,1,3817,3817,3817,3817,124374922,2744328,,
2026-08-31,4348829796,1,10780,10780,10780,10780,2662079520,11267635,,
2026-08-31,4457060041,1,2699,2699,2699,2699,138824880,225168,,
2026-08-31,4518160318,1,4783,4783,4783,4783,644739857,1167490,,
2026-08-31,4595016786,1,2999,2999,2999,2999,604805959,750237,,
2026-08-31,4673599750,1,2611,2611,2611,2611,533857082,488622,,
2026-08-31,4720386144,1,1561,1561,1561,1561,119932582,602493,,
2026-08-31,4793836769,1,3683,3683,3683,3683,304517093,6440795,,
2026-08-31,4925331346,1,5100,5100,5100,5100,319248904,496835,,
2026-08-31,4944984948,1,5003,5003,5003,5003,279455510,148006,,
2026-08-31,5195168716,1,1326,1326,1326,1326,100488685,652170,,
2026-08-31,5361032378,1,44958,44958,44958,44958,2125886397,1006706,,
2026-08-31,5508238359,1,5070,5070,5070,5070,104183760,1857535,,
2026-08-31,5578556129,1,28066,28066,28066,28066,2028182602,1987027,,
2026-08-31,5668114043,1,1109,1109,1109,1109,243926736,746858,,
2026-08-31,5750914919,1,62282,62282,62282,62282,4834324831,3596879,,
2026-08-31,5927446137,1,882,882,882,882,46176045,600359,,
2026-08-31,6329693946,1,3225,3225,3225,3225,84874727,230587,,
2026-08-31,6466404775,1,4047,4047,4047,4047,72994376,136343,,
2026-08-31,6682487255,1,7656,7656,7656,7656,502630913,229469,,
2026-08-31,6749060816,1,8412,8412,8412,8412,270873759,1809370,,
2026-08-31,7018190066,1,18679,18679,18679,18679,6539461085,6084342,,
2026-08-31,7058980030,1,6161,6161,6161,6161,602355357,1005890,,
2026-08-31,7082244450,1,701,701,701,701,43282611,175597,,
2026-08-31,7082423811,1,3679,3679,3679,3679,291549841,1575031,,
2026-08-31,7094518649,1,13388,13388,13388,13388,354568393,852214,,
2026-08-31,7128163167,1,1139,1139,1139,1139,77489677,129930,,
2026-08-31,7208219743,1,2018,2018,2018,2018,8040131,91937,,
2026-08-31,7219654364,1,79886,79886,79886,79886,1666867281,15719726,,
2026-08-31,7364297396,1,2904,2904,2904,2904,451501339,662947,,
2026-08-31,7368125255,1,4686,4686,4686,4686,,,,
2026-08-31,7383133134,1,1095,1095,1095,1095,110849521,824220,,
2026-08-31,7434179990,1,7827,7827,7827,7827,237348452,8305671,,
2026-08-31,7436755782,1,35960,35960,35960,35960,35878612005,11388450,,
2026-08-31,7613921865,1,53573,53573,53573,53573,747100984,204364,,
2026-08-31,7709344486,1,198572,198572,198572,198572,73152066985,29219075,,
2026-08-31,7720654467,1,2985,2985,2985,2985,88164138,238104,,
2026-08-31,7856039629,1,7463,7463,7463,7463,39233623,1353843,,
2026-08-31,7891669427,1,733,733,733,733,39435104,894139,,
2026-08-31,8014099969,1,756,756,756,756,149159894,250329,,
2026-08-31,8291789996,1,3552,3552,3552,3552,,,,
2026-08-31,8356066619,1,6757,6757,6757,6757,84609439,45587,,
2026-08-31,8401518398,1,5886,5886,5886,5886,95937632,78931,,
2026-08-31,8497987845,1,3516,3516,3516,3516,20602525,123132,,
2026-08-31,8504461817,1,1157,1157,1157,1157,190523675,102870,,
2026-08-31,8539298853,1,4999,4999,4999,4999,1278744448,1773571,,
2026-08-31,8696670616,1,2886,2886,2886,2886,,,,
2026-08-31,8759966530,1,2002,2002,2002,2002,123869157,405742,,
2026-08-31,8791358380,1,5613,5613,5613,5613,443824574,13316281,,
2026-08-31,8946565814,1,4963,4963,4963,4963,22601635,22706,,
2026-08-31,8950496606,1,1362,1362,1362,1362,176645136,445379,,
2026-08-31,8959257868,1,5333,5333,5333,5333,8525579,39542,,
2026-08-31,9073513091,1,3099,3099,3099,3099,136971483,171856,,
2026-08-31,9098570654,1,14343,14343,14343,14343,248455653,410958,,
2026-08-31,9122463229,1,9014,9014,9014,9014,,,,
2026-08-31,9129640671,1,11028,11028,11028,11028,,,,
2026-08-31,9141743926,1,5889,5889,5889,5889,442984661,596143,,
2026-08-31,9145063979,1,7693,7693,7693,7693,563461455,574075,,
2026-08-31,9175015027,1,2755,2755,2755,2755,48439085,4955923,,
2026-08-31,9219116196,1,1881,1881,1881,1881,98230445,269695,,
2026-08-31,9231693026,1,2948,2948,2948,2948,,,,
2026-08-31,9296042754,1,4185,4185,4185,4185,67401243,319182,,
2026-08-31,9348272796,1,7418,7418,7418,7418,718489093,660883,,
2026-08-31,9362896961,1,5063,5063,5063,5063,151422900,219263,,
2026-08-31,9363735110,1,4602,4602,4602,4602,5705202131,2047501,,
2026-08-31,9442472087,1,1439,1439,1439,1439,8864149,252399,,
2026-08-31,9452898647,1,2748,2748,2748,2748,121623955,5170487,,
2026-08-31,9481391333,1,3451,3451,3451,3451,24863755,595607,,
2026-08-31,9491545867,1,3306,3306,3306,3306,116586700,1148846,,
2026-08-31,9494058490,1,12312,12312,12312,12312,,,,
2026-08-31,9513686983,1,3469,3469,3469,3469,424384937,13965968,,
2026-08-31,9526307912,1,943,943,943,943,98905265,169948,,
2026-08-31,9561553764,1,13651,13651,13651,13651,178084193,159143,,
2026-08-31,9582986239,1,11186,11186,11186,11186,6064206,49834,,
2026-08-31,9584852943,1,264367,264367,264367,264367,5439678393,6135829,,
2026-08-31,9592387369,1,18622,18622,18622,18622,11909084,54378,,
2026-08-31,9639553972,1,2836,2836,2836,2836,40416375,205445,,
2026-08-31,9758688665,1,3038,3038,3038,3038,114093260,5857371,,
2026-08-31,9793308933,1,6023,6023,6023,6023,49476089,1267326,,
2026-08-31,9830725726,1,3830,3830,3830,3830,50977459,54855,,
2026-08-31,9859536675,1,2754,2754,2754,2754,,,,
2026-08-31,9938429322,1,2737,2737,2737,2737,10388899,28529,,
2026-08-31,9940725596,1,807,807,807,807,35718115,47591,,
2026-08-31,9940812243,1,4127,4127,4127,4127,11164191,144543,,
2026-08-31,9953328866,1,3129,3129,3129,3129,53108579,59703,,
2026-08-31,9998576154,1,4365,4365,4365,4365,117526473,7391258,,
2026-08-31,10004244222,1,19511,19511,19511,19511,1770645312,25444598,,
2026-08-31,10019914160,1,2788,2788,2788,2788,3859100,13433,,
2026-08-31,10038413468,1,22351,22351,22351,22351,103408308,2709941,,
2026-08-31,10065013948,1,3765,3765,3765,3765,63889803,99290,,
2026-08-31,10144280947,1,66528,66528,66528,66528,475425038,9913731,,
2026-08-31,10144587520,1,16119,16119,16119,16119,63573019,1687254,,
2026-08-31,10149964044,1,6407,6407,6407,6407,,,,
2026-08-31,10153098880,1,5671,5671,5671,5671,27903922,211959,,
2026-08-31,10156435104,1,4995,4995,4995,4995,54923770,87494,,
2026-08-31,10184247393,1,6935,6935,6935,6935,90894419,2490667,,
2026-08-31,10199301628,1,14592,14592,14592,14592,383779566,1884740,,
2026-08-31,10200395747,1,23498,23498,23498,23498,1660780650,660782,,
2026-08-31,10244001346,1,4303,4303,4303,4303,99279021,103290,,
2026-08-31,10247797619,1,3742,3742,3742,3742,60214521,174013,,
2026-08-31,10253235584,1,9084,9084,9084,9084,57415059,585445,,
2026-08-31,10263732883,1,3301,3301,3301,3301,1408491,15645,,
2026-08-31,10272236945,1,3240,3240,3240,3240,30410382,45014,,
2026-08-31,10274447949,1,4155,4155,4155,4155,45066419,3192427,,
2026-08-31,10298144467,1,12692,12692,12692,12692,26884796,34072,,
2026-08-31,10314520237,1,11389,11389,11389,11389,,,,
2026-08-31,10321202755,1,9242,9242,9242,9242,45030421,419867,,
2026-08-31,10338952197,1,33736,33736,33736,33736,83911823,6536182,,
2026-08-31,10351850295,1,7171,7171,7171,7171,18163221,575726,,
2026-08-31,10364552556,1,3054,3054,3054,3054,3087019,128681,,
2026-08-31,10376944238,1,2617,2617,2617,2617,44755595,267469,,
2026-08-31,10399136326,1,21765,21765,21765,21765,40154445,79681,,
2026-08-31,10409732219,1,4229,4229,4229,4229,84884512,5503789,,
2026-08-31,10426376134,1,13503,13503,13503,13503,,,,
2026-08-31,10431718987,1,9156,9156,9156,9156,27757384,70772,,
2026-08-31,10455462279,1,8563,8563,8563,8563,39222068,1727724,,
2026-08-31,10461810987,1,7306,7306,7306,7306,9668765,25729,,
2026-08-31,10471583973,1,7452,7452,7452,7452,22661487,76515,,
2026-08-31,10480747190,1,2367,2367,2367,2367,24278553,57204,,
2026-08-31,10502841145,1,21923,21923,21923,21923,68092882,99849,,
2026-08-31,10514488908,1,1109,1109,1109,1109,15967663,39263,,
2026-08-31,10519092644,1,1578,1578,1578,1578,8014389,928944,,
2026-08-31,10526434002,1,6765,6765,6765,6765,19823823,30052,,
2026-08-31,10547918402,1,3886,3886,3886,3886,32037897,70955,,
2026-08-31,10551595617,1,21486,21486,21486,21486,56135589,1719524,,
2026-08-31,10551923502,1,8457,8457,8457,8457,15457048,1361342,,
2026-08-31,10563114921,1,1258146,1258146,1258146,1258146,1028043629,1580337,,
2026-08-31,10577682617,1,4164,4164,4164,4164,1190765,3592,,
2026-08-31,10601447895,1,11043,11043,11043,11043,24683838,707360,,
2026-08-31,10604772590,1,9036,9036,9036,9036,11681058,21835,,
2026-08-31,10605467256,1,2820,2820,2820,2820,7310059,11403,,
2026-08-31,10637513477,1,5492,5492,5492,5492,6775885,12449,,
2026-08-31,10697889407,1,4134,4134,4134,4134,3556461,47168,,
