date,universe_id,n,median,mean,min,max,visits,favorites,up,down
2026-06-01,31970568,1,7044,7044,7044,7044,1571314339,6033153,,
2026-06-01,66654135,1,153869,153869,153869,153869,25979564223,22207010,,
2026-06-01,605887098,1,7667,7667,7667,7667,2486341805,3657237,,
2026-06-01,903807016,1,9072,9072,9072,9072,1502236608,2782949,,
2026-06-01,1198533421,1,1021,1021,1021,1021,174470974,716484,,
2026-06-01,1214576306,1,4289,4289,4289,4289,1621918812,4265339,,
2026-06-01,1430007363,1,2907,2907,2907,2907,869679511,2147511,,
2026-06-01,1489026993,2,5156,5156,4053,6260,2609084450,4263947,,
2026-06-01,1526814825,1,10431,10431,10431,10431,1037572389,4184421,,
2026-06-01,1795206523,1,819,819,819,819,,,,
2026-06-01,1831550657,1,37263,37263,37263,37263,2004562935,10099549,,
2026-06-01,1998835206,1,3432,3432,3432,3432,567771244,1156401,,
2026-06-01,2049551477,2,3294,3294,3178,3411,1426094354,1869074,,
2026-06-01,2165551367,1,1010,1010,1010,1010,654823606,2348616,,
2026-06-01,2247578975,2,3535,3535,2739,4331,1171457070,14904448,,
2026-06-01,2274830359,1,6233,6233,6233,6233,2896819087,1937729,,
2026-06-01,2294168059,1,2261,2261,2261,2261,1194855104,3230553,,
2026-06-01,2369077151,1,4742,4742,4742,4742,343395488,9650080,,
2026-06-01,2440500124,1,13252,13252,13252,13252,7403784627,7843545,,
2026-06-01,2655478023,1,1749,1749,1749,1749,968658615,3451602,,
2026-06-01,2788648141,1,2942,2942,2942,2942,981808546,1900195,,
2026-06-01,2821905072,1,8612,8612,8612,8612,236763889,5030482,,
2026-06-01,2827951974,1,806,806,806,806,799440711,667642,,
2026-06-01,2992873140,1,17756,17756,17756,17756,1285070181,955659,,
2026-06-01,3034836582,1,795,795,795,795,494678944,1903684,,
2026-06-01,3079618996,1,2722,2722,2722,2722,754340572,779191,,
2026-06-01,3164075108,1,3926,3926,3926,3926,263711431,707295,,
2026-06-01,3187874989,1,4077,4077,4077,4077,136926967,198770,,
2026-06-01,3191268194,1,3604,3604,3604,3604,1330979450,5124422,,
2026-06-01,3232181171,1,1426,1426,1426,1426,49743801,186048,,
2026-06-01,3310460039,1,17808,17808,17808,17808,4397621870,105061310,,
2026-06-01,3346892457,1,1369,1369,1369,1369,419168819,154952,,
2026-06-01,3420059569,1,3657,3657,3657,3657,925819266,27471911,,
2026-06-01,3472976893,1,2101,2101,2101,2101,127344233,1663623,,
2026-06-01,3502524667,1,1825,1825,1825,1825,729704217,3661768,,
2026-06-01,3551414857,1,5813,5813,5813,5813,598148183,1267562,,
2026-06-01,3647333358,1,17716,17716,17716,17716,8652081936,7808670,,
2026-06-01,3746418487,1,3150,3150,3150,3150,291367363,347498,,
2026-06-01,3754482795,1,5538,5538,5538,5538,1208420617,4264589,,
2026-06-01,3841172115,1,13288,13288,13288,13288,104233587,539271,,
2026-06-01,4028801234,1,1129,1129,1129,1129,221469822,11733922,,
2026-06-01,4348829796,1,9928,9928,9928,9928,2483687557,10281750,,
2026-06-01,4457060041,1,3096,3096,3096,3096,118897448,199766,,
2026-06-01,4518160318,1,4559,4559,4559,4559,606113304,1074204,,
2026-06-01,4595016786,1,2808,2808,2808,2808,570813332,691928,,
2026-06-01,4599924264,1,3253,3253,3253,3253,668812066,245269,,
2026-06-01,4673599750,1,2030,2030,2030,2030,462643024,422649,,
2026-06-01,4720386144,1,1753,1753,1753,1753,99161442,517286,,
2026-06-01,4793836769,1,5596,5596,5596,5596,258346138,5505116,,
2026-06-01,4925331346,1,3499,3499,3499,3499,286614730,434341,,
2026-06-01,4944984948,1,6339,6339,6339,6339,196298787,84435,,
2026-06-01,5195168716,1,1194,1194,1194,1194,85896406,579694,,
2026-06-01,5207621753,1,4097,4097,4097,4097,60392320,57319,,
2026-06-01,5361032378,1,57723,57723,57723,57723,1905434782,959300,,
2026-06-01,5578556129,1,56396,56396,56396,56396,1913593204,1912662,,
2026-06-01,5661020014,1,1053,1053,1053,1053,21236591,456747,,
2026-06-01,5668114043,1,1628,1628,1628,1628,224496578,705137,,
2026-06-01,5698013839,1,727,727,727,727,66208568,261400,,
2026-06-01,5750914919,1,56856,56856,56856,56856,4505247833,3409812,,
2026-06-01,6015491985,1,2980,2980,2980,2980,328129040,189329,,
2026-06-01,6072944764,1,828,828,828,828,48815501,51695,,
2026-06-01,6247557414,1,746,746,746,746,192024235,2222847,,
2026-06-01,6329693946,1,4142,4142,4142,4142,62694357,195023,,
2026-06-01,6409513651,1,35674,35674,35674,35674,31713671,491573,,
2026-06-01,6646518350,1,742,742,742,742,241808961,344546,,
2026-06-01,6682487255,1,8089,8089,8089,8089,437790439,212118,,
2026-06-01,6749060816,1,8554,8554,8554,8554,207296416,1459545,,
2026-06-01,7018190066,1,22678,22678,22678,22678,6331344250,5782385,,
2026-06-01,7058980030,1,7697,7697,7697,7697,500611772,845004,,
2026-06-01,7082244450,1,3086,3086,3086,3086,21888883,92422,,
2026-06-01,7082423811,1,5190,5190,5190,5190,254191257,1526247,,
2026-06-01,7091388561,1,739,739,739,739,123333841,99523,,
2026-06-01,7094518649,1,20141,20141,20141,20141,284415060,700121,,
2026-06-01,7127084123,1,2849,2849,2849,2849,128980916,276062,,
2026-06-01,7128163167,1,1511,1511,1511,1511,53745935,89826,,
2026-06-01,7219654364,1,71570,71570,71570,71570,1110943939,12796570,,
2026-06-01,7332711118,1,5247,5247,5247,5247,1829282273,2424813,,
2026-06-01,7364297396,1,2681,2681,2681,2681,401740475,599376,,
2026-06-01,7434179990,1,2656,2656,2656,2656,206676982,7410663,,
2026-06-01,7435020231,1,1021,1021,1021,1021,29176430,110924,,
2026-06-01,7436755782,1,88642,88642,88642,88642,35465724494,11028323,,
2026-06-01,7518216173,1,3497,3497,3497,3497,18595321,19063,,
2026-06-01,7577791613,1,819,819,819,819,88289887,548127,,
2026-06-01,7585079192,1,25628,25628,25628,25628,29130876,124120,,
2026-06-01,7709344486,1,150402,150402,150402,150402,69426605420,28234862,,
2026-06-01,7719766419,1,739,739,739,739,23931476,220719,,
2026-06-01,7760134732,1,6442,6442,6442,6442,9549135,290195,,
2026-06-01,7798947148,1,4581,4581,4581,4581,,,,
2026-06-01,7882829745,1,3097,3097,3097,3097,350814972,965545,,
2026-06-01,7891669427,1,1103,1103,1103,1103,25839618,668303,,
2026-06-01,8014099969,1,1223,1223,1223,1223,131759954,223481,,
2026-06-01,8291789996,1,3552,3552,3552,3552,,,,
2026-06-01,8316902627,1,4335,4335,4335,4335,4646413593,1904461,,
2026-06-01,8504461817,2,2156,2156,1512,2799,155689538,72371,,
2026-06-01,8539298853,1,17334,17334,17334,17334,1135624549,1501500,,
2026-06-01,8696670616,1,2886,2886,2886,2886,,,,
2026-06-01,8759966530,1,3095,3095,3095,3095,87590843,326619,,
2026-06-01,8791358380,1,7667,7667,7667,7667,359935001,10801412,,
2026-06-01,8950496606,1,1676,1676,1676,1676,152896909,387903,,
2026-06-01,9029463012,1,839,839,839,839,,,,
2026-06-01,9073513091,1,12921,12921,12921,12921,78622915,113283,,
2026-06-01,9077534770,1,977,977,977,977,48035674,145328,,
2026-06-01,9098570654,1,27711,27711,27711,27711,146689653,229990,,
2026-06-01,9122463229,1,9014,9014,9014,9014,,,,
2026-06-01,9129640671,1,11028,11028,11028,11028,,,,
2026-06-01,9141743926,1,17739,17739,17739,17739,312307440,507920,,
2026-06-01,9145063979,1,8576,8576,8576,8576,460596441,440887,,
2026-06-01,9145282410,1,1217,1217,1217,1217,32997262,244015,,
2026-06-01,9169166771,1,1224,1224,1224,1224,42647338,33393,,
2026-06-01,9177208241,1,2051,2051,2051,2051,49125849,292847,,
2026-06-01,9219116196,1,3472,3472,3472,3472,53041707,132647,,
2026-06-01,9231693026,1,2948,2948,2948,2948,,,,
2026-06-01,9266873836,1,7582,7582,7582,7582,149630778,130955,,
2026-06-01,9296042754,1,4164,4164,4164,4164,30774246,151135,,
2026-06-01,9315739469,1,959,959,959,959,65619355,66465,,
2026-06-01,9348272796,1,108790,108790,108790,108790,348904649,320645,,
2026-06-01,9362896961,1,10583,10583,10583,10583,123137341,202900,,
2026-06-01,9363735110,1,21232,21232,21232,21232,5584768978,1984226,,
2026-06-01,9409870130,1,1599,1599,1599,1599,11028450,145469,,
2026-06-01,9411563986,1,2068,2068,2068,2068,62648781,109835,,
2026-06-01,9452898647,1,3290,3290,3290,3290,95594872,4017446,,
2026-06-01,9491545867,1,3838,3838,3838,3838,89917138,978460,,
2026-06-01,9494058490,1,12312,12312,12312,12312,,,,
2026-06-01,9501409571,1,3894,3894,3894,3894,29124986,151669,,
2026-06-01,9513686983,1,5535,5535,5535,5535,369383032,11841450,,
2026-06-01,9526307912,2,5060,5060,4915,5204,58391874,101965,,
2026-06-01,9556113881,1,1892,1892,1892,1892,29242065,141165,,
2026-06-01,9561553764,1,5070,5070,5070,5070,5875036,20499,,
2026-06-01,9584852943,1,174891,174891,174891,174891,648272867,1423552,,
2026-06-01,9606816662,1,1789,1789,1789,1789,4219302,89221,,
2026-06-01,9643480573,1,4281,4281,4281,4281,27230489,559838,,
2026-06-01,9649298941,1,2603,2603,2603,2603,725631230,5563639,,
2026-06-01,9711972386,1,4043,4043,4043,4043,5547800,14112,,
2026-06-01,9723617424,1,2883,2883,2883,2883,13213137,20736,,
2026-06-01,9725232502,2,3922,3922,3819,4026,8053545,64314,,
2026-06-01,9753606371,1,3587,3587,3587,3587,4118347,10097,,
2026-06-01,9758688665,1,2831,2831,2831,2831,79555185,4219388,,
2026-06-01,9787206684,1,9064,9064,9064,9064,718804336,2841577,,
2026-06-01,9792947201,1,122161,122161,122161,122161,406971752,2987646,,
2026-06-01,9859536675,1,3486,3486,3486,3486,17377489,244654,,
2026-06-01,9898609049,1,2859,2859,2859,2859,20937882,26108,,
2026-06-01,9917678692,1,3832,3832,3832,3832,43078397,44853,,
2026-06-01,9929086116,1,3680,3680,3680,3680,32965278,2604518,,
2026-06-01,9930466428,1,1035,1035,1035,1035,25401046,119267,,
2026-06-01,9931060493,1,7552,7552,7552,7552,15384006,478479,,
2026-06-01,9940725596,1,1192,1192,1192,1192,18079534,25443,,
2026-06-01,9952351777,1,3552,3552,3552,3552,12948331,51865,,
2026-06-01,9953328866,1,5367,5367,5367,5367,15554692,18355,,
2026-06-01,9958694666,1,7468,7468,7468,7468,26910930,269581,,
2026-06-01,9963622286,1,2910,2910,2910,2910,26631545,1152169,,
2026-06-01,9965907387,1,7436,7436,7436,7436,15703281,74634,,
2026-06-01,9969095451,1,2577,2577,2577,2577,18914125,866389,,
2026-06-01,9969687051,1,6030,6030,6030,6030,21555229,1587715,,
2026-06-01,9975893742,1,7351,7351,7351,7351,20395515,2175179,,
2026-06-01,9998576154,1,10536,10536,10536,10536,42648290,2931658,,
2026-06-01,10004244222,1,138480,138480,138480,138480,873776940,18326331,,
2026-06-01,10004760418,1,6460,6460,6460,6460,87647145,117117,,
2026-06-01,10006323745,1,1097,1097,1097,1097,18195193,232823,,
2026-06-01,10015834582,1,3683,3683,3683,3683,45607936,53098,,
2026-06-01,10045085816,1,3227,3227,3227,3227,19249898,29524,,
2026-06-01,10051853469,1,21181,21181,21181,21181,55251403,1406474,,
2026-06-01,10052184484,1,18847,18847,18847,18847,16671879,1162536,,
2026-06-01,10053434203,1,3775,3775,3775,3775,10675603,1026635,,
2026-06-01,10081194651,1,16639,16639,16639,16639,18379701,81983,,
2026-06-01,10089507840,1,7554,7554,7554,7554,12188929,23385,,
2026-06-01,10092619788,1,3595,3595,3595,3595,5042400,4606,,
2026-06-01,10096577758,1,3172,3172,3172,3172,18375064,24241,,
2026-06-01,10118240578,1,4825,4825,4825,4825,6897709,18203,,
2026-06-01,10124868376,1,5909,5909,5909,5909,7196995,59062,,
2026-06-01,10138988383,1,9076,9076,9076,9076,10020928,24107,,
2026-06-01,10167214983,1,21095,21095,21095,21095,15189289,1055917,,
2026-06-02,2471084,1,2721,2721,2721,2721,1297437861,4587638,,
2026-06-02,31970568,1,5183,5183,5183,5183,1571601513,6033514,,
2026-06-02,66654135,1,165888,165888,165888,165888,25998641246,22217707,,
2026-06-02,605887098,1,6451,6451,6451,6451,2486844329,3658009,,
2026-06-02,903807016,1,5387,5387,5387,5387,1502894463,2783514,,
2026-06-02,1053132402,1,2693,2693,2693,2693,554666769,960920,,
2026-06-02,1198533421,1,1060,1060,1060,1060,174544451,716602,,
2026-06-02,1214576306,1,3688,3688,3688,3688,1622129344,4265694,,
2026-06-02,1430007363,1,3080,3080,3080,3080,870213951,2150759,,
2026-06-02,1489026993,2,6037,6037,4210,7864,2609697463,4264649,,
2026-06-02,1526814825,1,9880,9880,9880,9880,1038130202,4185592,,
2026-06-02,1795206523,1,873,873,873,873,934096349,921351,,
2026-06-02,1831550657,1,31166,31166,31166,31166,2006302763,10107252,,
2026-06-02,1998835206,1,3403,3403,3403,3403,567998544,1156603,,
2026-06-02,2049551477,1,3619,3619,3619,3619,1426513085,1869667,,
2026-06-02,2165551367,1,1160,1160,1160,1160,655034582,2349936,,
2026-06-02,2247578975,2,3338,3338,3060,3617,1171942151,14904731,,
2026-06-02,2274830359,1,7611,7611,7611,7611,2897581006,1938357,,
2026-06-02,2294168059,1,2526,2526,2526,2526,1195121687,3231105,,
2026-06-02,2369077151,1,4653,4653,4653,4653,343751286,9657272,,
2026-06-02,2440500124,1,14357,14357,14357,14357,7405440439,7845556,,
2026-06-02,2655478023,1,1709,1709,1709,1709,968999759,3451860,,
2026-06-02,2821905072,1,6576,6576,6576,6576,237382375,5046604,,
2026-06-02,2827951974,1,859,859,859,859,799588443,667831,,
2026-06-02,2992873140,1,14440,14440,14440,14440,1285868487,956101,,
2026-06-02,3034836582,1,802,802,802,802,494792892,1903820,,
2026-06-02,3164075108,1,3153,3153,3153,3153,263880768,707500,,
2026-06-02,3187874989,1,4035,4035,4035,4035,137407155,199283,,
2026-06-02,3191268194,1,2946,2946,2946,2946,1331211768,5128024,,
2026-06-02,3232181171,1,1452,1452,1452,1452,49887579,186766,,
2026-06-02,3310460039,1,17661,17661,17661,17661,4399538093,105062087,,
2026-06-02,3346892457,1,1570,1570,1570,1570,419449240,155257,,
2026-06-02,3420059569,1,2993,2993,2993,2993,926204016,27472068,,
2026-06-02,3472976893,1,2421,2421,2421,2421,127713851,1678291,,
2026-06-02,3502524667,1,1756,1756,1756,1756,730027236,3662056,,
2026-06-02,3551414857,1,5715,5715,5715,5715,598511865,1268343,,
2026-06-02,3647333358,1,19989,19989,19989,19989,8655744943,7812853,,
2026-06-02,3746418487,1,2944,2944,2944,2944,291625005,347752,,
2026-06-02,3754482795,1,5449,5449,5449,5449,1208981009,4266619,,
2026-06-02,3841172115,1,11522,11522,11522,11522,105306557,544231,,
2026-06-02,4028801234,1,1243,1243,1243,1243,221616774,11743011,,
2026-06-02,4348829796,1,10913,10913,10913,10913,2485142250,10291923,,
2026-06-02,4518160318,1,4367,4367,4367,4367,606376140,1074885,,
2026-06-02,4599924264,1,3721,3721,3721,3721,669233915,245515,,
2026-06-02,4673599750,1,1659,1659,1659,1659,463282966,423289,,
2026-06-02,4720386144,1,2183,2183,2183,2183,99377806,518010,,
2026-06-02,4793836769,1,5645,5645,5645,5645,258806050,5515128,,
2026-06-02,4925331346,1,3081,3081,3081,3081,286804281,434651,,
2026-06-02,4944984948,1,7416,7416,7416,7416,197151261,85071,,
2026-06-02,5195168716,1,1763,1763,1763,1763,86027664,580338,,
2026-06-02,5207621753,1,4280,4280,4280,4280,60720439,57586,,
2026-06-02,5361032378,1,57115,57115,57115,57115,1907541580,959940,,
2026-06-02,5578556129,1,39122,39122,39122,39122,1916557690,1913481,,
2026-06-02,5661020014,1,1683,1683,1683,1683,21335025,457970,,
2026-06-02,5668114043,1,1718,1718,1718,1718,224650989,705441,,
2026-06-02,5698013839,1,815,815,815,815,66274232,261665,,
2026-06-02,5750914919,1,52720,52720,52720,52720,4507482225,3412185,,
2026-06-02,5956634861,1,905,905,905,905,,,,
2026-06-02,6015491985,1,3203,3203,3203,3203,328491982,189628,,
2026-06-02,6072944764,1,782,782,782,782,48885278,51836,,
2026-06-02,6247557414,1,716,716,716,716,,,,
2026-06-02,6329693946,1,4159,4159,4159,4159,62880125,195409,,
2026-06-02,6409513651,1,30445,30445,30445,30445,32914961,500782,,
2026-06-02,6491900489,1,2669,2669,2669,2669,529341831,411343,,
2026-06-02,6646518350,1,808,808,808,808,242054359,344674,,
2026-06-02,6682487255,1,7361,7361,7361,7361,438305861,212261,,
2026-06-02,6749060816,1,8708,8708,8708,8708,207939635,1464233,,
2026-06-02,7018190066,1,21866,21866,21866,21866,6333449035,5785291,,
2026-06-02,7058980030,1,6769,6769,6769,6769,501617502,846566,,
2026-06-02,7082244450,1,3223,3223,3223,3223,22472063,94448,,
2026-06-02,7082423811,1,5936,5936,5936,5936,254632049,1526925,,
2026-06-02,7091388561,1,787,787,787,787,123460017,99788,,
2026-06-02,7094518649,1,17062,17062,17062,17062,285169787,701849,,
2026-06-02,7127084123,1,2797,2797,2797,2797,129149671,276454,,
2026-06-02,7128163167,1,1470,1470,1470,1470,53917387,90183,,
2026-06-02,7219654364,1,62972,62972,62972,62972,1115809361,12825739,,
2026-06-02,7332711118,1,5623,5623,5623,5623,1829760669,2425315,,
2026-06-02,7383133134,1,797,797,797,797,94551579,694636,,
2026-06-02,7434179990,1,2846,2846,2846,2846,206909028,7417626,,
2026-06-02,7435020231,1,1208,1208,1208,1208,29254925,111084,,
2026-06-02,7436755782,1,91422,91422,91422,91422,35471179687,11032661,,
2026-06-02,7450124099,1,17294,17294,17294,17294,112523828,625117,,
2026-06-02,7518216173,1,5377,5377,5377,5377,20384340,20388,,
2026-06-02,7577791613,1,955,955,955,955,88552339,548948,,
2026-06-02,7585079192,1,20854,20854,20854,20854,29958629,126168,,
2026-06-02,7709344486,1,127227,127227,127227,127227,69459125130,28243188,,
2026-06-02,7719766419,1,879,879,879,879,24010009,221184,,
2026-06-02,7760134732,1,6237,6237,6237,6237,10003037,304595,,
2026-06-02,7798947148,1,4191,4191,4191,4191,115312095,270579,,
2026-06-02,7882829745,1,2902,2902,2902,2902,350944931,965678,,
2026-06-02,7891669427,1,1131,1131,1131,1131,25969985,672183,,
2026-06-02,8014099969,1,1418,1418,1418,1418,131965034,223793,,
2026-06-02,8291789996,1,3552,3552,3552,3552,,,,
2026-06-02,8316902627,1,4940,4940,4940,4940,4646940608,1906092,,
2026-06-02,8504461817,2,2303,2303,1403,3203,156023041,72611,,
2026-06-02,8539298853,1,17884,17884,17884,17884,1137567817,1504109,,
2026-06-02,8696670616,1,2886,2886,2886,2886,,,,
2026-06-02,8759966530,1,3108,3108,3108,3108,87866656,327339,,
2026-06-02,8791358380,1,8859,8859,8859,8859,360703554,10822702,,
2026-06-02,8950496606,1,1825,1825,1825,1825,153040946,388283,,
2026-06-02,9029463012,1,873,873,873,873,102126184,391572,,
2026-06-02,9073513091,1,9873,9873,9873,9873,79784819,114303,,
2026-06-02,9077534770,1,1113,1113,1113,1113,48156081,145665,,
2026-06-02,9098570654,1,25580,25580,25580,25580,147795897,231641,,
2026-06-02,9122463229,1,9014,9014,9014,9014,,,,
2026-06-02,9129640671,1,11028,11028,11028,11028,,,,
2026-06-02,9141743926,1,17370,17370,17370,17370,314011534,510029,,
2026-06-02,9145063979,1,8656,8656,8656,8656,461423117,441965,,
2026-06-02,9169166771,1,1026,1026,1026,1026,42840637,33573,,
2026-06-02,9177208241,1,2473,2473,2473,2473,49371401,293884,,
2026-06-02,9219116196,1,4234,4234,4234,4234,53393895,133528,,
2026-06-02,9231693026,1,2948,2948,2948,2948,,,,
2026-06-02,9266873836,1,6634,6634,6634,6634,149799621,131091,,
2026-06-02,9296042754,1,3712,3712,3712,3712,31059215,152529,,
2026-06-02,9315472782,1,832,832,832,832,12471547,78700,,
2026-06-02,9315739469,1,1115,1115,1115,1115,65787060,66711,,
2026-06-02,9348272796,1,146721,146721,146721,146721,357979821,328217,,
2026-06-02,9362896961,1,9587,9587,9587,9587,123600237,203329,,
2026-06-02,9363735110,1,20157,20157,20157,20157,5586671867,1985355,,
2026-06-02,9409870130,1,1690,1690,1690,1690,11201850,147732,,
2026-06-02,9411563986,1,2356,2356,2356,2356,63043848,110583,,
2026-06-02,9452898647,1,3218,3218,3218,3218,95893085,4027474,,
2026-06-02,9491545867,1,4196,4196,4196,4196,90328046,979875,,
2026-06-02,9494058490,1,12312,12312,12312,12312,,,,
2026-06-02,9501409571,1,3688,3688,3688,3688,29619662,153854,,
2026-06-02,9513686983,1,5737,5737,5737,5737,369938434,11864697,,
2026-06-02,9526307912,2,4526,4526,4290,4763,59012631,103100,,
2026-06-02,9556113881,1,1909,1909,1909,1909,29449272,141718,,
2026-06-02,9561553764,1,5553,5553,5553,5553,6508462,22047,,
2026-06-02,9584852943,1,166670,166670,166670,166670,669317146,1464097,,
2026-06-02,9606816662,1,2311,2311,2311,2311,,,,
2026-06-02,9643480573,1,3561,3561,3561,3561,27456661,564733,,
2026-06-02,9659404694,1,743,743,743,743,5643859,869802,,
2026-06-02,9660713566,1,2945,2945,2945,2945,65634692,4277391,,
2026-06-02,9671940985,1,2951,2951,2951,2951,152354679,5220059,,
2026-06-02,9711972386,1,3818,3818,3818,3818,5696971,14396,,
2026-06-02,9723617424,1,3585,3585,3585,3585,13489188,21108,,
2026-06-02,9725232502,2,3034,3034,2836,3231,8340722,66136,,
2026-06-02,9753606371,1,5865,5865,5865,5865,4506075,10964,,
2026-06-02,9758688665,1,3126,3126,3126,3126,79878406,4232213,,
2026-06-02,9787206684,1,13050,13050,13050,13050,719908308,2843959,,
2026-06-02,9792947201,1,108552,108552,108552,108552,414611087,3013737,,
2026-06-02,9835089582,1,637,637,637,637,8967352,39968,,
2026-06-02,9859536675,1,2562,2562,2562,2562,,,,
2026-06-02,9875383684,1,2783,2783,2783,2783,161873238,179568,,
2026-06-02,9898609049,1,3204,3204,3204,3204,21133952,26276,,
2026-06-02,9917678692,1,4241,4241,4241,4241,43480042,45235,,
2026-06-02,9929086116,1,3064,3064,3064,3064,33272153,2620007,,
2026-06-02,9930466428,1,1017,1017,1017,1017,25601310,119656,,
2026-06-02,9931060493,1,6545,6545,6545,6545,16033876,490707,,
2026-06-02,9940725596,1,1188,1188,1188,1188,18294659,25673,,
2026-06-02,9952351777,1,2752,2752,2752,2752,13227399,52572,,
2026-06-02,9953328866,1,7841,7841,7841,7841,16132138,19221,,
2026-06-02,9958694666,1,7791,7791,7791,7791,27589120,273863,,
2026-06-02,9963622286,1,3767,3767,3767,3767,26949518,1165641,,
2026-06-02,9965907387,1,7840,7840,7840,7840,16606789,77568,,
2026-06-02,9969687051,1,5696,5696,5696,5696,22116857,1625689,,
2026-06-02,9975893742,1,8535,8535,8535,8535,21242883,2241454,,
2026-06-02,9998576154,1,9933,9933,9933,9933,43646216,2992439,,
2026-06-02,10004244222,1,141216,141216,141216,141216,887356693,18428730,,
2026-06-02,10004760418,1,7741,7741,7741,7741,88440720,118120,,
2026-06-02,10006323745,1,1090,1090,1090,1090,18659454,249304,,
2026-06-02,10015834582,1,5204,5204,5204,5204,46111347,53662,,
2026-06-02,10045085816,1,4436,4436,4436,4436,,,,
2026-06-02,10051853469,1,24167,24167,24167,24167,57172520,1450705,,
2026-06-02,10052184484,1,15314,15314,15314,15314,17888655,1233906,,
2026-06-02,10053434203,1,3053,3053,3053,3053,11036862,1052098,,
2026-06-02,10081194651,1,14037,14037,14037,14037,19337534,85510,,
2026-06-02,10089507840,1,5718,5718,5718,5718,13156660,24619,,
2026-06-02,10092619788,1,3383,3383,3383,3383,5202322,4645,,
2026-06-02,10096577758,1,3569,3569,3569,3569,18860463,24889,,
2026-06-02,10118240578,1,3064,3064,3064,3064,7288328,18891,,
2026-06-02,10124868376,1,3487,3487,3487,3487,7822877,61751,,
2026-06-02,10138988383,1,8699,8699,8699,8699,10707526,25376,,
2026-06-02,10167214983,1,24600,24600,24600,24600,16920762,1166098,,
2026-06-03,2471084,1,3171,3171,3171,3171,1297594267,4587868,,
2026-06-03,31970568,1,6240,6240,6240,6240,1571929678,6033974,,
2026-06-03,66654135,1,166257,166257,166257,166257,26019824683,22229452,,
2026-06-03,605887098,1,6867,6867,6867,6867,2487390010,3659004,,
2026-06-03,903807016,1,6284,6284,6284,6284,1503596705,2784112,,
2026-06-03,1053132402,1,2719,2719,2719,2719,554821119,961017,,
2026-06-03,1198533421,1,1059,1059,1059,1059,174624638,716741,,
2026-06-03,1214576306,1,4065,4065,4065,4065,1622378734,4266119,,
2026-06-03,1430007363,1,2929,2929,2929,2929,870787865,2154202,,
2026-06-03,1489026993,2,6301,6301,4193,8409,2610358589,4265453,,
2026-06-03,1526814825,1,9969,9969,9969,9969,1038754261,4187058,,
2026-06-03,1795206523,1,863,863,863,863,934282274,921449,,
2026-06-03,1831550657,1,33919,33919,33919,33919,2008212078,10116958,,
2026-06-03,1998835206,1,3386,3386,3386,3386,568241221,1156854,,
2026-06-03,2049551477,2,3136,3136,2991,3282,1426981212,1870359,,
2026-06-03,2165551367,1,1092,1092,1092,1092,655266805,2351353,,
2026-06-03,2247578975,2,3690,3690,3112,4269,1172528991,14905040,,
2026-06-03,2274830359,1,9311,9311,9311,9311,2898616431,1939278,,
2026-06-03,2294168059,1,2615,2615,2615,2615,1195428294,3231809,,
2026-06-03,2369077151,1,3838,3838,3838,3838,344102444,9663930,,
2026-06-03,2440500124,1,14962,14962,14962,14962,7407341249,7847746,,
2026-06-03,2491559356,1,649,649,649,649,75869292,159993,,
2026-06-03,2655478023,1,1770,1770,1770,1770,969370897,3452123,,
2026-06-03,2821905072,1,5271,5271,5271,5271,237892669,5058534,,
2026-06-03,2827951974,1,897,897,897,897,799768357,668100,,
2026-06-03,2992873140,1,18281,18281,18281,18281,1286894770,956646,,
2026-06-03,3034836582,1,819,819,819,819,494924587,1903955,,
2026-06-03,3164075108,1,3577,3577,3577,3577,264078302,707745,,
2026-06-03,3187874989,1,4171,4171,4171,4171,137942714,199852,,
2026-06-03,3191268194,1,3266,3266,3266,3266,1331476841,5132441,,
2026-06-03,3232181171,1,1243,1243,1243,1243,50040489,187528,,
2026-06-03,3310460039,1,17985,17985,17985,17985,4401802419,105063089,,
2026-06-03,3346892457,1,1468,1468,1468,1468,419786734,155587,,
2026-06-03,3420059569,1,3477,3477,3477,3477,926664719,27472219,,
2026-06-03,3472976893,1,2373,2373,2373,2373,128162300,1695248,,
2026-06-03,3502524667,1,1718,1718,1718,1718,730389151,3662349,,
2026-06-03,3551414857,1,6210,6210,6210,6210,598915986,1269245,,
2026-06-03,3647333358,1,19658,19658,19658,19658,8659671901,7817287,,
2026-06-03,3746418487,1,2999,2999,2999,2999,291896519,348044,,
2026-06-03,3754482795,1,6245,6245,6245,6245,1209644536,4269009,,
2026-06-03,3841172115,1,13463,13463,13463,13463,106436630,549458,,
2026-06-03,4028801234,1,1127,1127,1127,1127,221775127,11752002,,
2026-06-03,4348829796,1,11072,11072,11072,11072,2486928181,10302735,,
2026-06-03,4457060041,1,3369,3369,3369,3369,119246246,200236,,
2026-06-03,4518160318,1,4693,4693,4693,4693,606696539,1075649,,
2026-06-03,4599924264,1,3608,3608,3608,3608,669748220,245862,,
2026-06-03,4673599750,1,1747,1747,1747,1747,464035349,424118,,
2026-06-03,4720386144,1,2170,2170,2170,2170,99596130,518690,,
2026-06-03,4793836769,1,5845,5845,5845,5845,259296633,5524857,,
2026-06-03,4925331346,1,3352,3352,3352,3352,287020883,435072,,
2026-06-03,4944984948,1,8770,8770,8770,8770,198313536,86048,,
2026-06-03,5031482529,1,3122,3122,3122,3122,497915393,31040087,,
2026-06-03,5195168716,1,1457,1457,1457,1457,86171848,581061,,
2026-06-03,5207621753,1,5270,5270,5270,5270,61169132,57941,,
2026-06-03,5361032378,1,56211,56211,56211,56211,1909987976,960699,,
2026-06-03,5578556129,1,36698,36698,36698,36698,1918678952,1914485,,
2026-06-03,5661020014,1,1211,1211,1211,1211,21556627,459978,,
2026-06-03,5668114043,1,1605,1605,1605,1605,224828239,705779,,
2026-06-03,5698013839,1,818,818,818,818,66346927,261934,,
2026-06-03,5750914919,1,53406,53406,53406,53406,4510001851,3414893,,
2026-06-03,5956634861,1,734,734,734,734,144324450,575095,,
2026-06-03,6015491985,1,3634,3634,3634,3634,328918626,189983,,
2026-06-03,6072944764,1,915,915,915,915,48963955,51996,,
2026-06-03,6247557414,1,716,716,716,716,,,,
2026-06-03,6329693946,1,4169,4169,4169,4169,63102832,195945,,
2026-06-03,6409513651,1,25933,25933,25933,25933,34008986,507700,,
2026-06-03,6491900489,1,2830,2830,2830,2830,529864500,411776,,
2026-06-03,6646518350,1,738,738,738,738,242298188,344799,,
2026-06-03,6682487255,1,7601,7601,7601,7601,438875815,212416,,
2026-06-03,6749060816,1,8959,8959,8959,8959,208641955,1469017,,
2026-06-03,7018190066,1,22816,22816,22816,22816,6335776658,5789097,,
2026-06-03,7058980030,1,9157,9157,9157,9157,502804917,848348,,
2026-06-03,7073604286,1,2873,2873,2873,2873,394069417,404129,,
2026-06-03,7082244450,1,3785,3785,3785,3785,23155672,96878,,
2026-06-03,7082423811,1,6744,6744,6744,6744,255182422,1527789,,
2026-06-03,7091388561,1,747,747,747,747,123596070,100055,,
2026-06-03,7094518649,1,18977,18977,18977,18977,286046249,704136,,
2026-06-03,7128163167,1,1430,1430,1430,1430,54073982,90515,,
2026-06-03,7219654364,1,62620,62620,62620,62620,1120918203,12854674,,
2026-06-03,7332711118,1,5087,5087,5087,5087,1830391211,2425935,,
2026-06-03,7364297396,1,3345,3345,3345,3345,402696913,600579,,
2026-06-03,7383133134,1,756,756,756,756,94681488,695698,,
2026-06-03,7434179990,1,2969,2969,2969,2969,207188608,7426838,,
2026-06-03,7435020231,1,897,897,897,897,29324269,111243,,
2026-06-03,7436755782,1,95900,95900,95900,95900,35477488299,11037892,,
2026-06-03,7450124099,1,5271,5271,5271,5271,113206154,632249,,
2026-06-03,7518216173,1,5826,5826,5826,5826,22934734,22093,,
2026-06-03,7577791613,1,754,754,754,754,88856592,549922,,
2026-06-03,7585079192,1,17127,17127,17127,17127,30674127,127616,,
2026-06-03,7709344486,1,128684,128684,128684,128684,69498451901,28254587,,
2026-06-03,7719766419,1,837,837,837,837,24094949,221728,,
2026-06-03,7760134732,1,6823,6823,6823,6823,10559439,324594,,
2026-06-03,7798947148,1,4283,4283,4283,4283,115706212,271203,,
2026-06-03,7882829745,1,2822,2822,2822,2822,351085518,965840,,
2026-06-03,7891669427,1,1064,1064,1064,1064,26099565,675780,,
2026-06-03,8014099969,1,1318,1318,1318,1318,132192567,224148,,
2026-06-03,8291789996,1,3552,3552,3552,3552,,,,
2026-06-03,8316902627,1,5216,5216,5216,5216,4647522973,1907911,,
2026-06-03,8504461817,2,2120,2120,1383,2858,156352202,72868,,
2026-06-03,8539298853,1,19104,19104,19104,19104,1139714598,1506705,,
2026-06-03,8696670616,1,2886,2886,2886,2886,,,,
2026-06-03,8759966530,1,3220,3220,3220,3220,88171697,328085,,
2026-06-03,8791358380,1,8511,8511,8511,8511,361581803,10846957,,
2026-06-03,8950496606,1,1734,1734,1734,1734,153197140,388648,,
2026-06-03,9029463012,1,889,889,889,889,102221792,391903,,
2026-06-03,9073513091,1,8089,8089,8089,8089,80835388,115466,,
2026-06-03,9077534770,1,1180,1180,1180,1180,48294898,146034,,
2026-06-03,9098570654,1,25983,25983,25983,25983,149040120,233394,,
2026-06-03,9122463229,1,9014,9014,9014,9014,,,,
2026-06-03,9129640671,1,11028,11028,11028,11028,,,,
2026-06-03,9141743926,1,16512,16512,16512,16512,315785709,512231,,
2026-06-03,9145063979,1,10762,10762,10762,10762,462512226,443483,,
2026-06-03,9169166771,1,955,955,955,955,43029480,33754,,
2026-06-03,9177208241,1,2854,2854,2854,2854,49671018,294943,,
2026-06-03,9219116196,1,4012,4012,4012,4012,53771912,134525,,
2026-06-03,9231693026,1,2948,2948,2948,2948,,,,
2026-06-03,9266873836,1,6479,6479,6479,6479,149959850,131252,,
2026-06-03,9296042754,1,3946,3946,3946,3946,31378612,154094,,
2026-06-03,9315472782,1,690,690,690,690,12569336,79222,,
2026-06-03,9315739469,1,897,897,897,897,65978984,66995,,
2026-06-03,9348272796,1,127126,127126,127126,127126,369491288,340295,,
2026-06-03,9362896961,1,9989,9989,9989,9989,124123886,203925,,
2026-06-03,9363735110,1,20916,20916,20916,20916,5588834818,1986677,,
2026-06-03,9409870130,1,1714,1714,1714,1714,11383418,149953,,
2026-06-03,9411563986,1,2304,2304,2304,2304,63454087,111360,,
2026-06-03,9452898647,1,3159,3159,3159,3159,96213139,4038066,,
2026-06-03,9491545867,1,4531,4531,4531,4531,90791791,981773,,
2026-06-03,9494058490,1,12312,12312,12312,12312,,,,
2026-06-03,9501409571,1,3055,3055,3055,3055,30035213,155582,,
2026-06-03,9513686983,1,6500,6500,6500,6500,370598021,11893580,,
2026-06-03,9526307912,2,4428,4428,4179,4676,59669432,104275,,
2026-06-03,9556113881,1,1787,1787,1787,1787,29652059,142288,,
2026-06-03,9561553764,1,5522,5522,5522,5522,7097401,23286,,
2026-06-03,9584852943,1,206265,206265,206265,206265,694656959,1513021,,
2026-06-03,9606816662,1,2311,2311,2311,2311,,,,
2026-06-03,9643480573,1,3198,3198,3198,3198,27678345,569331,,
2026-06-03,9659404694,1,629,629,629,629,5774373,887797,,
2026-06-03,9711972386,1,3739,3739,3739,3739,5864522,14692,,
2026-06-03,9723617424,1,3426,3426,3426,3426,13841765,21530,,
2026-06-03,9725232502,1,2593,2593,2593,2593,8598596,67892,,
2026-06-03,9753606371,1,2840,2840,2840,2840,4883719,11854,,
2026-06-03,9758688665,1,3005,3005,3005,3005,80249706,4247985,,
2026-06-03,9787206684,1,11222,11222,11222,11222,721497387,2846976,,
2026-06-03,9792947201,1,102155,102155,102155,102155,422663559,3043083,,
2026-06-03,9835089582,1,631,631,631,631,9088402,40988,,
2026-06-03,9859536675,1,2562,2562,2562,2562,,,,
2026-06-03,9875383684,1,2813,2813,2813,2813,162279779,180081,,
2026-06-03,9898609049,1,3267,3267,3267,3267,21363261,26553,,
2026-06-03,9913633503,1,436,436,436,436,27809176,2240409,,
2026-06-03,9917678692,1,4787,4787,4787,4787,43957956,45692,,
2026-06-03,9929086116,1,3474,3474,3474,3474,33613249,2637934,,
2026-06-03,9930466428,1,899,899,899,899,25785954,119941,,
2026-06-03,9931060493,1,5731,5731,5731,5731,16730435,503065,,
2026-06-03,9940725596,1,1232,1232,1232,1232,18547683,25943,,
2026-06-03,9953328866,1,7173,7173,7173,7173,16814999,20363,,
2026-06-03,9958694666,1,7381,7381,7381,7381,28312245,278391,,
2026-06-03,9963622286,1,3754,3754,3754,3754,27362353,1184601,,
2026-06-03,9965907387,1,6331,6331,6331,6331,17519764,80283,,
2026-06-03,9969687051,1,5535,5535,5535,5535,22650510,1659141,,
2026-06-03,9975893742,1,5704,5704,5704,5704,22024436,2299659,,
2026-06-03,9998576154,1,9005,9005,9005,9005,44627408,3050565,,
2026-06-03,10004244222,1,145447,145447,145447,145447,902528981,18554225,,
2026-06-03,10004760418,1,7066,7066,7066,7066,89312365,119194,,
2026-06-03,10006323745,1,633,633,633,633,19098764,264633,,
2026-06-03,10015834582,1,4656,4656,4656,4656,,,,
2026-06-03,10045085816,1,4632,4632,4632,4632,19962761,30478,,
2026-06-03,10051853469,1,21857,21857,21857,21857,59220906,1495946,,
2026-06-03,10052184484,1,14076,14076,14076,14076,19092488,1304881,,
2026-06-03,10053434203,1,3093,3093,3093,3093,11409629,1076882,,
2026-06-03,10081194651,1,13825,13825,13825,13825,20372518,89505,,
2026-06-03,10089507840,1,6341,6341,6341,6341,14233754,26108,,
2026-06-03,10092619788,1,3269,3269,3269,3269,5362226,4689,,
2026-06-03,10096577758,1,3091,3091,3091,3091,19411160,25712,,
2026-06-03,10118240578,1,3414,3414,3414,3414,7605846,19441,,
2026-06-03,10124868376,1,3436,3436,3436,3436,8332003,64014,,
2026-06-03,10138988383,1,7474,7474,7474,7474,11448711,26772,,
2026-06-03,10149964044,1,4196,4196,4196,4196,1155855,91869,,
2026-06-03,10162453492,1,3384,3384,3384,3384,3221487,76156,,
2026-06-03,10167214983,1,20500,20500,20500,20500,18804627,1287856,,
2026-06-04,2471084,1,3000,3000,3000,3000,1297760947,4588137,,
2026-06-04,31970568,1,4658,4658,4658,4658,1572240131,6034363,,
2026-06-04,66654135,1,185585,185585,185585,185585,26040014217,22240070,,
2026-06-04,605887098,1,6663,6663,6663,6663,2487909740,3659878,,
2026-06-04,903807016,1,4982,4982,4982,4982,1504321319,2784770,,
2026-06-04,1198533421,1,1159,1159,1159,1159,174700815,716844,,
2026-06-04,1214576306,1,3515,3515,3515,3515,1622618794,4266495,,
2026-06-04,1430007363,1,3427,3427,3427,3427,871300052,2157213,,
2026-06-04,1489026993,2,5976,5976,4670,7282,2610989728,4266116,,
2026-06-04,1526814825,1,8387,8387,8387,8387,1039290803,4188188,,
2026-06-04,1795206523,1,1020,1020,1020,1020,934462689,921519,,
2026-06-04,1831550657,1,30151,30151,30151,30151,2010072639,10125329,,
2026-06-04,1998835206,1,3668,3668,3668,3668,568477284,1157029,,
2026-06-04,2049551477,1,4149,4149,4149,4149,1427420550,1870904,,
2026-06-04,2165551367,1,1371,1371,1371,1371,655483162,2352616,,
2026-06-04,2247578975,2,3994,3994,3817,4170,1173111210,14905357,,
2026-06-04,2274830359,1,7420,7420,7420,7420,2899486446,1940006,,
2026-06-04,2294168059,1,2993,2993,2993,2993,1195709984,3232381,,
2026-06-04,2369077151,1,4743,4743,4743,4743,344483000,9671758,,
2026-06-04,2440500124,1,17193,17193,17193,17193,7409175196,7849718,,
2026-06-04,2491559356,1,897,897,897,897,75944416,160052,,
2026-06-04,2655478023,1,2085,2085,2085,2085,969728282,3452375,,
2026-06-04,2821905072,1,5835,5835,5835,5835,238358579,5069223,,
2026-06-04,2827951974,1,911,911,911,911,799929101,668300,,
2026-06-04,2992873140,1,14686,14686,14686,14686,1287946181,957132,,
2026-06-04,3034836582,1,794,794,794,794,495037522,1904101,,
2026-06-04,3164075108,1,3234,3234,3234,3234,264272706,708018,,
2026-06-04,3187874989,1,4794,4794,4794,4794,138433856,200331,,
2026-06-04,3191268194,1,2940,2940,2940,2940,1331724915,5136107,,
2026-06-04,3232181171,1,1626,1626,1626,1626,50199609,188372,,
2026-06-04,3310460039,1,18157,18157,18157,18157,4403962745,105063986,,
2026-06-04,3346892457,1,1801,1801,1801,1801,420103304,155919,,
2026-06-04,3420059569,1,3071,3071,3071,3071,927081632,27472370,,
2026-06-04,3472976893,1,2530,2530,2530,2530,128584432,1710327,,
2026-06-04,3502524667,1,2211,2211,2211,2211,730745181,3662628,,
2026-06-04,3551414857,1,5901,5901,5901,5901,599335012,1270144,,
2026-06-04,3647333358,1,22998,22998,22998,22998,8663373843,7821432,,
2026-06-04,3746418487,1,2988,2988,2988,2988,292161279,348350,,
2026-06-04,3754482795,1,5994,5994,5994,5994,1210294146,4271384,,
2026-06-04,3841172115,1,14223,14223,14223,14223,107671883,554856,,
2026-06-04,4028801234,1,1312,1312,1312,1312,221926430,11760674,,
2026-06-04,4348829796,1,13231,13231,13231,13231,2488537247,10313055,,
2026-06-04,4518160318,1,4564,4564,4564,4564,606997811,1076329,,
2026-06-04,4599924264,1,3907,3907,3907,3907,670226035,246130,,
2026-06-04,4673599750,1,1759,1759,1759,1759,464635760,424714,,
2026-06-04,4720386144,1,2883,2883,2883,2883,99863051,519658,,
2026-06-04,4793836769,1,6225,6225,6225,6225,259774179,5534546,,
2026-06-04,4925331346,1,3086,3086,3086,3086,287242892,435515,,
2026-06-04,4944984948,1,7550,7550,7550,7550,199383221,86851,,
2026-06-04,5195168716,1,2358,2358,2358,2358,86325390,581927,,
2026-06-04,5207621753,1,5249,5249,5249,5249,61581742,58251,,
2026-06-04,5361032378,1,55899,55899,55899,55899,1912437336,960008,,
2026-06-04,5578556129,1,33104,33104,33104,33104,1920497979,1916181,,
2026-06-04,5661020014,1,1008,1008,1008,1008,21655020,460984,,
2026-06-04,5668114043,1,1925,1925,1925,1925,224996497,706109,,
2026-06-04,5698013839,1,936,936,936,936,66413399,262205,,
2026-06-04,5750914919,1,50436,50436,50436,50436,4512348264,3417290,,
2026-06-04,5927446137,1,694,694,694,694,41682159,552213,,
2026-06-04,5956634861,1,897,897,897,897,144441735,575294,,
2026-06-04,6015491985,1,3508,3508,3508,3508,329345551,190303,,
2026-06-04,6072944764,1,920,920,920,920,49047913,52156,,
2026-06-04,6247557414,1,716,716,716,716,,,,
2026-06-04,6314664695,1,717,717,717,717,56672794,2678720,,
2026-06-04,6329693946,1,4010,4010,4010,4010,63313979,196427,,
2026-06-04,6409513651,1,25994,25994,25994,25994,34990294,513032,,
2026-06-04,6646518350,1,869,869,869,869,242549067,344934,,
2026-06-04,6682487255,1,7781,7781,7781,7781,439454593,212584,,
2026-06-04,6710779449,1,713,713,713,713,99394851,338416,,
2026-06-04,6749060816,1,9717,9717,9717,9717,209330675,1473889,,
2026-06-04,7018190066,1,26140,26140,26140,26140,6338047823,5793195,,
2026-06-04,7058980030,1,6436,6436,6436,6436,503872361,850045,,
2026-06-04,7082244450,1,3789,3789,3789,3789,23865580,99954,,
2026-06-04,7082423811,1,6048,6048,6048,6048,255679728,1528566,,
2026-06-04,7091388561,1,982,982,982,982,123729108,100302,,
2026-06-04,7094518649,1,16551,16551,16551,16551,286908197,706179,,
2026-06-04,7127084123,1,2811,2811,2811,2811,129518514,277279,,
2026-06-04,7128163167,1,1852,1852,1852,1852,54256169,90855,,
2026-06-04,7219654364,1,56193,56193,56193,56193,1125776993,12880973,,
2026-06-04,7332711118,1,6754,6754,6754,6754,1830872493,2426318,,
2026-06-04,7383133134,1,805,805,805,805,94793221,696539,,
2026-06-04,7435020231,1,1024,1024,1024,1024,,,,
2026-06-04,7436755782,1,88031,88031,88031,88031,35483516198,11043437,,
2026-06-04,7450124099,1,3550,3550,3550,3550,113449113,633572,,
2026-06-04,7518216173,1,4551,4551,4551,4551,25074518,23543,,
2026-06-04,7577791613,1,1076,1076,1076,1076,89151582,550916,,
2026-06-04,7585079192,1,16249,16249,16249,16249,31266229,128637,,
2026-06-04,7709344486,1,122347,122347,122347,122347,69530804144,28262577,,
2026-06-04,7719766419,1,843,843,843,843,24183579,222222,,
2026-06-04,7760134732,1,6254,6254,6254,6254,11060247,340756,,
2026-06-04,7798947148,1,3866,3866,3866,3866,116039599,271726,,
2026-06-04,7882829745,1,3039,3039,3039,3039,351232524,966021,,
2026-06-04,7891669427,1,1155,1155,1155,1155,26219196,678794,,
2026-06-04,8014099969,1,1738,1738,1738,1738,132411272,224492,,
2026-06-04,8291789996,1,3552,3552,3552,3552,,,,
2026-06-04,8316902627,1,4882,4882,4882,4882,4648022266,1909535,,
2026-06-04,8472682462,1,2787,2787,2787,2787,54847593,36977,,
2026-06-04,8504461817,2,2896,2896,2037,3755,156746288,73183,,
2026-06-04,8539298853,1,22595,22595,22595,22595,1141834478,1509149,,
2026-06-04,8696670616,1,2886,2886,2886,2886,,,,
2026-06-04,8759966530,1,2974,2974,2974,2974,88449025,328728,,
2026-06-04,8791358380,1,8736,8736,8736,8736,362389257,10869922,,
2026-06-04,8950496606,1,2147,2147,2147,2147,153354230,389038,,
2026-06-04,9029463012,1,1009,1009,1009,1009,102316263,392232,,
2026-06-04,9073513091,1,7384,7384,7384,7384,81741155,116291,,
2026-06-04,9077534770,1,1359,1359,1359,1359,48427798,146389,,
2026-06-04,9098570654,1,22199,22199,22199,22199,150151135,234991,,
2026-06-04,9122463229,1,9014,9014,9014,9014,,,,
2026-06-04,9129640671,1,11028,11028,11028,11028,,,,
2026-06-04,9141743926,1,16547,16547,16547,16547,317430349,514020,,
2026-06-04,9145063979,1,8336,8336,8336,8336,463453419,444698,,
2026-06-04,9177208241,1,3195,3195,3195,3195,49972030,296155,,
2026-06-04,9219116196,1,4571,4571,4571,4571,54158242,135459,,
2026-06-04,9231693026,1,2948,2948,2948,2948,,,,
2026-06-04,9266873836,1,6206,6206,6206,6206,150104274,131365,,
2026-06-04,9296042754,1,3752,3752,3752,3752,31687232,155473,,
2026-06-04,9315472782,1,972,972,972,972,12699920,79893,,
2026-06-04,9315739469,1,1135,1135,1135,1135,66156543,67224,,
2026-06-04,9344307274,1,2504,2504,2504,2504,567876029,394079,,
2026-06-04,9348272796,1,130084,130084,130084,130084,378213189,349150,,
2026-06-04,9362896961,1,9439,9439,9439,9439,124655307,204402,,
2026-06-04,9363735110,1,20515,20515,20515,20515,5591371768,1987842,,
2026-06-04,9409870130,1,1996,1996,1996,1996,11562571,152148,,
2026-06-04,9411563986,1,2472,2472,2472,2472,63855618,112105,,
2026-06-04,9452898647,1,3207,3207,3207,3207,96515669,4048402,,
2026-06-04,9491545867,1,5762,5762,5762,5762,91312643,984123,,
2026-06-04,9494058490,1,12312,12312,12312,12312,,,,
2026-06-04,9501409571,1,3433,3433,3433,3433,30459642,157360,,
2026-06-04,9513686983,1,5651,5651,5651,5651,371197032,11918039,,
2026-06-04,9526307912,2,5268,5268,4295,6241,60326107,105358,,
2026-06-04,9556113881,1,2013,2013,2013,2013,29835872,142735,,
2026-06-04,9561553764,1,6552,6552,6552,6552,7696650,24572,,
2026-06-04,9584852943,1,184620,184620,184620,184620,725946727,1559008,,
2026-06-04,9643480573,1,3100,3100,3100,3100,27881922,573510,,
2026-06-04,9659404694,1,717,717,717,717,5910555,906454,,
2026-06-04,9660713566,1,2950,2950,2950,2950,66314009,4312419,,
2026-06-04,9671940985,1,2937,2937,2937,2937,152978815,5232364,,
2026-06-04,9711972386,1,3902,3902,3902,3902,6024645,14933,,
2026-06-04,9723617424,1,6029,6029,6029,6029,14296327,22109,,
2026-06-04,9725232502,1,3090,3090,3090,3090,8814081,69241,,
2026-06-04,9753606371,1,3505,3505,3505,3505,5183321,12488,,
2026-06-04,9758688665,1,3300,3300,3300,3300,80600956,4263444,,
2026-06-04,9787206684,1,9485,9485,9485,9485,722598976,2849305,,
2026-06-04,9792947201,1,101218,101218,101218,101218,429692653,3066424,,
2026-06-04,9835089582,1,1013,1013,1013,1013,9212338,41986,,
2026-06-04,9859536675,1,2562,2562,2562,2562,,,,
2026-06-04,9898609049,1,3062,3062,3062,3062,21561293,26765,,
2026-06-04,9913633503,1,644,644,644,644,28124059,2265976,,
2026-06-04,9917678692,1,3493,3493,3493,3493,44376757,46119,,
2026-06-04,9929086116,1,2902,2902,2902,2902,33923915,2652979,,
2026-06-04,9930466428,1,1150,1150,1150,1150,25977998,120247,,
2026-06-04,9931060493,1,5549,5549,5549,5549,17403825,513828,,
2026-06-04,9940725596,1,1390,1390,1390,1390,18780759,26169,,
2026-06-04,9953328866,1,7467,7467,7467,7467,17436538,21236,,
2026-06-04,9958694666,1,6538,6538,6538,6538,28932583,282250,,
2026-06-04,9963622286,1,4819,4819,4819,4819,27783218,1204105,,
2026-06-04,9965907387,1,6715,6715,6715,6715,18383765,82694,,
2026-06-04,9969687051,1,5999,5999,5999,5999,23168348,1692943,,
2026-06-04,9975893742,1,4851,4851,4851,4851,22589852,2339720,,
2026-06-04,9991421325,1,3024,3024,3024,3024,14660182,280398,,
2026-06-04,9998576154,1,11188,11188,11188,11188,45578530,3112412,,
2026-06-04,10004244222,1,132918,132918,132918,132918,915913597,18660476,,
2026-06-04,10004760418,1,6888,6888,6888,6888,90082896,120159,,
2026-06-04,10006323745,1,814,814,814,814,19389158,273279,,
2026-06-04,10015834582,1,3588,3588,3588,3588,47114084,54666,,
2026-06-04,10045085816,1,4130,4130,4130,4130,20305301,30941,,
2026-06-04,10051853469,1,19450,19450,19450,19450,60907125,1533068,,
2026-06-04,10052184484,1,14418,14418,14418,14418,20245214,1369789,,
2026-06-04,10053434203,1,3345,3345,3345,3345,11805632,1104511,,
2026-06-04,10081194651,1,13710,13710,13710,13710,21365595,93389,,
2026-06-04,10088821187,1,4073,4073,4073,4073,7701733,217824,,
2026-06-04,10089507840,1,5910,5910,5910,5910,15266255,27409,,
2026-06-04,10092619788,1,3020,3020,3020,3020,5513535,4724,,
2026-06-04,10096577758,1,3583,3583,3583,3583,19935188,26451,,
2026-06-04,10118240578,1,3913,3913,3913,3913,8003989,20023,,
2026-06-04,10138988383,1,9110,9110,9110,9110,12202906,28256,,
2026-06-04,10149964044,1,6574,6574,6574,6574,1540945,121748,,
2026-06-04,10150875031,1,8032,8032,8032,8032,2152756,7933,,
2026-06-04,10162453492,1,4383,4383,4383,4383,3585854,86061,,
2026-06-04,10167214983,1,23133,23133,23133,23133,20598082,1397947,,
2026-06-05,2471084,1,3296,3296,3296,3296,1297953712,4588408,,
2026-06-05,31970568,1,5111,5111,5111,5111,1572570028,6034768,,
2026-06-05,66654135,1,199271,199271,199271,199271,26061530008,22251648,,
2026-06-05,568307879,1,665,665,665,665,517230442,537768,,
2026-06-05,605887098,1,6796,6796,6796,6796,2488510883,3660777,,
2026-06-05,903807016,1,5642,5642,5642,5642,1505151955,2785428,,
2026-06-05,1198533421,1,1165,1165,1165,1165,174780993,716975,,
2026-06-05,1214576306,1,3700,3700,3700,3700,1622880634,4266880,,
2026-06-05,1430007363,1,3792,3792,3792,3792,871827141,2160370,,
2026-06-05,1489026993,2,6396,6396,5144,7649,2611651578,4266807,,
2026-06-05,1526814825,1,9258,9258,9258,9258,1039886669,4189460,,
2026-06-05,1795206523,1,1113,1113,1113,1113,934655632,921591,,
2026-06-05,1831550657,1,32632,32632,32632,32632,2012156039,10135417,,
2026-06-05,1998835206,1,3956,3956,3956,3956,568731840,1157223,,
2026-06-05,2049551477,1,4493,4493,4493,4493,1427903270,1871553,,
2026-06-05,2165551367,1,1538,1538,1538,1538,655708549,2354015,,
2026-06-05,2247578975,2,4505,4505,4435,4575,1173736818,14905735,,
2026-06-05,2274830359,1,7742,7742,7742,7742,2900426578,1940755,,
2026-06-05,2294168059,1,3450,3450,3450,3450,1196015827,3232974,,
2026-06-05,2369077151,1,4956,4956,4956,4956,344940100,9681191,,
2026-06-05,2440500124,1,19288,19288,19288,19288,7411154222,7851684,,
2026-06-05,2491559356,1,893,893,893,893,76025198,160124,,
2026-06-05,2655478023,1,2306,2306,2306,2306,970100717,3452656,,
2026-06-05,2821905072,1,5415,5415,5415,5415,238868038,5080866,,
2026-06-05,2827951974,1,1018,1018,1018,1018,800093643,668525,,
2026-06-05,2921237723,1,974,974,974,974,123843511,706542,,
2026-06-05,2992873140,1,16576,16576,16576,16576,1289145815,957685,,
2026-06-05,3034836582,1,1154,1154,1154,1154,495166964,1904251,,
2026-06-05,3164075108,1,3289,3289,3289,3289,264485711,708260,,
2026-06-05,3187874989,1,5151,5151,5151,5151,138940054,200872,,
2026-06-05,3191268194,1,3131,3131,3131,3131,1331993607,5139899,,
2026-06-05,3232181171,1,1839,1839,1839,1839,50389602,189367,,
2026-06-05,3274669156,1,778,778,778,778,64707250,627008,,
2026-06-05,3310460039,1,19143,19143,19143,19143,4406387492,105064958,,
2026-06-05,3346892457,1,1694,1694,1694,1694,420419020,156222,,
2026-06-05,3420059569,1,3226,3226,3226,3226,927546198,27472529,,
2026-06-05,3472976893,1,2644,2644,2644,2644,128981200,1725060,,
2026-06-05,3502524667,1,2331,2331,2331,2331,731125224,3662949,,
2026-06-05,3551414857,1,6926,6926,6926,6926,599796935,1271115,,
2026-06-05,3647333358,1,27003,27003,27003,27003,8667625982,7826215,,
2026-06-05,3746418487,1,3336,3336,3336,3336,292465962,348709,,
2026-06-05,3754482795,1,6246,6246,6246,6246,1211038216,4274033,,
2026-06-05,3759884822,1,2719,2719,2719,2719,115059223,93221,,
2026-06-05,3841172115,1,15718,15718,15718,15718,109015623,560419,,
2026-06-05,4028801234,1,1923,1923,1923,1923,222102908,11771050,,
2026-06-05,4348829796,1,13456,13456,13456,13456,2490221120,10324051,,
2026-06-05,4457060041,1,3351,3351,3351,3351,119682382,200795,,
2026-06-05,4518160318,1,4473,4473,4473,4473,607319144,1076955,,
2026-06-05,4599924264,1,4006,4006,4006,4006,670787951,246461,,
2026-06-05,4673599750,1,2008,2008,2008,2008,465287596,425350,,
2026-06-05,4720386144,1,3113,3113,3113,3113,100138916,520493,,
2026-06-05,4793836769,1,6401,6401,6401,6401,260265333,5544385,,
2026-06-05,4925331346,1,3256,3256,3256,3256,287479893,435996,,
2026-06-05,4944984948,1,7288,7288,7288,7288,200455777,87645,,
2026-06-05,5195168716,1,2765,2765,2765,2765,86543618,582971,,
2026-06-05,5207621753,1,5813,5813,5813,5813,62075099,58641,,
2026-06-05,5361032378,1,55025,55025,55025,55025,1915227568,960641,,
2026-06-05,5578556129,1,32822,32822,32822,32822,1922372553,1917758,,
2026-06-05,5661020014,1,909,909,909,909,21746354,461976,,
2026-06-05,5668114043,1,2276,2276,2276,2276,225184709,706476,,
2026-06-05,5698013839,1,1051,1051,1051,1051,66491786,262498,,
2026-06-05,5750914919,1,53276,53276,53276,53276,4514963905,3419637,,
2026-06-05,5927446137,1,790,790,790,790,41737782,552785,,
2026-06-05,5956634861,1,1098,1098,1098,1098,144578959,575531,,
2026-06-05,6015491985,1,3701,3701,3701,3701,329841923,190660,,
2026-06-05,6072944764,1,1075,1075,1075,1075,49137806,52348,,
2026-06-05,6247557414,1,716,716,716,716,,,,
2026-06-05,6314664695,1,1102,1102,1102,1102,56742582,2681482,,
2026-06-05,6329693946,1,4035,4035,4035,4035,63546597,196943,,
2026-06-05,6409513651,1,24718,24718,24718,24718,36004275,519376,,
2026-06-05,6491900489,1,2880,2880,2880,2880,530844670,412588,,
2026-06-05,6646518350,1,987,987,987,987,242821402,345063,,
2026-06-05,6682487255,1,8410,8410,8410,8410,440100123,212764,,
2026-06-05,6707924214,1,2828,2828,2828,2828,165082604,3153382,,
2026-06-05,6710779449,1,796,796,796,796,99467522,338706,,
2026-06-05,6749060816,1,9916,9916,9916,9916,210051732,1478896,,
2026-06-05,6801595469,1,818,818,818,818,56180615,132339,,
2026-06-05,7018190066,1,31218,31218,31218,31218,6340530186,5797360,,
2026-06-05,7058980030,1,7098,7098,7098,7098,505005979,851810,,
2026-06-05,7082244450,1,4190,4190,4190,4190,,,,
2026-06-05,7082423811,1,6521,6521,6521,6521,256228496,1529430,,
2026-06-05,7091388561,1,912,912,912,912,123864141,100543,,
2026-06-05,7094518649,1,17691,17691,17691,17691,287821983,708191,,
2026-06-05,7127084123,1,2951,2951,2951,2951,129733728,277755,,
2026-06-05,7128163167,1,2366,2366,2366,2366,54476776,91328,,
2026-06-05,7219654364,1,59809,59809,59809,59809,1130992034,12910745,,
2026-06-05,7332711118,1,5223,5223,5223,5223,1831384863,2426782,,
2026-06-05,7383133134,1,927,927,927,927,94909558,697458,,
2026-06-05,7434179990,1,2886,2886,2886,2886,207693056,7441421,,
2026-06-05,7435020231,1,1119,1119,1119,1119,29471587,111532,,
2026-06-05,7436755782,1,87495,87495,87495,87495,35489851509,11049025,,
2026-06-05,7450124099,1,3043,3043,3043,3043,113675225,634631,,
2026-06-05,7518216173,1,4954,4954,4954,4954,27495683,25223,,
2026-06-05,7577791613,1,938,938,938,938,89460624,551922,,
2026-06-05,7585079192,1,15077,15077,15077,15077,31858952,129786,,
2026-06-05,7709344486,1,110122,110122,110122,110122,69560935662,28271003,,
2026-06-05,7719766419,1,1013,1013,1013,1013,24286634,222774,,
2026-06-05,7760134732,1,7611,7611,7611,7611,11702487,362593,,
2026-06-05,7798947148,1,3940,3940,3940,3940,116393535,272332,,
2026-06-05,7882829745,1,2891,2891,2891,2891,351385075,966198,,
2026-06-05,7891669427,1,1262,1262,1262,1262,26344805,681939,,
2026-06-05,8014099969,1,2074,2074,2074,2074,132662672,224871,,
2026-06-05,8291789996,1,3552,3552,3552,3552,,,,
2026-06-05,8316902627,1,4746,4746,4746,4746,4648562757,1911059,,
2026-06-05,8343243056,1,3074,3074,3074,3074,227782789,1628583,,
2026-06-05,8472682462,1,3472,3472,3472,3472,55165354,37347,,
2026-06-05,8482984219,1,775,775,775,775,14880349,563804,,
2026-06-05,8504461817,2,3140,3140,2541,3738,157166575,73514,,
2026-06-05,8539298853,1,24175,24175,24175,24175,1144094146,1511672,,
2026-06-05,8696670616,1,2886,2886,2886,2886,,,,
2026-06-05,8759966530,1,3445,3445,3445,3445,88748302,329411,,
2026-06-05,8791358380,1,9602,9602,9602,9602,363316242,10897921,,
2026-06-05,8950496606,1,5979,5979,5979,5979,153555702,389465,,
2026-06-05,9029463012,1,1083,1083,1083,1083,102417137,392515,,
2026-06-05,9073513091,1,8015,8015,8015,8015,82778303,117203,,
2026-06-05,9077534770,1,1483,1483,1483,1483,48577786,146797,,
2026-06-05,9098570654,1,22647,22647,22647,22647,151390547,236565,,
2026-06-05,9122463229,1,9014,9014,9014,9014,,,,
2026-06-05,9129640671,1,11028,11028,11028,11028,,,,
2026-06-05,9141743926,1,21880,21880,21880,21880,319421525,516032,,
2026-06-05,9145063979,1,9683,9683,9683,9683,464515644,446062,,
2026-06-05,9177208241,1,3527,3527,3527,3527,50295206,297407,,
2026-06-05,9219116196,1,5055,5055,5055,5055,54590959,136481,,
2026-06-05,9231693026,1,2948,2948,2948,2948,,,,
2026-06-05,9266873836,1,5960,5960,5960,5960,150255787,131520,,
2026-06-05,9296042754,1,3994,3994,3994,3994,,,,
2026-06-05,9315472782,1,1040,1040,1040,1040,12850329,80681,,
2026-06-05,9315739469,1,1204,1204,1204,1204,66338478,67472,,
2026-06-05,9348272796,1,137535,137535,137535,137535,387947277,359056,,
2026-06-05,9362896961,1,9355,9355,9355,9355,125184106,204821,,
2026-06-05,9363735110,1,20391,20391,20391,20391,5593524044,1989036,,
2026-06-05,9409870130,1,2265,2265,2265,2265,11767475,154628,,
2026-06-05,9411563986,1,2341,2341,2341,2341,64246652,112793,,
2026-06-05,9452898647,1,3146,3146,3146,3146,96847187,4060125,,
2026-06-05,9491545867,1,5226,5226,5226,5226,91843679,986853,,
2026-06-05,9494058490,1,12312,12312,12312,12312,,,,
2026-06-05,9501409571,1,3301,3301,3301,3301,30873526,158927,,
2026-06-05,9513686983,1,6074,6074,6074,6074,371848219,11944155,,
2026-06-05,9526307912,2,5334,5334,4453,6216,61034206,106535,,
2026-06-05,9556113881,1,2986,2986,2986,2986,30073436,143428,,
2026-06-05,9561553764,1,6788,6788,6788,6788,8328284,25965,,
2026-06-05,9584852943,1,195684,195684,195684,195684,754139526,1609332,,
2026-06-05,9643480573,1,3076,3076,3076,3076,28094398,578391,,
2026-06-05,9659404694,1,811,811,811,811,6056978,927312,,
2026-06-05,9660713566,1,3323,3323,3323,3323,66743755,4335084,,
2026-06-05,9671940985,1,2991,2991,2991,2991,153321771,5239369,,
2026-06-05,9711972386,1,3884,3884,3884,3884,6198570,15150,,
2026-06-05,9723617424,1,7895,7895,7895,7895,15015922,22995,,
2026-06-05,9725232502,1,3056,3056,3056,3056,9035081,70552,,
2026-06-05,9753606371,1,3888,3888,3888,3888,5551518,13327,,
2026-06-05,9758688665,1,3986,3986,3986,3986,81032211,4284054,,
2026-06-05,9787206684,1,9188,9188,9188,9188,723779029,2851763,,
2026-06-05,9792947201,1,88436,88436,88436,88436,436846774,3090528,,
2026-06-05,9835089582,1,916,916,916,916,9343936,43065,,
2026-06-05,9859536675,1,4202,4202,4202,4202,17750937,249081,,
2026-06-05,9875383684,1,2746,2746,2746,2746,163032502,180912,,
2026-06-05,9898609049,1,3420,3420,3420,3420,21797210,27010,,
2026-06-05,9908843098,1,3164,3164,3164,3164,15707689,1186478,,
2026-06-05,9917678692,1,3989,3989,3989,3989,44833212,46516,,
2026-06-05,9929086116,1,3219,3219,3219,3219,34279900,2670361,,
2026-06-05,9930466428,1,1286,1286,1286,1286,26214329,120635,,
2026-06-05,9931060493,1,5978,5978,5978,5978,18188279,527109,,
2026-06-05,9940725596,1,1540,1540,1540,1540,19035578,26456,,
2026-06-05,9953328866,1,7542,7542,7542,7542,18187891,22330,,
2026-06-05,9955391014,1,758,758,758,758,2499861,54116,,
2026-06-05,9958694666,1,5867,5867,5867,5867,29529960,285927,,
2026-06-05,9963622286,1,6158,6158,6158,6158,28352714,1234072,,
2026-06-05,9965907387,1,6194,6194,6194,6194,19257519,84938,,
2026-06-05,9969687051,1,6094,6094,6094,6094,23769227,1730722,,
2026-06-05,9975893742,1,5455,5455,5455,5455,23191938,2389567,,
2026-06-05,9991421325,1,2841,2841,2841,2841,14902360,284811,,
2026-06-05,9998576154,1,11108,11108,11108,11108,46669486,3181817,,
2026-06-05,10004244222,1,135687,135687,135687,135687,930294612,18778459,,
2026-06-05,10004760418,1,7575,7575,7575,7575,90970987,121291,,
2026-06-05,10015834582,1,3798,3798,3798,3798,47586088,55144,,
2026-06-05,10045085816,1,4108,4108,4108,4108,,,,
2026-06-05,10051853469,1,68981,68981,68981,68981,62811944,1572403,,
2026-06-05,10052184484,1,14375,14375,14375,14375,21492598,1441117,,
2026-06-05,10053434203,1,3228,3228,3228,3228,12244947,1134667,,
2026-06-05,10081194651,1,14448,14448,14448,14448,22501142,97726,,
2026-06-05,10089507840,1,6727,6727,6727,6727,16558052,29159,,
2026-06-05,10092619788,1,2822,2822,2822,2822,5664622,4750,,
2026-06-05,10096577758,1,3551,3551,3551,3551,20421785,27096,,
2026-06-05,10118240578,1,3620,3620,3620,3620,8455593,20719,,
2026-06-05,10138988383,1,9093,9093,9093,9093,13058983,29877,,
2026-06-05,10149964044,1,6407,6407,6407,6407,,,,
2026-06-05,10150875031,1,11056,11056,11056,11056,3067013,11143,,
2026-06-05,10162453492,1,5345,5345,5345,5345,4131590,101004,,
2026-06-05,10167214983,1,25969,25969,25969,25969,22763300,1528964,,
2026-06-06,2471084,1,3780,3780,3780,3780,1298155602,4588811,,
2026-06-06,31970568,1,6506,6506,6506,6506,1572952154,6035262,,
2026-06-06,66654135,1,199224,199224,199224,199224,26085192687,22264033,,
2026-06-06,568307879,1,841,841,841,841,517347984,537885,,
2026-06-06,605887098,1,6338,6338,6338,6338,2489108575,3661772,,
2026-06-06,903807016,1,6796,6796,6796,6796,1506054106,2786104,,
2026-06-06,1053132402,1,2918,2918,2918,2918,555265641,961303,,
2026-06-06,1198533421,1,1374,1374,1374,1374,174867572,717114,,
2026-06-06,1214576306,1,4171,4171,4171,4171,1623157285,4267308,,
2026-06-06,1430007363,1,4014,4014,4014,4014,872398250,2163652,,
2026-06-06,1489026993,2,6252,6252,5779,6724,2612376519,4267526,,
2026-06-06,1526814825,1,9763,9763,9763,9763,1040531258,4191108,,
2026-06-06,1795206523,1,1066,1066,1066,1066,934868451,921673,,
2026-06-06,1831550657,1,32984,32984,32984,32984,2014861150,10149733,,
2026-06-06,1998835206,1,4176,4176,4176,4176,569031367,1157466,,
2026-06-06,2049551477,1,4898,4898,4898,4898,1428442307,1872231,,
2026-06-06,2165551367,1,1568,1568,1568,1568,655970073,2355573,,
2026-06-06,2247578975,2,5151,5151,4634,5668,1174436976,14906100,,
2026-06-06,2274830359,1,7541,7541,7541,7541,2901424328,1941580,,
2026-06-06,2294168059,1,4171,4171,4171,4171,1196359417,3233587,,
2026-06-06,2369077151,1,5252,5252,5252,5252,345417650,9690678,,
2026-06-06,2440500124,1,20129,20129,20129,20129,7413475502,7853922,,
2026-06-06,2491559356,1,923,923,923,923,76107195,160224,,
2026-06-06,2655478023,2,3202,3202,3018,3387,970582679,3453005,,
2026-06-06,2821905072,1,4764,4764,4764,4764,,,,
2026-06-06,2827951974,1,1255,1255,1255,1255,800283181,668774,,
2026-06-06,2921237723,1,1069,1069,1069,1069,123937975,707047,,
2026-06-06,2992873140,1,18696,18696,18696,18696,1290402320,958321,,
2026-06-06,3034836582,1,1062,1062,1062,1062,495313825,1904412,,
2026-06-06,3079618996,1,3064,3064,3064,3064,755422402,780406,,
2026-06-06,3164075108,1,3514,3514,3514,3514,264712216,708556,,
2026-06-06,3187874989,1,5221,5221,5221,5221,139521623,201431,,
2026-06-06,3191268194,1,3470,3470,3470,3470,1332289509,5144979,,
2026-06-06,3232181171,1,2078,2078,2078,2078,50618181,190441,,
2026-06-06,3274669156,1,743,743,743,743,64756275,627410,,
2026-06-06,3310460039,1,20782,20782,20782,20782,4408985734,105065895,,
2026-06-06,3346892457,1,2254,2254,2254,2254,420779395,156562,,
2026-06-06,3381521989,1,694,694,694,694,9502427,93086,,
2026-06-06,3420059569,1,3816,3816,3816,3816,928067635,27472710,,
2026-06-06,3472976893,1,3321,3321,3321,3321,129459858,1742652,,
2026-06-06,3502524667,1,2669,2669,2669,2669,731548491,3663265,,
2026-06-06,3551414857,1,8141,8141,8141,8141,600369455,1272295,,
2026-06-06,3647333358,1,30805,30805,30805,30805,8672497309,7831653,,
2026-06-06,3746418487,1,3274,3274,3274,3274,292794227,349039,,
2026-06-06,3754482795,1,6297,6297,6297,6297,1211847511,4277066,,
2026-06-06,3759884822,1,3130,3130,3130,3130,115250307,93466,,
2026-06-06,3841172115,1,18769,18769,18769,18769,110785764,567386,,
2026-06-06,4028801234,1,1873,1873,1873,1873,222314775,11783787,,
2026-06-06,4348829796,1,12522,12522,12522,12522,2492109969,10335135,,
2026-06-06,4457060041,1,3670,3670,3670,3670,119952504,201162,,
2026-06-06,4518160318,1,5578,5578,5578,5578,607662055,1077746,,
2026-06-06,4595016786,1,3010,3010,3010,3010,572066319,694183,,
2026-06-06,4599924264,1,3660,3660,3660,3660,671352338,246776,,
2026-06-06,4673599750,1,2514,2514,2514,2514,466221816,426264,,
2026-06-06,4720386144,1,3330,3330,3330,3330,100430720,521419,,
2026-06-06,4793836769,1,9129,9129,9129,9129,260848552,5555144,,
2026-06-06,4925331346,1,3646,3646,3646,3646,287726103,436486,,
2026-06-06,4944984948,1,7963,7963,7963,7963,201603060,88509,,
2026-06-06,5195168716,1,2435,2435,2435,2435,86757888,583862,,
2026-06-06,5207621753,1,5672,5672,5672,5672,62621593,59077,,
2026-06-06,5361032378,1,56099,56099,56099,56099,1917886254,961442,,
2026-06-06,5578556129,1,36176,36176,36176,36176,1924222174,1919328,,
2026-06-06,5661020014,1,935,935,935,935,21841351,462963,,
2026-06-06,5668114043,1,2265,2265,2265,2265,225407868,706967,,
2026-06-06,5698013839,1,988,988,988,988,66578790,262816,,
2026-06-06,5750914919,1,55970,55970,55970,55970,4517736740,3422174,,
2026-06-06,5927446137,1,677,677,677,677,41797656,553407,,
2026-06-06,5956634861,1,949,949,949,949,144728010,575786,,
2026-06-06,6072944764,1,1207,1207,1207,1207,49240980,52538,,
2026-06-06,6247557414,1,716,716,716,716,,,,
2026-06-06,6314664695,1,977,977,977,977,56812933,2684183,,
2026-06-06,6329693946,1,3963,3963,3963,3963,63773597,197510,,
2026-06-06,6409513651,1,28052,28052,28052,28052,36982020,524951,,
2026-06-06,6646518350,1,1148,1148,1148,1148,243129474,345207,,
2026-06-06,6682487255,1,11286,11286,11286,11286,440967062,213003,,
2026-06-06,6707924214,1,2732,2732,2732,2732,165264383,3156552,,
2026-06-06,6710779449,1,877,877,877,877,99551055,338992,,
2026-06-06,6749060816,1,11186,11186,11186,11186,210935001,1484287,,
2026-06-06,6801595469,1,720,720,720,720,56321261,132574,,
2026-06-06,7018190066,1,35052,35052,35052,35052,6343355884,5802148,,
2026-06-06,7058980030,1,7193,7193,7193,7193,506264335,853609,,
2026-06-06,7082244450,1,4190,4190,4190,4190,,,,
2026-06-06,7082423811,1,7403,7403,7403,7403,256824363,1530318,,
2026-06-06,7091388561,1,793,793,793,793,124001994,100768,,
2026-06-06,7094518649,1,18689,18689,18689,18689,288842372,710418,,
2026-06-06,7127084123,1,3144,3144,3144,3144,129964621,278256,,
2026-06-06,7128163167,1,2682,2682,2682,2682,54722066,91833,,
2026-06-06,7219654364,1,66308,66308,66308,66308,1137098312,12946336,,
2026-06-06,7332711118,1,7153,7153,7153,7153,1831974122,2427376,,
2026-06-06,7383133134,1,772,772,772,772,95029878,698333,,
2026-06-06,7434179990,1,3147,3147,3147,3147,207993086,7449758,,
2026-06-06,7435020231,1,1466,1466,1466,1466,29556377,111709,,
2026-06-06,7436755782,1,91934,91934,91934,91934,35496436101,11055263,,
2026-06-06,7450124099,1,3025,3025,3025,3025,113928933,635659,,
2026-06-06,7518216173,1,5167,5167,5167,5167,30083018,26975,,
2026-06-06,7577791613,1,949,949,949,949,89776849,552775,,
2026-06-06,7585079192,1,16986,16986,16986,16986,32486364,131206,,
2026-06-06,7709344486,1,134348,134348,134348,134348,69592172244,28280428,,
2026-06-06,7719766419,1,811,811,811,811,24397216,223375,,
2026-06-06,7760134732,1,6223,6223,6223,6223,12300094,380879,,
2026-06-06,7798947148,1,4548,4548,4548,4548,116878672,273014,,
2026-06-06,7882829745,1,2795,2795,2795,2795,351522899,966355,,
2026-06-06,7891669427,1,1261,1261,1261,1261,26482978,685246,,
2026-06-06,8014099969,1,2473,2473,2473,2473,132981299,225318,,
2026-06-06,8291789996,1,3552,3552,3552,3552,,,,
2026-06-06,8316902627,1,5115,5115,5115,5115,4649171920,1912630,,
2026-06-06,8472682462,1,3572,3572,3572,3572,55538980,37791,,
2026-06-06,8504461817,2,3331,3331,2971,3691,157653717,73876,,
2026-06-06,8539298853,1,26272,26272,26272,26272,1146602733,1514327,,
2026-06-06,8696670616,1,2886,2886,2886,2886,,,,
2026-06-06,8759966530,1,3282,3282,3282,3282,89098510,330237,,
2026-06-06,8791358380,1,9526,9526,9526,9526,364337427,10926480,,
2026-06-06,8950496606,1,3964,3964,3964,3964,153877750,389923,,
2026-06-06,9029463012,1,970,970,970,970,102520597,392816,,
2026-06-06,9073513091,1,6894,6894,6894,6894,83735375,118087,,
2026-06-06,9077534770,1,1369,1369,1369,1369,48731033,147248,,
2026-06-06,9098570654,1,22496,22496,22496,22496,152747702,238663,,
2026-06-06,9122463229,1,9014,9014,9014,9014,,,,
2026-06-06,9129640671,1,11028,11028,11028,11028,,,,
2026-06-06,9141743926,1,18135,18135,18135,18135,321564108,518121,,
2026-06-06,9145063979,1,11612,11612,11612,11612,465831489,447764,,
2026-06-06,9169166771,1,1695,1695,1695,1695,44062183,34418,,
2026-06-06,9177208241,1,3372,3372,3372,3372,50655431,298753,,
2026-06-06,9219116196,1,4510,4510,4510,4510,55052409,137426,,
2026-06-06,9231693026,1,2948,2948,2948,2948,,,,
2026-06-06,9266873836,1,6036,6036,6036,6036,150397031,131650,,
2026-06-06,9296042754,1,4299,4299,4299,4299,32416794,159114,,
2026-06-06,9315472782,1,1383,1383,1383,1383,13005092,81403,,
2026-06-06,9315739469,1,1399,1399,1399,1399,66550037,67723,,
2026-06-06,9348272796,1,131830,131830,131830,131830,399185464,370299,,
2026-06-06,9362896961,1,9484,9484,9484,9484,125689795,205244,,
2026-06-06,9363735110,1,21209,21209,21209,21209,5595806485,1990242,,
2026-06-06,9409870130,1,2202,2202,2202,2202,11989356,157271,,
2026-06-06,9411563986,1,2750,2750,2750,2750,64648053,113498,,
2026-06-06,9491545867,1,4680,4680,4680,4680,92389304,989799,,
2026-06-06,9494058490,1,12312,12312,12312,12312,,,,
2026-06-06,9501409571,1,3237,3237,3237,3237,31246856,160201,,
2026-06-06,9513686983,1,6042,6042,6042,6042,372558564,11974045,,
2026-06-06,9526307912,2,5364,5364,4301,6428,61835555,107832,,
2026-06-06,9556113881,1,2336,2336,2336,2336,30316825,144071,,
2026-06-06,9561553764,1,6686,6686,6686,6686,9007140,27217,,
2026-06-06,9584852943,1,238743,238743,238743,238743,787663151,1669155,,
2026-06-06,9643480573,1,2819,2819,2819,2819,28302194,583253,,
2026-06-06,9659404694,1,832,832,832,832,6203354,947224,,
2026-06-06,9660713566,1,3201,3201,3201,3201,67186031,4357435,,
2026-06-06,9671940985,1,2667,2667,2667,2667,153687333,5246787,,
2026-06-06,9711972386,1,4105,4105,4105,4105,6376931,15417,,
2026-06-06,9723617424,1,8713,8713,8713,8713,15872017,24015,,
2026-06-06,9725232502,1,2716,2716,2716,2716,9293789,71972,,
2026-06-06,9741799896,1,3857,3857,3857,3857,20405605,1220459,,
2026-06-06,9753606371,1,3535,3535,3535,3535,5912642,14084,,
2026-06-06,9758688665,1,4215,4215,4215,4215,81523753,4307527,,
2026-06-06,9787206684,1,12388,12388,12388,12388,725083912,2854542,,
2026-06-06,9792947201,1,90183,90183,90183,90183,444256754,3124984,,
2026-06-06,9835089582,1,887,887,887,887,9469865,44993,,
2026-06-06,9859536675,1,3855,3855,3855,3855,18119583,253249,,
2026-06-06,9898609049,1,3144,3144,3144,3144,22070866,27327,,
2026-06-06,9908843098,1,4955,4955,4955,4955,,,,
2026-06-06,9913633503,1,867,867,867,867,28793040,2317601,,
2026-06-06,9917678692,1,3695,3695,3695,3695,45352091,46971,,
2026-06-06,9929086116,1,3614,3614,3614,3614,34690238,2692004,,
2026-06-06,9930466428,1,1141,1141,1141,1141,26455998,121024,,
2026-06-06,9931060493,1,6412,6412,6412,6412,19023866,541809,,
2026-06-06,9940725596,1,1747,1747,1747,1747,19322030,26731,,
2026-06-06,9953328866,1,7318,7318,7318,7318,19016508,23604,,
2026-06-06,9955391014,1,747,747,747,747,2598468,56124,,
2026-06-06,9958694666,1,5852,5852,5852,5852,30107056,289422,,
2026-06-06,9963622286,1,8642,8642,8642,8642,29121922,1277749,,
2026-06-06,9965907387,1,6062,6062,6062,6062,20190423,87532,,
2026-06-06,9969687051,1,5946,5946,5946,5946,24348430,1766265,,
2026-06-06,9975893742,1,4720,4720,4720,4720,23811648,2440613,,
2026-06-06,9991421325,1,2437,2437,2437,2437,15108572,288349,,
2026-06-06,9998576154,1,11846,11846,11846,11846,47826042,3255581,,
2026-06-06,10004244222,1,186804,186804,186804,186804,945957233,18912781,,
2026-06-06,10004760418,1,9251,9251,9251,9251,92096068,122799,,
2026-06-06,10006323745,1,779,779,779,779,19947679,290388,,
2026-06-06,10015834582,1,4307,4307,4307,4307,48097522,55638,,
2026-06-06,10045085816,1,4373,4373,4373,4373,21120916,32042,,
2026-06-06,10051853469,1,19118,19118,19118,19118,65425275,1618099,,
2026-06-06,10052184484,1,12304,12304,12304,12304,22618063,1504366,,
2026-06-06,10081194651,1,12826,12826,12826,12826,23638035,102169,,
2026-06-06,10088821187,1,3062,3062,3062,3062,8256966,252557,,
2026-06-06,10089507840,1,6101,6101,6101,6101,17852542,30834,,
2026-06-06,10092619788,1,2808,2808,2808,2808,5799182,4771,,
2026-06-06,10096577758,1,2842,2842,2842,2842,20878618,27691,,
2026-06-06,10118240578,1,2822,2822,2822,2822,8841991,21321,,
2026-06-06,10138988383,1,7904,7904,7904,7904,13804515,31239,,
2026-06-06,10149964044,1,6407,6407,6407,6407,,,,
2026-06-06,10150875031,1,10639,10639,10639,10639,4141325,15041,,
2026-06-06,10162453492,1,4282,4282,4282,4282,4727625,113608,,
2026-06-06,10167214983,1,24376,24376,24376,24376,25004383,1661047,,
2026-06-07,2471084,1,3907,3907,3907,3907,1298392469,4589187,,
2026-06-07,31970568,1,7093,7093,7093,7093,1573387135,6035826,,
2026-06-07,66654135,1,220129,220129,220129,220129,26110021797,22276703,,
2026-06-07,568307879,1,874,874,874,874,517475833,538010,,
2026-06-07,605887098,1,6793,6793,6793,6793,2489878270,3662799,,
2026-06-07,903807016,1,7014,7014,7014,7014,1507001294,2786846,,
2026-06-07,1053132402,1,2961,2961,2961,2961,555458876,961422,,
2026-06-07,1198533421,1,1324,1324,1324,1324,174957225,717283,,
2026-06-07,1214576306,1,4511,4511,4511,4511,1623477630,4267776,,
2026-06-07,1430007363,1,4483,4483,4483,4483,873016015,2167383,,
2026-06-07,1489026993,2,6830,6830,6241,7418,2613175560,4268402,,
2026-06-07,1526814825,1,9972,9972,9972,9972,1041253774,4193352,,
2026-06-07,1795206523,1,1150,1150,1150,1150,935095959,921766,,
2026-06-07,1831550657,1,31348,31348,31348,31348,2017441201,10165401,,
2026-06-07,1998835206,1,4151,4151,4151,4151,569330340,1157680,,
2026-06-07,2049551477,2,3966,3966,2655,5276,1429036621,1873041,,
2026-06-07,2165551367,1,1695,1695,1695,1695,656241685,2357225,,
2026-06-07,2247578975,2,6019,6019,5296,6742,1175260956,14906566,,
2026-06-07,2274830359,1,7686,7686,7686,7686,2902670100,1942560,,
2026-06-07,2294168059,1,3644,3644,3644,3644,1196703857,3234240,,
2026-06-07,2369077151,1,5687,5687,5687,5687,346000662,9702130,,
2026-06-07,2440500124,1,22828,22828,22828,22828,7416094714,7856551,,
2026-06-07,2491559356,1,943,943,943,943,76191541,160274,,
2026-06-07,2655478023,2,3252,3252,3080,3425,971098484,3453371,,
2026-06-07,2788648141,1,3203,3203,3203,3203,982904660,1907099,,
2026-06-07,2821905072,1,4749,4749,4749,4749,239860112,5101752,,
2026-06-07,2827951974,1,1296,1296,1296,1296,800476915,669050,,
2026-06-07,2921237723,1,1189,1189,1189,1189,124043431,707564,,
2026-06-07,2992873140,1,21087,21087,21087,21087,1291803885,958872,,
2026-06-07,3034836582,1,1334,1334,1334,1334,495474490,1904593,,
2026-06-07,3079618996,1,3170,3170,3170,3170,755723803,780739,,
2026-06-07,3164075108,1,3705,3705,3705,3705,264967706,708847,,
2026-06-07,3187874989,1,5367,5367,5367,5367,140116178,202026,,
2026-06-07,3191268194,1,3733,3733,3733,3733,1332643077,5151042,,
2026-06-07,3232181171,1,2458,2458,2458,2458,50874666,191786,,
2026-06-07,3310460039,1,21441,21441,21441,21441,4412194349,105067033,,
2026-06-07,3346892457,1,2416,2416,2416,2416,421168395,156939,,
2026-06-07,3381521989,1,729,729,729,729,9573759,93632,,
2026-06-07,3420059569,1,3694,3694,3694,3694,928658945,27472874,,
2026-06-07,3472976893,1,3490,3490,3490,3490,129989678,1761177,,
2026-06-07,3502524667,1,3110,3110,3110,3110,732035820,3663627,,
2026-06-07,3551414857,1,9978,9978,9978,9978,601054316,1273684,,
2026-06-07,3647333358,1,30509,30509,30509,30509,8677518803,7837365,,
2026-06-07,3746418487,1,4088,4088,4088,4088,293197677,349488,,
2026-06-07,3754482795,1,6874,6874,6874,6874,1212806903,4280564,,
2026-06-07,3759884822,1,3342,3342,3342,3342,115482836,93764,,
2026-06-07,3841172115,1,19440,19440,19440,19440,112633605,574142,,
2026-06-07,4028801234,1,2338,2338,2338,2338,222561038,11798172,,
2026-06-07,4348829796,1,13897,13897,13897,13897,2494027108,10347279,,
2026-06-07,4457060041,1,4244,4244,4244,4244,120247035,201536,,
2026-06-07,4518160318,1,6134,6134,6134,6134,608081755,1078746,,
2026-06-07,4595016786,1,3179,3179,3179,3179,572428053,694763,,
2026-06-07,4599924264,1,5357,5357,5357,5357,672095513,247176,,
2026-06-07,4673599750,1,2241,2241,2241,2241,467174989,427226,,
2026-06-07,4720386144,1,3254,3254,3254,3254,100720789,522357,,
2026-06-07,4793836769,1,8093,8093,8093,8093,261534823,5567719,,
2026-06-07,4925331346,1,3788,3788,3788,3788,288009116,437029,,
2026-06-07,4944984948,1,7464,7464,7464,7464,202929127,89438,,
2026-06-07,5195168716,1,2324,2324,2324,2324,86973955,584825,,
2026-06-07,5207621753,1,5699,5699,5699,5699,63203524,59440,,
2026-06-07,5361032378,1,55049,55049,55049,55049,1920654711,962240,,
2026-06-07,5578556129,1,35396,35396,35396,35396,1926128800,1921068,,
2026-06-07,5661020014,1,1025,1025,1025,1025,21941499,464223,,
2026-06-07,5668114043,1,2522,2522,2522,2522,225663353,707471,,
2026-06-07,5698013839,1,1139,1139,1139,1139,66662347,263130,,
2026-06-07,5750914919,1,62012,62012,62012,62012,4522741369,3425160,,
2026-06-07,5927446137,1,828,828,828,828,41863315,554134,,
2026-06-07,5956634861,1,1284,1284,1284,1284,144896869,576078,,
2026-06-07,6015491985,1,3030,3030,3030,3030,330827525,191368,,
2026-06-07,6072944764,1,1034,1034,1034,1034,49340057,52712,,
2026-06-07,6247557414,1,716,716,716,716,,,,
2026-06-07,6314664695,1,880,880,880,880,56884807,2687083,,
2026-06-07,6329693946,1,4277,4277,4277,4277,64040551,198142,,
2026-06-07,6409513651,1,43276,43276,43276,43276,38833020,537387,,
2026-06-07,6646518350,1,1059,1059,1059,1059,243439245,345387,,
2026-06-07,6647992437,1,671,671,671,671,86661141,29729,,
2026-06-07,6682487255,1,9905,9905,9905,9905,441832178,213213,,
2026-06-07,6710779449,1,829,829,829,829,99637782,339300,,
2026-06-07,6749060816,1,11280,11280,11280,11280,211804043,1489478,,
2026-06-07,6801595469,1,792,792,792,792,56477693,132846,,
2026-06-07,7018190066,1,35815,35815,35815,35815,6346426301,5807343,,
2026-06-07,7058980030,1,8092,8092,8092,8092,507728623,855515,,
2026-06-07,7082244450,1,4190,4190,4190,4190,,,,
2026-06-07,7082423811,1,5996,5996,5996,5996,257504866,1531322,,
2026-06-07,7091388561,1,1012,1012,1012,1012,124151514,100994,,
2026-06-07,7094518649,1,18269,18269,18269,18269,289885361,712641,,
2026-06-07,7127084123,1,3042,3042,3042,3042,130219712,278731,,
2026-06-07,7128163167,1,3221,3221,3221,3221,54997117,92403,,
2026-06-07,7219654364,1,75088,75088,75088,75088,1144197711,12986787,,
2026-06-07,7332711118,1,7216,7216,7216,7216,1833089066,2428316,,
2026-06-07,7383133134,1,1143,1143,1143,1143,95173173,699400,,
2026-06-07,7434179990,1,2964,2964,2964,2964,208327626,7458648,,
2026-06-07,7435020231,1,1254,1254,1254,1254,29649732,111897,,
2026-06-07,7436755782,1,102166,102166,102166,102166,35507155195,11063636,,
2026-06-07,7450124099,1,3965,3965,3965,3965,114272031,637256,,
2026-06-07,7518216173,1,3796,3796,3796,3796,32561504,28545,,
2026-06-07,7577791613,1,914,914,914,914,90112254,553583,,
2026-06-07,7585079192,1,14303,14303,14303,14303,33124501,132529,,
2026-06-07,7690412163,1,920,920,920,920,,,,
2026-06-07,7709344486,1,144532,144532,144532,144532,69653126117,28297955,,
2026-06-07,7719766419,1,1222,1222,1222,1222,24519339,224008,,
2026-06-07,7760134732,1,6495,6495,6495,6495,12973368,401500,,
2026-06-07,7798947148,1,7138,7138,7138,7138,117876891,274029,,
2026-06-07,7882829745,1,3117,3117,3117,3117,351685057,966519,,
2026-06-07,7891669427,1,1250,1250,1250,1250,26615945,688251,,
2026-06-07,8014099969,1,2299,2299,2299,2299,133290176,225735,,
2026-06-07,8291789996,1,3552,3552,3552,3552,,,,
2026-06-07,8316902627,1,5887,5887,5887,5887,4650112504,1914560,,
2026-06-07,8472682462,1,2771,2771,2771,2771,55949717,38271,,
2026-06-07,8482984219,1,1186,1186,1186,1186,15162785,573605,,
2026-06-07,8504461817,2,3424,3424,3015,3832,158173905,74229,,
2026-06-07,8539298853,1,29040,29040,29040,29040,1149472560,1517459,,
2026-06-07,8696670616,1,2886,2886,2886,2886,,,,
2026-06-07,8759966530,1,5278,5278,5278,5278,89529636,331400,,
2026-06-07,8791358380,1,9150,9150,9150,9150,365494638,10959583,,
2026-06-07,8950496606,1,3892,3892,3892,3892,154190463,390433,,
2026-06-07,9029463012,1,1387,1387,1387,1387,102635234,393134,,
2026-06-07,9073513091,1,15456,15456,15456,15456,85944955,119729,,
2026-06-07,9077534770,1,1692,1692,1692,1692,48905675,147736,,
2026-06-07,9098570654,1,24172,24172,24172,24172,154829876,241005,,
2026-06-07,9122463229,1,9014,9014,9014,9014,,,,
2026-06-07,9129640671,1,11028,11028,11028,11028,,,,
2026-06-07,9141743926,1,19163,19163,19163,19163,323739157,520576,,
2026-06-07,9145063979,1,11588,11588,11588,11588,467308403,449541,,
2026-06-07,9169166771,1,1757,1757,1757,1757,44395803,34736,,
2026-06-07,9177208241,1,3660,3660,3660,3660,51034846,300088,,
2026-06-07,9219116196,1,5817,5817,5817,5817,55567162,138614,,
2026-06-07,9231693026,1,2948,2948,2948,2948,,,,
2026-06-07,9253627770,1,613,613,613,613,11765288,14549,,
2026-06-07,9266873836,1,5790,5790,5790,5790,150550526,131824,,
2026-06-07,9296042754,1,4200,4200,4200,4200,32852226,161324,,
2026-06-07,9315472782,1,1306,1306,1306,1306,13170576,82267,,
2026-06-07,9315739469,1,1570,1570,1570,1570,66787949,68031,,
2026-06-07,9348272796,1,125699,125699,125699,125699,411382785,382345,,
2026-06-07,9362896961,1,9461,9461,9461,9461,126256440,205644,,
2026-06-07,9363735110,1,24759,24759,24759,24759,5599694308,1991956,,
2026-06-07,9409870130,1,2506,2506,2506,2506,12231581,160129,,
2026-06-07,9411563986,1,2844,2844,2844,2844,65092908,114303,,
2026-06-07,9452898647,1,3315,3315,3315,3315,97586895,4083877,,
2026-06-07,9491545867,1,4744,4744,4744,4744,93059129,992826,,
2026-06-07,9494058490,1,12312,12312,12312,12312,,,,
2026-06-07,9501409571,1,3023,3023,3023,3023,31612193,161569,,
2026-06-07,9513686983,1,5871,5871,5871,5871,373420197,12010636,,
2026-06-07,9526307912,2,5548,5548,4454,6642,62675296,109152,,
2026-06-07,9556113881,1,2955,2955,2955,2955,30567727,144747,,
2026-06-07,9561553764,1,6630,6630,6630,6630,9655168,28292,,
2026-06-07,9584852943,1,250979,250979,250979,250979,846382758,1742442,,
2026-06-07,9643480573,1,2734,2734,2734,2734,28505421,587615,,
2026-06-07,9659404694,1,897,897,897,897,,,,
2026-06-07,9660713566,1,3681,3681,3681,3681,67750912,4387009,,
2026-06-07,9671940985,1,3020,3020,3020,3020,154151019,5256251,,
2026-06-07,9711972386,1,4097,4097,4097,4097,6566843,15723,,
2026-06-07,9723617424,1,9709,9709,9709,9709,16924327,25185,,
2026-06-07,9725232502,1,2907,2907,2907,2907,9531436,73235,,
2026-06-07,9741799896,1,5537,5537,5537,5537,21314531,1273705,,
2026-06-07,9753606371,1,4008,4008,4008,4008,6398332,14974,,
2026-06-07,9758688665,1,3954,3954,3954,3954,82202252,4335485,,
2026-06-07,9787206684,1,10417,10417,10417,10417,727498605,2858478,,
2026-06-07,9792947201,1,78597,78597,78597,78597,452907976,3171016,,
2026-06-07,9835089582,1,1095,1095,1095,1095,9612105,47396,,
2026-06-07,9859536675,1,4215,4215,4215,4215,18518455,257237,,
2026-06-07,9898609049,1,3608,3608,3608,3608,22361479,27626,,
2026-06-07,9908843098,1,3199,3199,3199,3199,16990368,1282454,,
2026-06-07,9913633503,1,805,805,805,805,29156097,2346295,,
2026-06-07,9917678692,1,4799,4799,4799,4799,46010825,47531,,
2026-06-07,9929086116,1,3344,3344,3344,3344,35162324,2716086,,
2026-06-07,9930466428,1,1248,1248,1248,1248,26697690,121407,,
2026-06-07,9931060493,1,7188,7188,7188,7188,19878111,556327,,
2026-06-07,9940725596,1,1834,1834,1834,1834,19637376,27111,,
2026-06-07,9952351777,1,2701,2701,2701,2701,14011893,55469,,
2026-06-07,9953328866,1,7577,7577,7577,7577,20182845,24944,,
2026-06-07,9955391014,1,1061,1061,1061,1061,2728622,59105,,
2026-06-07,9958694666,1,4649,4649,4649,4649,30822089,293425,,
2026-06-07,9963622286,1,8315,8315,8315,8315,30157675,1332346,,
2026-06-07,9965907387,1,6029,6029,6029,6029,21311941,90164,,
2026-06-07,9969095451,1,3099,3099,3099,3099,20223665,914681,,
2026-06-07,9969687051,1,5571,5571,5571,5571,25032481,1810866,,
2026-06-07,9975893742,1,3783,3783,3783,3783,24440503,2491439,,
2026-06-07,9991421325,1,2771,2771,2771,2771,15322442,292025,,
2026-06-07,9998576154,1,11345,11345,11345,11345,49189972,3344084,,
2026-06-07,10004244222,1,163739,163739,163739,163739,971167068,19097839,,
2026-06-07,10004760418,1,8121,8121,8121,8121,93361759,124538,,
2026-06-07,10015834582,1,3480,3480,3480,3480,48733474,56197,,
2026-06-07,10045085816,1,3884,3884,3884,3884,21607533,32673,,
2026-06-07,10051853469,1,19133,19133,19133,19133,67635430,1663534,,
2026-06-07,10052184484,1,10142,10142,10142,10142,23766157,1572780,,
2026-06-07,10053434203,1,2817,2817,2817,2817,13062414,1186065,,
2026-06-07,10081194651,1,12198,12198,12198,12198,24828917,106872,,
2026-06-07,10083552936,1,719,719,719,719,724280,4255,,
2026-06-07,10088821187,1,2735,2735,2735,2735,8592310,271494,,
2026-06-07,10089507840,1,5662,5662,5662,5662,19411519,32741,,
2026-06-07,10092619788,1,2792,2792,2792,2792,5938713,4824,,
2026-06-07,10138988383,1,8200,8200,8200,8200,14775424,32936,,
2026-06-07,10149964044,1,6407,6407,6407,6407,,,,
2026-06-07,10150875031,1,10084,10084,10084,10084,5276935,18846,,
2026-06-07,10162453492,1,4396,4396,4396,4396,5407181,127770,,
2026-06-07,10167214983,1,21691,21691,21691,21691,27374895,1798009,,
2026-06-08,2471084,1,3164,3164,3164,3164,1298616726,4589527,,
2026-06-08,31970568,1,5111,5111,5111,5111,1573786982,6036329,,
2026-06-08,66654135,1,179834,179834,179834,179834,26131258102,22287747,,
2026-06-08,605887098,1,5803,5803,5803,5803,2490528106,3663714,,
2026-06-08,903807016,1,6102,6102,6102,6102,1507924234,2787585,,
2026-06-08,1198533421,1,1014,1014,1014,1014,175036362,717412,,
2026-06-08,1214576306,1,3576,3576,3576,3576,1623770853,4268211,,
2026-06-08,1430007363,1,3243,3243,3243,3243,873532472,2170416,,
2026-06-08,1489026993,2,5724,5724,4319,7129,2613829501,4269112,,
2026-06-08,1526814825,1,8371,8371,8371,8371,1041920047,4195121,,
2026-06-08,1795206523,1,986,986,986,986,935298262,921851,,
2026-06-08,1831550657,1,33052,33052,33052,33052,2019779628,10177987,,
2026-06-08,1998835206,1,3274,3274,3274,3274,569587074,1157875,,
2026-06-08,2049551477,1,3808,3808,3808,3808,1429543307,1873746,,
2026-06-08,2165551367,1,1342,1342,1342,1342,656482642,2358686,,
2026-06-08,2247578975,2,3502,3502,3156,3847,1175910302,14906952,,
2026-06-08,2274830359,1,6877,6877,6877,6877,2903753189,1943413,,
2026-06-08,2294168059,1,2867,2867,2867,2867,1196988218,3234792,,
2026-06-08,2369077151,1,4572,4572,4572,4572,346555275,9713134,,
2026-06-08,2440500124,1,16890,16890,16890,16890,7418264768,7858898,,
2026-06-08,2491559356,1,743,743,743,743,76264640,160328,,
2026-06-08,2655478023,1,2164,2164,2164,2164,971508861,3453704,,
2026-06-08,2821905072,1,3427,3427,3427,3427,240300717,5110759,,
2026-06-08,2827951974,1,832,832,832,832,800634397,669251,,
2026-06-08,2921237723,1,1295,1295,1295,1295,124174224,708409,,
2026-06-08,2992873140,1,14717,14717,14717,14717,1293052361,959443,,
2026-06-08,3034836582,1,893,893,893,893,495620213,1904760,,
2026-06-08,3164075108,1,3242,3242,3242,3242,265215750,709161,,
2026-06-08,3187874989,1,3919,3919,3919,3919,140560814,202481,,
2026-06-08,3191268194,1,3175,3175,3175,3175,1332988697,5156464,,
2026-06-08,3232181171,1,1594,1594,1594,1594,51098578,192966,,
2026-06-08,3310460039,1,16397,16397,16397,16397,4415010957,105068075,,
2026-06-08,3346892457,1,1468,1468,1468,1468,421462311,157245,,
2026-06-08,3420059569,1,2858,2858,2858,2858,929167633,27473071,,
2026-06-08,3472976893,1,2420,2420,2420,2420,130409682,1775904,,
2026-06-08,3502524667,1,2043,2043,2043,2043,732450228,3663974,,
2026-06-08,3551414857,1,6789,6789,6789,6789,601667550,1274909,,
2026-06-08,3647333358,1,23526,23526,23526,23526,8681637398,7842301,,
2026-06-08,3746418487,1,4396,4396,4396,4396,,,,
2026-06-08,3754482795,1,5776,5776,5776,5776,1213676485,4283754,,
2026-06-08,3841172115,1,14019,14019,14019,14019,114222202,579970,,
2026-06-08,4028801234,1,1313,1313,1313,1313,222758764,11809508,,
2026-06-08,4348829796,1,11848,11848,11848,11848,2495718681,10357063,,
2026-06-08,4457060041,1,2980,2980,2980,2980,120508902,201852,,
2026-06-08,4518160318,1,4366,4366,4366,4366,608475604,1079570,,
2026-06-08,4595016786,1,2777,2777,2777,2777,572768677,695349,,
2026-06-08,4599924264,1,5577,5577,5577,5577,672885771,247628,,
2026-06-08,4673599750,1,1753,1753,1753,1753,467835551,427848,,
2026-06-08,4720386144,1,2521,2521,2521,2521,100973660,523219,,
2026-06-08,4793836769,1,6755,6755,6755,6755,262080006,5577194,,
2026-06-08,4925331346,1,3355,3355,3355,3355,288292144,437654,,
2026-06-08,4944984948,1,6089,6089,6089,6089,204072902,90290,,
2026-06-08,5195168716,1,2229,2229,2229,2229,87174278,585740,,
2026-06-08,5207621753,1,5345,5345,5345,5345,63710018,59775,,
2026-06-08,5361032378,1,52029,52029,52029,52029,1923523626,962917,,
2026-06-08,5578556129,1,30417,30417,30417,30417,1927875410,1922795,,
2026-06-08,5661020014,1,852,852,852,852,22032092,465444,,
2026-06-08,5668114043,1,1866,1866,1866,1866,225868531,707886,,
2026-06-08,5698013839,1,802,802,802,802,66741248,263417,,
2026-06-08,5750914919,1,54613,54613,54613,54613,4526024790,3427863,,
2026-06-08,5927446137,1,808,808,808,808,41927004,554875,,
2026-06-08,5956634861,1,679,679,679,679,145040047,576365,,
2026-06-08,6015491985,1,3422,3422,3422,3422,331317042,191703,,
2026-06-08,6072944764,1,696,696,696,696,49419602,52839,,
2026-06-08,6247557414,1,716,716,716,716,,,,
2026-06-08,6329693946,1,3933,3933,3933,3933,64296122,198705,,
2026-06-08,6409513651,1,38936,38936,38936,38936,40645725,550389,,
2026-06-08,6646518350,1,816,816,816,816,243687221,345492,,
2026-06-08,6682487255,1,8761,8761,8761,8761,442654446,213405,,
2026-06-08,6710779449,1,698,698,698,698,99710339,339526,,
2026-06-08,6749060816,1,9133,9133,9133,9133,212556689,1493498,,
2026-06-08,7018190066,1,23294,23294,23294,23294,6348916785,5811931,,
2026-06-08,7058980030,1,6530,6530,6530,6530,509055268,857406,,
2026-06-08,7082244450,1,4190,4190,4190,4190,,,,
2026-06-08,7082423811,1,4804,4804,4804,4804,258031364,1532082,,
2026-06-08,7091388561,1,1083,1083,1083,1083,124289498,101247,,
2026-06-08,7094518649,1,16178,16178,16178,16178,290849788,714733,,
2026-06-08,7128163167,1,1831,1831,1831,1831,55236839,92897,,
2026-06-08,7219654364,1,56516,56516,56516,56516,1150171619,13021111,,
2026-06-08,7332711118,1,5290,5290,5290,5290,1833815423,2428953,,
2026-06-08,7383133134,1,671,671,671,671,95297875,700252,,
2026-06-08,7435020231,1,875,875,875,875,29712694,112036,,
2026-06-08,7436755782,1,88127,88127,88127,88127,35514455954,11069009,,
2026-06-08,7518216173,1,2952,2952,2952,2952,34285648,29566,,
2026-06-08,7577791613,1,1201,1201,1201,1201,90418176,554462,,
2026-06-08,7585079192,1,11524,11524,11524,11524,33643622,133669,,
2026-06-08,7709344486,1,130092,130092,130092,130092,69688522164,28307735,,
2026-06-08,7719766419,1,729,729,729,729,24636014,224676,,
2026-06-08,7760134732,1,4809,4809,4809,4809,13524068,418283,,
2026-06-08,7798947148,1,5381,5381,5381,5381,118615322,274819,,
2026-06-08,7882829745,1,2820,2820,2820,2820,351845293,966658,,
2026-06-08,7891669427,1,1013,1013,1013,1013,,,,
2026-06-08,8014099969,1,1710,1710,1710,1710,133539014,226101,,
2026-06-08,8291789996,1,3552,3552,3552,3552,,,,
2026-06-08,8316902627,1,4819,4819,4819,4819,4650799997,1916417,,
2026-06-08,8401518398,1,2994,2994,2994,2994,52044156,33965,,
2026-06-08,8482984219,1,1004,1004,1004,1004,15334470,580402,,
2026-06-08,8504461817,2,2826,2826,1818,3833,158604529,74591,,
2026-06-08,8539298853,1,21188,21188,21188,21188,1151787333,1520543,,
2026-06-08,8696670616,1,2886,2886,2886,2886,,,,
2026-06-08,8759966530,1,5387,5387,5387,5387,90095563,332594,,
2026-06-08,8791358380,1,7510,7510,7510,7510,366464607,10985305,,
2026-06-08,8950496606,1,3167,3167,3167,3167,154443972,390814,,
2026-06-08,9029463012,1,868,868,868,868,102728109,393441,,
2026-06-08,9073513091,1,10280,10280,10280,10280,87763542,121032,,
2026-06-08,9077534770,1,1199,1199,1199,1199,49051068,148173,,
2026-06-08,9098570654,1,24350,24350,24350,24350,156255209,242924,,
2026-06-08,9122463229,1,9014,9014,9014,9014,,,,
2026-06-08,9129640671,1,11028,11028,11028,11028,,,,
2026-06-08,9141743926,1,16692,16692,16692,16692,325732365,522711,,
2026-06-08,9145063979,1,8607,8607,8607,8607,468595292,451127,,
2026-06-08,9169166771,1,1467,1467,1467,1467,44700592,34955,,
2026-06-08,9177208241,1,2740,2740,2740,2740,51368200,301453,,
2026-06-08,9219116196,1,4868,4868,4868,4868,56012989,139677,,
2026-06-08,9231693026,1,2948,2948,2948,2948,,,,
2026-06-08,9266873836,1,5679,5679,5679,5679,150777673,132019,,
2026-06-08,9296042754,1,3356,3356,3356,3356,33239732,163160,,
2026-06-08,9315472782,1,809,809,809,809,13320046,83105,,
2026-06-08,9315739469,1,1066,1066,1066,1066,66977707,68285,,
2026-06-08,9348272796,1,91656,91656,91656,91656,420268429,391015,,
2026-06-08,9362896961,1,8869,8869,8869,8869,126786740,206000,,
2026-06-08,9363735110,1,20521,20521,20521,20521,5602577786,1993408,,
2026-06-08,9409870130,1,1783,1783,1783,1783,12431950,162431,,
2026-06-08,9411563986,1,2328,2328,2328,2328,65497190,115089,,
2026-06-08,9452898647,1,2957,2957,2957,2957,97960059,4097275,,
2026-06-08,9491545867,1,4523,4523,4523,4523,93560668,995269,,
2026-06-08,9494058490,1,12312,12312,12312,12312,,,,
2026-06-08,9501409571,1,2225,2225,2225,2225,31913396,162652,,
2026-06-08,9513686983,1,5607,5607,5607,5607,374178159,12041497,,
2026-06-08,9526307912,2,3627,3627,3158,4096,63322927,110191,,
2026-06-08,9556113881,1,1992,1992,1992,1992,30800518,145511,,
2026-06-08,9561553764,1,5168,5168,5168,5168,10212138,29225,,
2026-06-08,9584852943,1,217832,217832,217832,217832,885150568,1805107,,
2026-06-08,9660713566,1,2995,2995,2995,2995,68287432,4414920,,
2026-06-08,9671940985,1,2718,2718,2718,2718,154544988,5265091,,
2026-06-08,9711972386,1,3925,3925,3925,3925,6759505,15226,,
2026-06-08,9723617424,1,6413,6413,6413,6413,17837860,26231,,
2026-06-08,9725232502,1,1977,1977,1977,1977,9712204,74201,,
2026-06-08,9741799896,1,5779,5779,5779,5779,22344309,1332142,,
2026-06-08,9753606371,1,3496,3496,3496,3496,6835100,15889,,
2026-06-08,9758688665,1,3572,3572,3572,3572,82679388,4357064,,
2026-06-08,9787206684,1,8164,8164,8164,8164,728788409,2860844,,
2026-06-08,9792947201,1,64910,64910,64910,64910,459105676,3202184,,
2026-06-08,9835089582,1,718,718,718,718,9733529,49305,,
2026-06-08,9859536675,1,2595,2595,2595,2595,18851269,260930,,
2026-06-08,9898609049,1,3105,3105,3105,3105,22626763,27937,,
2026-06-08,9917678692,1,4184,4184,4184,4184,46676185,48114,,
2026-06-08,9929086116,1,3291,3291,3291,3291,35590429,2738123,,
2026-06-08,9930466428,1,1072,1072,1072,1072,26896961,121748,,
2026-06-08,9931060493,1,4483,4483,4483,4483,,,,
2026-06-08,9934614409,1,2641,2641,2641,2641,68086655,116388,,
2026-06-08,9940725596,1,1531,1531,1531,1531,19890865,27385,,
2026-06-08,9953328866,1,7150,7150,7150,7150,21020250,25921,,
2026-06-08,9955391014,1,879,879,879,879,2877593,62897,,
2026-06-08,9958694666,1,3921,3921,3921,3921,31307070,296239,,
2026-06-08,9963622286,1,7684,7684,7684,7684,31081761,1382423,,
2026-06-08,9965907387,1,4387,4387,4387,4387,22109707,91985,,
2026-06-08,9969687051,1,3792,3792,3792,3792,25550655,1842197,,
2026-06-08,9975893742,1,3736,3736,3736,3736,25075889,2546991,,
2026-06-08,9991421325,1,2207,2207,2207,2207,15534603,295764,,
2026-06-08,9998576154,1,10224,10224,10224,10224,50442772,3418828,,
2026-06-08,10004244222,1,136869,136869,136869,136869,988938981,19239249,,
2026-06-08,10004760418,1,7303,7303,7303,7303,94437895,126039,,
2026-06-08,10015834582,1,2918,2918,2918,2918,49142689,56550,,
2026-06-08,10045085816,1,3936,3936,3936,3936,22031120,33201,,
2026-06-08,10051853469,1,16969,16969,16969,16969,69365522,1694992,,
2026-06-08,10052184484,1,7697,7697,7697,7697,24622138,1620131,,
2026-06-08,10065013948,1,5736,5736,5736,5736,6127428,13164,,
2026-06-08,10081194651,1,11618,11618,11618,11618,25873745,110942,,
2026-06-08,10086454767,1,3846,3846,3846,3846,1957550,9064,,
2026-06-08,10089497129,1,4716,4716,4716,4716,455278,1343,,
2026-06-08,10089507840,1,5789,5789,5789,5789,20771517,34502,,
2026-06-08,10092619788,1,3133,3133,3133,3133,6097619,4867,,
2026-06-08,10111742174,1,12611,12611,12611,12611,3490182,14571,,
2026-06-08,10138988383,1,6152,6152,6152,6152,15520764,34300,,
2026-06-08,10149964044,1,6407,6407,6407,6407,,,,
2026-06-08,10150875031,1,7114,7114,7114,7114,6195271,21568,,
2026-06-08,10162453492,1,3583,3583,3583,3583,6014209,141202,,
2026-06-08,10167214983,1,15375,15375,15375,15375,29172905,1893280,,
2026-06-09,2471084,1,2846,2846,2846,2846,1298792195,4589779,,
2026-06-09,31970568,1,4339,4339,4339,4339,1574101562,6036763,,
2026-06-09,66654135,1,177012,177012,177012,177012,26150270542,22297728,,
2026-06-09,605887098,1,4655,4655,4655,4655,2490985232,3664310,,
2026-06-09,903807016,1,4934,4934,4934,4934,1508722598,2788243,,
2026-06-09,1198533421,1,1042,1042,1042,1042,175108795,717516,,
2026-06-09,1214576306,1,3005,3005,3005,3005,1623995475,4268511,,
2026-06-09,1430007363,1,2866,2866,2866,2866,873995608,2172960,,
2026-06-09,1489026993,2,5406,5406,4475,6336,2614428560,4269721,,
2026-06-09,1526814825,1,7345,7345,7345,7345,1042428307,4196183,,
2026-06-09,1795206523,1,955,955,955,955,935483880,921950,,
2026-06-09,1831550657,1,29304,29304,29304,29304,2021740976,10187350,,
2026-06-09,1998835206,1,3190,3190,3190,3190,569811602,1158043,,
2026-06-09,2049551477,1,3510,3510,3510,3510,1429954354,1874323,,
2026-06-09,2165551367,1,1313,1313,1313,1313,656694924,2359986,,
2026-06-09,2247578975,2,3476,3476,3411,3541,1176431948,14907229,,
2026-06-09,2274830359,1,7007,7007,7007,7007,2904607186,1944101,,
2026-06-09,2294168059,1,2770,2770,2770,2770,1197244978,3235351,,
2026-06-09,2369077151,1,3773,3773,3773,3773,346942830,9720312,,
2026-06-09,2440500124,1,15816,15816,15816,15816,7420164903,7861023,,
2026-06-09,2491559356,1,772,772,772,772,76334154,160376,,
2026-06-09,2655478023,2,2552,2552,2443,2662,971926571,3454062,,
2026-06-09,2821905072,1,2652,2652,2652,2652,240564711,5115067,,
2026-06-09,2827951974,1,809,809,809,809,800778029,669429,,
2026-06-09,2921237723,1,1430,1430,1430,1430,124325809,709423,,
2026-06-09,2992873140,1,12349,12349,12349,12349,1293974091,959843,,
2026-06-09,3034836582,1,980,980,980,980,495736114,1904922,,
2026-06-09,3164075108,1,2746,2746,2746,2746,265399017,709386,,
2026-06-09,3187874989,1,3752,3752,3752,3752,140955623,202909,,
2026-06-09,3232181171,1,1626,1626,1626,1626,51265622,193799,,
2026-06-09,3310460039,1,15060,15060,15060,15060,4417012499,105068934,,
2026-06-09,3346892457,1,1504,1504,1504,1504,421718090,157531,,
2026-06-09,3420059569,1,2754,2754,2754,2754,929552415,27473170,,
2026-06-09,3472976893,1,2139,2139,2139,2139,130771797,1788622,,
2026-06-09,3502524667,1,1887,1887,1887,1887,732793585,3664294,,
2026-06-09,3551414857,1,6606,6606,6606,6606,602188489,1275929,,
2026-06-09,3647333358,1,22902,22902,22902,22902,8685421890,7846676,,
2026-06-09,3746418487,1,5815,5815,5815,5815,294067235,350533,,
2026-06-09,3754482795,1,6486,6486,6486,6486,1214335358,4286220,,
2026-06-09,3841172115,1,13665,13665,13665,13665,115529405,585541,,
2026-06-09,4028801234,1,1452,1452,1452,1452,222920323,11818919,,
2026-06-09,4348829796,1,11693,11693,11693,11693,2497359199,10365526,,
2026-06-09,4518160318,1,4436,4436,4436,4436,608778610,1080255,,
2026-06-09,4599924264,1,4166,4166,4166,4166,,,,
2026-06-09,4673599750,1,1731,1731,1731,1731,468428083,428452,,
2026-06-09,4720386144,1,2307,2307,2307,2307,101201073,523974,,
2026-06-09,4793836769,1,6715,6715,6715,6715,262577883,5585911,,
2026-06-09,4925331346,1,3193,3193,3193,3193,288533686,438124,,
2026-06-09,4944984948,1,5932,5932,5932,5932,204873952,90863,,
2026-06-09,5195168716,1,1907,1907,1907,1907,87341887,586552,,
2026-06-09,5207621753,1,5128,5128,5128,5128,64104248,60097,,
2026-06-09,5361032378,1,51858,51858,51858,51858,1926016004,963410,,
2026-06-09,5578556129,1,27505,27505,27505,27505,1929188009,1924538,,
2026-06-09,5668114043,1,1781,1781,1781,1781,226042768,708271,,
2026-06-09,5698013839,1,967,967,967,967,66810346,263694,,
2026-06-09,5750914919,1,48962,48962,48962,48962,4528500891,3430213,,
2026-06-09,5956634861,1,924,924,924,924,,,,
2026-06-09,6072944764,1,729,729,729,729,49488569,52994,,
2026-06-09,6247557414,1,716,716,716,716,,,,
2026-06-09,6329693946,1,3360,3360,3360,3360,64498537,199165,,
2026-06-09,6409513651,1,37302,37302,37302,37302,42082316,559788,,
2026-06-09,6646518350,1,742,742,742,742,243916559,345623,,
2026-06-09,6682487255,1,8153,8153,8153,8153,443329176,213560,,
2026-06-09,6749060816,1,8830,8830,8830,8830,213232031,1497238,,
2026-06-09,7018190066,1,21666,21666,21666,21666,6351004213,5815696,,
2026-06-09,7058980030,1,5243,5243,5243,5243,510105801,858962,,
2026-06-09,7082244450,1,4190,4190,4190,4190,,,,
2026-06-09,7082423811,1,6906,6906,6906,6906,258483699,1532840,,
2026-06-09,7094518649,1,14128,14128,14128,14128,291627706,716478,,
2026-06-09,7128163167,1,2080,2080,2080,2080,55439139,93348,,
2026-06-09,7219654364,1,49406,49406,49406,49406,1155077986,13047659,,
2026-06-09,7332711118,1,6218,6218,6218,6218,1834333034,2429352,,
2026-06-09,7435020231,1,722,722,722,722,29768248,112165,,
2026-06-09,7436755782,1,79079,79079,79079,79079,35519947561,11073452,,
2026-06-09,7577791613,1,821,821,821,821,90717302,555321,,
2026-06-09,7585079192,1,10688,10688,10688,10688,34062337,134566,,
2026-06-09,7690412163,1,650,650,650,650,79871361,183530,,
2026-06-09,7709344486,1,119793,119793,119793,119793,69715922912,28315216,,
2026-06-09,7719766419,1,700,700,700,700,24715345,225100,,
2026-06-09,7760134732,1,3617,3617,3617,3617,13869886,428069,,
2026-06-09,7798947148,1,4459,4459,4459,4459,119075293,275397,,
2026-06-09,7882829745,1,2861,2861,2861,2861,351982281,966768,,
2026-06-09,7891669427,1,993,993,993,993,26828798,692868,,
2026-06-09,8014099969,1,1891,1891,1891,1891,133776911,226470,,
2026-06-09,8291789996,1,3552,3552,3552,3552,,,,
2026-06-09,8316902627,1,4709,4709,4709,4709,4651314155,1918229,,
2026-06-09,8401518398,1,4100,4100,4100,4100,52521434,34467,,
2026-06-09,8482984219,1,727,727,727,727,15474305,585662,,
2026-06-09,8504461817,2,2892,2892,1852,3933,159001036,74889,,
2026-06-09,8539298853,1,19360,19360,19360,19360,1153843817,1523758,,
2026-06-09,8696670616,1,2886,2886,2886,2886,,,,
2026-06-09,8759966530,1,5736,5736,5736,5736,90646162,333839,,
2026-06-09,8791358380,1,7271,7271,7271,7271,367182443,11002924,,
2026-06-09,8950496606,1,3168,3168,3168,3168,154683221,391360,,
2026-06-09,9029463012,1,874,874,874,874,102816906,393766,,
2026-06-09,9073513091,1,8302,8302,8302,8302,88896747,122076,,
2026-06-09,9077534770,1,1328,1328,1328,1328,49176218,148552,,
2026-06-09,9098570654,1,18955,18955,18955,18955,157287416,244259,,
2026-06-09,9122463229,1,9014,9014,9014,9014,,,,
2026-06-09,9129640671,1,11028,11028,11028,11028,,,,
2026-06-09,9141743926,1,14870,14870,14870,14870,327447402,524621,,
2026-06-09,9145063979,1,8315,8315,8315,8315,469590315,452458,,
2026-06-09,9169166771,1,1250,1250,1250,1250,44892654,35123,,
2026-06-09,9177208241,1,2627,2627,2627,2627,51654087,302586,,
2026-06-09,9219116196,1,5531,5531,5531,5531,56484660,140910,,
2026-06-09,9231693026,1,2948,2948,2948,2948,,,,
2026-06-09,9266873836,1,5239,5239,5239,5239,150905554,132144,,
2026-06-09,9296042754,1,2955,2955,2955,2955,33514812,164387,,
2026-06-09,9315472782,1,871,871,871,871,13445050,83789,,
2026-06-09,9315739469,1,948,948,948,948,67142906,68540,,
2026-06-09,9348272796,1,84338,84338,84338,84338,426357969,397041,,
2026-06-09,9362896961,1,8345,8345,8345,8345,127253888,206237,,
2026-06-09,9363735110,1,17815,17815,17815,17815,5604438095,1994341,,
2026-06-09,9409870130,1,1607,1607,1607,1607,12594339,164392,,
2026-06-09,9411563986,1,2197,2197,2197,2197,65872073,115781,,
2026-06-09,9452898647,1,2646,2646,2646,2646,98237919,4106839,,
2026-06-09,9491545867,1,4518,4518,4518,4518,93945887,997192,,
2026-06-09,9494058490,1,12312,12312,12312,12312,,,,
2026-06-09,9501409571,1,1849,1849,1849,1849,32181511,163619,,
2026-06-09,9513686983,1,4910,4910,4910,4910,374736013,12063585,,
2026-06-09,9526307912,2,4198,4198,3948,4449,63917752,111184,,
2026-06-09,9556113881,1,1921,1921,1921,1921,30973375,146057,,
2026-06-09,9561553764,1,5583,5583,5583,5583,10774178,30126,,
2026-06-09,9584852943,1,211091,211091,211091,211091,914202985,1856785,,
2026-06-09,9660713566,1,3918,3918,3918,3918,68714590,4437178,,
2026-06-09,9711972386,1,3359,3359,3359,3359,6913959,15453,,
2026-06-09,9723617424,1,4305,4305,4305,4305,18360909,26781,,
2026-06-09,9725232502,1,1728,1728,1728,1728,9862227,74999,,
2026-06-09,9741799896,1,8637,8637,8637,8637,23278195,1384433,,
2026-06-09,9753606371,1,3739,3739,3739,3739,7182394,16692,,
2026-06-09,9758688665,1,4619,4619,4619,4619,83054787,4376211,,
2026-06-09,9787206684,1,9659,9659,9659,9659,729715225,2862506,,
2026-06-09,9792947201,1,59515,59515,59515,59515,463941758,3227278,,
2026-06-09,9835089582,1,730,730,730,730,9827973,50833,,
2026-06-09,9859536675,1,4255,4255,4255,4255,19166981,265282,,
2026-06-09,9917678692,1,2966,2966,2966,2966,47048642,48478,,
2026-06-09,9929086116,1,2778,2778,2778,2778,35953829,2756464,,
2026-06-09,9930466428,1,943,943,943,943,27074181,122047,,
2026-06-09,9931060493,1,3960,3960,3960,3960,21193058,577154,,
2026-06-09,9934614409,1,2678,2678,2678,2678,68331155,116690,,
2026-06-09,9940725596,1,1308,1308,1308,1308,20130644,27646,,
2026-06-09,9953328866,1,5703,5703,5703,5703,21611973,26499,,
2026-06-09,9955391014,1,851,851,851,851,2994190,65636,,
2026-06-09,9958694666,1,3218,3218,3218,3218,31638448,297988,,
2026-06-09,9963622286,1,6424,6424,6424,6424,31753940,1413736,,
2026-06-09,9965907387,1,4140,4140,4140,4140,22738156,93528,,
2026-06-09,9969687051,1,3140,3140,3140,3140,25908147,1863518,,
2026-06-09,9970223248,1,763,763,763,763,1611163,4333,,
2026-06-09,9975893742,1,2798,2798,2798,2798,25509456,2589701,,
2026-06-09,9991421325,1,2200,2200,2200,2200,15715935,298851,,
2026-06-09,9998576154,1,11626,11626,11626,11626,51362111,3477391,,
2026-06-09,10004244222,1,129184,129184,129184,129184,1002443744,19344781,,
2026-06-09,10004760418,1,7057,7057,7057,7057,95278970,127107,,
2026-06-09,10045085816,1,3530,3530,3530,3530,22359990,33643,,
2026-06-09,10051853469,1,12944,12944,12944,12944,70561511,1714673,,
2026-06-09,10052184484,1,7255,7255,7255,7255,25249527,1656011,,
2026-06-09,10053434203,1,3264,3264,3264,3264,13846102,1237314,,
2026-06-09,10065013948,1,4759,4759,4759,4759,6587467,13958,,
2026-06-09,10081194651,1,7803,7803,7803,7803,26599961,113079,,
2026-06-09,10086454767,1,4694,4694,4694,4694,2338220,10769,,
2026-06-09,10088821187,1,4256,4256,4256,4256,9118312,304049,,
2026-06-09,10089497129,1,3318,3318,3318,3318,877920,2579,,
2026-06-09,10089507840,1,4020,4020,4020,4020,,,,
2026-06-09,10092619788,1,2897,2897,2897,2897,6243785,4892,,
2026-06-09,10111742174,1,13257,13257,13257,13257,4144386,16498,,
2026-06-09,10138988383,1,9347,9347,9347,9347,16112149,35398,,
2026-06-09,10149964044,1,6407,6407,6407,6407,,,,
2026-06-09,10150875031,1,9762,9762,9762,9762,6955948,23894,,
2026-06-09,10167214983,1,9966,9966,9966,9966,30190385,1940427,,
2026-06-09,10199301628,1,14598,14598,14598,14598,3864008,38379,,
2026-06-09,10200713960,1,4296,4296,4296,4296,1946811,5829,,
2026-06-10,2471084,1,3103,3103,3103,3103,1298984990,4590053,,
2026-06-10,31970568,1,5339,5339,5339,5339,1574432048,6037167,,
2026-06-10,66654135,1,195610,195610,195610,195610,26170063854,22308029,,
2026-06-10,605887098,1,4672,4672,4672,4672,2491429335,3664854,,
2026-06-10,903807016,1,5689,5689,5689,5689,1509559027,2788951,,
2026-06-10,1198533421,1,1049,1049,1049,1049,175181010,717623,,
2026-06-10,1214576306,1,3172,3172,3172,3172,1624226361,4268833,,
2026-06-10,1430007363,1,2773,2773,2773,2773,874432494,2175498,,
2026-06-10,1489026993,2,5644,5644,4237,7050,2615046166,4270369,,
2026-06-10,1526814825,1,7958,7958,7958,7958,1042967609,4197326,,
2026-06-10,1795206523,1,1100,1100,1100,1100,935676297,922023,,
2026-06-10,1831550657,1,30665,30665,30665,30665,2023981607,10196725,,
2026-06-10,1998835206,1,3359,3359,3359,3359,570034744,1158229,,
2026-06-10,2049551477,1,3843,3843,3843,3843,1430389400,1874992,,
2026-06-10,2165551367,1,1156,1156,1156,1156,656908332,2361353,,
2026-06-10,2247578975,2,2979,2979,2645,3313,1176921725,14907535,,
2026-06-10,2274830359,1,6691,6691,6691,6691,2905504570,1944876,,
2026-06-10,2294168059,1,2651,2651,2651,2651,1197499331,3235854,,
2026-06-10,2369077151,1,4396,4396,4396,4396,347354028,9728358,,
2026-06-10,2440500124,1,17855,17855,17855,17855,7422079794,7863039,,
2026-06-10,2491559356,1,806,806,806,806,76405626,160443,,
2026-06-10,2655478023,1,2000,2000,2000,2000,972300827,3454411,,
2026-06-10,2827951974,1,894,894,894,894,800919003,669621,,
2026-06-10,2921237723,1,1616,1616,1616,1616,124493962,710550,,
2026-06-10,2992873140,1,16238,16238,16238,16238,1295014812,960319,,
2026-06-10,3034836582,1,1135,1135,1135,1135,495866660,1905132,,
2026-06-10,3079618996,1,2748,2748,2748,2748,756507241,781626,,
2026-06-10,3164075108,1,2944,2944,2944,2944,265583418,709584,,
2026-06-10,3187874989,1,3492,3492,3492,3492,141349540,203319,,
2026-06-10,3191268194,1,2941,2941,2941,2941,1333516207,5164277,,
2026-06-10,3232181171,1,1606,1606,1606,1606,51440774,194617,,
2026-06-10,3310460039,1,16644,16644,16644,16644,4419134305,105069814,,
2026-06-10,3346892457,1,1800,1800,1800,1800,422014606,157862,,
2026-06-10,3472976893,1,1824,1824,1824,1824,131090082,1800096,,
2026-06-10,3502524667,1,1769,1769,1769,1769,733130579,3664608,,
2026-06-10,3551414857,1,5883,5883,5883,5883,602685963,1276835,,
2026-06-10,3647333358,1,30372,30372,30372,30372,8689394288,7851115,,
2026-06-10,3746418487,1,3800,3800,3800,3800,294482763,351043,,
2026-06-10,3754482795,1,5388,5388,5388,5388,1215013942,4288653,,
2026-06-10,3759884822,1,2646,2646,2646,2646,116050779,94452,,
2026-06-10,3841172115,1,12527,12527,12527,12527,116739486,590346,,
2026-06-10,4028801234,1,1663,1663,1663,1663,223107036,11829340,,
2026-06-10,4348829796,1,12755,12755,12755,12755,2498894735,10374354,,
2026-06-10,4457060041,1,3809,3809,3809,3809,121040313,202774,,
2026-06-10,4518160318,1,4422,4422,4422,4422,609100452,1080915,,
2026-06-10,4595016786,1,2646,2646,2646,2646,573265046,696265,,
2026-06-10,4599924264,1,6460,6460,6460,6460,674205950,248486,,
2026-06-10,4673599750,1,1787,1787,1787,1787,469009525,429008,,
2026-06-10,4720386144,1,2280,2280,2280,2280,101425727,524805,,
2026-06-10,4793836769,1,6524,6524,6524,6524,263068297,5594206,,
2026-06-10,4887744468,1,655,655,655,655,77989791,352618,,
2026-06-10,4925331346,1,3462,3462,3462,3462,288780475,438607,,
2026-06-10,4944984948,1,5479,5479,5479,5479,205715382,91492,,
2026-06-10,5195168716,1,2014,2014,2014,2014,87504623,587378,,
2026-06-10,5207621753,1,5120,5120,5120,5120,64523647,60345,,
2026-06-10,5361032378,1,50495,50495,50495,50495,1928523578,963995,,
2026-06-10,5578556129,1,24207,24207,24207,24207,1930434515,1925985,,
2026-06-10,5661020014,1,11098,11098,11098,11098,22295845,470603,,
2026-06-10,5668114043,1,2277,2277,2277,2277,226229689,708639,,
2026-06-10,5698013839,1,1314,1314,1314,1314,66904204,264169,,
2026-06-10,5750914919,1,62911,62911,62911,62911,4531394558,3432553,,
2026-06-10,5956634861,1,1653,1653,1653,1653,145316727,576942,,
2026-06-10,6015491985,1,2846,2846,2846,2846,332002436,192236,,
2026-06-10,6247557414,1,716,716,716,716,,,,
2026-06-10,6314664695,1,899,899,899,899,57069090,2694184,,
2026-06-10,6329693946,1,3330,3330,3330,3330,64705719,199589,,
2026-06-10,6409513651,1,36400,36400,36400,36400,43591985,569784,,
2026-06-10,6646518350,1,722,722,722,722,244138511,345736,,
2026-06-10,6647992437,1,855,855,855,855,86782877,29879,,
2026-06-10,6682487255,1,7865,7865,7865,7865,443990056,213706,,
2026-06-10,6710779449,1,749,749,749,749,99838098,340078,,
2026-06-10,6749060816,1,9496,9496,9496,9496,213941993,1501674,,
2026-06-10,6801595469,1,951,951,951,951,56807319,133524,,
2026-06-10,7018190066,1,28115,28115,28115,28115,6353115285,5819605,,
2026-06-10,7058980030,1,5921,5921,5921,5921,511088375,860498,,
2026-06-10,7076793942,1,1888,1888,1888,1888,81467181,208525,,
2026-06-10,7082244450,1,4190,4190,4190,4190,,,,
2026-06-10,7082423811,1,4400,4400,4400,4400,258894778,1533465,,
2026-06-10,7091388561,1,784,784,784,784,124519951,101660,,
2026-06-10,7094518649,1,15931,15931,15931,15931,292442367,718383,,
2026-06-10,7113705633,1,687,687,687,687,14595704,362528,,
2026-06-10,7128163167,1,1634,1634,1634,1634,55638427,93782,,
2026-06-10,7219654364,1,52803,52803,52803,52803,1159840570,13073113,,
2026-06-10,7332711118,1,4890,4890,4890,4890,1835000680,2429916,,
2026-06-10,7383133134,1,1094,1094,1094,1094,95539629,702141,,
2026-06-10,7435020231,1,744,744,744,744,29820949,112268,,
2026-06-10,7436755782,1,79798,79798,79798,79798,35525482612,11079031,,
2026-06-10,7577791613,1,756,756,756,756,90982827,556096,,
2026-06-10,7585079192,1,9242,9242,9242,9242,34457928,135527,,
2026-06-10,7690412163,1,772,772,772,772,79953587,183809,,
2026-06-10,7709344486,1,131961,131961,131961,131961,69754463954,28325885,,
2026-06-10,7719766419,1,1894,1894,1894,1894,24835702,225974,,
2026-06-10,7760134732,1,4723,4723,4723,4723,14246373,439608,,
2026-06-10,7798947148,1,4333,4333,4333,4333,119532680,276015,,
2026-06-10,7891669427,1,892,892,892,892,26925552,694845,,
2026-06-10,8014099969,1,1850,1850,1850,1850,134016941,226885,,
2026-06-10,8291789996,1,3552,3552,3552,3552,,,,
2026-06-10,8316902627,1,3576,3576,3576,3576,4651799772,1919797,,
2026-06-10,8401518398,1,3688,3688,3688,3688,53185396,35156,,
2026-06-10,8431193668,1,981,981,981,981,20271189,149690,,
2026-06-10,8482984219,1,962,962,962,962,15608760,590915,,
2026-06-10,8504461817,2,2993,2993,2298,3688,159405626,75227,,
2026-06-10,8539298853,1,22370,22370,22370,22370,1155812089,1526633,,
2026-06-10,8696670616,1,2886,2886,2886,2886,,,,
2026-06-10,8759966530,1,5519,5519,5519,5519,91202798,334923,,
2026-06-10,8791358380,1,7457,7457,7457,7457,367938751,11021654,,
2026-06-10,8844400854,1,1470,1470,1470,1470,176541488,401119,,
2026-06-10,8950496606,1,3090,3090,3090,3090,154918197,391781,,
2026-06-10,9029463012,1,1310,1310,1310,1310,102922504,394164,,
2026-06-10,9029624625,1,1059,1059,1059,1059,32751254,153209,,
2026-06-10,9073513091,1,8141,8141,8141,8141,89982454,123275,,
2026-06-10,9077534770,1,2070,2070,2070,2070,49344127,149211,,
2026-06-10,9098570654,1,19096,19096,19096,19096,158320206,245538,,
2026-06-10,9122463229,1,9014,9014,9014,9014,,,,
2026-06-10,9129640671,1,11028,11028,11028,11028,,,,
2026-06-10,9141743926,1,14461,14461,14461,14461,329073316,526349,,
2026-06-10,9145063979,1,9816,9816,9816,9816,470833795,454182,,
2026-06-10,9169166771,1,1298,1298,1298,1298,45119348,35327,,
2026-06-10,9177208241,1,3939,3939,3939,3939,51987880,304215,,
2026-06-10,9178347165,1,708,708,708,708,13540964,1098950,,
2026-06-10,9219116196,1,5465,5465,5465,5465,56956782,142170,,
2026-06-10,9231693026,1,2948,2948,2948,2948,,,,
2026-06-10,9232800804,1,717,717,717,717,13720277,54900,,
2026-06-10,9266873836,1,5012,5012,5012,5012,151032973,132276,,
2026-06-10,9296042754,1,3696,3696,3696,3696,33817624,165819,,
2026-06-10,9315472782,1,1562,1562,1562,1562,13579951,84672,,
2026-06-10,9315739469,1,1286,1286,1286,1286,67313669,68777,,
2026-06-10,9348272796,1,96555,96555,96555,96555,434000243,403950,,
2026-06-10,9362896961,1,8225,8225,8225,8225,127735146,206457,,
2026-06-10,9363735110,1,16881,16881,16881,16881,5606189817,1995281,,
2026-06-10,9409870130,1,2130,2130,2130,2130,12766364,166551,,
2026-06-10,9411563986,1,2395,2395,2395,2395,66226131,116420,,
2026-06-10,9452898647,1,2935,2935,2935,2935,98533135,4117691,,
2026-06-10,9491545867,1,3254,3254,3254,3254,94313625,998894,,
2026-06-10,9494058490,1,12312,12312,12312,12312,,,,
2026-06-10,9501409571,1,1692,1692,1692,1692,32406236,164343,,
2026-06-10,9513686983,1,4965,4965,4965,4965,375296885,12085696,,
2026-06-10,9526307912,1,3671,3671,3671,3671,64392452,111958,,
2026-06-10,9556113881,1,3136,3136,3136,3136,31188099,146941,,
2026-06-10,9561553764,1,5905,5905,5905,5905,11364425,30999,,
2026-06-10,9584852943,1,238658,238658,238658,238658,944769039,1911767,,
2026-06-10,9660713566,1,3484,3484,3484,3484,69161071,4459601,,
2026-06-10,9711972386,1,3330,3330,3330,3330,7069098,15692,,
2026-06-10,9723617424,1,5348,5348,5348,5348,18881369,27372,,
2026-06-10,9725232502,1,2275,2275,2275,2275,10015889,75862,,
2026-06-10,9741799896,1,7197,7197,7197,7197,24397658,1445520,,
2026-06-10,9753606371,1,2969,2969,2969,2969,7485987,17272,,
2026-06-10,9758688665,1,3194,3194,3194,3194,83425110,4391904,,
2026-06-10,9787206684,1,8797,8797,8797,8797,730966740,2864555,,
2026-06-10,9792947201,1,55736,55736,55736,55736,468701721,3252802,,
2026-06-10,9809200157,1,686,686,686,686,3038252,22281,,
2026-06-10,9835089582,1,664,664,664,664,9940294,52684,,
2026-06-10,9859536675,1,2832,2832,2832,2832,19454719,269435,,
2026-06-10,9898609049,1,2824,2824,2824,2824,23007368,28336,,
2026-06-10,9917678692,1,4209,4209,4209,4209,47485851,48863,,
2026-06-10,9929086116,1,3203,3203,3203,3203,36320010,2775146,,
2026-06-10,9930466428,1,1082,1082,1082,1082,27250720,122310,,
2026-06-10,9931060493,1,4625,4625,4625,4625,21784308,586927,,
2026-06-10,9940725596,1,1068,1068,1068,1068,20351730,27895,,
2026-06-10,9953328866,1,5108,5108,5108,5108,22152650,26952,,
2026-06-10,9955391014,1,1268,1268,1268,1268,3116505,68660,,
2026-06-10,9958694666,1,3242,3242,3242,3242,31961566,299773,,
2026-06-10,9963622286,1,9217,9217,9217,9217,32622959,1458197,,
2026-06-10,9969687051,1,3636,3636,3636,3636,26246750,1883290,,
2026-06-10,9991421325,1,2863,2863,2863,2863,15919041,302473,,
2026-06-10,9998576154,1,8716,8716,8716,8716,52245175,3532861,,
2026-06-10,10004244222,1,139600,139600,139600,139600,1016642831,19455381,,
2026-06-10,10004760418,1,6290,6290,6290,6290,96082701,128227,,
2026-06-10,10045085816,1,3589,3589,3589,3589,22691465,34048,,
2026-06-10,10051853469,1,12795,12795,12795,12795,71706503,1733041,,
2026-06-10,10052184484,1,6817,6817,6817,6817,25830221,1687115,,
2026-06-10,10065013948,1,5575,5575,5575,5575,7095150,14858,,
2026-06-10,10067868611,1,6845,6845,6845,6845,2935306,6474,,
2026-06-10,10081194651,1,7413,7413,7413,7413,27220869,115296,,
2026-06-10,10086454767,1,3965,3965,3965,3965,2711843,12096,,
2026-06-10,10089497129,1,3089,3089,3089,3089,1305607,3734,,
2026-06-10,10089507840,1,5159,5159,5159,5159,22698541,36988,,
2026-06-10,10092619788,1,2995,2995,2995,2995,6387676,4909,,
2026-06-10,10111742174,1,15909,15909,15909,15909,4974113,18790,,
2026-06-10,10138988383,1,4699,4699,4699,4699,16624606,36269,,
2026-06-10,10148434559,1,11380,11380,11380,11380,4376198,37495,,
2026-06-10,10149964044,1,6407,6407,6407,6407,,,,
2026-06-10,10150875031,1,11952,11952,11952,11952,7934526,26790,,
2026-06-10,10167214983,1,12770,12770,12770,12770,31253898,1993838,,
2026-06-10,10199301628,1,19674,19674,19674,19674,5776969,57118,,
2026-06-10,10200713960,1,7404,7404,7404,7404,3132775,9193,,
2026-06-11,2471084,1,3616,3616,3616,3616,1299191212,4590453,,
2026-06-11,31970568,1,5202,5202,5202,5202,1574759293,6037558,,
2026-06-11,66654135,1,208601,208601,208601,208601,26192077744,22319651,,
2026-06-11,568307879,1,682,682,682,682,517842811,538443,,
2026-06-11,605887098,1,5541,5541,5541,5541,2491910235,3665417,,
2026-06-11,903807016,1,6391,6391,6391,6391,1510400881,2789669,,
2026-06-11,1198533421,1,1041,1041,1041,1041,175255656,717733,,
2026-06-11,1214576306,1,4445,4445,4445,4445,1624495442,4269186,,
2026-06-11,1430007363,1,3096,3096,3096,3096,874886007,2178039,,
2026-06-11,1489026993,2,6882,6882,5414,8349,2615708813,4271454,,
2026-06-11,1526814825,1,10044,10044,10044,10044,1043562232,4198971,,
2026-06-11,1795206523,1,1200,1200,1200,1200,935888729,922124,,
2026-06-11,1831550657,1,33216,33216,33216,33216,2026195444,10206554,,
2026-06-11,1998835206,1,3257,3257,3257,3257,570261183,1158384,,
2026-06-11,2049551477,2,4194,4194,3732,4655,1430934670,1875700,,
2026-06-11,2165551367,1,1337,1337,1337,1337,657135204,2362876,,
2026-06-11,2247578975,2,3343,3343,3237,3449,1177402885,14907784,,
2026-06-11,2274830359,1,7433,7433,7433,7433,2906380294,1945634,,
2026-06-11,2294168059,1,2833,2833,2833,2833,1197765032,3236432,,
2026-06-11,2369077151,1,7469,7469,7469,7469,347907494,9741331,,
2026-06-11,2440500124,1,19526,19526,19526,19526,7424402979,7865712,,
2026-06-11,2655478023,1,2192,2192,2192,2192,972661912,3454701,,
2026-06-11,2821905072,1,3227,3227,3227,3227,241067814,5123545,,
2026-06-11,2827951974,1,1009,1009,1009,1009,801078455,669848,,
2026-06-11,2921237723,1,1764,1764,1764,1764,124688304,711523,,
2026-06-11,2992873140,1,15097,15097,15097,15097,1296063827,960898,,
2026-06-11,3034836582,1,897,897,897,897,495985851,1905276,,
2026-06-11,3079618996,1,2736,2736,2736,2736,756747775,781902,,
2026-06-11,3164075108,1,2907,2907,2907,2907,265767053,709796,,
2026-06-11,3187874989,1,3920,3920,3920,3920,141766832,203719,,
2026-06-11,3191268194,1,3829,3829,3829,3829,1333805350,5168322,,
2026-06-11,3232181171,1,1706,1706,1706,1706,51615825,195482,,
2026-06-11,3310460039,1,19334,19334,19334,19334,4421388845,105070852,,
2026-06-11,3346892457,1,2019,2019,2019,2019,422345354,158202,,
2026-06-11,3420059569,1,3001,3001,3001,3001,930320731,27473415,,
2026-06-11,3472976893,1,2194,2194,2194,2194,131417687,1811906,,
2026-06-11,3502524667,1,1992,1992,1992,1992,733471209,3664888,,
2026-06-11,3551414857,1,7881,7881,7881,7881,603210541,1277777,,
2026-06-11,3647333358,1,31064,31064,31064,31064,8694256762,7855990,,
2026-06-11,3746418487,1,4375,4375,4375,4375,294886038,351540,,
2026-06-11,3754482795,1,6289,6289,6289,6289,1215691300,4290975,,
2026-06-11,3759884822,1,3104,3104,3104,3104,116252307,94671,,
2026-06-11,3841172115,1,11978,11978,11978,11978,117864557,594695,,
2026-06-11,4028801234,1,1529,1529,1529,1529,223277927,11838478,,
2026-06-11,4283416256,1,660,660,660,660,18382004,112425,,
2026-06-11,4348829796,1,14102,14102,14102,14102,2500844635,10386185,,
2026-06-11,4457060041,1,3312,3312,3312,3312,121296510,203162,,
2026-06-11,4518160318,1,4999,4999,4999,4999,609428554,1081620,,
2026-06-11,4595016786,1,3121,3121,3121,3121,573538066,696783,,
2026-06-11,4599924264,1,5594,5594,5594,5594,674986968,249014,,
2026-06-11,4673599750,1,2163,2163,2163,2163,469592248,429578,,
2026-06-11,4720386144,1,2651,2651,2651,2651,101661392,525602,,
2026-06-11,4793836769,1,6800,6800,6800,6800,263583596,5603741,,
2026-06-11,4925331346,1,3413,3413,3413,3413,289024777,439121,,
2026-06-11,4944984948,1,4524,4524,4524,4524,206491463,92052,,
2026-06-11,5195168716,1,1755,1755,1755,1755,87660226,588160,,
2026-06-11,5207621753,1,5453,5453,5453,5453,64958224,60566,,
2026-06-11,5361032378,1,50388,50388,50388,50388,1930991055,964604,,
2026-06-11,5578556129,1,23960,23960,23960,23960,1931603157,1927074,,
2026-06-11,5661020014,1,3730,3730,3730,3730,23702929,497531,,
2026-06-11,5668114043,1,2173,2173,2173,2173,226457446,709045,,
2026-06-11,5698013839,1,1086,1086,1086,1086,67001297,264588,,
2026-06-11,5750914919,1,64199,64199,64199,64199,4534577707,3434682,,
2026-06-11,5956634861,1,785,785,785,785,145472917,577254,,
2026-06-11,6015491985,1,3656,3656,3656,3656,332397913,192488,,
2026-06-11,6072944764,1,783,783,783,783,49622774,53252,,
2026-06-11,6247557414,1,716,716,716,716,,,,
2026-06-11,6314664695,1,735,735,735,735,57135811,2696875,,
2026-06-11,6329693946,1,4184,4184,4184,4184,64920638,200064,,
2026-06-11,6409513651,1,36957,36957,36957,36957,45036269,582011,,
2026-06-11,6646518350,1,743,743,743,743,244368981,345857,,
2026-06-11,6682487255,1,8119,8119,8119,8119,444657703,214096,,
2026-06-11,6710779449,1,683,683,683,683,99907015,340332,,
2026-06-11,6749060816,1,9630,9630,9630,9630,214670923,1507053,,
2026-06-11,7018190066,1,31441,31441,31441,31441,6355987567,5823379,,
2026-06-11,7058980030,1,7057,7057,7057,7057,512056468,862066,,
2026-06-11,7076793942,1,1223,1223,1223,1223,81599906,208771,,
2026-06-11,7082244450,1,4190,4190,4190,4190,,,,
2026-06-11,7082423811,1,4967,4967,4967,4967,259300327,1534026,,
2026-06-11,7091388561,1,878,878,878,878,124661135,101882,,
2026-06-11,7094518649,1,16539,16539,16539,16539,293221118,720320,,
2026-06-11,7127084123,1,3043,3043,3043,3043,130981128,280331,,
2026-06-11,7128163167,1,1834,1834,1834,1834,55837722,94125,,
2026-06-11,7219654364,1,57213,57213,57213,57213,1164809635,13100822,,
2026-06-11,7332711118,1,5842,5842,5842,5842,1835579158,2430529,,
2026-06-11,7364297396,1,3064,3064,3064,3064,407284357,605988,,
2026-06-11,7383133134,1,765,765,765,765,95681550,703221,,
2026-06-11,7435020231,1,747,747,747,747,29877195,112384,,
2026-06-11,7436755782,1,92363,92363,92363,92363,35532285661,11084824,,
2026-06-11,7577791613,1,790,790,790,790,91252762,556855,,
2026-06-11,7585079192,1,8619,8619,8619,8619,34803251,136293,,
2026-06-11,7690412163,1,690,690,690,690,80028326,184025,,
2026-06-11,7709344486,1,153017,153017,153017,153017,69786788190,28334829,,
2026-06-11,7719766419,1,879,879,879,879,24958648,226758,,
2026-06-11,7760134732,1,5221,5221,5221,5221,14659130,452059,,
2026-06-11,7798947148,1,4093,4093,4093,4093,119924045,276588,,
2026-06-11,7882829745,1,2922,2922,2922,2922,352280636,967204,,
2026-06-11,7891669427,1,952,952,952,952,27024051,696683,,
2026-06-11,8014099969,1,2097,2097,2097,2097,134294164,227442,,
2026-06-11,8291789996,1,3552,3552,3552,3552,,,,
2026-06-11,8316902627,1,4390,4390,4390,4390,4652320954,1921384,,
2026-06-11,8356066619,1,20030,20030,20030,20030,1544830,3913,,
2026-06-11,8401518398,1,2954,2954,2954,2954,53695652,35689,,
2026-06-11,8482984219,1,929,929,929,929,15739804,595734,,
2026-06-11,8504461817,2,3498,3498,2621,4376,159855907,75660,,
2026-06-11,8539298853,1,22863,22863,22863,22863,1158179086,1530201,,
2026-06-11,8696670616,1,2886,2886,2886,2886,,,,
2026-06-11,8759966530,1,5657,5657,5657,5657,91751683,336114,,
2026-06-11,8791358380,1,7264,7264,7264,7264,368685487,11039571,,
2026-06-11,8844400854,1,1856,1856,1856,1856,176793577,401243,,
2026-06-11,8950496606,1,2896,2896,2896,2896,155150460,392133,,
2026-06-11,9029463012,1,1181,1181,1181,1181,103042997,394600,,
2026-06-11,9029624625,1,831,831,831,831,32860399,153547,,
2026-06-11,9073513091,1,8465,8465,8465,8465,91043641,124361,,
2026-06-11,9077534770,1,1416,1416,1416,1416,49508181,149722,,
2026-06-11,9098570654,1,21564,21564,21564,21564,159376358,246954,,
2026-06-11,9122463229,1,9014,9014,9014,9014,,,,
2026-06-11,9129640671,1,11028,11028,11028,11028,,,,
2026-06-11,9141743926,1,13759,13759,13759,13759,330604342,527965,,
2026-06-11,9145063979,1,12427,12427,12427,12427,472150514,455837,,
2026-06-11,9169166771,1,1271,1271,1271,1271,45314028,35510,,
2026-06-11,9177208241,1,3495,3495,3495,3495,52353561,305822,,
2026-06-11,9219116196,1,5226,5226,5226,5226,57441758,143404,,
2026-06-11,9231693026,1,2948,2948,2948,2948,,,,
2026-06-11,9253627770,1,763,763,763,763,12001412,14902,,
2026-06-11,9266873836,1,4819,4819,4819,4819,,,,
2026-06-11,9296042754,1,3897,3897,3897,3897,34125604,167265,,
2026-06-11,9315472782,1,1328,1328,1328,1328,13745181,85711,,
2026-06-11,9315739469,1,1321,1321,1321,1321,67519506,69021,,
2026-06-11,9348272796,1,97395,97395,97395,97395,441618805,410611,,
2026-06-11,9362896961,1,9510,9510,9510,9510,128239936,206709,,
2026-06-11,9363735110,1,20256,20256,20256,20256,5608451443,1996363,,
2026-06-11,9409870130,1,1890,1890,1890,1890,12958304,168990,,
2026-06-11,9411563986,1,2858,2858,2858,2858,66625229,117224,,
2026-06-11,9452898647,1,3310,3310,3310,3310,98847895,4130411,,
2026-06-11,9491545867,1,3696,3696,3696,3696,94733129,1000878,,
2026-06-11,9494058490,1,12312,12312,12312,12312,,,,
2026-06-11,9501409571,1,1531,1531,1531,1531,32608922,164939,,
2026-06-11,9513686983,1,7332,7332,7332,7332,375952370,12111769,,
2026-06-11,9526307912,2,4008,4008,3848,4169,64908711,112732,,
2026-06-11,9556113881,1,2321,2321,2321,2321,31413621,147761,,
2026-06-11,9561553764,1,6807,6807,6807,6807,12015815,31969,,
2026-06-11,9584852943,1,264015,264015,264015,264015,977524140,1969739,,
2026-06-11,9659404694,1,740,740,740,740,6850362,1036313,,
2026-06-11,9660713566,1,3175,3175,3175,3175,69596135,4481155,,
2026-06-11,9711972386,1,3458,3458,3458,3458,7220851,15958,,
2026-06-11,9723617424,1,4161,4161,4161,4161,19325029,27850,,
2026-06-11,9725232502,1,1632,1632,1632,1632,10173136,76621,,
2026-06-11,9741799896,1,8973,8973,8973,8973,25566839,1510794,,
2026-06-11,9753606371,1,3424,3424,3424,3424,7801476,17955,,
2026-06-11,9758688665,1,3210,3210,3210,3210,83771211,4405893,,
2026-06-11,9787206684,1,8560,8560,8560,8560,731957618,2866570,,
2026-06-11,9792947201,1,52561,52561,52561,52561,473084232,3275054,,
2026-06-11,9797806474,1,21548,21548,21548,21548,5176288,6372,,
2026-06-11,9835089582,1,944,944,944,944,10061274,54757,,
2026-06-11,9859536675,1,2800,2800,2800,2800,19706499,272004,,
2026-06-11,9898609049,1,3321,3321,3321,3321,23226450,28569,,
2026-06-11,9908843098,1,4133,4133,4133,4133,18878917,1419770,,
2026-06-11,9913633503,1,742,742,742,742,30339527,2439415,,
2026-06-11,9917678692,1,2847,2847,2847,2847,47907494,49293,,
2026-06-11,9929086116,1,4884,4884,4884,4884,36743603,2796667,,
2026-06-11,9930466428,1,1042,1042,1042,1042,27438673,122610,,
2026-06-11,9931060493,1,4740,4740,4740,4740,22360197,596496,,
2026-06-11,9934614409,1,2941,2941,2941,2941,68823251,117261,,
2026-06-11,9940725596,1,1428,1428,1428,1428,20575856,28145,,
2026-06-11,9953328866,1,5173,5173,5173,5173,22661715,27448,,
2026-06-11,9955391014,1,976,976,976,976,3289533,73187,,
2026-06-11,9958694666,1,3163,3163,3163,3163,32276045,301536,,
2026-06-11,9963622286,1,12453,12453,12453,12453,33663334,1513620,,
2026-06-11,9965907387,1,2979,2979,2979,2979,23690555,95613,,
2026-06-11,9969687051,1,3593,3593,3593,3593,26583357,1902892,,
2026-06-11,9970223248,1,682,682,682,682,1830182,4768,,
2026-06-11,9998576154,1,9491,9491,9491,9491,53072338,3583529,,
2026-06-11,10004244222,1,146756,146756,146756,146756,1031133764,19578160,,
2026-06-11,10004760418,1,6314,6314,6314,6314,96839582,129317,,
2026-06-11,10015834582,1,2963,2963,2963,2963,50004001,57402,,
2026-06-11,10045085816,1,4137,4137,4137,4137,23034252,34453,,
2026-06-11,10051853469,1,12868,12868,12868,12868,72833859,1753354,,
2026-06-11,10052184484,1,7427,7427,7427,7427,26429465,1721521,,
2026-06-11,10065013948,1,5919,5919,5919,5919,7583739,15700,,
2026-06-11,10067868611,1,6908,6908,6908,6908,3585073,7619,,
2026-06-11,10081194651,1,9895,9895,9895,9895,27920384,117649,,
2026-06-11,10083552936,1,1431,1431,1431,1431,1068117,6270,,
2026-06-11,10086454767,1,5831,5831,5831,5831,3095098,13230,,
2026-06-11,10089497129,1,727,727,727,727,1558326,4342,,
2026-06-11,10089507840,1,6882,6882,6882,6882,24057617,38762,,
2026-06-11,10092619788,1,3044,3044,3044,3044,6529105,4929,,
2026-06-11,10111742174,1,18698,18698,18698,18698,5886293,21069,,
2026-06-11,10138988383,1,4344,4344,4344,4344,17036438,36929,,
2026-06-11,10148434559,1,15892,15892,15892,15892,5225254,45610,,
2026-06-11,10149964044,1,6407,6407,6407,6407,,,,
2026-06-11,10150875031,1,11408,11408,11408,11408,8917980,29473,,
2026-06-11,10167214983,1,11893,11893,11893,11893,32300601,2043678,,
2026-06-11,10199301628,1,26781,26781,26781,26781,8224545,78377,,
2026-06-11,10200713960,1,11034,11034,11034,11034,4910918,14330,,
2026-06-12,2471084,1,3850,3850,3850,3850,1299403945,4590779,,
2026-06-12,31970568,1,5091,5091,5091,5091,1575090671,6037979,,
2026-06-12,66654135,1,227602,227602,227602,227602,26215499863,22331889,,
2026-06-12,125205164,1,754,754,754,754,357906253,2057198,,
2026-06-12,568307879,1,791,791,791,791,517945035,538560,,
2026-06-12,605887098,1,5553,5553,5553,5553,2492395781,3666039,,
2026-06-12,903807016,1,6372,6372,6372,6372,1511232455,2790339,,
2026-06-12,1198533421,1,1028,1028,1028,1028,175331659,717850,,
2026-06-12,1214576306,1,4652,4652,4652,4652,1624780480,4269619,,
2026-06-12,1430007363,1,3551,3551,3551,3551,875373742,2180876,,
2026-06-12,1489026993,2,7314,7314,5869,8758,2616395148,4272272,,
2026-06-12,1526814825,1,10715,10715,10715,10715,1044181546,4200557,,
2026-06-12,1795206523,1,1303,1303,1303,1303,936114965,922241,,
2026-06-12,1831550657,1,35363,35363,35363,35363,2028367681,10217439,,
2026-06-12,1998835206,1,3416,3416,3416,3416,570497218,1158536,,
2026-06-12,2049551477,2,4718,4718,4198,5238,1431518231,1876390,,
2026-06-12,2165551367,1,1463,1463,1463,1463,657370927,2364325,,
2026-06-12,2247578975,2,3729,3729,3655,3803,1177931155,14908090,,
2026-06-12,2274830359,1,7764,7764,7764,7764,2907240390,1946392,,
2026-06-12,2294168059,1,3277,3277,3277,3277,1198052906,3236941,,
2026-06-12,2369077151,1,7164,7164,7164,7164,348544351,9755490,,
2026-06-12,2440500124,1,21664,21664,21664,21664,7426817721,7868219,,
2026-06-12,2491559356,1,754,754,754,754,76536867,160688,,
2026-06-12,2655478023,1,2431,2431,2431,2431,973045884,3455005,,
2026-06-12,2788648141,1,2907,2907,2907,2907,983827621,1912443,,
2026-06-12,2821905072,1,3015,3015,3015,3015,241342607,5128166,,
2026-06-12,2827951974,1,1266,1266,1266,1266,801263460,670100,,
2026-06-12,2921237723,1,2471,2471,2471,2471,124914297,712579,,
2026-06-12,2992873140,1,16484,16484,16484,16484,1297051665,961417,,
2026-06-12,3034836582,1,940,940,940,940,496105231,1905423,,
2026-06-12,3079618996,1,2941,2941,2941,2941,756996213,782163,,
2026-06-12,3164075108,1,2966,2966,2966,2966,265942662,710000,,
2026-06-12,3187874989,1,4134,4134,4134,4134,142206064,204169,,
2026-06-12,3191268194,1,3873,3873,3873,3873,1334116380,5172919,,
2026-06-12,3232181171,1,1821,1821,1821,1821,51805146,196371,,
2026-06-12,3274669156,1,669,669,669,669,64978803,629530,,
2026-06-12,3310460039,1,21092,21092,21092,21092,4423805288,105071836,,
2026-06-12,3346892457,1,2086,2086,2086,2086,422671765,158525,,
2026-06-12,3420059569,1,3295,3295,3295,3295,930747833,27473540,,
2026-06-12,3472976893,1,2624,2624,2624,2624,131805285,1825523,,
2026-06-12,3502524667,1,1929,1929,1929,1929,733814055,3665124,,
2026-06-12,3551414857,1,7609,7609,7609,7609,603789598,1278753,,
2026-06-12,3647333358,1,33865,33865,33865,33865,8699370192,7861372,,
2026-06-12,3746418487,1,5433,5433,5433,5433,295355122,352120,,
2026-06-12,3754482795,1,6344,6344,6344,6344,1216382080,4293463,,
2026-06-12,3759884822,1,3543,3543,3543,3543,116487784,94960,,
2026-06-12,3841172115,1,11793,11793,11793,11793,118958472,598413,,
2026-06-12,4028801234,1,2145,2145,2145,2145,223482602,11850410,,
2026-06-12,4283416256,1,690,690,690,690,18428973,112693,,
2026-06-12,4348829796,1,14988,14988,14988,14988,2502688560,10398480,,
2026-06-12,4457060041,1,3455,3455,3455,3455,121542062,203533,,
2026-06-12,4518160318,1,5583,5583,5583,5583,609788175,1082401,,
2026-06-12,4595016786,1,3272,3272,3272,3272,573840835,697346,,
2026-06-12,4599924264,1,6144,6144,6144,6144,675755302,249559,,
2026-06-12,4673599750,1,2256,2256,2256,2256,470233955,430195,,
2026-06-12,4720386144,1,3084,3084,3084,3084,101922537,526371,,
2026-06-12,4793836769,1,7112,7112,7112,7112,264121022,5614734,,
2026-06-12,4925331346,1,3429,3429,3429,3429,289274254,439647,,
2026-06-12,4944984948,1,6024,6024,6024,6024,207314730,92662,,
2026-06-12,5195168716,1,2343,2343,2343,2343,87820995,588919,,
2026-06-12,5207621753,1,6178,6178,6178,6178,65419760,60844,,
2026-06-12,5361032378,1,49627,49627,49627,49627,1933396223,965140,,
2026-06-12,5578556129,1,25017,25017,25017,25017,1932701436,1928151,,
2026-06-12,5661020014,1,2137,2137,2137,2137,23954713,499396,,
2026-06-12,5668114043,1,2272,2272,2272,2272,226674148,709462,,
2026-06-12,5698013839,1,1237,1237,1237,1237,67096795,265023,,
2026-06-12,5750914919,1,63134,63134,63134,63134,4537683969,3436693,,
2026-06-12,5927446137,1,711,711,711,711,42147015,557408,,
2026-06-12,5956634861,1,1004,1004,1004,1004,145609119,577489,,
2026-06-12,6015491985,1,3612,3612,3612,3612,332840712,192843,,
2026-06-12,6072944764,1,784,784,784,784,49693117,53389,,
2026-06-12,6247557414,1,716,716,716,716,,,,
2026-06-12,6314664695,1,1234,1234,1234,1234,,,,
2026-06-12,6329693946,1,4214,4214,4214,4214,,,,
2026-06-12,6409513651,1,36392,36392,36392,36392,46386676,593486,,
2026-06-12,6491900489,1,2772,2772,2772,2772,534307670,415170,,
2026-06-12,6646518350,1,1164,1164,1164,1164,244717787,346022,,
2026-06-12,6682487255,1,8335,8335,8335,8335,445338464,214268,,
2026-06-12,6710779449,1,810,810,810,810,99976206,340574,,
2026-06-12,6749060816,1,10416,10416,10416,10416,215407259,1512207,,
2026-06-12,7018190066,1,33160,33160,33160,33160,6358800246,5827128,,
2026-06-12,7058980030,1,7086,7086,7086,7086,513056416,863556,,
2026-06-12,7073604286,1,2800,2800,2800,2800,397710568,407985,,
2026-06-12,7076793942,1,1239,1239,1239,1239,,,,
2026-06-12,7082244450,1,4190,4190,4190,4190,,,,
2026-06-12,7082423811,1,5608,5608,5608,5608,259757374,1534655,,
2026-06-12,7091388561,1,960,960,960,960,124812166,102085,,
2026-06-12,7094518649,1,16804,16804,16804,16804,294011602,722206,,
2026-06-12,7127084123,1,3273,3273,3273,3273,131201211,280837,,
2026-06-12,7128163167,1,2120,2120,2120,2120,56057217,94533,,
2026-06-12,7219654364,1,54124,54124,54124,54124,1169707095,13128769,,
2026-06-12,7332711118,1,6145,6145,6145,6145,1836175687,2431098,,
2026-06-12,7364297396,1,3035,3035,3035,3035,407903253,606755,,
2026-06-12,7383133134,1,723,723,723,723,95796534,704071,,
2026-06-12,7435020231,1,3160,3160,3160,3160,29944725,112479,,
2026-06-12,7436755782,1,94909,94909,94909,94909,35539144952,11091397,,
2026-06-12,7577791613,1,880,880,880,880,91527807,557634,,
2026-06-12,7585079192,1,7637,7637,7637,7637,35112981,137028,,
2026-06-12,7690412163,1,859,859,859,859,80105989,184251,,
2026-06-12,7709344486,1,147699,147699,147699,147699,69817466605,28343952,,
2026-06-12,7719766419,1,850,850,850,850,25049368,227276,,
2026-06-12,7760134732,1,4345,4345,4345,4345,,,,
2026-06-12,7798947148,1,3978,3978,3978,3978,120291176,277215,,
2026-06-12,7882829745,1,2818,2818,2818,2818,352420818,967368,,
2026-06-12,7891669427,1,1066,1066,1066,1066,27128788,698755,,
2026-06-12,8014099969,1,2190,2190,2190,2190,134571811,227838,,
2026-06-12,8291789996,1,3552,3552,3552,3552,,,,
2026-06-12,8316902627,1,4845,4845,4845,4845,4652880050,1922598,,
2026-06-12,8356066619,1,22850,22850,22850,22850,2222073,5221,,
2026-06-12,8401518398,1,2890,2890,2890,2890,54138798,36155,,
2026-06-12,8482984219,1,1173,1173,1173,1173,15878426,600693,,
2026-06-12,8504461817,2,4278,4278,3465,5090,160393282,76076,,
2026-06-12,8539298853,1,29510,29510,29510,29510,1160820500,1533859,,
2026-06-12,8696670616,1,2886,2886,2886,2886,,,,
2026-06-12,8705454731,1,2924,2924,2924,2924,57491116,487363,,
2026-06-12,8759966530,1,6178,6178,6178,6178,92315774,337296,,
2026-06-12,8791358380,1,8257,8257,8257,8257,369475075,11059599,,
2026-06-12,8844400854,1,1951,1951,1951,1951,177019294,401312,,
2026-06-12,8950496606,1,4127,4127,4127,4127,155416487,392471,,
2026-06-12,9029463012,1,1289,1289,1289,1289,103155197,394868,,
2026-06-12,9029624625,1,999,999,999,999,32970420,153818,,
2026-06-12,9073513091,1,8068,8068,8068,8068,92090091,125408,,
2026-06-12,9077534770,1,1644,1644,1644,1644,49659888,150205,,
2026-06-12,9098570654,1,21535,21535,21535,21535,160457926,248337,,
2026-06-12,9122463229,1,9014,9014,9014,9014,,,,
2026-06-12,9129640671,1,11028,11028,11028,11028,,,,
2026-06-12,9141743926,1,22839,22839,22839,22839,332390396,529388,,
2026-06-12,9145063979,1,14501,14501,14501,14501,473555483,457512,,
2026-06-12,9169166771,1,1838,1838,1838,1838,45601337,35709,,
2026-06-12,9177208241,1,3968,3968,3968,3968,52725939,307471,,
2026-06-12,9219116196,1,5576,5576,5576,5576,57933770,144596,,
2026-06-12,9231693026,1,2948,2948,2948,2948,,,,
2026-06-12,9253627770,1,915,915,915,915,12092069,14995,,
2026-06-12,9266873836,1,4843,4843,4843,4843,151275594,132506,,
2026-06-12,9296042754,1,3844,3844,3844,3844,34446225,168781,,
2026-06-12,9315472782,1,1530,1530,1530,1530,13912034,86629,,
2026-06-12,9315739469,1,1332,1332,1332,1332,67708291,69262,,
2026-06-12,9348272796,1,106721,106721,106721,106721,449123242,417395,,
2026-06-12,9362896961,1,9183,9183,9183,9183,128728137,206978,,
2026-06-12,9363735110,1,18424,18424,18424,18424,5610347936,1997486,,
2026-06-12,9409870130,1,2149,2149,2149,2149,13147932,171054,,
2026-06-12,9411563986,1,2799,2799,2799,2799,67024655,117904,,
2026-06-12,9452898647,1,3310,3310,3310,3310,99168177,4143378,,
2026-06-12,9491545867,1,3819,3819,3819,3819,95127098,1002868,,
2026-06-12,9494058490,1,12312,12312,12312,12312,,,,
2026-06-12,9501409571,1,1684,1684,1684,1684,32818414,165596,,
2026-06-12,9513686983,1,7106,7106,7106,7106,376660657,12138698,,
2026-06-12,9526307912,2,4091,4091,3957,4225,65425415,113475,,
2026-06-12,9556113881,1,3029,3029,3029,3029,31668634,148563,,
2026-06-12,9561553764,1,9706,9706,9706,9706,12959014,33397,,
2026-06-12,9584852943,1,279387,279387,279387,279387,1010569010,2028060,,
2026-06-12,9659404694,1,791,791,791,791,6992486,1056656,,
2026-06-12,9660713566,1,3899,3899,3899,3899,70060657,4505448,,
2026-06-12,9711972386,1,3479,3479,3479,3479,7369611,16208,,
2026-06-12,9723617424,1,4543,4543,4543,4543,19779313,28339,,
2026-06-12,9725232502,1,1970,1970,1970,1970,10324560,77426,,
2026-06-12,9741799896,1,8286,8286,8286,8286,26809386,1577532,,
2026-06-12,9753606371,1,3039,3039,3039,3039,8116604,18562,,
2026-06-12,9758688665,1,3346,3346,3346,3346,84137612,4421948,,
2026-06-12,9787206684,1,9370,9370,9370,9370,732972971,2868955,,
2026-06-12,9792947201,1,48185,48185,48185,48185,477068664,3294541,,
2026-06-12,9797806474,1,23357,23357,23357,23357,6054468,7577,,
2026-06-12,9835089582,1,976,976,976,976,10187562,56906,,
2026-06-12,9859536675,1,3344,3344,3344,3344,19967129,274336,,
2026-06-12,9898609049,1,3217,3217,3217,3217,23451062,28818,,
2026-06-12,9913633503,1,677,677,677,677,30665801,2464336,,
2026-06-12,9917678692,1,3635,3635,3635,3635,48341933,49751,,
2026-06-12,9929086116,1,4463,4463,4463,4463,37200963,2819200,,
2026-06-12,9930466428,1,1194,1194,1194,1194,27651430,123002,,
2026-06-12,9931060493,1,5278,5278,5278,5278,22960157,607469,,
2026-06-12,9934614409,1,3030,3030,3030,3030,69088030,117556,,
2026-06-12,9940725596,1,1477,1477,1477,1477,20805467,28394,,
2026-06-12,9953328866,1,4774,4774,4774,4774,23167995,27936,,
2026-06-12,9955391014,1,1188,1188,1188,1188,3474074,77486,,
2026-06-12,9958694666,1,3174,3174,3174,3174,32593390,303519,,
2026-06-12,9963622286,1,13515,13515,13515,13515,34880483,1570051,,
2026-06-12,9969687051,1,3872,3872,3872,3872,26936693,1923014,,
2026-06-12,9998576154,1,16287,16287,16287,16287,53987030,3641112,,
2026-06-12,10004244222,1,156550,156550,156550,156550,1045944951,19704361,,
2026-06-12,10004760418,1,6042,6042,6042,6042,97629573,130484,,
2026-06-12,10045085816,1,4138,4138,4138,4138,23402141,34902,,
2026-06-12,10051853469,1,20944,20944,20944,20944,74008961,1773110,,
2026-06-12,10052184484,1,7959,7959,7959,7959,27100260,1762078,,
2026-06-12,10065013948,1,7774,7774,7774,7774,8214022,16899,,
2026-06-12,10067868611,1,5551,5551,5551,5551,4175164,8520,,
2026-06-12,10081194651,1,10311,10311,10311,10311,28734581,120790,,
2026-06-12,10083552936,1,1117,1117,1117,1117,1206487,7011,,
2026-06-12,10086454767,1,5860,5860,5860,5860,3566950,14844,,
2026-06-12,10089507840,1,6727,6727,6727,6727,25415036,40502,,
2026-06-12,10092619788,1,3121,3121,3121,3121,6672711,4964,,
2026-06-12,10111742174,1,21509,21509,21509,21509,6908931,23875,,
2026-06-12,10138988383,1,5496,5496,5496,5496,17527733,37892,,
2026-06-12,10148434559,1,20495,20495,20495,20495,6397014,58770,,
2026-06-12,10149964044,1,6407,6407,6407,6407,,,,
2026-06-12,10150875031,1,11653,11653,11653,11653,9884909,32063,,
2026-06-12,10167214983,1,11718,11718,11718,11718,33268353,2088803,,
2026-06-12,10199301628,1,28668,28668,28668,28668,11233804,102413,,
2026-06-12,10200713960,1,11324,11324,11324,11324,6922104,19198,,
2026-06-13,2471084,1,3841,3841,3841,3841,1299621074,4591131,,
2026-06-13,31970568,1,6092,6092,6092,6092,1575460606,6038406,,
2026-06-13,66654135,1,212897,212897,212897,212897,26241365010,22344870,,
2026-06-13,125205164,1,705,705,705,705,357986792,2057537,,
2026-06-13,568307879,1,773,773,773,773,518060030,538688,,
2026-06-13,605887098,1,5604,5604,5604,5604,2492898595,3666678,,
2026-06-13,903807016,1,7187,7187,7187,7187,1512114759,2791050,,
2026-06-13,1053132402,1,2901,2901,2901,2901,556296613,962115,,
2026-06-13,1198533421,1,1164,1164,1164,1164,175410374,717958,,
2026-06-13,1214576306,1,5156,5156,5156,5156,1625077901,4270053,,
2026-06-13,1430007363,1,3693,3693,3693,3693,875917143,2184080,,
2026-06-13,1489026993,2,6998,6998,6265,7731,2617142134,4273157,,
2026-06-13,1526814825,1,11932,11932,11932,11932,1044876493,4202633,,
2026-06-13,1795206523,1,1243,1243,1243,1243,936359665,922332,,
2026-06-13,1831550657,1,40482,40482,40482,40482,2031347583,10230812,,
2026-06-13,1998835206,1,3564,3564,3564,3564,570784632,1158735,,
2026-06-13,2049551477,2,4764,4764,4093,5435,1432155846,1877159,,
2026-06-13,2165551367,1,1581,1581,1581,1581,657643013,2366054,,
2026-06-13,2247578975,2,4364,4364,4189,4540,1178527866,14908424,,
2026-06-13,2274830359,1,7395,7395,7395,7395,2908162247,1947177,,
2026-06-13,2294168059,1,3888,3888,3888,3888,1198379057,3237563,,
2026-06-13,2369077151,1,8754,8754,8754,8754,349281050,9772731,,
2026-06-13,2440500124,1,22983,22983,22983,22983,7429556571,7870279,,
2026-06-13,2491559356,1,790,790,790,790,76611193,160809,,
2026-06-13,2655478023,2,2824,2824,2781,2867,973464786,3455343,,
2026-06-13,2788648141,1,2987,2987,2987,2987,984053926,1914271,,
2026-06-13,2821905072,1,3126,3126,3126,3126,241637116,5133138,,
2026-06-13,2827951974,1,1376,1376,1376,1376,801468532,670393,,
2026-06-13,2921237723,1,2293,2293,2293,2293,125151462,713550,,
2026-06-13,2992873140,1,18155,18155,18155,18155,1298291745,961976,,
2026-06-13,3034836582,1,1106,1106,1106,1106,496247828,1905597,,
2026-06-13,3079618996,1,3395,3395,3395,3395,757274588,782469,,
2026-06-13,3164075108,1,3430,3430,3430,3430,266137997,710233,,
2026-06-13,3187874989,1,4332,4332,4332,4332,142728997,204641,,
2026-06-13,3191268194,1,4222,4222,4222,4222,1334441314,5177647,,
2026-06-13,3232181171,1,1477,1477,1477,1477,52004765,197278,,
2026-06-13,3274669156,1,787,787,787,787,65023808,629906,,
2026-06-13,3310460039,1,22875,22875,22875,22875,4426494681,105072773,,
2026-06-13,3346892457,1,2471,2471,2471,2471,423050408,158885,,
2026-06-13,3420059569,1,3368,3368,3368,3368,931201844,27473642,,
2026-06-13,3472976893,1,2904,2904,2904,2904,132291485,1842321,,
2026-06-13,3502524667,1,2388,2388,2388,2388,734199343,3665398,,
2026-06-13,3551414857,1,8383,8383,8383,8383,604422030,1279787,,
2026-06-13,3647333358,1,40367,40367,40367,40367,8705909969,7867413,,
2026-06-13,3746418487,1,5126,5126,5126,5126,295878780,352745,,
2026-06-13,3754482795,1,6845,6845,6845,6845,1217153101,4296300,,
2026-06-13,3759884822,1,3830,3830,3830,3830,116736418,95245,,
2026-06-13,3841172115,1,13619,13619,13619,13619,120168206,602463,,
2026-06-13,4028801234,1,1740,1740,1740,1740,223701553,11862679,,
2026-06-13,4283416256,1,797,797,797,797,18480721,113008,,
2026-06-13,4348829796,1,13437,13437,13437,13437,2504681806,10411777,,
2026-06-13,4457060041,1,4309,4309,4309,4309,121846756,203984,,
2026-06-13,4518160318,1,6419,6419,6419,6419,610181691,1083198,,
2026-06-13,4595016786,1,3655,3655,3655,3655,574181787,697918,,
2026-06-13,4599924264,1,5934,5934,5934,5934,676656708,250214,,
2026-06-13,4673599750,1,2518,2518,2518,2518,471137148,431049,,
2026-06-13,4720386144,1,3576,3576,3576,3576,102193477,527275,,
2026-06-13,4793836769,1,7056,7056,7056,7056,264710585,5626867,,
2026-06-13,4925331346,1,4065,4065,4065,4065,289535885,440177,,
2026-06-13,4944984948,1,4976,4976,4976,4976,208086280,93212,,
2026-06-13,5195168716,1,1995,1995,1995,1995,88005238,589766,,
2026-06-13,5207621753,1,8052,8052,8052,8052,66011387,61263,,
2026-06-13,5361032378,1,61104,61104,61104,61104,1936185442,965913,,
2026-06-13,5485660832,1,2860,2860,2860,2860,93593137,39136,,
2026-06-13,5578556129,1,22659,22659,22659,22659,1933777051,1929602,,
2026-06-13,5661020014,1,1603,1603,1603,1603,24112353,500590,,
2026-06-13,5668114043,1,2312,2312,2312,2312,226919737,709903,,
2026-06-13,5698013839,1,1421,1421,1421,1421,67212187,265523,,
2026-06-13,5750914919,1,64639,64639,64639,64639,4540974441,3439086,,
2026-06-13,5927446137,1,780,780,780,780,42212334,558087,,
2026-06-13,5956634861,1,1111,1111,1111,1111,145757462,577717,,
2026-06-13,6015491985,1,3131,3131,3131,3131,333316396,193178,,
2026-06-13,6072944764,1,840,840,840,840,49772668,53525,,
2026-06-13,6247557414,1,716,716,716,716,,,,
2026-06-13,6314664695,1,1399,1399,1399,1399,57293168,2702799,,
2026-06-13,6329693946,1,4593,4593,4593,4593,65389594,201132,,
2026-06-13,6409513651,1,38097,38097,38097,38097,47758718,606364,,
2026-06-13,6646518350,1,1221,1221,1221,1221,245090511,346162,,
2026-06-13,6682487255,1,10622,10622,10622,10622,446191327,214467,,
2026-06-13,6707924214,1,2774,2774,2774,2774,166448008,3174697,,
2026-06-13,6710779449,1,828,828,828,828,100054236,340877,,
2026-06-13,6749060816,1,12922,12922,12922,12922,216399203,1518814,,
2026-06-13,7018190066,1,36005,36005,36005,36005,6361739889,5831600,,
2026-06-13,7058980030,1,7441,7441,7441,7441,514179801,865207,,
2026-06-13,7076793942,1,1059,1059,1059,1059,81839575,209089,,
2026-06-13,7082244450,1,4190,4190,4190,4190,,,,
2026-06-13,7082423811,1,5560,5560,5560,5560,,,,
2026-06-13,7091388561,1,711,711,711,711,124948824,102304,,
2026-06-13,7094518649,1,17706,17706,17706,17706,294952274,723952,,
2026-06-13,7127084123,1,3819,3819,3819,3819,131452313,281370,,
2026-06-13,7128163167,1,2442,2442,2442,2442,56302882,95030,,
2026-06-13,7219654364,1,51625,51625,51625,51625,1175265814,13161009,,
2026-06-13,7332711118,1,9019,9019,9019,9019,1836866931,2431862,,
2026-06-13,7364297396,1,2846,2846,2846,2846,408612445,607584,,
2026-06-13,7383133134,1,860,860,860,860,95920713,705041,,
2026-06-13,7435020231,1,2487,2487,2487,2487,30093678,112679,,
2026-06-13,7436755782,1,93371,93371,93371,93371,35549898831,11101970,,
2026-06-13,7577791613,1,782,782,782,782,91835966,558411,,
2026-06-13,7585079192,1,6493,6493,6493,6493,35396628,137645,,
2026-06-13,7690412163,1,892,892,892,892,80196371,184517,,
2026-06-13,7709344486,1,147358,147358,147358,147358,69849729173,28354397,,
2026-06-13,7719766419,1,857,857,857,857,25147732,227779,,
2026-06-13,7760134732,1,4704,4704,4704,4704,15484157,475279,,
2026-06-13,7798947148,1,5346,5346,5346,5346,120986006,277925,,
2026-06-13,7882829745,1,2672,2672,2672,2672,352556905,967480,,
2026-06-13,7891669427,1,963,963,963,963,27243363,701141,,
2026-06-13,8014099969,1,2424,2424,2424,2424,134876569,228311,,
2026-06-13,8291789996,1,3552,3552,3552,3552,,,,
2026-06-13,8316902627,1,5896,5896,5896,5896,4653539716,1924312,,
2026-06-13,8356066619,1,16909,16909,16909,16909,2871341,6485,,
2026-06-13,8401518398,1,3098,3098,3098,3098,54642696,36652,,
2026-06-13,8482984219,1,1034,1034,1034,1034,16028419,605950,,
2026-06-13,8504461817,2,4039,4039,3476,4602,160953644,76562,,
2026-06-13,8539298853,1,30181,30181,30181,30181,1163878490,1537746,,
2026-06-13,8696670616,1,2886,2886,2886,2886,,,,
2026-06-13,8759966530,1,4746,4746,4746,4746,92924805,338683,,
2026-06-13,8791358380,1,9145,9145,9145,9145,370409887,11083869,,
2026-06-13,8844400854,1,1870,1870,1870,1870,177234344,401404,,
2026-06-13,8950496606,1,4104,4104,4104,4104,155736070,393055,,
2026-06-13,9029463012,1,1313,1313,1313,1313,,,,
2026-06-13,9029624625,1,934,934,934,934,33078090,154083,,
2026-06-13,9073513091,1,9116,9116,9116,9116,93251266,126564,,
2026-06-13,9077534770,1,1527,1527,1527,1527,49831165,150767,,
2026-06-13,9098570654,1,20601,20601,20601,20601,161621344,249880,,
2026-06-13,9122463229,1,9014,9014,9014,9014,,,,
2026-06-13,9129640671,1,11028,11028,11028,11028,,,,
2026-06-13,9141743926,1,21397,21397,21397,21397,334605293,531473,,
2026-06-13,9145063979,1,14607,14607,14607,14607,475151198,459447,,
2026-06-13,9169166771,1,1571,1571,1571,1571,45862829,35910,,
2026-06-13,9177208241,1,3737,3737,3737,3737,53104328,308924,,
2026-06-13,9219116196,1,5667,5667,5667,5667,58467509,145701,,
2026-06-13,9231693026,1,2948,2948,2948,2948,,,,
2026-06-13,9253627770,1,887,887,887,887,12183849,15091,,
2026-06-13,9266873836,1,4635,4635,4635,4635,151385295,132620,,
2026-06-13,9296042754,1,4134,4134,4134,4134,34793533,170467,,
2026-06-13,9315472782,1,1764,1764,1764,1764,14087696,87559,,
2026-06-13,9315739469,1,1440,1440,1440,1440,67950046,69574,,
2026-06-13,9348272796,1,98448,98448,98448,98448,458173075,425688,,
2026-06-13,9362896961,1,9358,9358,9358,9358,129206884,207190,,
2026-06-13,9363735110,1,19863,19863,19863,19863,5612378905,1998525,,
2026-06-13,9409870130,1,1957,1957,1957,1957,13343179,173286,,
2026-06-13,9411563986,1,3216,3216,3216,3216,67485673,118729,,
2026-06-13,9452898647,1,3317,3317,3317,3317,99522510,4157365,,
2026-06-13,9491545867,1,4354,4354,4354,4354,95576612,1005689,,
2026-06-13,9494058490,1,12312,12312,12312,12312,,,,
2026-06-13,9501409571,1,2270,2270,2270,2270,33092107,166574,,
2026-06-13,9513686983,1,7192,7192,7192,7192,377398960,12167121,,
2026-06-13,9526307912,2,5061,5061,4989,5133,66077665,114514,,
2026-06-13,9556113881,1,2410,2410,2410,2410,31904386,149257,,
2026-06-13,9561553764,1,8062,8062,8062,8062,14849419,34816,,
2026-06-13,9584852943,1,364218,364218,364218,364218,1052246407,2092842,,
2026-06-13,9659404694,1,768,768,768,768,7149363,1079190,,
2026-06-13,9660713566,1,4398,4398,4398,4398,70613053,4534849,,
2026-06-13,9711972386,1,3313,3313,3313,3313,7518730,16472,,
2026-06-13,9723617424,1,4921,4921,4921,4921,20290933,28939,,
2026-06-13,9725232502,1,1862,1862,1862,1862,10513836,78425,,
2026-06-13,9741799896,1,8228,8228,8228,8228,28104549,1645141,,
2026-06-13,9758688665,1,3401,3401,3401,3401,84542211,4439700,,
2026-06-13,9787206684,1,12375,12375,12375,12375,734132886,2871625,,
2026-06-13,9792947201,1,50630,50630,50630,50630,481108121,3317337,,
2026-06-13,9797806474,1,22785,22785,22785,22785,6956573,8647,,
2026-06-13,9859536675,1,3516,3516,3516,3516,20256412,276917,,
2026-06-13,9908843098,1,3083,3083,3083,3083,19578512,1466590,,
2026-06-13,9913633503,1,987,987,987,987,31024484,2492516,,
2026-06-13,9929086116,1,5287,5287,5287,5287,37691699,2844298,,
2026-06-13,9930466428,1,929,929,929,929,27874156,123356,,
2026-06-13,9931060493,1,5775,5775,5775,5775,23639727,621322,,
2026-06-13,9934614409,1,3168,3168,3168,3168,69397483,117933,,
2026-06-13,9940725596,1,1622,1622,1622,1622,21085579,28727,,
2026-06-13,9953328866,1,4272,4272,4272,4272,23675909,28534,,
2026-06-13,9955391014,1,963,963,963,963,3649380,81257,,
2026-06-13,9958694666,1,3355,3355,3355,3355,32949133,305912,,
2026-06-13,9963622286,1,15179,15179,15179,15179,36374042,1634128,,
2026-06-13,9969095451,1,2738,2738,2738,2738,21569442,964411,,
2026-06-13,9969687051,1,3824,3824,3824,3824,27344270,1946759,,
2026-06-13,9970223248,1,651,651,651,651,2032322,5216,,
2026-06-13,9998576154,1,10891,10891,10891,10891,55042303,3707298,,
2026-06-13,10004244222,1,168033,168033,168033,168033,1061880029,19841392,,
2026-06-13,10004760418,1,5245,5245,5245,5245,98436810,131605,,
2026-06-13,10045085816,1,3344,3344,3344,3344,23768085,35328,,
2026-06-13,10051853469,1,15341,15341,15341,15341,75900341,1808071,,
2026-06-13,10052184484,1,6623,6623,6623,6623,27778873,1801318,,
2026-06-13,10065013948,1,9719,9719,9719,9719,9092483,18619,,
2026-06-13,10067868611,1,4923,4923,4923,4923,4726951,9245,,
2026-06-13,10081194651,1,9774,9774,9774,9774,29574382,124022,,
2026-06-13,10083552936,1,1043,1043,1043,1043,1337077,7610,,
2026-06-13,10086454767,1,8308,8308,8308,8308,4186764,16620,,
2026-06-13,10089507840,1,9516,9516,9516,9516,27100417,42808,,
2026-06-13,10092619788,1,2876,2876,2876,2876,6818040,5009,,
2026-06-13,10111742174,1,21024,21024,21024,21024,8066453,26486,,
2026-06-13,10138988383,1,4537,4537,4537,4537,18071256,38936,,
2026-06-13,10144280947,1,7118,7118,7118,7118,3224115,239919,,
2026-06-13,10148434559,1,23788,23788,23788,23788,7871891,74657,,
2026-06-13,10149964044,1,6407,6407,6407,6407,,,,
2026-06-13,10150875031,1,10761,10761,10761,10761,10933838,34985,,
2026-06-13,10167214983,1,14256,14256,14256,14256,34464700,2151046,,
2026-06-13,10190667429,1,7897,7897,7897,7897,3583539,6898,,
2026-06-13,10199301628,1,38575,38575,38575,38575,15201305,134425,,
2026-06-13,10200395747,1,654680,654680,654680,654680,34368073,108563,,
2026-06-13,10200713960,1,11578,11578,11578,11578,9052998,23893,,
2026-06-14,2471084,1,3878,3878,3878,3878,1299850658,4591636,,
2026-06-14,31970568,1,6366,6366,6366,6366,1575865711,6039008,,
2026-06-14,66654135,1,257932,257932,257932,257932,26269012029,22361042,,
2026-06-14,125205164,1,771,771,771,771,358072586,2057809,,
2026-06-14,568307879,1,957,957,957,957,518187056,538839,,
2026-06-14,605887098,1,6270,6270,6270,6270,2493570051,3667481,,
2026-06-14,903807016,1,7704,7704,7704,7704,1513044380,2791747,,
2026-06-14,1053132402,1,2943,2943,2943,2943,556481418,962410,,
2026-06-14,1198533421,1,1140,1140,1140,1140,175491048,718074,,
2026-06-14,1214576306,1,5782,5782,5782,5782,1625414647,4270538,,
2026-06-14,1430007363,1,4377,4377,4377,4377,876505621,2187573,,
2026-06-14,1489026993,2,8090,8090,7312,8867,2617976088,4274359,,
2026-06-14,1526814825,1,15015,15015,15015,15015,1045904212,4206227,,
2026-06-14,1795206523,1,1430,1430,1430,1430,936621695,922459,,
2026-06-14,1831550657,1,38161,38161,38161,38161,2034374217,10245080,,
2026-06-14,1998835206,1,3429,3429,3429,3429,571095295,1158970,,
2026-06-14,2049551477,2,5830,5830,4785,6875,1432897486,1877996,,
2026-06-14,2165551367,1,1801,1801,1801,1801,657943546,2367961,,
2026-06-14,2247578975,2,5644,5644,4835,6452,1179253872,14908796,,
2026-06-14,2274830359,1,8461,8461,8461,8461,2909245292,1947970,,
2026-06-14,2294168059,1,3611,3611,3611,3611,1198717809,3238206,,
2026-06-14,2369077151,1,9372,9372,9372,9372,350186425,9793816,,
2026-06-14,2440500124,1,26449,26449,26449,26449,7432591015,7876352,,
2026-06-14,2491559356,1,862,862,862,862,76688926,161003,,
2026-06-14,2655478023,2,3330,3330,3210,3450,973954240,3455726,,
2026-06-14,2788648141,1,3468,3468,3468,3468,984331197,1916101,,
2026-06-14,2821905072,1,3383,3383,3383,3383,241982295,5139227,,
2026-06-14,2827951974,1,1540,1540,1540,1540,,,,
2026-06-14,2921237723,1,2726,2726,2726,2726,125429566,714626,,
2026-06-14,2992873140,1,21024,21024,21024,21024,1299632492,962762,,
2026-06-14,3034836582,1,1519,1519,1519,1519,496405782,1905793,,
2026-06-14,3079618996,1,3662,3662,3662,3662,757612088,782845,,
2026-06-14,3088609243,1,2735,2735,2735,2735,710611432,569872,,
2026-06-14,3164075108,1,3911,3911,3911,3911,266402268,710573,,
2026-06-14,3187874989,1,5408,5408,5408,5408,143287780,205170,,
2026-06-14,3191268194,1,4649,4649,4649,4649,1334803269,5183038,,
2026-06-14,3232181171,1,1693,1693,1693,1693,52203008,198064,,
2026-06-14,3274669156,1,906,906,906,906,65074959,630327,,
2026-06-14,3310460039,1,24709,24709,24709,24709,4429768749,105073990,,
2026-06-14,3317771874,1,114987,114987,114987,114987,2468528577,2153020,,
2026-06-14,3346892457,1,2738,2738,2738,2738,423466830,159273,,
2026-06-14,3420059569,1,4144,4144,4144,4144,931736480,27473777,,
2026-06-14,3472976893,1,2943,2943,2943,2943,132774664,1859373,,
2026-06-14,3502524667,1,3015,3015,3015,3015,734665791,3665739,,
2026-06-14,3551414857,1,10988,10988,10988,10988,605148600,1280957,,
2026-06-14,3647333358,1,40083,40083,40083,40083,8711874350,7873055,,
2026-06-14,3746418487,1,5403,5403,5403,5403,296446120,353404,,
2026-06-14,3754482795,1,7680,7680,7680,7680,1218060472,4299506,,
2026-06-14,3759884822,1,3821,3821,3821,3821,116999858,95541,,
2026-06-14,3841172115,1,17000,17000,17000,17000,121567877,606926,,
2026-06-14,4028801234,1,2271,2271,2271,2271,223932617,11875280,,
2026-06-14,4283416256,1,772,772,772,772,18536838,113343,,
2026-06-14,4348829796,1,16236,16236,16236,16236,2506658017,10426284,,
2026-06-14,4457060041,1,4661,4661,4661,4661,122188189,204499,,
2026-06-14,4518160318,1,7235,7235,7235,7235,610633624,1084181,,
2026-06-14,4595016786,1,3597,3597,3597,3597,574575319,698531,,
2026-06-14,4599924264,1,5618,5618,5618,5618,677616612,250955,,
2026-06-14,4673599750,1,2556,2556,2556,2556,472039549,431836,,
2026-06-14,4720386144,1,3552,3552,3552,3552,102477270,528171,,
2026-06-14,4793836769,1,7261,7261,7261,7261,265315372,5639290,,
2026-06-14,4887744468,1,708,708,708,708,78291950,353189,,
2026-06-14,4925331346,1,4242,4242,4242,4242,289844917,440884,,
2026-06-14,4944984948,1,5548,5548,5548,5548,208924158,93800,,
2026-06-14,5195168716,1,2241,2241,2241,2241,88191993,590650,,
2026-06-14,5207621753,1,9752,9752,9752,9752,67278437,62271,,
2026-06-14,5361032378,1,52686,52686,52686,52686,1939114038,967063,,
2026-06-14,5485660832,1,3275,3275,3275,3275,94138445,39645,,
2026-06-14,5578556129,1,20391,20391,20391,20391,1934763674,1931321,,
2026-06-14,5661020014,1,1621,1621,1621,1621,24256321,501943,,
2026-06-14,5668114043,1,3010,3010,3010,3010,227193433,710404,,
2026-06-14,5698013839,1,1778,1778,1778,1778,67340332,266058,,
2026-06-14,5750914919,1,70925,70925,70925,70925,4545903986,3442621,,
2026-06-14,5927446137,1,978,978,978,978,42285190,558810,,
2026-06-14,5956634861,1,1370,1370,1370,1370,145926951,577994,,
2026-06-14,6015491985,1,3230,3230,3230,3230,333845104,193509,,
2026-06-14,6071712615,1,699,699,699,699,119253826,1200937,,
2026-06-14,6072944764,1,863,863,863,863,49855168,53657,,
2026-06-14,6247557414,1,716,716,716,716,,,,
2026-06-14,6314664695,1,1206,1206,1206,1206,57377620,2705894,,
2026-06-14,6329693946,1,5216,5216,5216,5216,65672157,201846,,
2026-06-14,6409513651,1,38115,38115,38115,38115,49231812,618571,,
2026-06-14,6491900489,1,2950,2950,2950,2950,535450922,415985,,
2026-06-14,6646518350,1,1212,1212,1212,1212,245445981,346292,,
2026-06-14,6682487255,1,9301,9301,9301,9301,447000016,214958,,
2026-06-14,6707924214,1,3014,3014,3014,3014,166642063,3178512,,
2026-06-14,6710779449,1,893,893,893,893,100142790,341161,,
2026-06-14,6749060816,1,13270,13270,13270,13270,217389928,1525129,,
2026-06-14,6801595469,1,718,718,718,718,57263520,134406,,
2026-06-14,7018190066,1,41466,41466,41466,41466,6364864730,5838110,,
2026-06-14,7058980030,1,8928,8928,8928,8928,515597590,867326,,
2026-06-14,7076793942,1,1135,1135,1135,1135,81969322,209266,,
2026-06-14,7082244450,1,4190,4190,4190,4190,,,,
2026-06-14,7082423811,1,6448,6448,6448,6448,260861638,1536215,,
2026-06-14,7091388561,1,846,846,846,846,125083351,102517,,
2026-06-14,7094518649,1,19260,19260,19260,19260,295908733,726263,,
2026-06-14,7127084123,1,4477,4477,4477,4477,131827814,282002,,
2026-06-14,7128163167,1,2814,2814,2814,2814,56565389,95512,,
2026-06-14,7219654364,1,62868,62868,62868,62868,1182057061,13196384,,
2026-06-14,7332711118,1,7994,7994,7994,7994,1838063409,2433047,,
2026-06-14,7364297396,1,3472,3472,3472,3472,409419017,608578,,
2026-06-14,7383133134,1,1160,1160,1160,1160,96070964,706150,,
2026-06-14,7435020231,1,2214,2214,2214,2214,30218540,112842,,
2026-06-14,7436755782,1,99346,99346,99346,99346,35561992118,11113948,,
2026-06-14,7577791613,1,1048,1048,1048,1048,92176602,559332,,
2026-06-14,7585079192,1,5521,5521,5521,5521,35643393,138080,,
2026-06-14,7690412163,1,1278,1278,1278,1278,80302409,184833,,
2026-06-14,7709344486,1,221927,221927,221927,221927,69918193798,28372350,,
2026-06-14,7719766419,1,833,833,833,833,25249954,228316,,
2026-06-14,7738860417,1,609,609,609,609,20832451,234079,,
2026-06-14,7760134732,1,4498,4498,4498,4498,15953110,488112,,
2026-06-14,7798947148,1,4334,4334,4334,4334,121541944,278710,,
2026-06-14,7882829745,1,2715,2715,2715,2715,352695276,967891,,
2026-06-14,7891669427,1,1173,1173,1173,1173,27366910,703540,,
2026-06-14,8014099969,1,2933,2933,2933,2933,135226808,228971,,
2026-06-14,8291789996,1,3552,3552,3552,3552,,,,
2026-06-14,8316902627,1,6817,6817,6817,6817,4654530052,1926925,,
2026-06-14,8356066619,1,34757,34757,34757,34757,4520755,9831,,
2026-06-14,8401518398,1,3341,3341,3341,3341,55247546,37262,,
2026-06-14,8482984219,1,1368,1368,1368,1368,16200120,612032,,
2026-06-14,8504461817,2,4158,4158,3600,4715,161544006,77086,,
2026-06-14,8539298853,1,35880,35880,35880,35880,1167255545,1541912,,
2026-06-14,8696670616,1,2886,2886,2886,2886,,,,
2026-06-14,8759966530,1,5837,5837,5837,5837,93547552,340159,,
2026-06-14,8791358380,1,9205,9205,9205,9205,371455793,11110980,,
2026-06-14,8844400854,1,2020,2020,2020,2020,177458779,401484,,
2026-06-14,8950496606,1,4108,4108,4108,4108,156057207,393714,,
2026-06-14,9029463012,1,1594,1594,1594,1594,103423416,395554,,
2026-06-14,9029624625,1,887,887,887,887,33198993,154382,,
2026-06-14,9073513091,1,10883,10883,10883,10883,95536267,129072,,
2026-06-14,9077534770,1,1916,1916,1916,1916,50021744,151318,,
2026-06-14,9098570654,1,21377,21377,21377,21377,163390409,251782,,
2026-06-14,9122463229,1,9014,9014,9014,9014,,,,
2026-06-14,9129640671,1,11028,11028,11028,11028,,,,
2026-06-14,9141743926,1,22576,22576,22576,22576,336939363,533663,,
2026-06-14,9145063979,1,15218,15218,15218,15218,476927360,461574,,
2026-06-14,9145282410,1,718,718,718,718,33197049,245034,,
2026-06-14,9177208241,1,4320,4320,4320,4320,53527127,310580,,
2026-06-14,9219116196,1,8020,8020,8020,8020,59148159,147182,,
2026-06-14,9231693026,1,2948,2948,2948,2948,,,,
2026-06-14,9253627770,1,974,974,974,974,12283366,15218,,
2026-06-14,9266873836,1,3914,3914,3914,3914,151502466,132803,,
2026-06-14,9296042754,1,4336,4336,4336,4336,35196545,172319,,
2026-06-14,9315472782,1,1899,1899,1899,1899,14289480,88550,,
2026-06-14,9315739469,1,2101,2101,2101,2101,68250637,69959,,
2026-06-14,9348272796,1,88082,88082,88082,88082,467285590,433777,,
2026-06-14,9362896961,1,8881,8881,8881,8881,129730040,206950,,
2026-06-14,9363735110,1,17573,17573,17573,17573,5615669469,1999911,,
2026-06-14,9409870130,1,2313,2313,2313,2313,13562543,175637,,
2026-06-14,9411563986,1,4405,4405,4405,4405,68033303,119707,,
2026-06-14,9452898647,1,3567,3567,3567,3567,99937465,4173429,,
2026-06-14,9491545867,1,4071,4071,4071,4071,96139966,1009008,,
2026-06-14,9494058490,1,12312,12312,12312,12312,,,,
2026-06-14,9501409571,1,1961,1961,1961,1961,33394448,167790,,
2026-06-14,9513686983,1,7305,7305,7305,7305,378272368,12202057,,
2026-06-14,9526307912,2,5405,5405,4871,5939,66741077,115533,,
2026-06-14,9556113881,1,2745,2745,2745,2745,32146305,149875,,
2026-06-14,9561553764,1,8009,8009,8009,8009,16548767,36117,,
2026-06-14,9584852943,1,392625,392625,392625,392625,1127089674,2168970,,
2026-06-14,9659404694,1,900,900,900,900,7311657,1101875,,
2026-06-14,9660713566,1,4264,4264,4264,4264,71261015,4568986,,
2026-06-14,9711972386,1,3725,3725,3725,3725,7679362,16781,,
2026-06-14,9723617424,1,3877,3877,3877,3877,20820097,29474,,
2026-06-14,9725232502,1,1940,1940,1940,1940,10689496,79257,,
2026-06-14,9741799896,1,7778,7778,7778,7778,29450080,1713507,,
2026-06-14,9758688665,1,3514,3514,3514,3514,84982474,4459142,,
2026-06-14,9787206684,1,8852,8852,8852,8852,736033361,2874814,,
2026-06-14,9792947201,1,41611,41611,41611,41611,486018755,3343624,,
2026-06-14,9797806474,1,28921,28921,28921,28921,8121257,9849,,
2026-06-14,9835089582,1,862,862,862,862,10424611,60732,,
2026-06-14,9859536675,1,3872,3872,3872,3872,20580812,279928,,
2026-06-14,9913633503,1,877,877,877,877,31410228,2520172,,
2026-06-14,9929086116,1,5649,5649,5649,5649,38310058,2877903,,
2026-06-14,9930466428,1,1125,1125,1125,1125,28089095,123675,,
2026-06-14,9931060493,1,5077,5077,5077,5077,24537321,633833,,
2026-06-14,9934614409,1,3424,3424,3424,3424,69743523,118338,,
2026-06-14,9940725596,1,1825,1825,1825,1825,21391680,29069,,
2026-06-14,9953328866,1,4356,4356,4356,4356,24397948,29277,,
2026-06-14,9955391014,1,959,959,959,959,3807233,84580,,
2026-06-14,9958694666,1,3265,3265,3265,3265,33370886,308594,,
2026-06-14,9963622286,1,15198,15198,15198,15198,38195128,1701470,,
2026-06-14,9969095451,1,3204,3204,3204,3204,21848942,975243,,
2026-06-14,9969687051,1,4501,4501,4501,4501,27814479,1974469,,
2026-06-14,9998576154,1,11310,11310,11310,11310,56294654,3783850,,
2026-06-14,10004244222,1,152650,152650,152650,152650,1086968823,20025988,,
2026-06-14,10004760418,1,5798,5798,5798,5798,,,,
2026-06-14,10045085816,1,3594,3594,3594,3594,24144247,35780,,
2026-06-14,10051853469,1,11161,11161,11161,11161,77466536,1835653,,
2026-06-14,10052184484,1,5589,5589,5589,5589,28382922,1836037,,
2026-06-14,10065013948,1,11114,11114,11114,11114,10114286,20491,,
2026-06-14,10067868611,1,4644,4644,4644,4644,5252807,10024,,
2026-06-14,10081194651,1,9067,9067,9067,9067,30408291,127088,,
2026-06-14,10083552936,1,1263,1263,1263,1263,1475605,8354,,
2026-06-14,10086454767,1,7248,7248,7248,7248,4819164,18550,,
2026-06-14,10089507840,1,6971,6971,6971,6971,29224510,45261,,
2026-06-14,10092619788,1,2682,2682,2682,2682,6958303,5030,,
2026-06-14,10111742174,1,18883,18883,18883,18883,9399328,28990,,
2026-06-14,10138661961,1,8172,8172,8172,8172,4251714,14547,,
2026-06-14,10138988383,1,4108,4108,4108,4108,18539413,39726,,
2026-06-14,10144280947,1,7690,7690,7690,7690,4051545,298392,,
2026-06-14,10148434559,1,25883,25883,25883,25883,10100673,91690,,
2026-06-14,10149964044,1,6407,6407,6407,6407,,,,
2026-06-14,10150875031,1,10162,10162,10162,10162,11975271,37695,,
2026-06-14,10167214983,1,11687,11687,11687,11687,35756941,2215675,,
2026-06-14,10190667429,1,8275,8275,8275,8275,4440508,8500,,
2026-06-14,10199301628,1,35758,35758,35758,35758,20065594,170882,,
2026-06-14,10200395747,1,752181,752181,752181,752181,87626822,175646,,
2026-06-14,10200713960,1,11530,11530,11530,11530,11229169,28559,,
2026-06-15,2471084,1,3404,3404,3404,3404,1300088699,4595678,,
2026-06-15,31970568,1,6740,6740,6740,6740,1576275810,6039563,,
2026-06-15,66654135,1,218172,218172,218172,218172,26295887585,22375476,,
2026-06-15,605887098,1,5998,5998,5998,5998,2494210092,3668294,,
2026-06-15,903807016,1,10131,10131,10131,10131,1514048022,2792560,,
2026-06-15,1198533421,1,909,909,909,909,175567077,718165,,
2026-06-15,1214576306,1,5218,5218,5218,5218,1625787365,4271110,,
2026-06-15,1430007363,1,2875,2875,2875,2875,877002947,2190467,,
2026-06-15,1489026993,2,6709,6709,5919,7499,2618787208,4276674,,
2026-06-15,1526814825,1,14463,14463,14463,14463,1046954463,4211203,,
2026-06-15,1795206523,1,1262,1262,1262,1262,936875976,922592,,
2026-06-15,1831550657,1,40930,40930,40930,40930,2037080318,10259156,,
2026-06-15,1998835206,1,3366,3366,3366,3366,571380556,1159156,,
2026-06-15,2049551477,2,4414,4414,4011,4817,1433618487,1878848,,
2026-06-15,2092410051,1,2961,2961,2961,2961,328122323,1379753,,
2026-06-15,2165551367,1,1400,1400,1400,1400,658226707,2369679,,
2026-06-15,2247578975,2,4455,4455,3744,5166,1179968622,14909256,,
2026-06-15,2274830359,1,7041,7041,7041,7041,2910389478,1948853,,
2026-06-15,2294168059,1,3019,3019,3019,3019,1199018842,3238897,,
2026-06-15,2369077151,1,9031,9031,9031,9031,351141147,9814727,,
2026-06-15,2440500124,1,18447,18447,18447,18447,7435464904,7879782,,
2026-06-15,2655478023,2,3518,3518,3096,3941,974446920,3456105,,
2026-06-15,2788648141,1,3333,3333,3333,3333,984586513,1917977,,
2026-06-15,2821905072,1,3041,3041,3041,3041,242328070,5145094,,
2026-06-15,2827951974,1,979,979,979,979,801872822,670926,,
2026-06-15,2921237723,1,1475,1475,1475,1475,125693624,715799,,
2026-06-15,2992873140,1,18668,18668,18668,18668,1300995464,964032,,
2026-06-15,3034836582,1,669,669,669,669,496545118,1905951,,
2026-06-15,3079618996,1,3690,3690,3690,3690,757988968,783223,,
2026-06-15,3088609243,1,3039,3039,3039,3039,711070436,570353,,
2026-06-15,3164075108,1,4290,4290,4290,4290,266693857,710984,,
2026-06-15,3187874989,1,4061,4061,4061,4061,143757530,205632,,
2026-06-15,3191268194,1,4303,4303,4303,4303,1335202425,5188657,,
2026-06-15,3232181171,1,1097,1097,1097,1097,52365419,198796,,
2026-06-15,3310460039,1,21828,21828,21828,21828,4433154275,105075922,,
2026-06-15,3317771874,1,104743,104743,104743,104743,2471215551,2154370,,
2026-06-15,3346892457,1,1614,1614,1614,1614,423839628,159648,,
2026-06-15,3420059569,1,3371,3371,3371,3371,932311273,27473955,,
2026-06-15,3472976893,1,2201,2201,2201,2201,133168618,1872926,,
2026-06-15,3502524667,1,1861,1861,1861,1861,735098114,3666086,,
2026-06-15,3551414857,1,7429,7429,7429,7429,605863900,1282039,,
2026-06-15,3647333358,1,28667,28667,28667,28667,8717066386,7878980,,
2026-06-15,3746418487,1,4225,4225,4225,4225,297020279,354134,,
2026-06-15,3754482795,1,10165,10165,10165,10165,1219314726,4304593,,
2026-06-15,3841172115,1,9421,9421,9421,9421,122818163,610805,,
2026-06-15,4028801234,1,1470,1470,1470,1470,224173427,11888815,,
2026-06-15,4348829796,1,13171,13171,13171,13171,2508524818,10439936,,
2026-06-15,4457060041,1,3913,3913,3913,3913,122527042,205092,,
2026-06-15,4518160318,1,5808,5808,5808,5808,611130668,1085176,,
2026-06-15,4595016786,1,3472,3472,3472,3472,574951685,699155,,
2026-06-15,4599924264,1,5009,5009,5009,5009,678577507,251751,,
2026-06-15,4673599750,1,2028,2028,2028,2028,472701983,432449,,
2026-06-15,4720386144,1,3223,3223,3223,3223,102771357,529548,,
2026-06-15,4793836769,1,5957,5957,5957,5957,265866381,5649845,,
2026-06-15,4925331346,1,4332,4332,4332,4332,290180824,441563,,
2026-06-15,4944984948,1,4574,4574,4574,4574,,,,
2026-06-15,5195168716,1,2004,2004,2004,2004,88376369,591575,,
2026-06-15,5207621753,1,7297,7297,7297,7297,68066340,62800,,
2026-06-15,5254185222,1,744,744,744,744,11933588,162787,,
2026-06-15,5361032378,1,49250,49250,49250,49250,1942069489,969003,,
2026-06-15,5578556129,1,16457,16457,16457,16457,1935710596,1934340,,
2026-06-15,5661020014,1,1051,1051,1051,1051,24392710,503353,,
2026-06-15,5668114043,1,1889,1889,1889,1889,227449358,710872,,
2026-06-15,5698013839,1,893,893,893,893,67452406,266516,,
2026-06-15,5750914919,1,71939,71939,71939,71939,4549831597,3451243,,
2026-06-15,5956634861,1,1237,1237,1237,1237,146109132,578332,,
2026-06-15,6015491985,1,2581,2581,2581,2581,334355406,193819,,
2026-06-15,6072944764,1,719,719,719,719,49927631,53812,,
2026-06-15,6215464786,1,3431,3431,3431,3431,401688099,9927307,,
2026-06-15,6247557414,1,716,716,716,716,,,,
2026-06-15,6314664695,1,724,724,724,724,57455048,2708810,,
2026-06-15,6329693946,1,5127,5127,5127,5127,65980424,202567,,
2026-06-15,6409513651,1,45363,45363,45363,45363,51614444,638984,,
2026-06-15,6646518350,1,787,787,787,787,245736716,346422,,
2026-06-15,6682487255,1,8407,8407,8407,8407,447822028,216392,,
2026-06-15,6710779449,1,744,744,744,744,100225539,341488,,
2026-06-15,6749060816,1,10210,10210,10210,10210,218314198,1531344,,
2026-06-15,7018190066,1,27462,27462,27462,27462,6367796269,5845692,,
2026-06-15,7058980030,1,8579,8579,8579,8579,517063641,869538,,
2026-06-15,7076793942,1,782,782,782,782,82087042,209427,,
2026-06-15,7082244450,1,4190,4190,4190,4190,,,,
2026-06-15,7082423811,1,4545,4545,4545,4545,261452532,1537112,,
2026-06-15,7094518649,1,19838,19838,19838,19838,296899698,729236,,
2026-06-15,7127084123,1,3553,3553,3553,3553,132164995,282653,,
2026-06-15,7128163167,1,1800,1800,1800,1800,56792442,95942,,
2026-06-15,7208561693,1,3630,3630,3630,3630,111704534,9221567,,
2026-06-15,7219654364,1,58459,58459,58459,58459,1188095044,13232014,,
2026-06-15,7332711118,1,6291,6291,6291,6291,1838904182,2434428,,
2026-06-15,7364297396,1,4062,4062,4062,4062,410346012,610267,,
2026-06-15,7435020231,1,1650,1650,1650,1650,30320837,113030,,
2026-06-15,7436755782,1,79813,79813,79813,79813,35571308612,11126465,,
2026-06-15,7577791613,1,726,726,726,726,92508718,560294,,
2026-06-15,7585079192,1,13568,13568,13568,13568,36217669,138795,,
2026-06-15,7690412163,1,806,806,806,806,80399234,185206,,
2026-06-15,7709344486,1,188379,188379,188379,188379,69969620485,28386673,,
2026-06-15,7719766419,1,2613,2613,2613,2613,25560234,230433,,
2026-06-15,7720654467,1,2948,2948,2948,2948,57175384,171915,,
2026-06-15,7760134732,1,2964,2964,2964,2964,16331388,497868,,
2026-06-15,7798947148,1,4875,4875,4875,4875,122279474,279498,,
2026-06-15,7882829745,1,2838,2838,2838,2838,352864200,969583,,
2026-06-15,7891669427,1,975,975,975,975,27476484,705558,,
2026-06-15,8014099969,1,1342,1342,1342,1342,135484451,230029,,
2026-06-15,8291789996,1,3552,3552,3552,3552,,,,
2026-06-15,8313824597,1,1671,1671,1671,1671,18314023,26635,,
2026-06-15,8316902627,1,5881,5881,5881,5881,4655383774,1932320,,
2026-06-15,8356066619,1,44307,44307,44307,44307,7230501,13054,,
2026-06-15,8401518398,1,3441,3441,3441,3441,55831936,37821,,
2026-06-15,8482984219,1,1124,1124,1124,1124,16453094,622390,,
2026-06-15,8504461817,2,4033,4033,3389,4677,162060077,78179,,
2026-06-15,8539298853,1,29748,29748,29748,29748,1170197744,1546242,,
2026-06-15,8696670616,1,2886,2886,2886,2886,,,,
2026-06-15,8759966530,1,6187,6187,6187,6187,94222673,342211,,
2026-06-15,8786713187,1,4531,4531,4531,4531,106055894,264017,,
2026-06-15,8791358380,1,7654,7654,7654,7654,372529458,11133724,,
2026-06-15,8844400854,1,1170,1170,1170,1170,177701375,401591,,
2026-06-15,8950496606,1,2941,2941,2941,2941,156326416,394343,,
2026-06-15,9029463012,1,1077,1077,1077,1077,103573792,395943,,
2026-06-15,9073513091,1,6411,6411,6411,6411,96912112,130460,,
2026-06-15,9077534770,1,2167,2167,2167,2167,50245769,151978,,
2026-06-15,9098570654,1,22034,22034,22034,22034,164740161,253700,,
2026-06-15,9122463229,1,9014,9014,9014,9014,,,,
2026-06-15,9129640671,1,11028,11028,11028,11028,,,,
2026-06-15,9141743926,1,20365,20365,20365,20365,339238459,535476,,
2026-06-15,9145063979,1,10670,10670,10670,10670,478533791,463501,,
2026-06-15,9145282410,1,1443,1443,1443,1443,33296485,245761,,
2026-06-15,9177208241,1,4333,4333,4333,4333,54051318,313299,,
2026-06-15,9219116196,1,12999,12999,12999,12999,60034073,149678,,
2026-06-15,9231693026,1,2948,2948,2948,2948,,,,
2026-06-15,9260939847,1,3433,3433,3433,3433,91803941,1935472,,
2026-06-15,9266873836,1,3355,3355,3355,3355,151606256,132938,,
2026-06-15,9296042754,1,3658,3658,3658,3658,35603463,174242,,
2026-06-15,9315472782,1,1193,1193,1193,1193,14492666,89647,,
2026-06-15,9315739469,1,1566,1566,1566,1566,68540056,70318,,
2026-06-15,9348272796,1,47210,47210,47210,47210,474293478,440191,,
2026-06-15,9362896961,1,8837,8837,8837,8837,130239307,207254,,
2026-06-15,9363735110,1,14305,14305,14305,14305,5617712078,2000926,,
2026-06-15,9409870130,1,1284,1284,1284,1284,13750234,177810,,
2026-06-15,9411563986,1,2499,2499,2499,2499,68534685,120618,,
2026-06-15,9452898647,1,3001,3001,3001,3001,100334801,4188282,,
2026-06-15,9491545867,1,4560,4560,4560,4560,,,,
2026-06-15,9494058490,1,12312,12312,12312,12312,,,,
2026-06-15,9501409571,1,1714,1714,1714,1714,33664782,168889,,
2026-06-15,9513686983,1,6211,6211,6211,6211,379139525,12234542,,
2026-06-15,9526307912,2,3082,3082,2412,3751,67260054,116358,,
2026-06-15,9556113881,1,1658,1658,1658,1658,32376983,150610,,
2026-06-15,9561553764,1,7972,7972,7972,7972,18127917,37328,,
2026-06-15,9584852943,1,291372,291372,291372,291372,1177914308,2239243,,
2026-06-15,9660713566,1,4124,4124,4124,4124,71904569,4602784,,
2026-06-15,9711972386,1,3689,3689,3689,3689,7854640,17125,,
2026-06-15,9725232502,1,983,983,983,983,10833739,79954,,
2026-06-15,9741799896,1,6745,6745,6745,6745,30720694,1777294,,
2026-06-15,9758688665,1,3052,3052,3052,3052,85449886,4481554,,
2026-06-15,9787206684,1,6075,6075,6075,6075,737159973,2877267,,
2026-06-15,9792947201,1,33634,33634,33634,33634,489637157,3361609,,
2026-06-15,9797806474,1,25704,25704,25704,25704,9411001,11079,,
2026-06-15,9830725726,1,3721,3721,3721,3721,16790502,19355,,
2026-06-15,9859536675,1,3544,3544,3544,3544,20947657,283642,,
2026-06-15,9929086116,1,8675,8675,8675,8675,39201947,2932656,,
2026-06-15,9930466428,1,676,676,676,676,28271261,123945,,
2026-06-15,9931060493,1,5041,5041,5041,5041,25192476,643824,,
2026-06-15,9940725596,1,1063,1063,1063,1063,21643154,29367,,
2026-06-15,9948575164,1,2647,2647,2647,2647,20739481,135598,,
2026-06-15,9953328866,1,2922,2922,2922,2922,24926161,29792,,
2026-06-15,9963622286,1,10519,10519,10519,10519,39735967,1752986,,
2026-06-15,9969687051,1,3143,3143,3143,3143,28293758,2002670,,
2026-06-15,9998576154,1,7163,7163,7163,7163,57388646,3849430,,
2026-06-15,10004244222,1,108251,108251,108251,108251,1104284231,20180651,,
2026-06-15,10004760418,1,5389,5389,5389,5389,100168873,134265,,
2026-06-15,10045085816,1,2847,2847,2847,2847,24530976,36187,,
2026-06-15,10051853469,1,7169,7169,7169,7169,78572570,1853828,,
2026-06-15,10052184484,1,3777,3777,3777,3777,28884470,1861944,,
2026-06-15,10065013948,1,8249,8249,8249,8249,11242633,22530,,
2026-06-15,10067868611,1,4590,4590,4590,4590,5829881,10858,,
2026-06-15,10081194651,1,7919,7919,7919,7919,31236830,130303,,
2026-06-15,10083552936,1,1271,1271,1271,1271,1638007,10792,,
2026-06-15,10086454767,1,7597,7597,7597,7597,5404868,20819,,
2026-06-15,10089507840,1,6135,6135,6135,6135,30829764,47564,,
2026-06-15,10111742174,1,15627,15627,15627,15627,10468784,31594,,
2026-06-15,10138661961,1,7624,7624,7624,7624,5287785,17280,,
2026-06-15,10138988383,1,12324,12324,12324,12324,19468972,41562,,
2026-06-15,10144280947,1,7162,7162,7162,7162,4949069,358117,,
2026-06-15,10148434559,1,18556,18556,18556,18556,12242906,109293,,
2026-06-15,10149964044,1,6407,6407,6407,6407,,,,
2026-06-15,10150875031,1,6627,6627,6627,6627,12944821,40166,,
2026-06-15,10167214983,1,8271,8271,8271,8271,36702144,2257473,,
2026-06-15,10190667429,1,6398,6398,6398,6398,5492023,10293,,
2026-06-15,10199301628,1,32940,32940,32940,32940,24889372,203426,,
2026-06-15,10200395747,1,651372,651372,651372,651372,146230595,227613,,
2026-06-15,10200713960,1,9675,9675,9675,9675,13334078,32906,,
2026-06-16,2471084,1,3399,3399,3399,3399,1300269495,4595958,,
2026-06-16,31970568,1,5866,5866,5866,5866,1576589821,6040007,,
2026-06-16,66654135,1,245796,245796,245796,245796,26317760915,22386595,,
2026-06-16,568307879,1,867,867,867,867,518393215,539067,,
2026-06-16,605887098,1,5324,5324,5324,5324,2494657140,3668875,,
2026-06-16,903807016,1,8336,8336,8336,8336,1514870757,2793175,,
2026-06-16,1198533421,1,1052,1052,1052,1052,175631827,718251,,
2026-06-16,1214576306,1,5581,5581,5581,5581,1626085738,4271551,,
2026-06-16,1430007363,1,3162,3162,3162,3162,877398683,2192757,,
2026-06-16,1489026993,2,7490,7490,6365,8614,2619504382,4277502,,
2026-06-16,1526814825,1,14168,14168,14168,14168,1047766294,4213400,,
2026-06-16,1795206523,1,1310,1310,1310,1310,937081171,922698,,
2026-06-16,1831550657,1,37013,37013,37013,37013,2039112485,10268105,,
2026-06-16,1998835206,1,3490,3490,3490,3490,571616764,1159390,,
2026-06-16,2049551477,2,3859,3859,3487,4231,1434057745,1879367,,
2026-06-16,2092410051,1,2963,2963,2963,2963,328222164,1380069,,
2026-06-16,2165551367,1,1636,1636,1636,1636,658452923,2371096,,
2026-06-16,2247578975,2,3827,3827,3649,4005,1180473811,14909569,,
2026-06-16,2274830359,1,5689,5689,5689,5689,2911106155,1949452,,
2026-06-16,2294168059,1,3278,3278,3278,3278,1199275461,3239459,,
2026-06-16,2369077151,1,9351,9351,9351,9351,352157915,9838729,,
2026-06-16,2440500124,1,20700,20700,20700,20700,7437627173,7881894,,
2026-06-16,2491559356,1,716,716,716,716,76825290,161776,,
2026-06-16,2655478023,2,5390,5390,5179,5601,975114454,3456673,,
2026-06-16,2788648141,1,2791,2791,2791,2791,984768066,1919193,,
2026-06-16,2821905072,1,3364,3364,3364,3364,242621986,5149896,,
2026-06-16,2827951974,1,1000,1000,1000,1000,802026985,671120,,
2026-06-16,2921237723,1,1348,1348,1348,1348,125815638,716211,,
2026-06-16,2992873140,1,17352,17352,17352,17352,1301945044,964473,,
2026-06-16,3034836582,1,755,755,755,755,496625331,1906038,,
2026-06-16,3079618996,1,2968,2968,2968,2968,758245362,783492,,
2026-06-16,3164075108,1,3763,3763,3763,3763,266904837,711295,,
2026-06-16,3187874989,1,4159,4159,4159,4159,144194897,206092,,
2026-06-16,3191268194,1,4799,4799,4799,4799,1335521920,5193133,,
2026-06-16,3232181171,1,1102,1102,1102,1102,52476097,199308,,
2026-06-16,3310460039,1,18717,18717,18717,18717,4435465312,105076864,,
2026-06-16,3317771874,1,127122,127122,127122,127122,2473160176,2155013,,
2026-06-16,3346892457,1,2102,2102,2102,2102,424129314,159939,,
2026-06-16,3472976893,1,2218,2218,2218,2218,133515409,1884403,,
2026-06-16,3502524667,1,2668,2668,2668,2668,735425697,3666390,,
2026-06-16,3551414857,1,8075,8075,8075,8075,606342181,1282804,,
2026-06-16,3647333358,1,31699,31699,31699,31699,8721260698,7883109,,
2026-06-16,3746418487,1,3602,3602,3602,3602,297383123,354502,,
2026-06-16,3754482795,1,10924,10924,10924,10924,1220472711,4309196,,
2026-06-16,3759884822,1,3004,3004,3004,3004,117454223,96075,,
2026-06-16,3841172115,1,7944,7944,7944,7944,123492195,612956,,
2026-06-16,4028801234,1,1059,1059,1059,1059,,,,
2026-06-16,4348829796,1,14517,14517,14517,14517,2510178420,10449357,,
2026-06-16,4457060041,1,3568,3568,3568,3568,122752719,205427,,
2026-06-16,4518160318,1,6068,6068,6068,6068,611512280,1086025,,
2026-06-16,4595016786,1,3744,3744,3744,3744,575248047,699680,,
2026-06-16,4599924264,1,4019,4019,4019,4019,679183998,252234,,
2026-06-16,4673599750,1,2107,2107,2107,2107,473265734,432981,,
2026-06-16,4720386144,1,4407,4407,4407,4407,103078181,530861,,
2026-06-16,4793836769,1,6458,6458,6458,6458,266338663,5659297,,
2026-06-16,4908792642,1,3307,3307,3307,3307,1913914667,8397856,,
2026-06-16,4925331346,1,4726,4726,4726,4726,290466661,442238,,
2026-06-16,4944984948,1,3754,3754,3754,3754,210382883,94787,,
2026-06-16,5195168716,1,2315,2315,2315,2315,88541736,592376,,
2026-06-16,5207621753,1,8394,8394,8394,8394,68651289,63149,,
2026-06-16,5361032378,1,48794,48794,48794,48794,1944488469,969490,,
2026-06-16,5578556129,1,14788,14788,14788,14788,1936368119,1935803,,
2026-06-16,5661020014,1,1316,1316,1316,1316,24486724,504342,,
2026-06-16,5668114043,1,2378,2378,2378,2378,227651827,711268,,
2026-06-16,5698013839,1,777,777,777,777,67509123,266652,,
2026-06-16,5750914919,1,64519,64519,64519,64519,4552766078,3453780,,
2026-06-16,5956634861,1,773,773,773,773,146218083,578516,,
2026-06-16,6015491985,1,2675,2675,2675,2675,334683751,194054,,
2026-06-16,6072944764,1,804,804,804,804,49990888,53926,,
2026-06-16,6247557414,1,716,716,716,716,,,,
2026-06-16,6314664695,1,767,767,767,767,57502027,2710607,,
2026-06-16,6329693946,1,5367,5367,5367,5367,66225584,203110,,
2026-06-16,6409513651,1,43845,43845,43845,43845,53262552,650705,,
2026-06-16,6646518350,1,821,821,821,821,245996471,346518,,
2026-06-16,6682487255,1,7417,7417,7417,7417,448459835,216533,,
2026-06-16,6749060816,1,9729,9729,9729,9729,218999220,1535388,,
2026-06-16,7018190066,1,28643,28643,28643,28643,6370104573,5850456,,
2026-06-16,7058980030,1,7005,7005,7005,7005,518051978,871113,,
2026-06-16,7076793942,1,841,841,841,841,82162557,209553,,
2026-06-16,7082244450,1,4190,4190,4190,4190,,,,
2026-06-16,7082423811,1,3573,3573,3573,3573,261808763,1537560,,
2026-06-16,7094518649,1,18546,18546,18546,18546,297699095,730974,,
2026-06-16,7127084123,1,3713,3713,3713,3713,132402390,283084,,
2026-06-16,7128163167,1,2136,2136,2136,2136,57008660,96399,,
2026-06-16,7219654364,1,41442,41442,41442,41442,1192389847,13257960,,
2026-06-16,7332711118,1,6721,6721,6721,6721,1839538960,2435106,,
2026-06-16,7364297396,1,3221,3221,3221,3221,410915753,610900,,
2026-06-16,7434179990,1,4944,4944,4944,4944,210544132,7518601,,
2026-06-16,7435020231,1,1577,1577,1577,1577,30409665,113165,,
2026-06-16,7436755782,1,77275,77275,77275,77275,35578121546,11134233,,
2026-06-16,7577791613,1,738,738,738,738,92725293,560704,,
2026-06-16,7585079192,1,11570,11570,11570,11570,36663274,139839,,
2026-06-16,7613970129,1,3397,3397,3397,3397,46743347,105824,,
2026-06-16,7690412163,1,934,934,934,934,80467648,185436,,
2026-06-16,7709344486,1,157069,157069,157069,157069,70005209586,28395618,,
2026-06-16,7760134732,1,2846,2846,2846,2846,16584963,504257,,
2026-06-16,7798947148,1,4504,4504,4504,4504,122697223,279997,,
2026-06-16,7882829745,1,2804,2804,2804,2804,352997806,969834,,
2026-06-16,7891669427,1,1048,1048,1048,1048,,,,
2026-06-16,8014099969,1,1665,1665,1665,1665,135680998,230272,,
2026-06-16,8291789996,1,3552,3552,3552,3552,,,,
2026-06-16,8313824597,1,1529,1529,1529,1529,18431647,26791,,
2026-06-16,8316902627,1,5228,5228,5228,5228,4656002172,1934063,,
2026-06-16,8356066619,1,48882,48882,48882,48882,9338577,15389,,
2026-06-16,8504461817,2,4376,4376,4081,4672,162661934,78684,,
2026-06-16,8539298853,1,35101,35101,35101,35101,1173048236,1552231,,
2026-06-16,8696670616,1,2886,2886,2886,2886,,,,
2026-06-16,8759966530,1,5763,5763,5763,5763,94738540,343229,,
2026-06-16,8786713187,1,4513,4513,4513,4513,106382717,264851,,
2026-06-16,8791358380,1,7484,7484,7484,7484,373347529,11152829,,
2026-06-16,8844400854,1,1825,1825,1825,1825,177896707,401669,,
2026-06-16,8950496606,1,3421,3421,3421,3421,156565814,395095,,
2026-06-16,9029463012,1,1233,1233,1233,1233,103680201,396186,,
2026-06-16,9073513091,1,6759,6759,6759,6759,97668099,131327,,
2026-06-16,9077534770,1,1443,1443,1443,1443,50397521,152443,,
2026-06-16,9098570654,1,23190,23190,23190,23190,165991637,256026,,
2026-06-16,9122463229,1,9014,9014,9014,9014,,,,
2026-06-16,9129640671,1,11028,11028,11028,11028,,,,
2026-06-16,9141743926,1,19499,19499,19499,19499,341101632,537197,,
2026-06-16,9145063979,1,9564,9564,9564,9564,479483720,464642,,
2026-06-16,9145282410,1,723,723,723,723,33355137,246072,,
2026-06-16,9177208241,1,3218,3218,3218,3218,54366022,314590,,
2026-06-16,9219116196,1,8693,8693,8693,8693,60822997,151951,,
2026-06-16,9231693026,1,2948,2948,2948,2948,,,,
2026-06-16,9260939847,1,4418,4418,4418,4418,92233109,1944337,,
2026-06-16,9266873836,1,3234,3234,3234,3234,151681258,133018,,
2026-06-16,9296042754,1,3596,3596,3596,3596,35894952,175457,,
2026-06-16,9315472782,1,1764,1764,1764,1764,14652887,90343,,
2026-06-16,9315739469,1,2111,2111,2111,2111,68822270,70676,,
2026-06-16,9348272796,1,52491,52491,52491,52491,479323242,444956,,
2026-06-16,9362896961,1,8237,8237,8237,8237,130648423,207564,,
2026-06-16,9363735110,1,12923,12923,12923,12923,5619120695,2001628,,
2026-06-16,9409870130,1,1620,1620,1620,1620,13881734,179217,,
2026-06-16,9411563986,1,2842,2842,2842,2842,68887466,121181,,
2026-06-16,9491545867,1,3259,3259,3259,3259,97036004,1014957,,
2026-06-16,9494058490,1,12312,12312,12312,12312,,,,
2026-06-16,9501409571,1,1868,1868,1868,1868,33904578,169889,,
2026-06-16,9513686983,1,6971,6971,6971,6971,379790367,12259755,,
2026-06-16,9526307912,2,3482,3482,3464,3499,67656873,116875,,
2026-06-16,9556113881,1,2045,2045,2045,2045,32512972,151019,,
2026-06-16,9561553764,1,9043,9043,9043,9043,20019846,38677,,
2026-06-16,9584852943,1,293716,293716,293716,293716,1214165502,2289361,,
2026-06-16,9660713566,1,6485,6485,6485,6485,72687998,4650556,,
2026-06-16,9671940985,1,3328,3328,3328,3328,157031783,5321685,,
2026-06-16,9711972386,1,3388,3388,3388,3388,7985526,17329,,
2026-06-16,9725232502,1,850,850,850,850,10909239,80214,,
2026-06-16,9741799896,1,7874,7874,7874,7874,31672753,1825654,,
2026-06-16,9758688665,1,2972,2972,2972,2972,85831499,4499215,,
2026-06-16,9787206684,1,45990,45990,45990,45990,738103672,2879269,,
2026-06-16,9792947201,1,31942,31942,31942,31942,492406203,3375334,,
2026-06-16,9797806474,1,24827,24827,24827,24827,10395093,11945,,
2026-06-16,9830725726,1,4457,4457,4457,4457,17330493,20004,,
2026-06-16,9859536675,1,3103,3103,3103,3103,21191396,285877,,
2026-06-16,9929086116,1,4613,4613,4613,4613,39831710,2967812,,
2026-06-16,9930466428,1,686,686,686,686,28405597,124169,,
2026-06-16,9931060493,1,3913,3913,3913,3913,25662639,650638,,
2026-06-16,9934614409,1,2551,2551,2551,2551,70404354,119131,,
2026-06-16,9940725596,1,1134,1134,1134,1134,21828349,29596,,
2026-06-16,9953328866,1,3232,3232,3232,3232,25359606,30259,,
2026-06-16,9958694666,1,3392,3392,3392,3392,34049057,313371,,
2026-06-16,9963622286,1,11121,11121,11121,11121,40874816,1786481,,
2026-06-16,9969687051,1,3752,3752,3752,3752,28667817,2024920,,
2026-06-16,9998576154,1,6620,6620,6620,6620,58094455,3889139,,
2026-06-16,10004244222,1,128054,128054,128054,128054,1117043335,20300178,,
2026-06-16,10004760418,1,4653,4653,4653,4653,100843211,135241,,
2026-06-16,10045085816,1,3456,3456,3456,3456,24799615,36484,,
2026-06-16,10051853469,1,7367,7367,7367,7367,79381749,1867577,,
2026-06-16,10052184484,1,4392,4392,4392,4392,29252213,1882737,,
2026-06-16,10065013948,1,7564,7564,7564,7564,11993646,23784,,
2026-06-16,10067868611,1,3396,3396,3396,3396,6235283,11448,,
2026-06-16,10081194651,1,6057,6057,6057,6057,31739400,131862,,
2026-06-16,10083552936,1,1451,1451,1451,1451,1794230,21203,,
2026-06-16,10086454767,1,6955,6955,6955,6955,5977480,22772,,
2026-06-16,10089507840,1,6638,6638,6638,6638,32137447,49490,,
2026-06-16,10111742174,1,12882,12882,12882,12882,11208006,33299,,
2026-06-16,10138661961,1,8307,8307,8307,8307,6172433,19984,,
2026-06-16,10138988383,1,4642,4642,4642,4642,20401885,43294,,
2026-06-16,10144280947,1,7132,7132,7132,7132,5601994,397966,,
2026-06-16,10148434559,1,21437,21437,21437,21437,14154676,124414,,
2026-06-16,10149964044,1,6407,6407,6407,6407,,,,
2026-06-16,10150875031,1,5846,5846,5846,5846,13520975,41436,,
2026-06-16,10167214983,1,12571,12571,12571,12571,37520829,2295515,,
2026-06-16,10190667429,1,4733,4733,4733,4733,6081374,11333,,
2026-06-16,10199301628,1,36154,36154,36154,36154,28679145,228546,,
2026-06-16,10200395747,1,660596,660596,660596,660596,192422866,257365,,
2026-06-16,10200713960,1,8923,8923,8923,8923,14585298,35267,,
2026-06-17,2471084,1,2923,2923,2923,2923,1300424141,4596250,,
2026-06-17,31970568,1,3882,3882,3882,3882,1576890786,6040110,,
2026-06-17,66654135,1,243199,243199,243199,243199,26343077870,22400206,,
2026-06-17,568307879,1,791,791,791,791,518492329,539189,,
2026-06-17,605887098,1,4013,4013,4013,4013,2495020678,3669395,,
2026-06-17,903807016,1,4693,4693,4693,4693,1515644833,2793786,,
2026-06-17,1198533421,1,962,962,962,962,175700755,718365,,
2026-06-17,1214576306,1,4996,4996,4996,4996,1626373127,4272032,,
2026-06-17,1430007363,1,3372,3372,3372,3372,877844757,2195240,,
2026-06-17,1489026993,2,7088,7088,6335,7841,2620235541,4278407,,
2026-06-17,1526814825,1,12263,12263,12263,12263,1048453814,4215276,,
2026-06-17,1795206523,1,1351,1351,1351,1351,937310122,922848,,
2026-06-17,1831550657,1,28929,28929,28929,28929,2040903994,10275977,,
2026-06-17,1998835206,1,3166,3166,3166,3166,571888414,1159645,,
2026-06-17,2049551477,2,3632,3632,2947,4316,1434547963,1879978,,
2026-06-17,2165551367,1,1647,1647,1647,1647,658714497,2372556,,
2026-06-17,2247578975,2,3729,3729,3681,3777,1181015011,14909893,,
2026-06-17,2274830359,1,5747,5747,5747,5747,2911726144,1949980,,
2026-06-17,2294168059,1,3092,3092,3092,3092,1199548777,3240065,,
2026-06-17,2369077151,1,8427,8427,8427,8427,352837377,9852424,,
2026-06-17,2440500124,1,19850,19850,19850,19850,7439964190,7884502,,
2026-06-17,2491559356,1,771,771,771,771,76889607,161849,,
2026-06-17,2655478023,2,3362,3362,3209,3514,975707159,3457142,,
2026-06-17,2827951974,1,1185,1185,1185,1185,802188514,671335,,
2026-06-17,2921237723,1,1770,1770,1770,1770,125959141,716724,,
2026-06-17,2992873140,1,12089,12089,12089,12089,1302796969,964938,,
2026-06-17,3034836582,1,740,740,740,740,496718484,1906134,,
2026-06-17,3164075108,1,3007,3007,3007,3007,267088010,711569,,
2026-06-17,3187874989,1,4287,4287,4287,4287,144658871,206613,,
2026-06-17,3191268194,1,4219,4219,4219,4219,1335824323,5197690,,
2026-06-17,3232181171,1,1174,1174,1174,1174,52605044,199828,,
2026-06-17,3274669156,1,685,685,685,685,65189848,631288,,
2026-06-17,3310460039,1,18549,18549,18549,18549,4437394303,105077622,,
2026-06-17,3317771874,1,126684,126684,126684,126684,2474954795,2155195,,
2026-06-17,3346892457,1,2114,2114,2114,2114,424435803,160230,,
2026-06-17,3472976893,1,2195,2195,2195,2195,133854736,1895725,,
2026-06-17,3502524667,1,2119,2119,2119,2119,735790019,3666738,,
2026-06-17,3551414857,1,7265,7265,7265,7265,607131965,1284017,,
2026-06-17,3647333358,1,31976,31976,31976,31976,8725652542,7887675,,
2026-06-17,3746418487,1,3113,3113,3113,3113,297687853,354838,,
2026-06-17,3754482795,1,6541,6541,6541,6541,1221335180,4312429,,
2026-06-17,3759884822,1,3577,3577,3577,3577,117636783,96282,,
2026-06-17,3841172115,1,7003,7003,7003,7003,124265204,615273,,
2026-06-17,4028801234,1,1210,1210,1210,1210,224425606,11902490,,
2026-06-17,4348829796,1,14348,14348,14348,14348,2511863273,10460572,,
2026-06-17,4518160318,1,5816,5816,5816,5816,611839359,1086781,,
2026-06-17,4595016786,1,3285,3285,3285,3285,575536477,700246,,
2026-06-17,4599924264,1,4813,4813,4813,4813,679756409,252698,,
2026-06-17,4673599750,1,2002,2002,2002,2002,473857571,433486,,
2026-06-17,4720386144,1,3272,3272,3272,3272,103392945,532115,,
2026-06-17,4793836769,1,6313,6313,6313,6313,266841234,5669591,,
2026-06-17,4925331346,1,4012,4012,4012,4012,290742224,442853,,
2026-06-17,4944984948,1,4295,4295,4295,4295,210876280,95102,,
2026-06-17,5195168716,1,1857,1857,1857,1857,88700738,593137,,
2026-06-17,5207621753,1,8380,8380,8380,8380,69184009,63477,,
2026-06-17,5361032378,1,49376,49376,49376,49376,1946569900,969930,,
2026-06-17,5578556129,1,12132,12132,12132,12132,1936905639,1936978,,
2026-06-17,5661020014,1,1321,1321,1321,1321,24588121,505455,,
2026-06-17,5668114043,1,2275,2275,2275,2275,227873330,711709,,
2026-06-17,5698013839,1,754,754,754,754,67575991,266854,,
2026-06-17,5750914919,1,53836,53836,53836,53836,4555247668,3455953,,
2026-06-17,5956634861,1,749,749,749,749,146315366,578700,,
2026-06-17,6072944764,1,716,716,716,716,50060069,54048,,
2026-06-17,6247557414,1,716,716,716,716,,,,
2026-06-17,6329693946,1,4706,4706,4706,4706,66446444,203626,,
2026-06-17,6409513651,1,40903,40903,40903,40903,54621921,660249,,
2026-06-17,6646518350,1,761,761,761,761,246240636,346629,,
2026-06-17,6682487255,1,7040,7040,7040,7040,448993204,216674,,
2026-06-17,6749060816,1,9598,9598,9598,9598,219721695,1539875,,
2026-06-17,7018190066,1,29703,29703,29703,29703,6372541196,5854713,,
2026-06-17,7058980030,1,6006,6006,6006,6006,518854725,872304,,
2026-06-17,7076793942,1,753,753,753,753,82238654,209628,,
2026-06-17,7082244450,1,4190,4190,4190,4190,,,,
2026-06-17,7082423811,1,3707,3707,3707,3707,262090965,1537947,,
2026-06-17,7094518649,1,14023,14023,14023,14023,298389968,732357,,
2026-06-17,7127084123,1,3670,3670,3670,3670,132621950,283540,,
2026-06-17,7128163167,1,2469,2469,2469,2469,57270487,96898,,
2026-06-17,7219654364,1,35289,35289,35289,35289,1197130441,13289248,,
2026-06-17,7332711118,1,5662,5662,5662,5662,1840142215,2435788,,
2026-06-17,7383133134,1,638,638,638,638,96386319,708466,,
2026-06-17,7435020231,1,1421,1421,1421,1421,30501402,113318,,
2026-06-17,7436755782,1,73267,73267,73267,73267,35583576464,11139935,,
2026-06-17,7450124099,1,4438,4438,4438,4438,116159648,644496,,
2026-06-17,7585079192,1,9117,9117,9117,9117,37007535,140544,,
2026-06-17,7690412163,1,932,932,932,932,80555594,185746,,
2026-06-17,7709344486,1,157896,157896,157896,157896,70046753827,28405869,,
2026-06-17,7798947148,1,3197,3197,3197,3197,123026827,280414,,
2026-06-17,7891669427,1,1226,1226,1226,1226,27676600,709364,,
2026-06-17,8014099969,1,1885,1885,1885,1885,135895819,230566,,
2026-06-17,8291789996,1,3552,3552,3552,3552,,,,
2026-06-17,8313824597,1,1402,1402,1402,1402,18552718,26996,,
2026-06-17,8316902627,1,4359,4359,4359,4359,4656483008,1935485,,
2026-06-17,8356066619,1,45303,45303,45303,45303,11202603,16391,,
2026-06-17,8504461817,2,2812,2812,2553,3070,163086030,78991,,
2026-06-17,8539298853,1,25758,25758,25758,25758,1175743133,1556546,,
2026-06-17,8696670616,1,2886,2886,2886,2886,,,,
2026-06-17,8759966530,1,4729,4729,4729,4729,95321469,344427,,
2026-06-17,8786713187,1,4241,4241,4241,4241,106711884,265516,,
2026-06-17,8791358380,1,7346,7346,7346,7346,374009826,11167683,,
2026-06-17,8844400854,1,1692,1692,1692,1692,178084723,401748,,
2026-06-17,8950496606,1,3288,3288,3288,3288,156817551,395920,,
2026-06-17,9029463012,1,1382,1382,1382,1382,103800207,396597,,
2026-06-17,9073513091,1,4082,4082,4082,4082,98323172,132118,,
2026-06-17,9077534770,1,1809,1809,1809,1809,50551064,152878,,
2026-06-17,9098570654,1,17603,17603,17603,17603,166980645,257817,,
2026-06-17,9122463229,1,9014,9014,9014,9014,,,,
2026-06-17,9129640671,1,11028,11028,11028,11028,,,,
2026-06-17,9141743926,1,18899,18899,18899,18899,342952930,538956,,
2026-06-17,9145063979,1,9372,9372,9372,9372,480345330,465792,,
2026-06-17,9177208241,1,2910,2910,2910,2910,54671201,315750,,
2026-06-17,9219116196,1,7851,7851,7851,7851,61503279,153511,,
2026-06-17,9231693026,1,2948,2948,2948,2948,,,,
2026-06-17,9266873836,1,2811,2811,2811,2811,151745826,133096,,
2026-06-17,9296042754,1,3254,3254,3254,3254,36145671,176509,,
2026-06-17,9315472782,1,1543,1543,1543,1543,14827488,91264,,
2026-06-17,9315739469,1,2262,2262,2262,2262,69148538,71056,,
2026-06-17,9348272796,1,56102,56102,56102,56102,483281544,448624,,
2026-06-17,9362896961,1,7161,7161,7161,7161,131007230,207822,,
2026-06-17,9363735110,1,12124,12124,12124,12124,5620275792,2002241,,
2026-06-17,9409870130,1,1358,1358,1358,1358,14031076,180952,,
2026-06-17,9411563986,1,3014,3014,3014,3014,69292104,121894,,
2026-06-17,9452898647,1,2731,2731,2731,2731,100850077,4206170,,
2026-06-17,9491545867,1,2930,2930,2930,2930,97331022,1016668,,
2026-06-17,9494058490,1,12312,12312,12312,12312,,,,
2026-06-17,9501409571,1,1273,1273,1273,1273,34085210,170422,,
2026-06-17,9513686983,1,6050,6050,6050,6050,380376448,12283092,,
2026-06-17,9526307912,2,3548,3548,3355,3741,68091730,117498,,
2026-06-17,9556113881,1,1593,1593,1593,1593,32656445,151482,,
2026-06-17,9561553764,1,7555,7555,7555,7555,21912412,39909,,
2026-06-17,9584852943,1,259645,259645,259645,259645,1247105372,2337946,,
2026-06-17,9660713566,1,2772,2772,2772,2772,73208763,4677232,,
2026-06-17,9711972386,1,2740,2740,2740,2740,8103021,17539,,
2026-06-17,9725232502,1,809,809,809,809,10980673,80510,,
2026-06-17,9741799896,1,4750,4750,4750,4750,32518214,1865858,,
2026-06-17,9758688665,1,2840,2840,2840,2840,86113940,4510378,,
2026-06-17,9787206684,1,7121,7121,7121,7121,738979735,2881160,,
2026-06-17,9792947201,1,27668,27668,27668,27668,494630675,3384444,,
2026-06-17,9797806474,1,25085,25085,25085,25085,11336252,12679,,
2026-06-17,9859536675,1,2754,2754,2754,2754,,,,
2026-06-17,9913633503,1,636,636,636,636,32304724,2583529,,
2026-06-17,9929086116,1,3968,3968,3968,3968,40198545,2983787,,
2026-06-17,9930466428,1,1012,1012,1012,1012,28564352,124443,,
2026-06-17,9931060493,1,3513,3513,3513,3513,26026675,655182,,
2026-06-17,9940725596,1,1307,1307,1307,1307,22025981,29830,,
2026-06-17,9953328866,1,3258,3258,3258,3258,25702715,30650,,
2026-06-17,9958694666,1,2861,2861,2861,2861,34327021,315285,,
2026-06-17,9963622286,1,12353,12353,12353,12353,41886331,1821085,,
2026-06-17,9969687051,1,4298,4298,4298,4298,,,,
2026-06-17,9998576154,1,9022,9022,9022,9022,58745507,3932469,,
2026-06-17,10004244222,1,102498,102498,102498,102498,1127396202,20398966,,
2026-06-17,10004760418,1,3836,3836,3836,3836,101345099,135980,,
2026-06-17,10051853469,1,8237,8237,8237,8237,80056814,1881332,,
2026-06-17,10052184484,1,4184,4184,4184,4184,29576322,1901034,,
2026-06-17,10065013948,1,8891,8891,8891,8891,12689924,25031,,
2026-06-17,10081194651,1,5386,5386,5386,5386,32158240,133267,,
2026-06-17,10083552936,1,1193,1193,1193,1193,1955537,31094,,
2026-06-17,10086454767,1,6982,6982,6982,6982,6536517,24396,,
2026-06-17,10089507840,1,7208,7208,7208,7208,33484350,51370,,
2026-06-17,10111742174,1,12041,12041,12041,12041,11792211,34333,,
2026-06-17,10138661961,1,6909,6909,6909,6909,6904160,22029,,
2026-06-17,10144280947,1,7423,7423,7423,7423,6260111,439735,,
2026-06-17,10148434559,1,25009,25009,25009,25009,15694378,135786,,
2026-06-17,10149964044,1,6407,6407,6407,6407,,,,
2026-06-17,10150875031,1,6007,6007,6007,6007,14002095,42525,,
2026-06-17,10167214983,1,9848,9848,9848,9848,38311101,2331074,,
2026-06-17,10190667429,1,4417,4417,4417,4417,6485278,11997,,
2026-06-17,10199301628,1,29502,29502,29502,29502,32041667,250804,,
2026-06-17,10200395747,1,624876,624876,624876,624876,231769790,283114,,
2026-06-17,10200713960,1,7514,7514,7514,7514,16000210,38115,,
2026-06-18,2471084,1,2940,2940,2940,2940,1300617250,4596603,,
2026-06-18,31970568,1,3911,3911,3911,3911,1577246449,6040621,,
2026-06-18,66654135,1,264767,264767,264767,264767,26369937906,22414287,,
2026-06-18,125205164,1,704,704,704,704,358338221,2058692,,
2026-06-18,568307879,1,760,760,760,760,518594158,539300,,
2026-06-18,605887098,1,3846,3846,3846,3846,2495423238,3669939,,
2026-06-18,903807016,1,4732,4732,4732,4732,1516517255,2794482,,
2026-06-18,1198533421,1,1046,1046,1046,1046,175773209,718487,,
2026-06-18,1214576306,1,4703,4703,4703,4703,1626721101,4272627,,
2026-06-18,1430007363,1,3450,3450,3450,3450,878319542,2197873,,
2026-06-18,1489026993,2,7076,7076,6460,7691,2620988352,4279348,,
2026-06-18,1526814825,1,11560,11560,11560,11560,1049257128,4217479,,
2026-06-18,1795206523,1,1190,1190,1190,1190,937547827,922977,,
2026-06-18,1831550657,1,24744,24744,24744,24744,2042960031,10284368,,
2026-06-18,1998835206,1,3455,3455,3455,3455,572219685,1159904,,
2026-06-18,2049551477,2,3660,3660,2786,4535,1435069472,1880592,,
2026-06-18,2165551367,1,1815,1815,1815,1815,658979933,2374151,,
2026-06-18,2247578975,2,3751,3751,3586,3916,1181571258,14910196,,
2026-06-18,2274830359,1,5713,5713,5713,5713,2912521117,1950609,,
2026-06-18,2294168059,1,3404,3404,3404,3404,1199836316,3240689,,
2026-06-18,2369077151,1,7025,7025,7025,7025,353580054,9866997,,
2026-06-18,2440500124,1,20996,20996,20996,20996,7442406281,7887081,,
2026-06-18,2491559356,1,794,794,794,794,76956666,161924,,
2026-06-18,2655478023,2,3458,3458,3270,3647,976266566,3457585,,
2026-06-18,2827951974,1,1169,1169,1169,1169,802359375,671553,,
2026-06-18,2921237723,1,1877,1877,1877,1877,126146319,717376,,
2026-06-18,2992873140,1,11708,11708,11708,11708,1303900216,965518,,
2026-06-18,3034836582,1,819,819,819,819,496815171,1906267,,
2026-06-18,3164075108,1,2840,2840,2840,2840,267288729,711872,,
2026-06-18,3187874989,1,4610,4610,4610,4610,145144445,207139,,
2026-06-18,3191268194,1,4158,4158,4158,4158,1336183171,5203034,,
2026-06-18,3232181171,1,1366,1366,1366,1366,52743211,200421,,
2026-06-18,3310460039,1,18244,18244,18244,18244,4439799110,105078558,,
2026-06-18,3317771874,1,98859,98859,98859,98859,2476757266,2156270,,
2026-06-18,3346892457,1,2281,2281,2281,2281,424751288,160544,,
2026-06-18,3472976893,1,2169,2169,2169,2169,134181988,1907064,,
2026-06-18,3502524667,1,2072,2072,2072,2072,736153061,3667059,,
2026-06-18,3551414857,1,9516,9516,9516,9516,607881516,1285238,,
2026-06-18,3647333358,1,32655,32655,32655,32655,8730170335,7892380,,
2026-06-18,3746418487,1,3043,3043,3043,3043,298037613,355276,,
2026-06-18,3754482795,1,5898,5898,5898,5898,1222133994,4315225,,
2026-06-18,3759884822,1,3566,3566,3566,3566,,,,
2026-06-18,3841172115,1,8149,8149,8149,8149,125050863,617665,,
2026-06-18,4028801234,1,1248,1248,1248,1248,,,,
2026-06-18,4348829796,1,15751,15751,15751,15751,2513860445,10472763,,
2026-06-18,4518160318,1,5669,5669,5669,5669,612240717,1087669,,
2026-06-18,4595016786,1,3179,3179,3179,3179,575903371,701004,,
2026-06-18,4599924264,1,4016,4016,4016,4016,680434617,253320,,
2026-06-18,4673599750,1,2233,2233,2233,2233,474462189,434071,,
2026-06-18,4720386144,1,3358,3358,3358,3358,103667766,532958,,
2026-06-18,4793836769,1,6823,6823,6823,6823,267384775,5681821,,
2026-06-18,4925331346,1,3828,3828,3828,3828,291061096,443444,,
2026-06-18,4944984948,1,5307,5307,5307,5307,211667135,95637,,
2026-06-18,5195168716,1,1881,1881,1881,1881,88862878,594022,,
2026-06-18,5207621753,1,8382,8382,8382,8382,69901678,63936,,
2026-06-18,5361032378,1,48878,48878,48878,48878,1949061261,970215,,
2026-06-18,5578556129,1,11835,11835,11835,11835,1937510120,1938443,,
2026-06-18,5661020014,1,1080,1080,1080,1080,24976067,508353,,
2026-06-18,5668114043,1,2463,2463,2463,2463,228099165,712182,,
2026-06-18,5698013839,1,750,750,750,750,67644423,267078,,
2026-06-18,5750914919,1,52566,52566,52566,52566,4558086956,3458454,,
2026-06-18,5956634861,1,715,715,715,715,146407227,578848,,
2026-06-18,6072944764,1,844,844,844,844,50129494,54182,,
2026-06-18,6247557414,1,716,716,716,716,,,,
2026-06-18,6314664695,1,676,676,676,676,57603770,2714466,,
2026-06-18,6329693946,1,4578,4578,4578,4578,66709323,204159,,
2026-06-18,6409513651,1,38909,38909,38909,38909,56143275,670133,,
2026-06-18,6646518350,1,759,759,759,759,246475363,346690,,
2026-06-18,6682487255,1,6889,6889,6889,6889,449592454,216824,,
2026-06-18,6749060816,1,9531,9531,9531,9531,220458157,1544472,,
2026-06-18,7018190066,1,31745,31745,31745,31745,6375215190,5860848,,
2026-06-18,7058980030,1,5662,5662,5662,5662,519809573,873759,,
2026-06-18,7076793942,1,710,710,710,710,82315942,209717,,
2026-06-18,7082244450,1,4190,4190,4190,4190,,,,
2026-06-18,7082423811,1,3504,3504,3504,3504,262448493,1538421,,
2026-06-18,7094518649,1,14238,14238,14238,14238,299246722,735172,,
2026-06-18,7127084123,1,3581,3581,3581,3581,,,,
2026-06-18,7128163167,1,2854,2854,2854,2854,57548708,97388,,
2026-06-18,7219654364,1,43501,43501,43501,43501,1202037177,13322379,,
2026-06-18,7332711118,1,5282,5282,5282,5282,1840680014,2436321,,
2026-06-18,7383133134,1,677,677,677,677,96485120,709171,,
2026-06-18,7435020231,1,1346,1346,1346,1346,30588758,113429,,
2026-06-18,7436755782,1,67350,67350,67350,67350,35590325733,11147693,,
2026-06-18,7577791613,1,744,744,744,744,93189495,561733,,
2026-06-18,7585079192,1,7939,7939,7939,7939,37418283,141876,,
2026-06-18,7690412163,1,977,977,977,977,80641009,186033,,
2026-06-18,7709344486,1,74287,74287,74287,74287,70077835816,28414411,,
2026-06-18,7798947148,1,2911,2911,2911,2911,123349982,280874,,
2026-06-18,7891669427,1,1227,1227,1227,1227,27796673,711868,,
2026-06-18,8014099969,1,1794,1794,1794,1794,136109418,230823,,
2026-06-18,8291789996,1,3552,3552,3552,3552,,,,
2026-06-18,8313824597,1,1336,1336,1336,1336,18663926,27138,,
2026-06-18,8316902627,1,4035,4035,4035,4035,4657011687,1937101,,
2026-06-18,8356066619,1,50093,50093,50093,50093,13691164,19143,,
2026-06-18,8504461817,2,2934,2934,2681,3188,163512741,79350,,
2026-06-18,8539298853,1,23054,23054,23054,23054,1177771158,1560157,,
2026-06-18,8696670616,1,2886,2886,2886,2886,,,,
2026-06-18,8759966530,1,5479,5479,5479,5479,95908179,345565,,
2026-06-18,8786713187,1,3957,3957,3957,3957,107053255,266213,,
2026-06-18,8791358380,1,7442,7442,7442,7442,374806050,11185514,,
2026-06-18,8844400854,1,1482,1482,1482,1482,178258501,401857,,
2026-06-18,8950496606,1,4040,4040,4040,4040,157097424,396731,,
2026-06-18,9029463012,1,1506,1506,1506,1506,103933605,397018,,
2026-06-18,9073513091,1,3696,3696,3696,3696,98951052,132910,,
2026-06-18,9077534770,1,1976,1976,1976,1976,50736657,153399,,
2026-06-18,9098570654,1,17933,17933,17933,17933,168194187,259915,,
2026-06-18,9122463229,1,9014,9014,9014,9014,,,,
2026-06-18,9129640671,1,11028,11028,11028,11028,,,,
2026-06-18,9141743926,1,18524,18524,18524,18524,344803676,540784,,
2026-06-18,9145063979,1,8453,8453,8453,8453,481416133,467116,,
2026-06-18,9145282410,1,860,860,860,860,33446943,246479,,
2026-06-18,9177208241,1,3393,3393,3393,3393,55005963,317023,,
2026-06-18,9219116196,1,8771,8771,8771,8771,62236746,155413,,
2026-06-18,9231693026,1,2948,2948,2948,2948,,,,
2026-06-18,9296042754,1,3555,3555,3555,3555,36493461,178054,,
2026-06-18,9315472782,1,1685,1685,1685,1685,15008333,92209,,
2026-06-18,9315739469,1,2247,2247,2247,2247,69489709,71460,,
2026-06-18,9348272796,1,51068,51068,51068,51068,487816125,453037,,
2026-06-18,9362896961,1,7157,7157,7157,7157,131423755,208027,,
2026-06-18,9363735110,1,11414,11414,11414,11414,5621999397,2002982,,
2026-06-18,9409870130,1,1674,1674,1674,1674,14181770,182660,,
2026-06-18,9411563986,1,3417,3417,3417,3417,69750621,122667,,
2026-06-18,9452898647,1,2885,2885,2885,2885,101167113,4218342,,
2026-06-18,9491545867,1,3404,3404,3404,3404,97743358,1019472,,
2026-06-18,9494058490,1,12312,12312,12312,12312,,,,
2026-06-18,9501409571,1,1256,1256,1256,1256,34244667,170869,,
2026-06-18,9513686983,1,5266,5266,5266,5266,380999251,12304503,,
2026-06-18,9526307912,2,3289,3289,2802,3776,68495716,118100,,
2026-06-18,9556113881,1,1893,1893,1893,1893,32808350,151979,,
2026-06-18,9561553764,1,8520,8520,8520,8520,23698549,41012,,
2026-06-18,9584852943,1,275170,275170,275170,275170,1303406256,2397528,,
2026-06-18,9660713566,1,2723,2723,2723,2723,73646989,4697383,,
2026-06-18,9711972386,1,2795,2795,2795,2795,8251224,17819,,
2026-06-18,9725232502,1,865,865,865,865,11055527,80853,,
2026-06-18,9741799896,1,4251,4251,4251,4251,33316441,1901078,,
2026-06-18,9758688665,1,2928,2928,2928,2928,86468803,4526118,,
2026-06-18,9787206684,1,6589,6589,6589,6589,739864800,2883331,,
2026-06-18,9792947201,1,25842,25842,25842,25842,497069828,3394521,,
2026-06-18,9797806474,1,24504,24504,24504,24504,12413699,13644,,
2026-06-18,9859536675,1,2754,2754,2754,2754,,,,
2026-06-18,9929086116,1,3744,3744,3744,3744,40647129,3006195,,
2026-06-18,9930466428,1,1019,1019,1019,1019,28747876,124789,,
2026-06-18,9931060493,1,3359,3359,3359,3359,26456927,660899,,
2026-06-18,9940725596,1,1602,1602,1602,1602,22259572,30106,,
2026-06-18,9953328866,1,4165,4165,4165,4165,26148190,31207,,
2026-06-18,9958694666,1,2747,2747,2747,2747,34646581,317474,,
2026-06-18,9963622286,1,10178,10178,10178,10178,43091789,1860521,,
2026-06-18,9969687051,1,6376,6376,6376,6376,29610622,2084123,,
2026-06-18,9998576154,1,8095,8095,8095,8095,59625578,3989856,,
2026-06-18,10004244222,1,95778,95778,95778,95778,1139605418,20525626,,
2026-06-18,10004760418,1,4092,4092,4092,4092,101962384,136916,,
2026-06-18,10045085816,1,3200,3200,3200,3200,25304653,37034,,
2026-06-18,10051853469,1,7911,7911,7911,7911,80916556,1900230,,
2026-06-18,10052184484,1,4200,4200,4200,4200,29999872,1925896,,
2026-06-18,10065013948,1,10171,10171,10171,10171,13809534,26965,,
2026-06-18,10067868611,1,2830,2830,2830,2830,6900792,12346,,
2026-06-18,10081194651,1,6445,6445,6445,6445,32756303,135475,,
2026-06-18,10083552936,1,1321,1321,1321,1321,2116149,40786,,
2026-06-18,10086454767,1,8775,8775,8775,8775,7132150,26123,,
2026-06-18,10089507840,1,5348,5348,5348,5348,35231338,53632,,
2026-06-18,10111742174,1,11619,11619,11619,11619,12514152,36152,,
2026-06-18,10138661961,1,6666,6666,6666,6666,7795845,24502,,
2026-06-18,10144280947,1,5891,5891,5891,5891,7036511,483646,,
2026-06-18,10148434559,1,24808,24808,24808,24808,17670691,150480,,
2026-06-18,10149964044,1,6407,6407,6407,6407,,,,
2026-06-18,10150875031,1,6431,6431,6431,6431,14662286,44040,,
2026-06-18,10167214983,1,8388,8388,8388,8388,39123335,2367140,,
2026-06-18,10190667429,1,4140,4140,4140,4140,6954762,12743,,
2026-06-18,10199301628,1,26969,26969,26969,26969,36258354,278554,,
2026-06-18,10200395747,1,520134,520134,520134,520134,278357501,312793,,
2026-06-18,10200713960,1,6170,6170,6170,6170,17488765,40975,,
2026-06-18,10230921598,1,21695,21695,21695,21695,13343437,1229653,,
2026-06-18,10244001346,1,8862,8862,8862,8862,10640429,11267,,
2026-06-18,10321202755,1,7296,7296,7296,7296,1463989,48580,,
2026-06-19,2471084,1,2887,2887,2887,2887,1300817666,4597035,,
2026-06-19,31970568,1,4109,4109,4109,4109,1577612893,6041068,,
2026-06-19,66654135,1,272423,272423,272423,272423,26397721183,22428478,,
2026-06-19,568307879,1,852,852,852,852,518697417,539425,,
2026-06-19,605887098,1,3667,3667,3667,3667,2495822928,3670481,,
2026-06-19,903807016,1,5054,5054,5054,5054,1517417490,2795203,,
2026-06-19,1198533421,1,1403,1403,1403,1403,175852346,718581,,
2026-06-19,1214576306,1,4605,4605,4605,4605,1627070672,4273151,,
2026-06-19,1430007363,1,3852,3852,3852,3852,878814041,2200545,,
2026-06-19,1489026993,2,7283,7283,7054,7512,2621743731,4280338,,
2026-06-19,1526814825,1,11807,11807,11807,11807,1050087556,4219817,,
2026-06-19,1637284552,1,755,755,755,755,188942310,269651,,
2026-06-19,1795206523,1,1317,1317,1317,1317,937789970,923094,,
2026-06-19,1831550657,1,30042,30042,30042,30042,2045021204,10293708,,
2026-06-19,1998835206,1,3490,3490,3490,3490,572504549,1160147,,
2026-06-19,2049551477,2,3810,3810,2883,4736,1435587178,1881243,,
2026-06-19,2165551367,1,1716,1716,1716,1716,659242795,2375680,,
2026-06-19,2247578975,2,4384,4384,4083,4685,1182153678,14910548,,
2026-06-19,2274830359,1,6159,6159,6159,6159,2913371711,1951350,,
2026-06-19,2294168059,1,4003,4003,4003,4003,1200140623,3241278,,
2026-06-19,2369077151,1,7035,7035,7035,7035,354313640,9880986,,
2026-06-19,2440500124,1,21992,21992,21992,21992,7444887806,7889705,,
2026-06-19,2491559356,1,791,791,791,791,77023994,162027,,
2026-06-19,2655478023,2,3892,3892,3477,4308,976832635,3458068,,
2026-06-19,2827951974,1,1226,1226,1226,1226,802533136,671774,,
2026-06-19,2921237723,1,2086,2086,2086,2086,126347993,718050,,
2026-06-19,2992873140,1,12555,12555,12555,12555,1305036690,966132,,
2026-06-19,3034836582,1,845,845,845,845,496918371,1906403,,
2026-06-19,3164075108,1,2911,2911,2911,2911,267489438,712195,,
2026-06-19,3187874989,1,5143,5143,5143,5143,145643696,207703,,
2026-06-19,3191268194,1,4109,4109,4109,4109,1336551277,5208308,,
2026-06-19,3232181171,1,1483,1483,1483,1483,52892036,201047,,
2026-06-19,3274669156,1,786,786,786,786,65281551,632133,,
2026-06-19,3310460039,1,19358,19358,19358,19358,4442370175,105079602,,
2026-06-19,3317771874,1,124551,124551,124551,124551,2478576238,2157456,,
2026-06-19,3346892457,1,2360,2360,2360,2360,425076729,160890,,
2026-06-19,3472976893,1,2436,2436,2436,2436,134538271,1919130,,
2026-06-19,3502524667,1,2356,2356,2356,2356,736522106,3667377,,
2026-06-19,3551414857,1,9966,9966,9966,9966,608708154,1286604,,
2026-06-19,3647333358,1,30156,30156,30156,30156,8734728909,7896891,,
2026-06-19,3746418487,1,3091,3091,3091,3091,298403548,355746,,
2026-06-19,3754482795,1,5846,5846,5846,5846,1222932636,4317985,,
2026-06-19,3759884822,1,3690,3690,3690,3690,118149673,96831,,
2026-06-19,3841172115,1,8603,8603,8603,8603,125868140,619927,,
2026-06-19,4028801234,1,1381,1381,1381,1381,224703270,11917988,,
2026-06-19,4348829796,1,15495,15495,15495,15495,2515794123,10484979,,
2026-06-19,4518160318,1,6025,6025,6025,6025,612658109,1088657,,
2026-06-19,4595016786,1,3262,3262,3262,3262,576283173,701675,,
2026-06-19,4599924264,1,4104,4104,4104,4104,681129401,253975,,
2026-06-19,4673599750,1,2467,2467,2467,2467,475109968,434679,,
2026-06-19,4720386144,1,3497,3497,3497,3497,103939496,533798,,
2026-06-19,4793836769,1,7168,7168,7168,7168,267953906,5695153,,
2026-06-19,4925331346,1,4209,4209,4209,4209,291390350,444024,,
2026-06-19,4944984948,1,5350,5350,5350,5350,212510904,96233,,
2026-06-19,5195168716,1,1909,1909,1909,1909,89024361,594828,,
2026-06-19,5207621753,1,8363,8363,8363,8363,70637024,64392,,
2026-06-19,5361032378,1,48293,48293,48293,48293,1951609626,970870,,
2026-06-19,5578556129,1,11059,11059,11059,11059,1938146646,1940041,,
2026-06-19,5661020014,1,909,909,909,909,25064605,509348,,
2026-06-19,5668114043,1,2580,2580,2580,2580,228325592,712642,,
2026-06-19,5698013839,1,766,766,766,766,67709028,267256,,
2026-06-19,5750914919,1,56154,56154,56154,56154,4561087634,3461160,,
2026-06-19,5956634861,1,845,845,845,845,146502599,578992,,
2026-06-19,6072944764,1,838,838,838,838,50201110,54270,,
2026-06-19,6247557414,1,716,716,716,716,,,,
2026-06-19,6314664695,1,890,890,890,890,57658903,2716672,,
2026-06-19,6329693946,1,4485,4485,4485,4485,66976436,204666,,
2026-06-19,6409513651,1,39214,39214,39214,39214,57695748,680533,,
2026-06-19,6646518350,1,815,815,815,815,246705240,346810,,
2026-06-19,6682487255,1,7286,7286,7286,7286,450205008,217063,,
2026-06-19,6707924214,1,2998,2998,2998,2998,167573481,3195265,,
2026-06-19,6749060816,1,9423,9423,9423,9423,221187918,1548887,,
2026-06-19,7018190066,1,33898,33898,33898,33898,6377917942,5866637,,
2026-06-19,7058980030,1,5950,5950,5950,5950,520824343,875356,,
2026-06-19,7076793942,1,797,797,797,797,82395770,209821,,
2026-06-19,7082244450,1,4190,4190,4190,4190,,,,
2026-06-19,7082423811,1,3617,3617,3617,3617,262817601,1538870,,
2026-06-19,7094518649,1,14226,14226,14226,14226,300135184,737495,,
2026-06-19,7113705633,1,3465,3465,3465,3465,15378020,375671,,
2026-06-19,7127084123,1,3580,3580,3580,3580,133173496,284772,,
2026-06-19,7128163167,1,2883,2883,2883,2883,57834289,97878,,
2026-06-19,7219654364,1,48641,48641,48641,48641,1207119357,13357300,,
2026-06-19,7332711118,1,5267,5267,5267,5267,1841224735,2436907,,
2026-06-19,7383133134,1,803,803,803,803,96585968,709894,,
2026-06-19,7435020231,1,1451,1451,1451,1451,30674227,113533,,
2026-06-19,7436755782,1,65558,65558,65558,65558,35596896213,11155988,,
2026-06-19,7569509385,1,2455,2455,2455,2455,71447082,462708,,
2026-06-19,7577791613,1,725,725,725,725,93442401,562252,,
2026-06-19,7585079192,1,7098,7098,7098,7098,37795651,142822,,
2026-06-19,7690412163,1,1075,1075,1075,1075,80730624,186363,,
2026-06-19,7709344486,1,131797,131797,131797,131797,70110661259,28422660,,
2026-06-19,7798947148,1,2784,2784,2784,2784,123661802,281321,,
2026-06-19,7891669427,1,1456,1456,1456,1456,27916864,714400,,
2026-06-19,8014099969,1,1901,1901,1901,1901,136319772,231167,,
2026-06-19,8291789996,1,3552,3552,3552,3552,,,,
2026-06-19,8313824597,1,1482,1482,1482,1482,18771390,27272,,
2026-06-19,8316902627,1,4261,4261,4261,4261,4657559850,1939057,,
2026-06-19,8356066619,1,52948,52948,52948,52948,16265026,21312,,
2026-06-19,8504461817,2,3068,3068,2917,3220,163941313,79719,,
2026-06-19,8539298853,1,24938,24938,24938,24938,1179930068,1564559,,
2026-06-19,8696670616,1,2886,2886,2886,2886,,,,
2026-06-19,8759966530,1,4922,4922,4922,4922,96479921,346718,,
2026-06-19,8786713187,1,3891,3891,3891,3891,107358937,266807,,
2026-06-19,8791358380,1,7386,7386,7386,7386,375635546,11204737,,
2026-06-19,8844400854,1,1322,1322,1322,1322,178407116,401895,,
2026-06-19,8950496606,1,4214,4214,4214,4214,157405843,397448,,
2026-06-19,9029463012,1,1438,1438,1438,1438,104058285,397388,,
2026-06-19,9073513091,1,3565,3565,3565,3565,99558568,133778,,
2026-06-19,9077534770,1,2022,2022,2022,2022,50921977,153953,,
2026-06-19,9098570654,1,18007,18007,18007,18007,169448232,261846,,
2026-06-19,9122463229,1,9014,9014,9014,9014,,,,
2026-06-19,9129640671,1,11028,11028,11028,11028,,,,
2026-06-19,9141743926,1,25742,25742,25742,25742,346890495,542653,,
2026-06-19,9145063979,1,9200,9200,9200,9200,482572179,468588,,
2026-06-19,9145282410,1,817,817,817,817,33515324,246827,,
2026-06-19,9177208241,1,3405,3405,3405,3405,55342737,318270,,
2026-06-19,9219116196,1,8940,8940,8940,8940,62978065,157293,,
2026-06-19,9231693026,1,2948,2948,2948,2948,,,,
2026-06-19,9296042754,1,3883,3883,3883,3883,36872092,179725,,
2026-06-19,9315472782,1,1807,1807,1807,1807,15193851,93123,,
2026-06-19,9315739469,1,2424,2424,2424,2424,69824940,71891,,
2026-06-19,9316885643,1,627,627,627,627,210738665,6193403,,
2026-06-19,9348272796,1,54094,54094,54094,54094,492599019,457572,,
2026-06-19,9362896961,1,7038,7038,7038,7038,131823188,208264,,
2026-06-19,9363735110,1,12009,12009,12009,12009,5623489650,2003766,,
2026-06-19,9409870130,1,1641,1641,1641,1641,14337119,184376,,
2026-06-19,9411563986,1,3442,3442,3442,3442,70216193,123414,,
2026-06-19,9452898647,1,2765,2765,2765,2765,101494074,4230203,,
2026-06-19,9491545867,1,3654,3654,3654,3654,98162212,1022486,,
2026-06-19,9494058490,1,12312,12312,12312,12312,,,,
2026-06-19,9501409571,1,1390,1390,1390,1390,34395582,171314,,
2026-06-19,9513686983,1,5012,5012,5012,5012,381627399,12326130,,
2026-06-19,9526307912,2,3354,3354,2717,3991,68906781,118720,,
2026-06-19,9556113881,1,1693,1693,1693,1693,32961265,152519,,
2026-06-19,9561553764,1,8660,8660,8660,8660,25602400,42168,,
2026-06-19,9584852943,1,268466,268466,268466,268466,1347512816,2458113,,
2026-06-19,9660713566,1,2942,2942,2942,2942,74103141,4718485,,
2026-06-19,9711972386,1,2863,2863,2863,2863,8403976,18085,,
2026-06-19,9725232502,1,1005,1005,1005,1005,11129629,81205,,
2026-06-19,9741799896,1,4487,4487,4487,4487,34138831,1938497,,
2026-06-19,9758688665,1,3058,3058,3058,3058,86843351,4542587,,
2026-06-19,9787206684,1,6224,6224,6224,6224,740750833,2885415,,
2026-06-19,9792947201,1,23936,23936,23936,23936,499458752,3405333,,
2026-06-19,9797806474,1,23931,23931,23931,23931,13470128,14392,,
2026-06-19,9859536675,1,2754,2754,2754,2754,,,,
2026-06-19,9913633503,1,757,757,757,757,32815747,2618622,,
2026-06-19,9929086116,1,3701,3701,3701,3701,41090106,3028101,,
2026-06-19,9930466428,1,1087,1087,1087,1087,28932097,125126,,
2026-06-19,9931060493,1,3282,3282,3282,3282,26907048,666995,,
2026-06-19,9940725596,1,1635,1635,1635,1635,22501342,30384,,
2026-06-19,9953328866,1,3594,3594,3594,3594,26653514,31790,,
2026-06-19,9958694666,1,2826,2826,2826,2826,34977653,319824,,
2026-06-19,9963622286,1,10890,10890,10890,10890,44282399,1896669,,
2026-06-19,9969687051,1,6154,6154,6154,6154,30249185,2121550,,
2026-06-19,9998576154,1,8407,8407,8407,8407,60535802,4046136,,
2026-06-19,10004244222,1,98015,98015,98015,98015,1151993096,20657812,,
2026-06-19,10004760418,1,4429,4429,4429,4429,102617502,137922,,
2026-06-19,10045085816,1,2972,2972,2972,2972,25588713,37361,,
2026-06-19,10051853469,1,9115,9115,9115,9115,81795490,1918302,,
2026-06-19,10052184484,1,4554,4554,4554,4554,30442813,1951575,,
2026-06-19,10065013948,1,10056,10056,10056,10056,14926421,28864,,
2026-06-19,10067868611,1,3370,3370,3370,3370,7285545,12894,,
2026-06-19,10081194651,1,6281,6281,6281,6281,33395308,137725,,
2026-06-19,10083552936,1,1336,1336,1336,1336,,,,
2026-06-19,10086454767,1,8660,8660,8660,8660,7729668,27853,,
2026-06-19,10089507840,1,5314,5314,5314,5314,36778991,55682,,
2026-06-19,10111742174,1,11730,11730,11730,11730,13263198,37925,,
2026-06-19,10138661961,1,7624,7624,7624,7624,8767250,27077,,
2026-06-19,10144280947,1,6124,6124,6124,6124,7809096,524282,,
2026-06-19,10148434559,1,27206,27206,27206,27206,19818335,166769,,
2026-06-19,10149964044,1,6407,6407,6407,6407,,,,
2026-06-19,10150875031,1,6668,6668,6668,6668,15325161,45593,,
2026-06-19,10167214983,1,8116,8116,8116,8116,39874032,2400166,,
2026-06-19,10190667429,1,4408,4408,4408,4408,,,,
2026-06-19,10199301628,1,33660,33660,33660,33660,40654050,306337,,
2026-06-19,10200395747,1,585486,585486,585486,585486,327224811,342451,,
2026-06-19,10200713960,1,6369,6369,6369,6369,18946270,43611,,
2026-06-19,10230921598,1,24849,24849,24849,24849,16487457,1466684,,
2026-06-19,10244001346,1,10031,10031,10031,10031,12545795,13619,,
2026-06-19,10321202755,1,7500,7500,7500,7500,1790563,55969,,
2026-06-20,2471084,1,3225,3225,3225,3225,1301024693,4597372,,
2026-06-20,31970568,1,5431,5431,5431,5431,1578009798,6041658,,
2026-06-20,66654135,1,254713,254713,254713,254713,26428938128,22444291,,
2026-06-20,568307879,1,802,802,802,802,518823276,539552,,
2026-06-20,605887098,1,4088,4088,4088,4088,2496242941,3671042,,
2026-06-20,903807016,1,5930,5930,5930,5930,1518326579,2795908,,
2026-06-20,1053132402,1,2868,2868,2868,2868,557367103,963781,,
2026-06-20,1198533421,1,1315,1315,1315,1315,175950272,718715,,
2026-06-20,1214576306,1,5209,5209,5209,5209,1627433939,4273672,,
2026-06-20,1430007363,1,4459,4459,4459,4459,879437932,2203755,,
2026-06-20,1489026993,2,7901,7901,7267,8535,2622602121,4281561,,
2026-06-20,1526814825,1,12485,12485,12485,12485,1050939215,4222372,,
2026-06-20,1637284552,1,1004,1004,1004,1004,189070296,269800,,
2026-06-20,1795206523,1,1291,1291,1291,1291,938061990,923227,,
2026-06-20,1831550657,1,40997,40997,40997,40997,2048351340,10323271,,
2026-06-20,1998835206,1,3214,3214,3214,3214,572807191,1160405,,
2026-06-20,2049551477,2,4116,4116,3469,4762,1436199400,1882008,,
2026-06-20,2092410051,1,2785,2785,2785,2785,328684207,1381285,,
2026-06-20,2165551367,1,2000,2000,2000,2000,659549717,2377593,,
2026-06-20,2247578975,2,4922,4922,4259,5584,1182839273,14910932,,
2026-06-20,2274830359,1,6903,6903,6903,6903,2914359389,1952146,,
2026-06-20,2294168059,1,4121,4121,4121,4121,1200487640,3242000,,
2026-06-20,2369077151,1,7341,7341,7341,7341,355081242,9896108,,
2026-06-20,2440500124,1,20718,20718,20718,20718,7447573507,7892400,,
2026-06-20,2491559356,1,761,761,761,761,77096376,162181,,
2026-06-20,2655478023,2,4444,4444,4027,4860,977528119,3458578,,
2026-06-20,2788648141,1,2902,2902,2902,2902,985497920,1924574,,
2026-06-20,2821905072,1,2861,2861,2861,2861,243734413,5168298,,
2026-06-20,2827951974,1,1356,1356,1356,1356,802740287,672047,,
2026-06-20,2921237723,1,2067,2067,2067,2067,126577497,718816,,
2026-06-20,2992873140,1,18032,18032,18032,18032,1306347347,966775,,
2026-06-20,3034836582,1,949,949,949,949,497046877,1906557,,
2026-06-20,3079618996,1,3539,3539,3539,3539,759259062,784499,,
2026-06-20,3164075108,1,3525,3525,3525,3525,267708941,712512,,
2026-06-20,3187874989,1,5294,5294,5294,5294,146254270,208356,,
2026-06-20,3191268194,1,4442,4442,4442,4442,1336932932,5214382,,
2026-06-20,3232181171,1,1476,1476,1476,1476,53069257,201797,,
2026-06-20,3274669156,1,692,692,692,692,65330882,632553,,
2026-06-20,3310460039,1,22345,22345,22345,22345,4445279922,105080600,,
2026-06-20,3317771874,1,128091,128091,128091,128091,2481107442,2157351,,
2026-06-20,3346892457,1,2511,2511,2511,2511,425462863,161264,,
2026-06-20,3420059569,1,2825,2825,2825,2825,934136539,27474389,,
2026-06-20,3472976893,1,3542,3542,3542,3542,135061019,1937404,,
2026-06-20,3502524667,1,2674,2674,2674,2674,736966060,3667750,,
2026-06-20,3551414857,1,13155,13155,13155,13155,609687383,1288196,,
2026-06-20,3647333358,1,32702,32702,32702,32702,8739824288,7901885,,
2026-06-20,3746418487,1,3582,3582,3582,3582,298792401,356196,,
2026-06-20,3754482795,1,7054,7054,7054,7054,1223816716,4321224,,
2026-06-20,3759884822,1,4360,4360,4360,4360,118438590,97157,,
2026-06-20,3841172115,1,9307,9307,9307,9307,126812030,622454,,
2026-06-20,4028801234,1,1464,1464,1464,1464,224880457,11928201,,
2026-06-20,4348829796,1,14040,14040,14040,14040,2517986667,10499627,,
2026-06-20,4457060041,1,3337,3337,3337,3337,123678914,206812,,
2026-06-20,4518160318,1,6687,6687,6687,6687,613101872,1089638,,
2026-06-20,4595016786,1,3706,3706,3706,3706,576705873,702380,,
2026-06-20,4599924264,1,5415,5415,5415,5415,681869444,254602,,
2026-06-20,4673599750,1,2731,2731,2731,2731,476038773,435511,,
2026-06-20,4720386144,1,3965,3965,3965,3965,104246660,534745,,
2026-06-20,4793836769,1,10985,10985,10985,10985,268659247,5710360,,
2026-06-20,4887744468,1,711,711,711,711,78691067,353898,,
2026-06-20,4925331346,1,4547,4547,4547,4547,291724356,444651,,
2026-06-20,4944984948,1,5437,5437,5437,5437,213385864,96840,,
2026-06-20,5195168716,1,1999,1999,1999,1999,89199182,595714,,
2026-06-20,5207621753,1,9482,9482,9482,9482,71486719,64944,,
2026-06-20,5361032378,1,47997,47997,47997,47997,1953944717,971489,,
2026-06-20,5578556129,1,11327,11327,11327,11327,1938781184,1941337,,
2026-06-20,5668114043,1,2168,2168,2168,2168,228583863,713125,,
2026-06-20,5698013839,1,750,750,750,750,67775024,267468,,
2026-06-20,5750914919,1,66229,66229,66229,66229,4564503535,3463825,,
2026-06-20,5956634861,1,746,746,746,746,146623341,579155,,
2026-06-20,6015491985,1,2788,2788,2788,2788,,,,
2026-06-20,6072944764,1,846,846,846,846,50282478,54425,,
2026-06-20,6247557414,1,716,716,716,716,,,,
2026-06-20,6314664695,1,667,667,667,667,57715320,2718887,,
2026-06-20,6329693946,1,4338,4338,4338,4338,67235034,205159,,
2026-06-20,6409513651,1,43686,43686,43686,43686,59341994,691114,,
2026-06-20,6646518350,1,899,899,899,899,246975045,346956,,
2026-06-20,6682487255,1,7458,7458,7458,7458,450828874,217229,,
2026-06-20,6707924214,1,2950,2950,2950,2950,167787765,3200566,,
2026-06-20,6749060816,1,10435,10435,10435,10435,222106786,1553615,,
2026-06-20,7018190066,1,31921,31921,31921,31921,6380894122,5871277,,
2026-06-20,7058980030,1,7799,7799,7799,7799,521986350,877073,,
2026-06-20,7076793942,1,678,678,678,678,82490276,209939,,
2026-06-20,7082244450,1,4190,4190,4190,4190,,,,
2026-06-20,7082423811,1,3918,3918,3918,3918,263228564,1539398,,
2026-06-20,7094518649,1,17073,17073,17073,17073,301145184,739689,,
2026-06-20,7113705633,1,792,792,792,792,15485488,376524,,
2026-06-20,7127084123,1,4433,4433,4433,4433,133480128,285388,,
2026-06-20,7128163167,1,4106,4106,4106,4106,58185285,98501,,
2026-06-20,7219654364,1,53710,53710,53710,53710,1212820070,13396152,,
2026-06-20,7332711118,1,6899,6899,6899,6899,1841817585,2437503,,
2026-06-20,7364297396,1,2928,2928,2928,2928,413688611,614072,,
2026-06-20,7383133134,1,885,885,885,885,96711885,710797,,
2026-06-20,7434179990,1,2978,2978,2978,2978,211831412,7553501,,
2026-06-20,7435020231,1,1396,1396,1396,1396,30768677,113673,,
2026-06-20,7436755782,1,74722,74722,74722,74722,35604056677,11162640,,
2026-06-20,7450124099,1,2818,2818,2818,2818,116796719,646902,,
2026-06-20,7569509385,1,2013,2013,2013,2013,71689626,462913,,
2026-06-20,7585079192,1,8442,8442,8442,8442,38184088,144265,,
2026-06-20,7613970129,1,2742,2742,2742,2742,47613629,109027,,
2026-06-20,7690412163,1,984,984,984,984,80837207,186700,,
2026-06-20,7709344486,1,152097,152097,152097,152097,70147695519,28431728,,
2026-06-20,7760134732,1,2782,2782,2782,2782,17714520,533128,,
2026-06-20,7798947148,1,2872,2872,2872,2872,123975485,281813,,
2026-06-20,7882829745,1,2728,2728,2728,2728,353537737,970867,,
2026-06-20,7891669427,1,1219,1219,1219,1219,28054484,717128,,
2026-06-20,8014099969,1,2000,2000,2000,2000,136569234,231599,,
2026-06-20,8291789996,1,3552,3552,3552,3552,,,,
2026-06-20,8313824597,1,2114,2114,2114,2114,18896295,27496,,
2026-06-20,8316902627,1,5675,5675,5675,5675,4658192968,1940544,,
2026-06-20,8356066619,1,55284,55284,55284,55284,18948907,23801,,
2026-06-20,8504461817,2,3094,3094,2778,3411,164440249,80185,,
2026-06-20,8539298853,1,23745,23745,23745,23745,1182304056,1568393,,
2026-06-20,8696670616,1,2886,2886,2886,2886,,,,
2026-06-20,8729352103,1,2898,2898,2898,2898,22153043,22531,,
2026-06-20,8759966530,1,4120,4120,4120,4120,97055594,347986,,
2026-06-20,8786713187,1,3616,3616,3616,3616,107658754,267420,,
2026-06-20,8791358380,1,8178,8178,8178,8178,376585024,11227168,,
2026-06-20,8844400854,1,1176,1176,1176,1176,178547274,401951,,
2026-06-20,8950496606,1,3704,3704,3704,3704,157721359,398211,,
2026-06-20,9029463012,1,1259,1259,1259,1259,104200694,397809,,
2026-06-20,9073513091,1,4398,4398,4398,4398,100276132,134572,,
2026-06-20,9077534770,1,1640,1640,1640,1640,51136259,154550,,
2026-06-20,9098570654,1,20434,20434,20434,20434,170862464,264084,,
2026-06-20,9122463229,1,9014,9014,9014,9014,,,,
2026-06-20,9129640671,1,11028,11028,11028,11028,,,,
2026-06-20,9141743926,1,20757,20757,20757,20757,349273028,544830,,
2026-06-20,9145063979,1,9867,9867,9867,9867,483843732,470180,,
2026-06-20,9145282410,1,924,924,924,924,33590347,247203,,
2026-06-20,9177208241,1,3483,3483,3483,3483,55737178,319758,,
2026-06-20,9219116196,1,8503,8503,8503,8503,63887982,159471,,
2026-06-20,9231693026,1,2948,2948,2948,2948,,,,
2026-06-20,9260939847,1,2635,2635,2635,2635,93329544,1963133,,
2026-06-20,9296042754,1,4204,4204,4204,4204,37297558,181688,,
2026-06-20,9315472782,1,1802,1802,1802,1802,15399565,94164,,
2026-06-20,9315739469,1,2573,2573,2573,2573,70223884,72395,,
2026-06-20,9316885643,1,635,635,635,635,210992614,6199866,,
2026-06-20,9348272796,1,58410,58410,58410,58410,498546660,463129,,
2026-06-20,9362896961,1,7268,7268,7268,7268,132199462,208511,,
2026-06-20,9363735110,1,13656,13656,13656,13656,5625265882,2004736,,
2026-06-20,9409870130,1,1520,1520,1520,1520,14504351,186272,,
2026-06-20,9411563986,1,2852,2852,2852,2852,70702731,124202,,
2026-06-20,9452898647,1,2742,2742,2742,2742,101850681,4243621,,
2026-06-20,9491545867,1,4230,4230,4230,4230,98627792,1025821,,
2026-06-20,9494058490,1,12312,12312,12312,12312,,,,
2026-06-20,9501409571,1,1386,1386,1386,1386,34552518,171765,,
2026-06-20,9513686983,1,5588,5588,5588,5588,382288792,12350331,,
2026-06-20,9526307912,2,3496,3496,3308,3684,69426467,119506,,
2026-06-20,9556113881,1,1905,1905,1905,1905,33119648,153032,,
2026-06-20,9561553764,1,8638,8638,8638,8638,27792131,43641,,
2026-06-20,9584852943,1,376013,376013,376013,376013,1398061508,2526286,,
2026-06-20,9659404694,1,664,664,664,664,8020772,1193069,,
2026-06-20,9660713566,1,3274,3274,3274,3274,74602511,4742459,,
2026-06-20,9711972386,1,3011,3011,3011,3011,8558383,18369,,
2026-06-20,9725232502,1,842,842,842,842,11221330,81605,,
2026-06-20,9741799896,1,4490,4490,4490,4490,35071820,1982382,,
2026-06-20,9758688665,1,3494,3494,3494,3494,87266700,4562149,,
2026-06-20,9787206684,1,9405,9405,9405,9405,741758416,2887861,,
2026-06-20,9792947201,1,23955,23955,23955,23955,501830032,3418068,,
2026-06-20,9797806474,1,23817,23817,23817,23817,14480582,14519,,
2026-06-20,9859536675,1,2754,2754,2754,2754,,,,
2026-06-20,9913633503,1,811,811,811,811,33092164,2637730,,
2026-06-20,9929086116,1,3983,3983,3983,3983,41568414,3052655,,
2026-06-20,9930466428,1,974,974,974,974,29142782,125446,,
2026-06-20,9931060493,1,3809,3809,3809,3809,27370545,673565,,
2026-06-20,9940725596,1,1527,1527,1527,1527,22787188,30720,,
2026-06-20,9953328866,1,3975,3975,3975,3975,27164354,32410,,
2026-06-20,9958694666,1,3702,3702,3702,3702,35349478,322560,,
2026-06-20,9963622286,1,13581,13581,13581,13581,45675883,1945054,,
2026-06-20,9969687051,1,5205,5205,5205,5205,30922253,2160871,,
2026-06-20,9998576154,1,8853,8853,8853,8853,61561260,4111134,,
2026-06-20,10004244222,1,126012,126012,126012,126012,1165711421,20818139,,
2026-06-20,10004760418,1,4204,4204,4204,4204,103351574,139052,,
2026-06-20,10045085816,1,2763,2763,2763,2763,,,,
2026-06-20,10051853469,1,9374,9374,9374,9374,83239874,1939657,,
2026-06-20,10052184484,1,3776,3776,3776,3776,30945737,1980114,,
2026-06-20,10065013948,1,10841,10841,10841,10841,16113215,30890,,
2026-06-20,10067868611,1,2943,2943,2943,2943,7789188,13507,,
2026-06-20,10081194651,1,7118,7118,7118,7118,34081707,140160,,
2026-06-20,10083552936,1,1878,1878,1878,1878,2509254,64734,,
2026-06-20,10086454767,1,8900,8900,8900,8900,8400285,29640,,
2026-06-20,10089507840,1,5798,5798,5798,5798,38515496,57859,,
2026-06-20,10111742174,1,14220,14220,14220,14220,14099656,39570,,
2026-06-20,10138661961,1,10861,10861,10861,10861,9893176,30084,,
2026-06-20,10138988383,1,3073,3073,3073,3073,21573965,45310,,
2026-06-20,10144280947,1,6970,6970,6970,6970,8684818,572891,,
2026-06-20,10148434559,1,30382,30382,30382,30382,22170368,184873,,
2026-06-20,10149964044,1,6407,6407,6407,6407,,,,
2026-06-20,10150875031,1,6388,6388,6388,6388,16065048,47314,,
2026-06-20,10167214983,1,8212,8212,8212,8212,40681281,2438339,,
2026-06-20,10190667429,1,4604,4604,4604,4604,8095638,14652,,
2026-06-20,10199301628,1,43343,43343,43343,43343,46190389,345846,,
2026-06-20,10200395747,1,637652,637652,637652,637652,388332001,377763,,
2026-06-20,10200713960,1,6976,6976,6976,6976,20582885,46680,,
2026-06-20,10222315805,1,1413,1413,1413,1413,792096,5723,,
2026-06-20,10230921598,1,34079,34079,34079,34079,20031036,1721003,,
2026-06-20,10244001346,1,10190,10190,10190,10190,14783797,16406,,
2026-06-20,10321202755,1,8108,8108,8108,8108,2137244,65452,,
2026-06-21,2471084,1,3061,3061,3061,3061,1301227952,4597799,,
2026-06-21,31970568,1,5862,5862,5862,5862,1578410444,6042220,,
2026-06-21,66654135,1,297309,297309,297309,297309,26460626745,22460274,,
2026-06-21,125205164,1,653,653,653,653,358559370,2059428,,
2026-06-21,568307879,1,1186,1186,1186,1186,518960183,539707,,
2026-06-21,605887098,1,4471,4471,4471,4471,2496788379,3671685,,
2026-06-21,903807016,1,6043,6043,6043,6043,1519219424,2796617,,
2026-06-21,985731078,1,2782,2782,2782,2782,437539776,2233939,,
2026-06-21,1053132402,1,2874,2874,2874,2874,557564229,964023,,
2026-06-21,1198533421,1,1190,1190,1190,1190,176037244,718848,,
2026-06-21,1214576306,1,5293,5293,5293,5293,1627791304,4274124,,
2026-06-21,1430007363,1,4919,4919,4919,4919,880107035,2207195,,
2026-06-21,1489026993,2,9010,9010,8461,9560,2623558745,4282821,,
2026-06-21,1526814825,1,12357,12357,12357,12357,1051814392,4225731,,
2026-06-21,1637284552,1,1144,1144,1144,1144,189218515,269952,,
2026-06-21,1795206523,1,1451,1451,1451,1451,938333674,923351,,
2026-06-21,1831550657,1,36619,36619,36619,36619,2051396853,10346553,,
2026-06-21,1998835206,1,3328,3328,3328,3328,573112895,1160617,,
2026-06-21,2049551477,2,4623,4623,3648,5598,1436835836,1882703,,
2026-06-21,2092410051,1,3051,3051,3051,3051,328806917,1381568,,
2026-06-21,2165551367,1,2168,2168,2168,2168,659900021,2379646,,
2026-06-21,2247578975,2,6343,6343,5316,7370,1183732745,14911413,,
2026-06-21,2274830359,1,7512,7512,7512,7512,2915532362,1953031,,
2026-06-21,2294168059,1,3981,3981,3981,3981,1200863430,3242912,,
2026-06-21,2369077151,1,8315,8315,8315,8315,355912204,9912121,,
2026-06-21,2440500124,1,23654,23654,23654,23654,7450395444,7895285,,
2026-06-21,2491559356,1,731,731,731,731,77168139,162265,,
2026-06-21,2655478023,2,5874,5874,5113,6634,978374746,3459246,,
2026-06-21,2788648141,1,3126,3126,3126,3126,985756129,1926691,,
2026-06-21,2821905072,1,3317,3317,3317,3317,244098331,5174689,,
2026-06-21,2827951974,1,1296,1296,1296,1296,802945189,672265,,
2026-06-21,2921237723,1,2162,2162,2162,2162,126827155,719765,,
2026-06-21,2992873140,1,19898,19898,19898,19898,1307717631,967599,,
2026-06-21,3034836582,1,1549,1549,1549,1549,497210392,1906780,,
2026-06-21,3079618996,1,3288,3288,3288,3288,759601183,784827,,
2026-06-21,3164075108,1,3671,3671,3671,3671,267948873,712879,,
2026-06-21,3187874989,1,6579,6579,6579,6579,146891357,209038,,
2026-06-21,3191268194,1,4700,4700,4700,4700,1337339337,5221060,,
2026-06-21,3232181171,1,1639,1639,1639,1639,53266279,202744,,
2026-06-21,3274669156,1,686,686,686,686,65378124,632962,,
2026-06-21,3310460039,1,25575,25575,25575,25575,4448644279,105081888,,
2026-06-21,3317771874,1,108536,108536,108536,108536,2483894330,2158464,,
2026-06-21,3346892457,1,2444,2444,2444,2444,425831365,161589,,
2026-06-21,3420059569,1,3239,3239,3239,3239,934601821,27474528,,
2026-06-21,3472976893,1,5151,5151,5151,5151,135758810,1960438,,
2026-06-21,3502524667,1,3592,3592,3592,3592,737473020,3668172,,
2026-06-21,3551414857,1,16508,16508,16508,16508,610897665,1290461,,
2026-06-21,3647333358,1,34371,34371,34371,34371,8744842700,7906736,,
2026-06-21,3746418487,1,4262,4262,4262,4262,299248839,356752,,
2026-06-21,3754482795,1,7380,7380,7380,7380,1224822154,4324969,,
2026-06-21,3759884822,1,4655,4655,4655,4655,118761001,97523,,
2026-06-21,3841172115,1,11385,11385,11385,11385,127892464,625230,,
2026-06-21,4028801234,1,2033,2033,2033,2033,225106068,11941855,,
2026-06-21,4348829796,1,16278,16278,16278,16278,2520274876,10515108,,
2026-06-21,4457060041,1,3523,3523,3523,3523,123932644,207183,,
2026-06-21,4497460596,1,4427,4427,4427,4427,162882075,129506,,
2026-06-21,4518160318,1,7211,7211,7211,7211,613595465,1090788,,
2026-06-21,4595016786,1,3767,3767,3767,3767,577134443,703056,,
2026-06-21,4599924264,1,5177,5177,5177,5177,682905167,255531,,
2026-06-21,4673599750,1,2578,2578,2578,2578,476926397,436322,,
2026-06-21,4720386144,1,3815,3815,3815,3815,104584042,535970,,
2026-06-21,4793836769,1,9173,9173,9173,9173,269462333,5727379,,
2026-06-21,4925331346,1,4710,4710,4710,4710,292077861,445401,,
2026-06-21,4944984948,1,6372,6372,6372,6372,214477852,97622,,
2026-06-21,5195168716,1,1737,1737,1737,1737,89384420,596664,,
2026-06-21,5207621753,1,8165,8165,8165,8165,72327792,65525,,
2026-06-21,5361032378,1,45720,45720,45720,45720,1956070659,972316,,
2026-06-21,5485660832,1,2890,2890,2890,2890,97044449,42497,,
2026-06-21,5578556129,1,13505,13505,13505,13505,1939473193,1942920,,
2026-06-21,5668114043,1,2714,2714,2714,2714,228837658,713649,,
2026-06-21,5698013839,1,684,684,684,684,67840437,267689,,
2026-06-21,5750914919,1,93131,93131,93131,93131,4571305024,3467907,,
2026-06-21,5956634861,1,794,794,794,794,146735551,579355,,
2026-06-21,6072944764,1,891,891,891,891,50368227,54579,,
2026-06-21,6247557414,1,716,716,716,716,,,,
2026-06-21,6329693946,1,4471,4471,4471,4471,67495730,205685,,
2026-06-21,6409513651,1,41220,41220,41220,41220,61028203,702647,,
2026-06-21,6646518350,1,1011,1011,1011,1011,247260729,347101,,
2026-06-21,6682487255,1,7124,7124,7124,7124,451445576,217676,,
2026-06-21,6749060816,1,10448,10448,10448,10448,222934463,1557994,,
2026-06-21,7018190066,1,38512,38512,38512,38512,6383951023,5876499,,
2026-06-21,7058980030,1,7797,7797,7797,7797,523349382,879051,,
2026-06-21,7076793942,1,668,668,668,668,82577003,210035,,
2026-06-21,7082244450,1,4190,4190,4190,4190,,,,
2026-06-21,7082423811,1,4520,4520,4520,4520,263655168,1539922,,
2026-06-21,7094518649,1,17216,17216,17216,17216,302110019,741815,,
2026-06-21,7127084123,1,4669,4669,4669,4669,133828172,286241,,
2026-06-21,7128163167,1,3487,3487,3487,3487,58561965,99298,,
2026-06-21,7219654364,1,64498,64498,64498,64498,1219417120,13443599,,
2026-06-21,7332711118,1,8029,8029,8029,8029,1842802603,2438467,,
2026-06-21,7383133134,1,1047,1047,1047,1047,96864487,711974,,
2026-06-21,7434179990,1,2961,2961,2961,2961,212137909,7561163,,
2026-06-21,7435020231,1,1235,1235,1235,1235,30855107,113813,,
2026-06-21,7436755782,1,88814,88814,88814,88814,35614547245,11172186,,
2026-06-21,7569509385,1,2406,2406,2406,2406,71902465,463121,,
2026-06-21,7577791613,1,746,746,746,746,94001676,563368,,
2026-06-21,7585079192,1,6513,6513,6513,6513,38512364,146170,,
2026-06-21,7613970129,1,4046,4046,4046,4046,47948698,110425,,
2026-06-21,7690412163,1,987,987,987,987,80936827,186942,,
2026-06-21,7709344486,1,274283,274283,274283,274283,70218591311,28448764,,
2026-06-21,7760134732,1,3211,3211,3211,3211,18024304,540926,,
2026-06-21,7798947148,1,3582,3582,3582,3582,124482232,282421,,
2026-06-21,7882829745,1,2778,2778,2778,2778,353687131,971349,,
2026-06-21,7891669427,1,1514,1514,1514,1514,28195938,720157,,
2026-06-21,8014099969,1,2462,2462,2462,2462,136859016,231992,,
2026-06-21,8291789996,1,3552,3552,3552,3552,,,,
2026-06-21,8316902627,1,4832,4832,4832,4832,4659078599,1942833,,
2026-06-21,8356066619,1,74484,74484,74484,74484,21869312,26387,,
2026-06-21,8401518398,1,2624,2624,2624,2624,58227210,40342,,
2026-06-21,8504461817,2,4184,4184,3841,4528,164998877,80619,,
2026-06-21,8539298853,1,27086,27086,27086,27086,1184851215,1572698,,
2026-06-21,8696670616,1,2886,2886,2886,2886,,,,
2026-06-21,8729352103,1,3005,3005,3005,3005,22421465,22834,,
2026-06-21,8759966530,1,4032,4032,4032,4032,97592967,349221,,
2026-06-21,8786713187,1,3901,3901,3901,3901,107949070,267941,,
2026-06-21,8791358380,1,8668,8668,8668,8668,377602136,11254106,,
2026-06-21,8844400854,1,1358,1358,1358,1358,,,,
2026-06-21,8950496606,1,3693,3693,3693,3693,158032888,399023,,
2026-06-21,9029463012,1,1351,1351,1351,1351,,,,
2026-06-21,9073513091,1,9297,9297,9297,9297,102202249,136022,,
2026-06-21,9077534770,1,1476,1476,1476,1476,51329174,155067,,
2026-06-21,9098570654,1,21865,21865,21865,21865,172822127,266738,,
2026-06-21,9122463229,1,9014,9014,9014,9014,,,,
2026-06-21,9129640671,1,11028,11028,11028,11028,,,,
2026-06-21,9141743926,1,21468,21468,21468,21468,351553082,546777,,
2026-06-21,9145063979,1,11519,11519,11519,11519,485308047,471949,,
2026-06-21,9145282410,1,1270,1270,1270,1270,33684782,247741,,
2026-06-21,9177208241,1,4450,4450,4450,4450,56234992,322018,,
2026-06-21,9219116196,1,7812,7812,7812,7812,64723356,161480,,
2026-06-21,9231693026,1,2948,2948,2948,2948,,,,
2026-06-21,9253627770,1,770,770,770,770,12752500,15799,,
2026-06-21,9260939847,1,2760,2760,2760,2760,93595190,1967600,,
2026-06-21,9296042754,1,4773,4773,4773,4773,37760623,183833,,
2026-06-21,9315472782,1,1793,1793,1793,1793,15630309,95289,,
2026-06-21,9315739469,1,2369,2369,2369,2369,70618438,72903,,
2026-06-21,9316885643,1,644,644,644,644,211280302,6207456,,
2026-06-21,9348272796,1,55018,55018,55018,55018,504537426,468141,,
2026-06-21,9362896961,1,7116,7116,7116,7116,132614263,208753,,
2026-06-21,9363735110,1,15619,15619,15619,15619,5628253841,2005921,,
2026-06-21,9409870130,1,1577,1577,1577,1577,14675116,188201,,
2026-06-21,9411563986,1,3427,3427,3427,3427,71156250,124879,,
2026-06-21,9452898647,1,4208,4208,4208,4208,102300935,4263597,,
2026-06-21,9491545867,1,4344,4344,4344,4344,99143426,1028936,,
2026-06-21,9494058490,1,12312,12312,12312,12312,,,,
2026-06-21,9501409571,1,1146,1146,1146,1146,34709038,172304,,
2026-06-21,9513686983,1,5938,5938,5938,5938,383087610,12382617,,
2026-06-21,9526307912,2,3206,3206,2910,3501,69875990,120204,,
2026-06-21,9556113881,1,1333,1333,1333,1333,33297041,153612,,
2026-06-21,9561553764,1,10681,10681,10681,10681,29948924,45177,,
2026-06-21,9584852943,1,350660,350660,350660,350660,1484782394,2606049,,
2026-06-21,9659404694,1,745,745,745,745,8153473,1210931,,
2026-06-21,9660713566,1,4546,4546,4546,4546,75186715,4772092,,
2026-06-21,9711972386,1,2759,2759,2759,2759,8702683,18619,,
2026-06-21,9725232502,1,796,796,796,796,11305800,81935,,
2026-06-21,9741799896,1,5585,5585,5585,5585,35986796,2025455,,
2026-06-21,9758688665,1,3075,3075,3075,3075,87696875,4582444,,
2026-06-21,9787206684,1,7242,7242,7242,7242,743436198,2890481,,
2026-06-21,9792947201,1,20576,20576,20576,20576,504165422,3429391,,
2026-06-21,9797806474,1,30733,30733,30733,30733,15855817,15482,,
2026-06-21,9859536675,1,2754,2754,2754,2754,,,,
2026-06-21,9913633503,1,859,859,859,859,33388311,2658629,,
2026-06-21,9929086116,1,4570,4570,4570,4570,42082294,3079584,,
2026-06-21,9930466428,1,1118,1118,1118,1118,29345838,125799,,
2026-06-21,9931060493,1,4276,4276,4276,4276,28128565,682177,,
2026-06-21,9940725596,1,2218,2218,2218,2218,23118415,31124,,
2026-06-21,9948575164,1,3156,3156,3156,3156,22731123,141539,,
2026-06-21,9953328866,1,3888,3888,3888,3888,27831748,33027,,
2026-06-21,9958694666,1,2561,2561,2561,2561,35737935,324968,,
2026-06-21,9963622286,1,10746,10746,10746,10746,47343509,1999155,,
2026-06-21,9969095451,1,2943,2943,2943,2943,23292785,1022463,,
2026-06-21,9969687051,1,5073,5073,5073,5073,31490983,2189675,,
2026-06-21,9998576154,1,8336,8336,8336,8336,62651158,4175562,,
2026-06-21,10004244222,1,116728,116728,116728,116728,1184705894,20986907,,
2026-06-21,10004760418,1,4744,4744,4744,4744,104040910,140101,,
2026-06-21,10051853469,1,8232,8232,8232,8232,84253753,1959942,,
2026-06-21,10052184484,1,2718,2718,2718,2718,31291860,1996834,,
2026-06-21,10065013948,1,12324,12324,12324,12324,17517019,33203,,
2026-06-21,10067868611,1,3305,3305,3305,3305,8175096,14007,,
2026-06-21,10081194651,1,5605,5605,5605,5605,34704813,142259,,
2026-06-21,10083552936,1,2014,2014,2014,2014,2786391,81743,,
2026-06-21,10086454767,1,7146,7146,7146,7146,8979945,31020,,
2026-06-21,10089507840,1,5468,5468,5468,5468,40771563,60594,,
2026-06-21,10092619788,1,2951,2951,2951,2951,7830326,5143,,
2026-06-21,10111742174,1,13846,13846,13846,13846,15239638,41350,,
2026-06-21,10138661961,1,12462,12462,12462,12462,11539574,34027,,
2026-06-21,10144280947,1,6587,6587,6587,6587,9498708,613326,,
2026-06-21,10148434559,1,29417,29417,29417,29417,25292753,205188,,
2026-06-21,10149964044,1,6407,6407,6407,6407,,,,
2026-06-21,10150875031,1,5067,5067,5067,5067,16684498,48656,,
2026-06-21,10167214983,1,8041,8041,8041,8041,41418348,2472806,,
2026-06-21,10184247393,1,11862,11862,11862,11862,8684495,332298,,
2026-06-21,10190667429,1,6106,6106,6106,6106,8688924,15443,,
2026-06-21,10199301628,1,46273,46273,46273,46273,52217094,385243,,
2026-06-21,10200395747,1,632445,632445,632445,632445,445145809,408343,,
2026-06-21,10200713960,1,5315,5315,5315,5315,,,,
2026-06-21,10222315805,1,2973,2973,2973,2973,1204407,7887,,
2026-06-21,10230921598,1,41889,41889,41889,41889,25012565,2090798,,
2026-06-21,10244001346,1,13210,13210,13210,13210,17780301,19493,,
2026-06-21,10321202755,1,13100,13100,13100,13100,2701221,84802,,
2026-06-22,2471084,1,2837,2837,2837,2837,1301418465,4600882,,
2026-06-22,31970568,1,4369,4369,4369,4369,1578805610,6042778,,
2026-06-22,66654135,1,300154,300154,300154,300154,26491588387,22478123,,
2026-06-22,568307879,1,942,942,942,942,519092173,539840,,
2026-06-22,605887098,1,3871,3871,3871,3871,2497279397,3672286,,
2026-06-22,903807016,1,4876,4876,4876,4876,1520111789,2797310,,
2026-06-22,1198533421,1,996,996,996,996,176118636,718981,,
2026-06-22,1214576306,1,4481,4481,4481,4481,1628140777,4274598,,
2026-06-22,1430007363,1,3934,3934,3934,3934,880687080,2210289,,
2026-06-22,1489026993,2,8224,8224,7548,8901,2624477485,4284066,,
2026-06-22,1526814825,1,10848,10848,10848,10848,1052638087,4228544,,
2026-06-22,1637284552,1,1319,1319,1319,1319,189360320,270130,,
2026-06-22,1795206523,1,1572,1572,1572,1572,938593271,923476,,
2026-06-22,1831550657,1,29315,29315,29315,29315,2053789689,10358113,,
2026-06-22,1998835206,1,3341,3341,3341,3341,573388361,1160825,,
2026-06-22,2049551477,2,3971,3971,3188,4754,1437434263,1883417,,
2026-06-22,2165551367,1,1993,1993,1993,1993,660227608,2381513,,
2026-06-22,2247578975,2,4774,4774,4464,5083,1184497936,14911815,,
2026-06-22,2274830359,1,6999,6999,6999,6999,2916577017,1953843,,
2026-06-22,2294168059,1,16248,16248,16248,16248,1201982229,3245031,,
2026-06-22,2369077151,1,6487,6487,6487,6487,356658181,9925856,,
2026-06-22,2440500124,1,21204,21204,21204,21204,7453058568,7900691,,
2026-06-22,2491559356,1,726,726,726,726,77232888,162410,,
2026-06-22,2655478023,2,4438,4438,4155,4721,979138633,3459853,,
2026-06-22,2821905072,1,2688,2688,2688,2688,244465888,5181244,,
2026-06-22,2827951974,1,1150,1150,1150,1150,803117852,672474,,
2026-06-22,2921237723,1,2370,2370,2370,2370,127082124,720693,,
2026-06-22,2992873140,1,15939,15939,15939,15939,1309055524,968471,,
2026-06-22,3034836582,1,1425,1425,1425,1425,,,,
2026-06-22,3079618996,1,2764,2764,2764,2764,759903938,785150,,
2026-06-22,3164075108,1,3084,3084,3084,3084,268176746,713235,,
2026-06-22,3187874989,1,5359,5359,5359,5359,147448760,209582,,
2026-06-22,3191268194,1,4071,4071,4071,4071,1337722118,5226472,,
2026-06-22,3232181171,1,1457,1457,1457,1457,53428247,203454,,
2026-06-22,3310460039,1,21797,21797,21797,21797,4451998463,105083233,,
2026-06-22,3317771874,1,91755,91755,91755,91755,2485700724,2161981,,
2026-06-22,3346892457,1,1892,1892,1892,1892,426147668,161878,,
2026-06-22,3420059569,1,2876,2876,2876,2876,935056771,27474634,,
2026-06-22,3472976893,1,3956,3956,3956,3956,136406623,1981170,,
2026-06-22,3502524667,1,2744,2744,2744,2744,737968657,3668602,,
2026-06-22,3551414857,1,13035,13035,13035,13035,612139370,1292770,,
2026-06-22,3647333358,1,30842,30842,30842,30842,8749350436,7911168,,
2026-06-22,3746418487,1,3547,3547,3547,3547,299664084,357225,,
2026-06-22,3754482795,1,6168,6168,6168,6168,1225762039,4328484,,
2026-06-22,3759884822,1,4061,4061,4061,4061,119055610,97847,,
2026-06-22,3841172115,1,9854,9854,9854,9854,128956178,627992,,
2026-06-22,4028801234,1,1835,1835,1835,1835,225323160,11955036,,
2026-06-22,4348829796,1,16128,16128,16128,16128,2522455835,10529550,,
2026-06-22,4497460596,1,2747,2747,2747,2747,163149274,129958,,
2026-06-22,4518160318,1,6496,6496,6496,6496,614089754,1091953,,
2026-06-22,4595016786,1,3344,3344,3344,3344,577518128,703709,,
2026-06-22,4599924264,1,4797,4797,4797,4797,683772555,256273,,
2026-06-22,4673599750,1,2313,2313,2313,2313,477564887,436893,,
2026-06-22,4720386144,1,3302,3302,3302,3302,104905517,537134,,
2026-06-22,4793836769,1,8296,8296,8296,8296,270145796,5742272,,
2026-06-22,4925331346,1,4225,4225,4225,4225,292436690,446124,,
2026-06-22,4944984948,1,5301,5301,5301,5301,215474802,98311,,
2026-06-22,5195168716,1,1975,1975,1975,1975,89564052,597654,,
2026-06-22,5207621753,1,7752,7752,7752,7752,72995547,65986,,
2026-06-22,5361032378,1,44208,44208,44208,44208,1958426714,972917,,
2026-06-22,5578556129,1,53202,53202,53202,53202,1941412354,1944951,,
2026-06-22,5668114043,1,2212,2212,2212,2212,229071260,714156,,
2026-06-22,5698013839,1,719,719,719,719,67903492,267871,,
2026-06-22,5750914919,1,71301,71301,71301,71301,4575865632,3473888,,
2026-06-22,5956634861,1,937,937,937,937,146836465,579538,,
2026-06-22,6072944764,1,839,839,839,839,50445179,54711,,
2026-06-22,6247557414,1,716,716,716,716,,,,
2026-06-22,6314664695,1,652,652,652,652,57820884,2722935,,
2026-06-22,6329693946,1,4065,4065,4065,4065,67752929,206183,,
2026-06-22,6409513651,1,34697,34697,34697,34697,62581375,710756,,
2026-06-22,6646518350,1,844,844,844,844,247515379,347216,,
2026-06-22,6682487255,1,6510,6510,6510,6510,452034558,218081,,
2026-06-22,6749060816,1,9911,9911,9911,9911,223689949,1561719,,
2026-06-22,7018190066,1,30775,30775,30775,30775,6386733506,5886568,,
2026-06-22,7058980030,1,6286,6286,6286,6286,524609445,880872,,
2026-06-22,7076793942,1,639,639,639,639,82650836,210109,,
2026-06-22,7082244450,1,4190,4190,4190,4190,,,,
2026-06-22,7082423811,1,3546,3546,3546,3546,264043736,1540406,,
2026-06-22,7094518649,1,15502,15502,15502,15502,303057149,743903,,
2026-06-22,7127084123,1,4006,4006,4006,4006,134163111,287176,,
2026-06-22,7128163167,1,2688,2688,2688,2688,58868172,99903,,
2026-06-22,7219654364,1,55561,55561,55561,55561,1225477477,13486048,,
2026-06-22,7332711118,1,6697,6697,6697,6697,1843544754,2439286,,
2026-06-22,7383133134,1,885,885,885,885,97013205,713169,,
2026-06-22,7435020231,1,1114,1114,1114,1114,30926543,113927,,
2026-06-22,7436755782,1,77425,77425,77425,77425,35621842326,11182664,,
2026-06-22,7569509385,1,2253,2253,2253,2253,72096051,463241,,
2026-06-22,7585079192,1,4762,4762,4762,4762,38736062,146878,,
2026-06-22,7613970129,1,2930,2930,2930,2930,48243451,111600,,
2026-06-22,7690412163,1,762,762,762,762,81016607,187127,,
2026-06-22,7709344486,1,216147,216147,216147,216147,70273314447,28460944,,
2026-06-22,7719766419,1,1043,1043,1043,1043,26100869,232699,,
2026-06-22,7798947148,1,3076,3076,3076,3076,124863887,282959,,
2026-06-22,7891669427,1,1450,1450,1450,1450,28331908,722880,,
2026-06-22,8014099969,1,2193,2193,2193,2193,137135478,232386,,
2026-06-22,8291789996,1,3552,3552,3552,3552,,,,
2026-06-22,8316902627,1,4431,4431,4431,4431,4659703391,1944795,,
2026-06-22,8356066619,1,69599,69599,69599,69599,25862124,29802,,
2026-06-22,8504461817,2,3604,3604,3460,3747,165589041,81154,,
2026-06-22,8539298853,1,25651,25651,25651,25651,1187122576,1576466,,
2026-06-22,8696670616,1,2886,2886,2886,2886,,,,
2026-06-22,8729352103,1,2872,2872,2872,2872,22760451,23130,,
2026-06-22,8759966530,1,6360,6360,6360,6360,98251602,350532,,
2026-06-22,8786713187,1,3545,3545,3545,3545,108242863,264963,,
2026-06-22,8791358380,1,8272,8272,8272,8272,378530595,11278573,,
2026-06-22,8844400854,1,1349,1349,1349,1349,178851566,402118,,
2026-06-22,8950496606,1,3270,3270,3270,3270,158298330,399603,,
2026-06-22,9029463012,1,1352,1352,1352,1352,104484124,398629,,
2026-06-22,9073513091,1,5964,5964,5964,5964,103569355,137072,,
2026-06-22,9077534770,1,1766,1766,1766,1766,51507414,155563,,
2026-06-22,9098570654,1,18630,18630,18630,18630,174259264,269136,,
2026-06-22,9122463229,1,9014,9014,9014,9014,,,,
2026-06-22,9129640671,1,11028,11028,11028,11028,,,,
2026-06-22,9141743926,1,19053,19053,19053,19053,353634124,548514,,
2026-06-22,9145063979,1,9127,9127,9127,9127,486595835,473575,,
2026-06-22,9145282410,1,1723,1723,1723,1723,33806953,248591,,
2026-06-22,9177208241,1,4442,4442,4442,4442,56697271,324102,,
2026-06-22,9219116196,1,8479,8479,8479,8479,65472696,163239,,
2026-06-22,9231693026,1,2948,2948,2948,2948,,,,
2026-06-22,9253627770,1,776,776,776,776,12832124,15890,,
2026-06-22,9296042754,1,4374,4374,4374,4374,38200552,186056,,
2026-06-22,9315472782,1,1566,1566,1566,1566,15835419,96290,,
2026-06-22,9315739469,1,2130,2130,2130,2130,70953341,73306,,
2026-06-22,9348272796,1,45399,45399,45399,45399,508931429,472443,,
2026-06-22,9362896961,1,6650,6650,6650,6650,132987369,209006,,
2026-06-22,9363735110,1,13335,13335,13335,13335,5630136644,2006848,,
2026-06-22,9409870130,1,1793,1793,1793,1793,14834939,190074,,
2026-06-22,9411563986,1,3156,3156,3156,3156,71610233,125677,,
2026-06-22,9452898647,1,3897,3897,3897,3897,102743641,4282577,,
2026-06-22,9491545867,1,3729,3729,3729,3729,99582336,1031872,,
2026-06-22,9494058490,1,12312,12312,12312,12312,,,,
2026-06-22,9501409571,1,1035,1035,1035,1035,34839071,172739,,
2026-06-22,9513686983,1,5455,5455,5455,5455,383821004,12409622,,
2026-06-22,9526307912,1,3608,3608,3608,3608,70245336,120737,,
2026-06-22,9556113881,1,1358,1358,1358,1358,33418817,154075,,
2026-06-22,9561553764,1,10994,10994,10994,10994,32366699,46543,,
2026-06-22,9584852943,1,300321,300321,300321,300321,1538632178,2673239,,
2026-06-22,9660713566,1,3084,3084,3084,3084,75744027,4799256,,
2026-06-22,9725232502,1,853,853,853,853,11375214,82225,,
2026-06-22,9741799896,1,4448,4448,4448,4448,36933672,2071636,,
2026-06-22,9758688665,1,2710,2710,2710,2710,88051621,4597676,,
2026-06-22,9787206684,1,6710,6710,6710,6710,744330889,2892637,,
2026-06-22,9792947201,1,17465,17465,17465,17465,505966920,3438486,,
2026-06-22,9797806474,1,27140,27140,27140,27140,17109456,16242,,
2026-06-22,9859536675,1,2754,2754,2754,2754,,,,
2026-06-22,9890892152,1,3521,3521,3521,3521,7427413,30470,,
2026-06-22,9913633503,1,602,602,602,602,33647797,2676977,,
2026-06-22,9929086116,1,3631,3631,3631,3631,42596973,3106681,,
2026-06-22,9930466428,1,1043,1043,1043,1043,29531305,126121,,
2026-06-22,9931060493,1,3608,3608,3608,3608,28674945,689106,,
2026-06-22,9940725596,1,2001,2001,2001,2001,23428088,31504,,
2026-06-22,9945976408,1,9696,9696,9696,9696,40129335,98680,,
2026-06-22,9948575164,1,2846,2846,2846,2846,23129251,143141,,
2026-06-22,9953328866,1,3743,3743,3743,3743,28314925,33679,,
2026-06-22,9963622286,1,9442,9442,9442,9442,48561512,2039057,,
2026-06-22,9969687051,1,3982,3982,3982,3982,31940950,2212435,,
2026-06-22,9998576154,1,6994,6994,6994,6994,63476086,4221990,,
2026-06-22,10004244222,1,92686,92686,92686,92686,1197672507,21120446,,
2026-06-22,10004760418,1,3928,3928,3928,3928,104738997,141218,,
2026-06-22,10051853469,1,7889,7889,7889,7889,85112021,1977093,,
2026-06-22,10065013948,1,10979,10979,10979,10979,18775967,35227,,
2026-06-22,10067868611,1,2961,2961,2961,2961,8601308,14697,,
2026-06-22,10081194651,1,4361,4361,4361,4361,35186097,143784,,
2026-06-22,10083552936,1,1752,1752,1752,1752,3012439,95107,,
2026-06-22,10086454767,1,6155,6155,6155,6155,9428353,32109,,
2026-06-22,10089507840,1,5260,5260,5260,5260,42405934,62767,,
2026-06-22,10111742174,1,11227,11227,11227,11227,15952955,42463,,
2026-06-22,10138661961,1,8729,8729,8729,8729,12863199,36946,,
2026-06-22,10144280947,1,5558,5558,5558,5558,10430614,654901,,
2026-06-22,10148434559,1,25833,25833,25833,25833,27562766,220731,,
2026-06-22,10149964044,1,6407,6407,6407,6407,,,,
2026-06-22,10150875031,1,4302,4302,4302,4302,17165357,49681,,
2026-06-22,10167214983,1,6282,6282,6282,6282,42010227,2498297,,
2026-06-22,10184247393,1,10420,10420,10420,10420,9610364,358463,,
2026-06-22,10190667429,1,5484,5484,5484,5484,9527416,16532,,
2026-06-22,10199301628,1,42699,42699,42699,42699,57575902,418490,,
2026-06-22,10200395747,1,516909,516909,516909,516909,495848476,432373,,
2026-06-22,10200713960,1,4005,4005,4005,4005,22935906,50527,,
2026-06-22,10222315805,1,4097,4097,4097,4097,1759925,10846,,
2026-06-22,10230921598,1,30075,30075,30075,30075,29823480,2418837,,
2026-06-22,10244001346,1,9916,9916,9916,9916,19856610,21253,,
2026-06-22,10321202755,1,10865,10865,10865,10865,3278100,96028,,
2026-06-23,31970568,1,4173,4173,4173,4173,1579174050,6043234,,
2026-06-23,66654135,1,289952,289952,289952,289952,26520219560,22492190,,
2026-06-23,568307879,1,849,849,849,849,519203575,539971,,
2026-06-23,605887098,1,4010,4010,4010,4010,2497724260,3672869,,
2026-06-23,903807016,1,4554,4554,4554,4554,1520970461,2797928,,
2026-06-23,1198533421,1,1108,1108,1108,1108,176192728,719082,,
2026-06-23,1214576306,1,4403,4403,4403,4403,,,,
2026-06-23,1430007363,1,3759,3759,3759,3759,881148038,2212769,,
2026-06-23,1489026993,2,8040,8040,7331,8749,2625324320,4285286,,
2026-06-23,1526814825,1,10161,10161,10161,10161,1053340147,4230452,,
2026-06-23,1637284552,1,1389,1389,1389,1389,189527245,270343,,
2026-06-23,1795206523,1,1360,1360,1360,1360,,,,
2026-06-23,1831550657,1,29699,29699,29699,29699,2055814844,10367143,,
2026-06-23,1998835206,1,2995,2995,2995,2995,573627749,1161033,,
2026-06-23,2049551477,2,3772,3772,2896,4649,1437946287,1884093,,
2026-06-23,2165551367,1,1829,1829,1829,1829,660534467,2383179,,
2026-06-23,2247578975,2,4856,4856,4408,5305,1185155280,14912240,,
2026-06-23,2274830359,1,6774,6774,6774,6774,2917499163,1954595,,
2026-06-23,2294168059,1,13360,13360,13360,13360,1202952764,3246992,,
2026-06-23,2369077151,1,7598,7598,7598,7598,357308727,9938022,,
2026-06-23,2440500124,1,20211,20211,20211,20211,7455346033,7903064,,
2026-06-23,2491559356,1,745,745,745,745,77294097,162553,,
2026-06-23,2655478023,2,3976,3976,3528,4424,979741177,3460315,,
2026-06-23,2821905072,1,2821,2821,2821,2821,244742993,5185715,,
2026-06-23,2827951974,1,1157,1157,1157,1157,803276381,672683,,
2026-06-23,2921237723,1,2449,2449,2449,2449,127338315,721649,,
2026-06-23,2992873140,1,14352,14352,14352,14352,1310279020,969184,,
2026-06-23,3034836582,1,1185,1185,1185,1185,497560955,1907210,,
2026-06-23,3079618996,1,2919,2919,2919,2919,760183612,785394,,
2026-06-23,3164075108,1,2934,2934,2934,2934,268373928,713471,,
2026-06-23,3187874989,1,5056,5056,5056,5056,147941672,210096,,
2026-06-23,3191268194,1,4279,4279,4279,4279,1338063268,5231213,,
2026-06-23,3232181171,1,1347,1347,1347,1347,53572212,204098,,
2026-06-23,3310460039,1,19729,19729,19729,19729,4454681923,105084434,,
2026-06-23,3317771874,1,98660,98660,98660,98660,2487546549,2162918,,
2026-06-23,3346892457,1,1881,1881,1881,1881,426423596,162173,,
2026-06-23,3472976893,1,4284,4284,4284,4284,136929882,1998395,,
2026-06-23,3502524667,1,2492,2492,2492,2492,738376371,3668951,,
2026-06-23,3551414857,1,10773,10773,10773,10773,613109195,1294685,,
2026-06-23,3647333358,1,30065,30065,30065,30065,8753391377,7915207,,
2026-06-23,3746418487,1,4122,4122,4122,4122,300086248,357813,,
2026-06-23,3754482795,1,5896,5896,5896,5896,1226547241,4331358,,
2026-06-23,3759884822,1,3743,3743,3743,3743,119306516,98161,,
2026-06-23,3841172115,1,7714,7714,7714,7714,129844593,630587,,
2026-06-23,4028801234,1,1634,1634,1634,1634,225483317,11964218,,
2026-06-23,4348829796,1,15067,15067,15067,15067,2524467043,10540732,,
2026-06-23,4497460596,1,2406,2406,2406,2406,163346572,130330,,
2026-06-23,4518160318,1,6595,6595,6595,6595,614530934,1092935,,
2026-06-23,4595016786,1,3234,3234,3234,3234,577858200,704315,,
2026-06-23,4599924264,1,4581,4581,4581,4581,684520620,256958,,
2026-06-23,4673599750,1,2351,2351,2351,2351,478140676,437411,,
2026-06-23,4720386144,1,3545,3545,3545,3545,105180917,538150,,
2026-06-23,4793836769,1,7513,7513,7513,7513,270739035,5754785,,
2026-06-23,4925331346,1,4586,4586,4586,4586,292777059,446867,,
2026-06-23,4944984948,1,4587,4587,4587,4587,216231737,98889,,
2026-06-23,5195168716,1,1614,1614,1614,1614,89721430,598530,,
2026-06-23,5207621753,1,6955,6955,6955,6955,73582283,66385,,
2026-06-23,5361032378,1,44506,44506,44506,44506,1960584174,973565,,
2026-06-23,5578556129,1,48844,48844,48844,48844,1943932807,1946527,,
2026-06-23,5668114043,1,2210,2210,2210,2210,229281536,714625,,
2026-06-23,5750914919,1,64630,64630,64630,64630,4579618144,3476804,,
2026-06-23,5956634861,1,733,733,733,733,146934304,579755,,
2026-06-23,6072944764,1,783,783,783,783,50511271,54831,,
2026-06-23,6314664695,1,720,720,720,720,57868462,2724808,,
2026-06-23,6329693946,1,3770,3770,3770,3770,67980613,206604,,
2026-06-23,6409513651,1,32467,32467,32467,32467,63876609,716855,,
2026-06-23,6646518350,1,856,856,856,856,247747579,347297,,
2026-06-23,6682487255,1,6378,6378,6378,6378,452571241,218111,,
2026-06-23,6749060816,1,9051,9051,9051,9051,224344328,1565175,,
2026-06-23,7018190066,1,29335,29335,29335,29335,6389100348,5896828,,
2026-06-23,7058980030,1,6016,6016,6016,6016,525657616,882455,,
2026-06-23,7082244450,1,4190,4190,4190,4190,,,,
2026-06-23,7082423811,1,4081,4081,4081,4081,264380234,1540816,,
2026-06-23,7094518649,1,14465,14465,14465,14465,303910197,745830,,
2026-06-23,7127084123,1,3807,3807,3807,3807,134449190,287884,,
2026-06-23,7128163167,1,2814,2814,2814,2814,59133285,100399,,
2026-06-23,7219654364,1,47078,47078,47078,47078,1230575474,13517207,,
2026-06-23,7332711118,1,5873,5873,5873,5873,1844150953,2440025,,
2026-06-23,7383133134,1,831,831,831,831,97130124,714093,,
2026-06-23,7435020231,1,1080,1080,1080,1080,30991165,114046,,
2026-06-23,7436755782,1,69543,69543,69543,69543,35627829302,11194168,,
2026-06-23,7569509385,1,2544,2544,2544,2544,72283383,463497,,
2026-06-23,7585079192,1,3914,3914,3914,3914,38901513,147472,,
2026-06-23,7613970129,1,4701,4701,4701,4701,48589097,113186,,
2026-06-23,7690412163,1,805,805,805,805,81087578,187304,,
2026-06-23,7709344486,1,213467,213467,213467,213467,70320952220,28470872,,
2026-06-23,7891669427,1,1373,1373,1373,1373,28452267,725112,,
2026-06-23,8014099969,1,2157,2157,2157,2157,137367570,232788,,
2026-06-23,8291789996,1,3552,3552,3552,3552,,,,
2026-06-23,8316902627,1,3579,3579,3579,3579,4660224830,1946729,,
2026-06-23,8356066619,1,66583,66583,66583,66583,29037859,32099,,
2026-06-23,8504461817,2,3437,3437,2891,3983,166117508,81684,,
2026-06-23,8539298853,1,22529,22529,22529,22529,1189200268,1581341,,
2026-06-23,8696670616,1,2886,2886,2886,2886,,,,
2026-06-23,8759966530,1,4920,4920,4920,4920,98840292,351672,,
2026-06-23,8786713187,1,3475,3475,3475,3475,108493688,265474,,
2026-06-23,8791358380,1,8385,8385,8385,8385,379354810,11299823,,
2026-06-23,8844400854,1,1220,1220,1220,1220,178987793,402186,,
2026-06-23,8950496606,1,3217,3217,3217,3217,158540574,400227,,
2026-06-23,9029463012,1,1207,1207,1207,1207,104610459,398994,,
2026-06-23,9073513091,1,4704,4704,4704,4704,104466022,137924,,
2026-06-23,9077534770,1,1962,1962,1962,1962,51696927,156188,,
2026-06-23,9098570654,1,16742,16742,16742,16742,175432843,271047,,
2026-06-23,9122463229,1,9014,9014,9014,9014,,,,
2026-06-23,9129640671,1,11028,11028,11028,11028,,,,
2026-06-23,9141743926,1,17274,17274,17274,17274,355446087,549916,,
2026-06-23,9145063979,1,8997,8997,8997,8997,487806251,475165,,
2026-06-23,9145282410,1,1228,1228,1228,1228,,,,
2026-06-23,9177208241,1,3904,3904,3904,3904,57162294,326619,,
2026-06-23,9219116196,1,8369,8369,8369,8369,66193431,164942,,
2026-06-23,9231693026,1,2948,2948,2948,2948,,,,
2026-06-23,9253627770,1,790,790,790,790,12906521,15997,,
2026-06-23,9260939847,1,3084,3084,3084,3084,94101832,1976886,,
2026-06-23,9296042754,1,3716,3716,3716,3716,38590680,187901,,
2026-06-23,9315472782,1,1665,1665,1665,1665,16019592,97140,,
2026-06-23,9315739469,1,2028,2028,2028,2028,71253004,73694,,
2026-06-23,9348272796,1,40051,40051,40051,40051,512589034,475910,,
2026-06-23,9362896961,1,6289,6289,6289,6289,133335092,209190,,
2026-06-23,9363735110,1,11456,11456,11456,11456,5631652436,2007571,,
2026-06-23,9409870130,1,1505,1505,1505,1505,14997999,192117,,
2026-06-23,9411563986,1,3203,3203,3203,3203,72024194,126361,,
2026-06-23,9452898647,1,4380,4380,4380,4380,103164504,4301542,,
2026-06-23,9491545867,1,3576,3576,3576,3576,99980335,1034648,,
2026-06-23,9494058490,1,12312,12312,12312,12312,,,,
2026-06-23,9501409571,1,848,848,848,848,34946032,173092,,
2026-06-23,9513686983,1,5376,5376,5376,5376,384447434,12432695,,
2026-06-23,9526307912,1,3464,3464,3464,3464,70608234,121256,,
2026-06-23,9556113881,1,1137,1137,1137,1137,33524178,154488,,
2026-06-23,9561553764,1,9257,9257,9257,9257,34298360,47791,,
2026-06-23,9584852943,1,266997,266997,266997,266997,1582843519,2731756,,
2026-06-23,9660713566,1,3053,3053,3053,3053,76195723,4820416,,
2026-06-23,9725232502,1,907,907,907,907,11439270,82564,,
2026-06-23,9741799896,1,4533,4533,4533,4533,37846369,2118161,,
2026-06-23,9758688665,1,3022,3022,3022,3022,88365899,4611221,,
2026-06-23,9787206684,1,6229,6229,6229,6229,745100889,2894730,,
2026-06-23,9792947201,1,15913,15913,15913,15913,507529078,3444929,,
2026-06-23,9797806474,1,25805,25805,25805,25805,18167020,16775,,
2026-06-23,9859536675,1,2754,2754,2754,2754,,,,
2026-06-23,9890892152,1,3597,3597,3597,3597,7694410,31135,,
2026-06-23,9913633503,1,728,728,728,728,33892071,2694458,,
2026-06-23,9929086116,1,3895,3895,3895,3895,43012602,3126939,,
2026-06-23,9930466428,1,809,809,809,809,29665702,126336,,
2026-06-23,9931060493,1,3714,3714,3714,3714,29132600,694974,,
2026-06-23,9940725596,1,1791,1791,1791,1791,23707605,31848,,
2026-06-23,9945976408,1,6724,6724,6724,6724,40845247,100021,,
2026-06-23,9953328866,1,2865,2865,2865,2865,28712128,34185,,
2026-06-23,9963622286,1,9469,9469,9469,9469,49564742,2069671,,
2026-06-23,9969687051,1,3116,3116,3116,3116,32310670,2231138,,
2026-06-23,9998576154,1,8249,8249,8249,8249,64197009,4263629,,
2026-06-23,10004244222,1,86761,86761,86761,86761,1208371619,21223439,,
2026-06-23,10004760418,1,3224,3224,3224,3224,105328152,142135,,
2026-06-23,10051853469,1,7074,7074,7074,7074,85868468,1991829,,
2026-06-23,10065013948,1,11127,11127,11127,11127,19989826,37118,,
2026-06-23,10067868611,1,3316,3316,3316,3316,9007441,15395,,
2026-06-23,10081194651,1,4765,4765,4765,4765,35601648,145075,,
2026-06-23,10083552936,1,1629,1629,1629,1629,3210410,106351,,
2026-06-23,10086454767,1,6296,6296,6296,6296,9837209,33224,,
2026-06-23,10089507840,1,4063,4063,4063,4063,43737056,64526,,
2026-06-23,10111742174,1,10675,10675,10675,10675,16570133,41768,,
2026-06-23,10138661961,1,6831,6831,6831,6831,13928539,39417,,
2026-06-23,10144280947,1,5314,5314,5314,5314,11112737,683062,,
2026-06-23,10148434559,1,25262,25262,25262,25262,29619948,235070,,
2026-06-23,10149964044,1,6407,6407,6407,6407,,,,
2026-06-23,10150875031,1,3709,3709,3709,3709,17566738,50543,,
2026-06-23,10167214983,1,6710,6710,6710,6710,42588280,2524592,,
2026-06-23,10184247393,1,9573,9573,9573,9573,10313407,378810,,
2026-06-23,10190667429,1,5813,5813,5813,5813,10202065,17110,,
2026-06-23,10199301628,1,43406,43406,43406,43406,62678986,450132,,
2026-06-23,10200395747,1,591140,591140,591140,591140,544940574,448843,,
2026-06-23,10200713960,1,3439,3439,3439,3439,23809076,51921,,
2026-06-23,10222315805,1,3385,3385,3385,3385,2269916,13256,,
2026-06-23,10230921598,1,27237,27237,27237,27237,33748466,2663965,,
2026-06-23,10244001346,1,10704,10704,10704,10704,22008265,23386,,
2026-06-23,10321202755,1,10654,10654,10654,10654,3765370,103625,,
2026-06-24,31970568,1,4334,4334,4334,4334,1579537994,6043723,,
2026-06-24,66654135,1,300326,300326,300326,300326,26550470804,22506144,,
2026-06-24,568307879,1,900,900,900,900,519320994,540131,,
2026-06-24,605887098,1,3866,3866,3866,3866,2498150629,3673435,,
2026-06-24,903807016,1,4678,4678,4678,4678,1521807804,2798518,,
2026-06-24,1198533421,1,1230,1230,1230,1230,176279990,719232,,
2026-06-24,1214576306,1,4425,4425,4425,4425,1628775599,4275437,,
2026-06-24,1430007363,1,4165,4165,4165,4165,881652583,2215385,,
2026-06-24,1489026993,2,7987,7987,7163,8811,2626171806,4286258,,
2026-06-24,1526814825,1,9743,9743,9743,9743,1054060810,4232413,,
2026-06-24,1637284552,1,2273,2273,2273,2273,189715940,270551,,
2026-06-24,1795206523,1,1366,1366,1366,1366,939083003,923672,,
2026-06-24,1831550657,1,28513,28513,28513,28513,2057852637,10375622,,
2026-06-24,1998835206,1,2967,2967,2967,2967,573876379,1161264,,
2026-06-24,2049551477,2,3960,3960,2921,4999,1438485653,1884808,,
2026-06-24,2165551367,1,1807,1807,1807,1807,660852034,2384650,,
2026-06-24,2247578975,2,4466,4466,4224,4709,1185792029,14912593,,
2026-06-24,2274830359,1,6436,6436,6436,6436,2918446236,1955360,,
2026-06-24,2294168059,1,11621,11621,11621,11621,1203823241,3248858,,
2026-06-24,2369077151,1,9203,9203,9203,9203,358114773,9954966,,
2026-06-24,2440500124,1,20898,20898,20898,20898,7457739712,7905414,,
2026-06-24,2491559356,1,674,674,674,674,77356769,162601,,
2026-06-24,2655478023,2,3878,3878,3342,4413,980357112,3460823,,
2026-06-24,2821905072,1,2862,2862,2862,2862,245060463,5191774,,
2026-06-24,2827951974,1,1162,1162,1162,1162,803441197,672884,,
2026-06-24,2921237723,1,2689,2689,2689,2689,127598063,722659,,
2026-06-24,2992873140,1,14961,14961,14961,14961,1311526333,969769,,
2026-06-24,3034836582,1,1450,1450,1450,1450,497705070,1907420,,
2026-06-24,3164075108,1,2932,2932,2932,2932,268574175,713753,,
2026-06-24,3187874989,1,4839,4839,4839,4839,148443020,210620,,
2026-06-24,3191268194,1,3879,3879,3879,3879,1338423821,5236613,,
2026-06-24,3232181171,1,1373,1373,1373,1373,53724549,204763,,
2026-06-24,3274669156,1,913,913,913,913,65509471,634241,,
2026-06-24,3310460039,1,19018,19018,19018,19018,4457364954,105085465,,
2026-06-24,3317771874,1,84281,84281,84281,84281,2489555287,2163695,,
2026-06-24,3346892457,1,2051,2051,2051,2051,426732113,162481,,
2026-06-24,3472976893,1,4301,4301,4301,4301,137471925,2016271,,
2026-06-24,3502524667,1,2593,2593,2593,2593,738789685,3669317,,
2026-06-24,3551414857,1,10305,10305,10305,10305,614032279,1296621,,
2026-06-24,3647333358,1,30566,30566,30566,30566,8757483325,7919302,,
2026-06-24,3746418487,1,3894,3894,3894,3894,300489767,358344,,
2026-06-24,3754482795,1,5814,5814,5814,5814,1227338186,4334283,,
2026-06-24,3759884822,1,3910,3910,3910,3910,119563739,98448,,
2026-06-24,3841172115,1,7521,7521,7521,7521,130639033,632847,,
2026-06-24,4028801234,1,2136,2136,2136,2136,225688558,11977147,,
2026-06-24,4348829796,1,15228,15228,15228,15228,2526368511,10551881,,
2026-06-24,4497460596,1,2285,2285,2285,2285,163539056,130634,,
2026-06-24,4518160318,1,6389,6389,6389,6389,615000861,1094061,,
2026-06-24,4595016786,1,3360,3360,3360,3360,578236265,705045,,
2026-06-24,4599924264,1,4969,4969,4969,4969,685295034,257648,,
2026-06-24,4673599750,1,2150,2150,2150,2150,478734530,437950,,
2026-06-24,4793836769,1,7392,7392,7392,7392,271322297,5766055,,
2026-06-24,4925331346,1,4156,4156,4156,4156,293115475,447543,,
2026-06-24,4944984948,1,5486,5486,5486,5486,217095085,99555,,
2026-06-24,5195168716,1,1889,1889,1889,1889,89885261,599545,,
2026-06-24,5207621753,1,6940,6940,6940,6940,74155988,66730,,
2026-06-24,5361032378,1,43724,43724,43724,43724,1962745960,973933,,
2026-06-24,5578556129,1,61907,61907,61907,61907,1946866055,1948227,,
2026-06-24,5668114043,1,2277,2277,2277,2277,229489745,715029,,
2026-06-24,5698013839,1,696,696,696,696,68013164,268210,,
2026-06-24,5750914919,1,59434,59434,59434,59434,4583090622,3479328,,
2026-06-24,5956634861,1,1103,1103,1103,1103,147044784,579981,,
2026-06-24,6072944764,1,732,732,732,732,50579311,54945,,
2026-06-24,6314664695,1,882,882,882,882,57932611,2727458,,
2026-06-24,6329693946,1,3595,3595,3595,3595,68203562,207039,,
2026-06-24,6409513651,1,32246,32246,32246,32246,65143384,722160,,
2026-06-24,6646518350,1,796,796,796,796,247977236,347399,,
2026-06-24,6647992437,1,768,768,768,768,87386589,30584,,
2026-06-24,6682487255,1,6375,6375,6375,6375,453109739,218255,,
2026-06-24,6749060816,1,8790,8790,8790,8790,224999885,1568472,,
2026-06-24,7018190066,1,28901,28901,28901,28901,6391438106,5906800,,
2026-06-24,7058980030,1,6805,6805,6805,6805,526682506,884042,,
2026-06-24,7076793942,1,701,701,701,701,82777811,210238,,
2026-06-24,7082244450,1,4190,4190,4190,4190,,,,
2026-06-24,7082423811,1,4902,4902,4902,4902,264826057,1541358,,
2026-06-24,7094518649,1,15289,15289,15289,15289,304753859,747657,,
2026-06-24,7127084123,1,3622,3622,3622,3622,134730348,288567,,
2026-06-24,7128163167,1,4273,4273,4273,4273,59435104,100974,,
2026-06-24,7219654364,1,49820,49820,49820,49820,1235692167,13546175,,
2026-06-24,7332711118,1,5736,5736,5736,5736,1844837881,2440800,,
2026-06-24,7383133134,1,1080,1080,1080,1080,97273122,715224,,
2026-06-24,7435020231,1,879,879,879,879,31053548,114168,,
2026-06-24,7436755782,1,64968,64968,64968,64968,35633548004,11205828,,
2026-06-24,7569509385,1,2390,2390,2390,2390,72488544,463803,,
2026-06-24,7585079192,1,3413,3413,3413,3413,39046867,148262,,
2026-06-24,7613970129,1,3125,3125,3125,3125,48916855,114482,,
2026-06-24,7690412163,1,977,977,977,977,81171083,187571,,
2026-06-24,7709344486,1,159482,159482,159482,159482,70378105370,28483330,,
2026-06-24,7719766419,1,939,939,939,939,26275354,233631,,
2026-06-24,7891669427,1,1552,1552,1552,1552,28591109,728075,,
2026-06-24,8014099969,1,1870,1870,1870,1870,137569750,233033,,
2026-06-24,8291789996,1,3552,3552,3552,3552,,,,
2026-06-24,8316902627,1,3373,3373,3373,3373,4660709128,1948231,,
2026-06-24,8356066619,1,62609,62609,62609,62609,31982272,33999,,
2026-06-24,8504461817,2,2990,2990,2578,3403,166569848,82017,,
2026-06-24,8539298853,1,21862,21862,21862,21862,1191170207,1584575,,
2026-06-24,8696670616,1,2886,2886,2886,2886,,,,
2026-06-24,8759966530,1,4979,4979,4979,4979,99408548,352785,,
2026-06-24,8786713187,1,2868,2868,2868,2868,108737405,265979,,
2026-06-24,8791358380,1,7638,7638,7638,7638,380186195,11321486,,
2026-06-24,8844400854,1,1166,1166,1166,1166,179132897,402270,,
2026-06-24,8950496606,1,3085,3085,3085,3085,158786057,400857,,
2026-06-24,9029463012,1,1672,1672,1672,1672,104751387,399449,,
2026-06-24,9073513091,1,4328,4328,4328,4328,105269138,138725,,
2026-06-24,9077534770,1,2249,2249,2249,2249,51909949,156872,,
2026-06-24,9098570654,1,16924,16924,16924,16924,176511407,272758,,
2026-06-24,9122463229,1,9014,9014,9014,9014,,,,
2026-06-24,9129640671,1,11028,11028,11028,11028,,,,
2026-06-24,9141743926,1,15406,15406,15406,15406,357196255,551081,,
2026-06-24,9145063979,1,8200,8200,8200,8200,488869329,476488,,
2026-06-24,9145282410,1,1881,1881,1881,1881,34047326,250385,,
2026-06-24,9177208241,1,4269,4269,4269,4269,57614711,329127,,
2026-06-24,9219116196,1,9865,9865,9865,9865,66998762,166896,,
2026-06-24,9231693026,1,2948,2948,2948,2948,,,,
2026-06-24,9253627770,1,758,758,758,758,12984221,16096,,
2026-06-24,9296042754,1,3628,3628,3628,3628,38962498,189704,,
2026-06-24,9315472782,1,1884,1884,1884,1884,16234787,98271,,
2026-06-24,9315739469,1,2532,2532,2532,2532,71589021,74149,,
2026-06-24,9348272796,1,36811,36811,36811,36811,516125309,479124,,
2026-06-24,9362896961,1,6180,6180,6180,6180,133678401,209405,,
2026-06-24,9363735110,1,11080,11080,11080,11080,5633119782,2008344,,
2026-06-24,9409870130,1,1815,1815,1815,1815,15163483,194082,,
2026-06-24,9411563986,1,3053,3053,3053,3053,72464146,127203,,
2026-06-24,9452898647,1,2743,2743,2743,2743,103477344,4312157,,
2026-06-24,9491545867,1,3019,3019,3019,3019,100366581,1037513,,
2026-06-24,9494058490,1,12312,12312,12312,12312,,,,
2026-06-24,9501409571,1,739,739,739,739,35044537,173401,,
2026-06-24,9513686983,1,5146,5146,5146,5146,385090317,12457099,,
2026-06-24,9526307912,2,3626,3626,3174,4078,71016874,121892,,
2026-06-24,9556113881,1,2435,2435,2435,2435,33665515,155132,,
2026-06-24,9561553764,1,9559,9559,9559,9559,36088449,48915,,
2026-06-24,9584852943,1,339339,339339,339339,339339,1629373457,2792111,,
2026-06-24,9741799896,1,2857,2857,2857,2857,38510327,2145709,,
2026-06-24,9758688665,1,2902,2902,2902,2902,88704807,4626779,,
2026-06-24,9787206684,1,5438,5438,5438,5438,746049764,2896760,,
2026-06-24,9792947201,1,14752,14752,14752,14752,508993973,3450881,,
2026-06-24,9797806474,1,27839,27839,27839,27839,19333210,17373,,
2026-06-24,9859536675,1,2754,2754,2754,2754,,,,
2026-06-24,9890892152,1,3440,3440,3440,3440,7982379,31892,,
2026-06-24,9929086116,1,3802,3802,3802,3802,43546715,3158710,,
2026-06-24,9930466428,1,734,734,734,734,29790786,126543,,
2026-06-24,9931060493,1,3000,3000,3000,3000,29550752,700617,,
2026-06-24,9940725596,1,1565,1565,1565,1565,23967461,32152,,
2026-06-24,9953328866,1,2842,2842,2842,2842,29051542,34532,,
2026-06-24,9963622286,1,11045,11045,11045,11045,50791704,2121978,,
2026-06-24,9998576154,1,7510,7510,7510,7510,65073368,4316971,,
2026-06-24,10004244222,1,92546,92546,92546,92546,1218805005,21326843,,
2026-06-24,10051853469,1,5780,5780,5780,5780,86564585,2003283,,
2026-06-24,10065013948,1,9885,9885,9885,9885,21102942,38774,,
2026-06-24,10081194651,1,4260,4260,4260,4260,36056970,146747,,
2026-06-24,10083552936,1,1590,1590,1590,1590,3416258,118919,,
2026-06-24,10086454767,1,5717,5717,5717,5717,10265285,34284,,
2026-06-24,10089507840,1,4050,4050,4050,4050,45080632,66324,,
2026-06-24,10111742174,1,10594,10594,10594,10594,17212812,43089,,
2026-06-24,10138661961,1,7628,7628,7628,7628,14889493,41662,,
2026-06-24,10144280947,1,5056,5056,5056,5056,11754426,709150,,
2026-06-24,10148434559,1,22857,22857,22857,22857,31700978,248486,,
2026-06-24,10149910491,1,6899,6899,6899,6899,11042920,20520,,
2026-06-24,10149964044,1,6407,6407,6407,6407,,,,
2026-06-24,10150875031,1,3716,3716,3716,3716,17960019,51301,,
2026-06-24,10167214983,1,6139,6139,6139,6139,43248008,2555783,,
2026-06-24,10184247393,1,8606,8606,8606,8606,10990415,398612,,
2026-06-24,10190667429,1,4102,4102,4102,4102,10756225,17806,,
2026-06-24,10199301628,1,45525,45525,45525,45525,68130366,483817,,
2026-06-24,10200395747,1,485564,485564,485564,485564,594448273,467551,,
2026-06-24,10200713960,1,3291,3291,3291,3291,24673022,53349,,
2026-06-24,10222315805,1,5941,5941,5941,5941,2969007,16699,,
2026-06-24,10230921598,1,25745,25745,25745,25745,37260340,2878830,,
2026-06-24,10232360448,1,9313,9313,9313,9313,13021252,27842,,
2026-06-24,10241922839,1,3605,3605,3605,3605,3935164,57127,,
2026-06-24,10244001346,1,9028,9028,9028,9028,23828400,25091,,
2026-06-24,10321202755,1,11177,11177,11177,11177,4259673,113116,,
2026-06-25,31970568,1,4563,4563,4563,4563,1579906897,6044224,,
2026-06-25,66654135,1,309678,309678,309678,309678,26581921406,22521527,,
2026-06-25,568307879,1,887,887,887,887,519436963,540252,,
2026-06-25,605887098,1,3684,3684,3684,3684,,,,
2026-06-25,903807016,1,4910,4910,4910,4910,1522650200,2799092,,
2026-06-25,1198533421,1,1182,1182,1182,1182,176365712,719358,,
2026-06-25,1214576306,1,4634,4634,4634,4634,1629089956,4275773,,
2026-06-25,1430007363,1,4027,4027,4027,4027,882181918,2218106,,
2026-06-25,1489026993,2,8094,8094,7416,8773,2627034046,4287337,,
2026-06-25,1526814825,1,10213,10213,10213,10213,1054751641,4234187,,
2026-06-25,1637284552,1,1500,1500,1500,1500,189914212,270788,,
2026-06-25,1795206523,1,1404,1404,1404,1404,,,,
2026-06-25,1831550657,1,29985,29985,29985,29985,2059797324,10382113,,
2026-06-25,1998835206,1,2916,2916,2916,2916,574116997,1161480,,
2026-06-25,2049551477,2,4060,4060,3093,5027,1439058552,1885511,,
2026-06-25,2165551367,1,1622,1622,1622,1622,661159849,2386129,,
2026-06-25,2247578975,2,5261,5261,4726,5796,1186447358,14913007,,
2026-06-25,2274830359,1,7952,7952,7952,7952,2919501630,1956280,,
2026-06-25,2294168059,1,12326,12326,12326,12326,1204678237,3250991,,
2026-06-25,2369077151,1,12545,12545,12545,12545,359084697,9976786,,
2026-06-25,2440500124,1,19873,19873,19873,19873,7460107015,7907708,,
2026-06-25,2655478023,2,3662,3662,3367,3956,980962992,3461329,,
2026-06-25,2821905072,1,3466,3466,3466,3466,245387815,5197594,,
2026-06-25,2827951974,1,1068,1068,1068,1068,803609213,673107,,
2026-06-25,2921237723,1,2331,2331,2331,2331,127864705,723630,,
2026-06-25,2992873140,1,15309,15309,15309,15309,1312808229,970402,,
2026-06-25,3034836582,1,1079,1079,1079,1079,497848819,1907598,,
2026-06-25,3079618996,1,3081,3081,3081,3081,760723855,785994,,
2026-06-25,3164075108,1,2918,2918,2918,2918,268773223,714083,,
2026-06-25,3187874989,1,4730,4730,4730,4730,148936560,211096,,
2026-06-25,3191268194,1,3916,3916,3916,3916,1338771505,5241827,,
2026-06-25,3232181171,1,1410,1410,1410,1410,53878043,205442,,
2026-06-25,3274669156,1,887,887,887,887,65561939,634731,,
2026-06-25,3310460039,1,20053,20053,20053,20053,4460034243,105086537,,
2026-06-25,3317771874,1,84365,84365,84365,84365,2491662270,2164305,,
2026-06-25,3346892457,1,1941,1941,1941,1941,427037333,162749,,
2026-06-25,3472976893,1,4730,4730,4730,4730,138137573,2038521,,
2026-06-25,3502524667,1,2463,2463,2463,2463,739183683,3669661,,
2026-06-25,3551414857,1,8920,8920,8920,8920,614919058,1298416,,
2026-06-25,3647333358,1,29569,29569,29569,29569,8761497259,7923408,,
2026-06-25,3746418487,1,7126,7126,7126,7126,301006844,359134,,
2026-06-25,3754482795,1,5956,5956,5956,5956,1228130052,4337215,,
2026-06-25,3759884822,1,3350,3350,3350,3350,119824211,98757,,
2026-06-25,3841172115,1,8550,8550,8550,8550,131440692,635092,,
2026-06-25,4028801234,1,1542,1542,1542,1542,225890113,11989197,,
2026-06-25,4348829796,1,15857,15857,15857,15857,2528299848,10563317,,
2026-06-25,4497460596,1,2254,2254,2254,2254,163745603,131077,,
2026-06-25,4518160318,1,7198,7198,7198,7198,615488706,1095271,,
2026-06-25,4595016786,1,3056,3056,3056,3056,578611544,705694,,
2026-06-25,4599924264,1,6592,6592,6592,6592,686300236,258628,,
2026-06-25,4673599750,1,2295,2295,2295,2295,479328358,438490,,
2026-06-25,4720386144,1,2922,2922,2922,2922,105729137,540175,,
2026-06-25,4793836769,1,7206,7206,7206,7206,271882170,5776575,,
2026-06-25,4925331346,1,4332,4332,4332,4332,293455955,448262,,
2026-06-25,4944984948,1,5184,5184,5184,5184,217986439,100160,,
2026-06-25,5195168716,1,1646,1646,1646,1646,90035530,600383,,
2026-06-25,5207621753,1,6618,6618,6618,6618,74714082,67001,,
2026-06-25,5361032378,1,43264,43264,43264,43264,1965012289,974358,,
2026-06-25,5485660832,1,3730,3730,3730,3730,,,,
2026-06-25,5578556129,1,55808,55808,55808,55808,1949686571,1949981,,
2026-06-25,5668114043,1,2161,2161,2161,2161,229697148,715460,,
2026-06-25,5698013839,1,905,905,905,905,68085162,268504,,
2026-06-25,5750914919,1,57432,57432,57432,57432,4586399910,3481993,,
2026-06-25,5867087288,1,3102,3102,3102,3102,39172529,36870,,
2026-06-25,5927446137,1,668,668,668,668,42782868,563854,,
2026-06-25,5956634861,1,809,809,809,809,147149458,580171,,
2026-06-25,6072944764,1,741,741,741,741,50644035,55044,,
2026-06-25,6314664695,1,761,761,761,761,57988400,2729690,,
2026-06-25,6329693946,1,3505,3505,3505,3505,68422193,207462,,
2026-06-25,6409513651,1,38744,38744,38744,38744,66945929,729755,,
2026-06-25,6646518350,1,708,708,708,708,248206158,347488,,
2026-06-25,6647992437,1,725,725,725,725,87444933,30642,,
2026-06-25,6682487255,1,6384,6384,6384,6384,453643797,218365,,
2026-06-25,6749060816,1,8785,8785,8785,8785,225648759,1571790,,
2026-06-25,7018190066,1,29631,29631,29631,29631,6393814764,5919045,,
2026-06-25,7058980030,1,6389,6389,6389,6389,527702873,885705,,
2026-06-25,7082244450,1,4190,4190,4190,4190,,,,
2026-06-25,7082423811,1,4039,4039,4039,4039,265257180,1541866,,
2026-06-25,7094518649,1,14703,14703,14703,14703,305645658,749842,,
2026-06-25,7127084123,1,3534,3534,3534,3534,135010004,289341,,
2026-06-25,7128163167,1,4444,4444,4444,4444,59954107,102232,,
2026-06-25,7219654364,1,49512,49512,49512,49512,1240845890,13573947,,
2026-06-25,7332711118,1,5436,5436,5436,5436,1845368468,2441300,,
2026-06-25,7383133134,1,993,993,993,993,97416882,716416,,
2026-06-25,7434179990,1,2828,2828,2828,2828,213239267,7589728,,
2026-06-25,7435020231,1,819,819,819,819,31111006,114259,,
2026-06-25,7436755782,1,66660,66660,66660,66660,35639164666,11218003,,
2026-06-25,7450124099,1,7905,7905,7905,7905,118153778,652833,,
2026-06-25,7569509385,1,2173,2173,2173,2173,72673560,464074,,
2026-06-25,7577791613,1,609,609,609,609,94978631,565382,,
2026-06-25,7585079192,1,3107,3107,3107,3107,39174330,148780,,
2026-06-25,7690412163,1,1176,1176,1176,1176,81255836,187875,,
2026-06-25,7709344486,1,205352,205352,205352,205352,70421361120,28493020,,
2026-06-25,7760134732,1,2935,2935,2935,2935,19160415,571097,,
2026-06-25,7891669427,1,1596,1596,1596,1596,28757701,732108,,
2026-06-25,8014099969,1,3602,3602,3602,3602,137795972,233290,,
2026-06-25,8291789996,1,3552,3552,3552,3552,,,,
2026-06-25,8316902627,1,3459,3459,3459,3459,4661157563,1949836,,
2026-06-25,8356066619,1,62513,62513,62513,62513,34986855,35680,,
2026-06-25,8504461817,2,2829,2829,2623,3035,167014262,82348,,
2026-06-25,8539298853,1,24713,24713,24713,24713,1193212404,1587826,,
2026-06-25,8696670616,1,2886,2886,2886,2886,,,,
2026-06-25,8759966530,1,4873,4873,4873,4873,99968721,353872,,
2026-06-25,8786713187,1,3177,3177,3177,3177,108969875,266379,,
2026-06-25,8791358380,1,7939,7939,7939,7939,381035154,11345427,,
2026-06-25,8844400854,1,1261,1261,1261,1261,,,,
2026-06-25,8950496606,1,3038,3038,3038,3038,159018253,401277,,
2026-06-25,9029463012,1,1603,1603,1603,1603,104894975,399879,,
2026-06-25,9073513091,1,3592,3592,3592,3592,105923697,139420,,
2026-06-25,9077534770,1,2136,2136,2136,2136,52132428,157517,,
2026-06-25,9098570654,1,16608,16608,16608,16608,177646982,274730,,
2026-06-25,9122463229,1,9014,9014,9014,9014,,,,
2026-06-25,9129640671,1,11028,11028,11028,11028,,,,
2026-06-25,9141743926,1,15192,15192,15192,15192,358851800,552223,,
2026-06-25,9145063979,1,8018,8018,8018,8018,489849437,477768,,
2026-06-25,9145282410,1,1135,1135,1135,1135,34147669,250890,,
2026-06-25,9150975254,1,2839,2839,2839,2839,43583090,1274564,,
2026-06-25,9177208241,1,4564,4564,4564,4564,58046689,331084,,
2026-06-25,9219116196,1,9506,9506,9506,9506,67863088,168983,,
2026-06-25,9231693026,1,2948,2948,2948,2948,,,,
2026-06-25,9253627770,1,729,729,729,729,13067203,16190,,
2026-06-25,9296042754,1,3160,3160,3160,3160,39304225,191328,,
2026-06-25,9315472782,1,1950,1950,1950,1950,16442656,99316,,
2026-06-25,9315739469,1,2382,2382,2382,2382,71960811,74633,,
2026-06-25,9348272796,1,33853,33853,33853,33853,519348205,482068,,
2026-06-25,9362896961,1,6171,6171,6171,6171,134033298,209593,,
2026-06-25,9363735110,1,11579,11579,11579,11579,5634949385,2009174,,
2026-06-25,9409870130,1,1519,1519,1519,1519,15324149,195887,,
2026-06-25,9411563986,1,3084,3084,3084,3084,72901314,127938,,
2026-06-25,9491545867,1,3716,3716,3716,3716,100747012,1039816,,
2026-06-25,9494058490,1,12312,12312,12312,12312,,,,
2026-06-25,9513686983,1,4829,4829,4829,4829,385696217,12479349,,
2026-06-25,9526307912,2,4086,4086,3111,5061,71484908,122678,,
2026-06-25,9556113881,1,2167,2167,2167,2167,33880501,156244,,
2026-06-25,9561553764,1,10396,10396,10396,10396,38371498,50199,,
2026-06-25,9584852943,1,332582,332582,332582,332582,1696054042,2854257,,
2026-06-25,9659404694,1,923,923,923,923,8621684,1244193,,
2026-06-25,9660713566,1,6878,6878,6878,6878,77167450,4870885,,
2026-06-25,9741799896,1,4304,4304,4304,4304,39138885,2175182,,
2026-06-25,9787206684,1,5402,5402,5402,5402,746768509,2898505,,
2026-06-25,9792947201,1,13193,13193,13193,13193,510327224,3455781,,
2026-06-25,9797806474,1,25892,25892,25892,25892,20327819,17839,,
2026-06-25,9859536675,1,2754,2754,2754,2754,,,,
2026-06-25,9890892152,1,3392,3392,3392,3392,8245937,33126,,
2026-06-25,9929086116,1,3382,3382,3382,3382,44006785,3182646,,
2026-06-25,9930466428,1,735,735,735,735,29918074,126796,,
2026-06-25,9931060493,1,3305,3305,3305,3305,29915838,705026,,
2026-06-25,9940725596,1,1633,1633,1633,1633,24228375,32459,,
2026-06-25,9948575164,1,2663,2663,2663,2663,24196911,147179,,
2026-06-25,9955391014,1,735,735,735,735,4683805,102352,,
2026-06-25,9963622286,1,10824,10824,10824,10824,52066348,2173851,,
2026-06-25,9998576154,1,17852,17852,17852,17852,66151751,4390765,,
2026-06-25,10004244222,1,85377,85377,85377,85377,1228315261,21414360,,
2026-06-25,10004760418,1,3830,3830,3830,3830,106259518,143495,,
2026-06-25,10051853469,1,6486,6486,6486,6486,87206168,2015084,,
2026-06-25,10065013948,1,12510,12510,12510,12510,22210309,40297,,
2026-06-25,10081194651,1,4124,4124,4124,4124,36474940,148172,,
2026-06-25,10083552936,1,1536,1536,1536,1536,3605424,129658,,
2026-06-25,10086454767,1,5479,5479,5479,5479,10659802,35352,,
2026-06-25,10089507840,1,3723,3723,3723,3723,46541252,68113,,
2026-06-25,10111742174,1,9897,9897,9897,9897,17790596,44170,,
2026-06-25,10138661961,1,6369,6369,6369,6369,15971846,44284,,
2026-06-25,10144280947,1,5350,5350,5350,5350,12446877,740707,,
2026-06-25,10148434559,1,20918,20918,20918,20918,33566626,259492,,
2026-06-25,10149910491,1,7444,7444,7444,7444,11674696,21283,,
2026-06-25,10149964044,1,6407,6407,6407,6407,,,,
2026-06-25,10150875031,1,2834,2834,2834,2834,18323754,52038,,
2026-06-25,10167214983,1,4565,4565,4565,4565,43752668,2578665,,
2026-06-25,10184247393,1,8437,8437,8437,8437,11639393,418653,,
2026-06-25,10190667429,1,3175,3175,3175,3175,11164196,18354,,
2026-06-25,10199301628,1,45088,45088,45088,45088,73671584,517998,,
2026-06-25,10200395747,1,540410,540410,540410,540410,641178959,485077,,
2026-06-25,10200713960,1,3071,3071,3071,3071,25452996,54614,,
2026-06-25,10230921598,1,24552,24552,24552,24552,40845381,3109851,,
2026-06-25,10232360448,1,8219,8219,8219,8219,14937515,31159,,
2026-06-25,10237338193,1,7921,7921,7921,7921,5093290,6796,,
2026-06-25,10241922839,1,7841,7841,7841,7841,4296526,62136,,
2026-06-25,10244001346,1,8022,8022,8022,8022,25526761,26603,,
2026-06-25,10321202755,1,13524,13524,13524,13524,4868441,128058,,
2026-06-26,31970568,1,5143,5143,5143,5143,1580298910,6044759,,
2026-06-26,66654135,1,317972,317972,317972,317972,26614088526,22536710,,
2026-06-26,568307879,1,974,974,974,974,519559258,540400,,
2026-06-26,605887098,1,3858,3858,3858,3858,2499018614,3674701,,
2026-06-26,903807016,1,5223,5223,5223,5223,1523499190,2799627,,
2026-06-26,1198533421,1,1167,1167,1167,1167,176452166,719520,,
2026-06-26,1214576306,1,4436,4436,4436,4436,1629423357,4276261,,
2026-06-26,1430007363,1,4135,4135,4135,4135,882674121,2220738,,
2026-06-26,1489026993,2,8705,8705,8225,9185,2627944098,4288377,,
2026-06-26,1526814825,1,9837,9837,9837,9837,1055452252,4236106,,
2026-06-26,1637284552,1,1402,1402,1402,1402,190108644,270971,,
2026-06-26,1795206523,1,1448,1448,1448,1448,939604721,923926,,
2026-06-26,1831550657,1,30253,30253,30253,30253,2061855700,10389862,,
2026-06-26,1998835206,1,3098,3098,3098,3098,574363193,1161664,,
2026-06-26,2049551477,2,4172,4172,3184,5161,1439626983,1886281,,
2026-06-26,2165551367,1,1637,1637,1637,1637,661453945,2387493,,
2026-06-26,2247578975,2,5273,5273,4833,5713,1187180187,14913457,,
2026-06-26,2274830359,1,6755,6755,6755,6755,2920622169,1957225,,
2026-06-26,2294168059,1,14500,14500,14500,14500,1205621961,3253344,,
2026-06-26,2369077151,1,9645,9645,9645,9645,360146447,10000059,,
2026-06-26,2440500124,1,20816,20816,20816,20816,7462500442,7910044,,
2026-06-26,2491559356,1,682,682,682,682,77483066,162720,,
2026-06-26,2655478023,2,4700,4700,4276,5125,981652157,3461919,,
2026-06-26,2821905072,1,3239,3239,3239,3239,245731866,5203557,,
2026-06-26,2827951974,1,1196,1196,1196,1196,803781042,673314,,
2026-06-26,2921237723,1,2406,2406,2406,2406,128151036,724607,,
2026-06-26,2992873140,1,16704,16704,16704,16704,1314158076,971106,,
2026-06-26,3034836582,1,1242,1242,1242,1242,497991716,1907768,,
2026-06-26,3079618996,1,3074,3074,3074,3074,761046299,786386,,
2026-06-26,3164075108,1,3115,3115,3115,3115,268976972,714372,,
2026-06-26,3187874989,1,5442,5442,5442,5442,149461111,211689,,
2026-06-26,3191268194,1,4296,4296,4296,4296,1339134293,5247286,,
2026-06-26,3232181171,1,1439,1439,1439,1439,54032611,206074,,
2026-06-26,3274669156,1,745,745,745,745,65612754,635181,,
2026-06-26,3310460039,1,21780,21780,21780,21780,4462932464,105087591,,
2026-06-26,3317771874,1,54433,54433,54433,54433,2493820153,2164900,,
2026-06-26,3346892457,1,2180,2180,2180,2180,427355682,163029,,
2026-06-26,3420059569,1,2660,2660,2660,2660,936576612,27475081,,
2026-06-26,3472976893,1,4829,4829,4829,4829,138757667,2057983,,
2026-06-26,3502524667,1,2635,2635,2635,2635,739605121,3670002,,
2026-06-26,3551414857,1,8817,8817,8817,8817,615636997,1299597,,
2026-06-26,3647333358,1,30470,30470,30470,30470,8765624529,7927200,,
2026-06-26,3746418487,1,4254,4254,4254,4254,301697468,360196,,
2026-06-26,3754482795,1,6279,6279,6279,6279,1228981746,4340514,,
2026-06-26,3759884822,1,3986,3986,3986,3986,120084271,99038,,
2026-06-26,3841172115,1,7425,7425,7425,7425,132218641,637193,,
2026-06-26,4028801234,1,1661,1661,1661,1661,226059687,11998742,,
2026-06-26,4071487712,1,713,713,713,713,26156882,110834,,
2026-06-26,4283416256,1,771,771,771,771,19011666,116642,,
2026-06-26,4348829796,1,16306,16306,16306,16306,2530363937,10575662,,
2026-06-26,4497460596,1,2331,2331,2331,2331,163941385,131413,,
2026-06-26,4518160318,1,7577,7577,7577,7577,616026512,1096632,,
2026-06-26,4595016786,1,3415,3415,3415,3415,578977241,706321,,
2026-06-26,4599924264,1,5112,5112,5112,5112,687389528,259581,,
2026-06-26,4673599750,1,2729,2729,2729,2729,480060513,439159,,
2026-06-26,4720386144,1,3706,3706,3706,3706,106009646,541112,,
2026-06-26,4793836769,1,7704,7704,7704,7704,272477935,5787923,,
2026-06-26,4925331346,1,4608,4608,4608,4608,293804530,448923,,
2026-06-26,4944984948,1,5722,5722,5722,5722,218835910,100708,,
2026-06-26,5195168716,1,1614,1614,1614,1614,90178369,601138,,
2026-06-26,5207621753,1,6595,6595,6595,6595,75259282,67288,,
2026-06-26,5361032378,1,43247,43247,43247,43247,1967259353,969131,,
2026-06-26,5578556129,1,58219,58219,58219,58219,1952371545,1951811,,
2026-06-26,5668114043,1,2304,2304,2304,2304,229916523,715857,,
2026-06-26,5750914919,1,58266,58266,58266,58266,4589627423,3484631,,
2026-06-26,5956634861,1,887,887,887,887,147253837,580331,,
2026-06-26,6072944764,1,800,800,800,800,50711680,55169,,
2026-06-26,6314664695,1,686,686,686,686,58044386,2731952,,
2026-06-26,6329693946,1,3424,3424,3424,3424,68635237,207801,,
2026-06-26,6409513651,1,36683,36683,36683,36683,68396351,736777,,
2026-06-26,6646518350,1,813,813,813,813,248439125,347561,,
2026-06-26,6682487255,1,6889,6889,6889,6889,454202899,218538,,
2026-06-26,6749060816,1,8835,8835,8835,8835,226324434,1575346,,
2026-06-26,7018190066,1,33004,33004,33004,33004,6396213431,5924708,,
2026-06-26,7058980030,1,6881,6881,6881,6881,528723759,887285,,
2026-06-26,7082244450,1,4190,4190,4190,4190,,,,
2026-06-26,7082423811,1,5249,5249,5249,5249,265675749,1542391,,
2026-06-26,7094518649,1,15293,15293,15293,15293,306499043,751631,,
2026-06-26,7127084123,1,3867,3867,3867,3867,135283539,290065,,
2026-06-26,7128163167,1,3876,3876,3876,3876,60355682,103108,,
2026-06-26,7219654364,1,59173,59173,59173,59173,1246164547,13603712,,
2026-06-26,7332711118,1,5314,5314,5314,5314,1845880225,2441775,,
2026-06-26,7383133134,1,1179,1179,1179,1179,97559325,717522,,
2026-06-26,7434179990,1,3129,3129,3129,3129,213581059,7599474,,
2026-06-26,7435020231,1,871,871,871,871,31165635,114349,,
2026-06-26,7436755782,1,62179,62179,62179,62179,35644589152,11228205,,
2026-06-26,7450124099,1,3098,3098,3098,3098,118651533,655369,,
2026-06-26,7569509385,1,2225,2225,2225,2225,72852952,464353,,
2026-06-26,7577791613,1,781,781,781,781,95240173,565901,,
2026-06-26,7585079192,1,3159,3159,3159,3159,39321927,149294,,
2026-06-26,7690412163,1,1067,1067,1067,1067,81354639,188271,,
2026-06-26,7709344486,1,191481,191481,191481,191481,70463798378,28502784,,
2026-06-26,7760134732,1,3737,3737,3737,3737,19504468,580875,,
2026-06-26,7891669427,1,1691,1691,1691,1691,28906283,735121,,
2026-06-26,8014099969,1,2210,2210,2210,2210,138068794,233640,,
2026-06-26,8291789996,1,3552,3552,3552,3552,,,,
2026-06-26,8316902627,1,4176,4176,4176,4176,4661621768,1951602,,
2026-06-26,8356066619,1,56409,56409,56409,56409,37439136,37032,,
2026-06-26,8504461817,2,3276,3276,3059,3493,167489919,82697,,
2026-06-26,8539298853,1,24154,24154,24154,24154,1195330774,1591128,,
2026-06-26,8696670616,1,2886,2886,2886,2886,,,,
2026-06-26,8759966530,1,4549,4549,4549,4549,100510784,354851,,
2026-06-26,8786713187,1,3126,3126,3126,3126,109211881,266912,,
2026-06-26,8791358380,1,8350,8350,8350,8350,381900641,11368032,,
2026-06-26,8844400854,1,1234,1234,1234,1234,179419093,402428,,
2026-06-26,8950496606,1,4446,4446,4446,4446,159293669,401711,,
2026-06-26,9029463012,1,1679,1679,1679,1679,105040448,400328,,
2026-06-26,9073513091,1,3520,3520,3520,3520,106512743,140167,,
2026-06-26,9077534770,1,2174,2174,2174,2174,52367597,158176,,
2026-06-26,9098570654,1,16171,16171,16171,16171,178737531,276389,,
2026-06-26,9122463229,1,9014,9014,9014,9014,,,,
2026-06-26,9129640671,1,11028,11028,11028,11028,,,,
2026-06-26,9141743926,1,23833,23833,23833,23833,360635769,553269,,
2026-06-26,9145063979,1,8583,8583,8583,8583,491115129,479547,,
2026-06-26,9177208241,1,3581,3581,3581,3581,58472813,332833,,
2026-06-26,9219116196,1,10221,10221,10221,10221,68747963,170970,,
2026-06-26,9231693026,1,2948,2948,2948,2948,,,,
2026-06-26,9253627770,1,830,830,830,830,13149722,16283,,
2026-06-26,9296042754,1,3730,3730,3730,3730,39651213,192893,,
2026-06-26,9315472782,1,2399,2399,2399,2399,16680285,100413,,
2026-06-26,9315739469,1,2768,2768,2768,2768,72345534,75006,,
2026-06-26,9316885643,1,686,686,686,686,212544329,6243587,,
2026-06-26,9348272796,1,35317,35317,35317,35317,522554027,485024,,
2026-06-26,9362896961,1,6019,6019,6019,6019,134366302,209784,,
2026-06-26,9363735110,1,11795,11795,11795,11795,5636434096,2010010,,
2026-06-26,9409870130,1,1691,1691,1691,1691,15482777,197711,,
2026-06-26,9411563986,1,3507,3507,3507,3507,73336653,128719,,
2026-06-26,9452898647,1,3542,3542,3542,3542,104133259,4341522,,
2026-06-26,9491545867,1,3242,3242,3242,3242,101110052,1042397,,
2026-06-26,9494058490,1,12312,12312,12312,12312,,,,
2026-06-26,9501409571,1,688,688,688,688,35205201,173872,,
2026-06-26,9513686983,1,5197,5197,5197,5197,386282940,12499571,,
2026-06-26,9526307912,1,3394,3394,3394,3394,71852421,123262,,
2026-06-26,9556113881,1,1526,1526,1526,1526,34024389,156820,,
2026-06-26,9561553764,1,11210,11210,11210,11210,40885216,49796,,
2026-06-26,9584852943,1,307788,307788,307788,307788,1745547374,2915043,,
2026-06-26,9660713566,1,3413,3413,3413,3413,77826448,4906746,,
2026-06-26,9725232502,1,648,648,648,648,11630364,83651,,
2026-06-26,9741799896,1,3503,3503,3503,3503,39871144,2210575,,
2026-06-26,9758688665,1,2877,2877,2877,2877,89410330,4660855,,
2026-06-26,9787206684,1,5457,5457,5457,5457,747474071,2900234,,
2026-06-26,9792947201,1,12591,12591,12591,12591,511557859,3459906,,
2026-06-26,9797806474,1,25082,25082,25082,25082,21223698,18295,,
2026-06-26,9859536675,1,2754,2754,2754,2754,,,,
2026-06-26,9890892152,1,3313,3313,3313,3313,8534166,34925,,
2026-06-26,9913633503,1,716,716,716,716,34554764,2738015,,
2026-06-26,9929086116,1,3453,3453,3453,3453,44435713,3203115,,
2026-06-26,9930466428,1,881,881,881,881,30055549,127016,,
2026-06-26,9931060493,1,3003,3003,3003,3003,30327566,711014,,
2026-06-26,9940725596,1,1732,1732,1732,1732,24496889,32777,,
2026-06-26,9948575164,1,3477,3477,3477,3477,24604271,149924,,
2026-06-26,9955391014,1,811,811,811,811,4780763,104560,,
2026-06-26,9963622286,1,11232,11232,11232,11232,53403377,2227083,,
2026-06-26,9970223248,1,831,831,831,831,2811748,6981,,
2026-06-26,9998576154,1,9301,9301,9301,9301,67650927,4489377,,
2026-06-26,10004244222,1,89983,89983,89983,89983,1237923822,21504383,,
2026-06-26,10004760418,1,3124,3124,3124,3124,106815490,144388,,
2026-06-26,10051853469,1,6109,6109,6109,6109,87872018,2027036,,
2026-06-26,10065013948,1,10377,10377,10377,10377,23494706,42055,,
2026-06-26,10081194651,1,4226,4226,4226,4226,36903026,149597,,
2026-06-26,10083552936,1,2109,2109,2109,2109,3811907,141942,,
2026-06-26,10086454767,1,5812,5812,5812,5812,11059514,36343,,
2026-06-26,10089507840,1,3754,3754,3754,3754,47778777,69759,,
2026-06-26,10111742174,1,9078,9078,9078,9078,18343815,45221,,
2026-06-26,10117986107,1,3529,3529,3529,3529,30375316,30626,,
2026-06-26,10138661961,1,9744,9744,9744,9744,17017185,46632,,
2026-06-26,10144280947,1,7734,7734,7734,7734,13299391,782405,,
2026-06-26,10148434559,1,24371,24371,24371,24371,35532477,271485,,
2026-06-26,10149910491,1,7366,7366,7366,7366,12277268,21995,,
2026-06-26,10149964044,1,6407,6407,6407,6407,,,,
2026-06-26,10150875031,1,3389,3389,3389,3389,18652357,52748,,
2026-06-26,10167214983,1,5192,5192,5192,5192,44225724,2600573,,
2026-06-26,10184247393,1,14184,14184,14184,14184,12525224,452122,,
2026-06-26,10190667429,1,3465,3465,3465,3465,11551454,18905,,
2026-06-26,10199301628,1,52849,52849,52849,52849,79521508,554794,,
2026-06-26,10200395747,1,566634,566634,566634,566634,686276437,501089,,
2026-06-26,10200713960,1,3001,3001,3001,3001,26171251,55728,,
2026-06-26,10230921598,1,30650,30650,30650,30650,44783661,3368062,,
2026-06-26,10232360448,1,11076,11076,11076,11076,16975796,34642,,
2026-06-26,10237338193,1,3035,3035,3035,3035,5752777,7610,,
2026-06-26,10241922839,1,3745,3745,3745,3745,4727695,67850,,
2026-06-26,10244001346,1,9308,9308,9308,9308,27200294,27976,,
2026-06-26,10321202755,1,13609,13609,13609,13609,5512878,144177,,
2026-06-27,31970568,1,6301,6301,6301,6301,1580732750,6045349,,
2026-06-27,66654135,1,280360,280360,280360,280360,26648240402,22552854,,
2026-06-27,568307879,1,960,960,960,960,519695292,540559,,
2026-06-27,605887098,1,3855,3855,3855,3855,2499468141,3675351,,
2026-06-27,903807016,1,5915,5915,5915,5915,1524399837,2800248,,
2026-06-27,1198533421,1,1240,1240,1240,1240,176543809,719668,,
2026-06-27,1214576306,1,4660,4660,4660,4660,1629764689,4276749,,
2026-06-27,1430007363,1,4101,4101,4101,4101,883218880,2223566,,
2026-06-27,1489026993,2,8640,8640,7532,9749,2628882057,4289426,,
2026-06-27,1526814825,1,10439,10439,10439,10439,1056164619,4238003,,
2026-06-27,1637284552,1,1355,1355,1355,1355,190338721,271221,,
2026-06-27,1795206523,1,1382,1382,1382,1382,939893165,924048,,
2026-06-27,1831550657,1,33786,33786,33786,33786,2064497669,10398862,,
2026-06-27,1998835206,1,3094,3094,3094,3094,574628464,1161806,,
2026-06-27,2049551477,2,3732,3732,2952,4511,1440204831,1886985,,
2026-06-27,2092410051,1,3019,3019,3019,3019,329493156,1383302,,
2026-06-27,2165551367,1,1468,1468,1468,1468,661740170,2388918,,
2026-06-27,2247578975,2,5454,5454,5068,5841,1187944534,14913863,,
2026-06-27,2274830359,1,8244,8244,8244,8244,2921746250,1958122,,
2026-06-27,2294168059,1,17883,17883,17883,17883,1207326757,3255841,,
2026-06-27,2369077151,1,8943,8943,8943,8943,361049152,10016888,,
2026-06-27,2440500124,1,18764,18764,18764,18764,7465012004,7912459,,
2026-06-27,2491559356,1,727,727,727,727,77552181,162792,,
2026-06-27,2655478023,2,4243,4243,3812,4674,982357743,3462497,,
2026-06-27,2788648141,1,3033,3033,3033,3033,987061879,1940096,,
2026-06-27,2821905072,1,3090,3090,3090,3090,246073046,5209146,,
2026-06-27,2827951974,1,1166,1166,1166,1166,,,,
2026-06-27,2921237723,1,2777,2777,2777,2777,128447266,725526,,
2026-06-27,2992873140,1,19061,19061,19061,19061,1315652848,971811,,
2026-06-27,3034836582,1,974,974,974,974,498129493,1907937,,
2026-06-27,3079618996,1,3143,3143,3143,3143,761351315,786700,,
2026-06-27,3164075108,1,3341,3341,3341,3341,,,,
2026-06-27,3187874989,1,4730,4730,4730,4730,150023097,212247,,
2026-06-27,3191268194,1,4305,4305,4305,4305,1339533900,5253735,,
2026-06-27,3232181171,1,1172,1172,1172,1172,,,,
2026-06-27,3274669156,1,951,951,951,951,65665977,635548,,
2026-06-27,3310460039,1,21521,21521,21521,21521,4465980544,105088554,,
2026-06-27,3346892457,1,2257,2257,2257,2257,427715291,163334,,
2026-06-27,3472976893,1,4624,4624,4624,4624,139478606,2080457,,
2026-06-27,3502524667,1,2629,2629,2629,2629,740040314,3670339,,
2026-06-27,3551414857,1,7476,7476,7476,7476,616364453,1300808,,
2026-06-27,3647333358,1,30270,30270,30270,30270,8770182622,7931356,,
2026-06-27,3746418487,1,3981,3981,3981,3981,302156384,360744,,
2026-06-27,3754482795,1,6893,6893,6893,6893,1229898742,4343974,,
2026-06-27,3759884822,1,3844,3844,3844,3844,120380076,99350,,
2026-06-27,3841172115,1,7522,7522,7522,7522,133048761,639294,,
2026-06-27,4028801234,1,1454,1454,1454,1454,226265344,12010720,,
2026-06-27,4283416256,1,768,768,768,768,19071725,117069,,
2026-06-27,4343544885,1,3365,3365,3365,3365,,,,
2026-06-27,4348829796,1,13254,13254,13254,13254,2532402104,10588540,,
2026-06-27,4457060041,1,3086,3086,3086,3086,125275334,209074,,
2026-06-27,4518160318,1,7436,7436,7436,7436,616600328,1098093,,
2026-06-27,4543855070,1,2797,2797,2797,2797,216892249,266134,,
2026-06-27,4595016786,1,3788,3788,3788,3788,579414245,707056,,
2026-06-27,4599924264,1,5021,5021,5021,5021,688321532,260336,,
2026-06-27,4673599750,1,2735,2735,2735,2735,480975757,439991,,
2026-06-27,4720386144,1,3313,3313,3313,3313,106291201,541967,,
2026-06-27,4793836769,1,7275,7275,7275,7275,273074873,5799512,,
2026-06-27,4925331346,1,4767,4767,4767,4767,294176915,449664,,
2026-06-27,4944984948,1,5689,5689,5689,5689,219671098,101215,,
2026-06-27,5195168716,1,1468,1468,1468,1468,90324927,601819,,
2026-06-27,5207621753,1,6975,6975,6975,6975,75889673,67610,,
2026-06-27,5361032378,1,52509,52509,52509,52509,1969253313,969633,,
2026-06-27,5485660832,1,2931,2931,2931,2931,100319407,45647,,
2026-06-27,5578556129,1,60260,60260,60260,60260,1955204610,1953228,,
2026-06-27,5668114043,1,2043,2043,2043,2043,230147828,716319,,
2026-06-27,5750914919,1,63995,63995,63995,63995,4593097116,3487342,,
2026-06-27,5956634861,1,792,792,792,792,147362960,580524,,
2026-06-27,6072944764,1,800,800,800,800,50785552,55293,,
2026-06-27,6314664695,1,713,713,713,713,58097951,2734088,,
2026-06-27,6329693946,1,3416,3416,3416,3416,68850605,208213,,
2026-06-27,6409513651,1,40014,40014,40014,40014,69793162,744114,,
2026-06-27,6646518350,1,767,767,767,767,248689896,347644,,
2026-06-27,6682487255,1,10014,10014,10014,10014,454967501,218693,,
2026-06-27,6749060816,1,9018,9018,9018,9018,227084717,1578807,,
2026-06-27,7018190066,1,29749,29749,29749,29749,6399039964,5935849,,
2026-06-27,7058980030,1,7314,7314,7314,7314,529897190,888990,,
2026-06-27,7082244450,1,4190,4190,4190,4190,,,,
2026-06-27,7082423811,1,5147,5147,5147,5147,266168292,1542960,,
2026-06-27,7094518649,1,16074,16074,16074,16074,307452972,753597,,
2026-06-27,7127084123,1,4414,4414,4414,4414,135599203,290863,,
2026-06-27,7128163167,1,3312,3312,3312,3312,60720377,103739,,
2026-06-27,7219654364,1,53417,53417,53417,53417,1252077637,13635648,,
2026-06-27,7332711118,1,5953,5953,5953,5953,1846450329,2442321,,
2026-06-27,7383133134,1,870,870,870,870,97705135,718655,,
2026-06-27,7434179990,1,2955,2955,2955,2955,213940932,7609117,,
2026-06-27,7435020231,1,2502,2502,2502,2502,31241382,114484,,
2026-06-27,7436755782,1,67558,67558,67558,67558,35650274220,11238893,,
2026-06-27,7450124099,1,2941,2941,2941,2941,118878043,656449,,
2026-06-27,7569509385,1,1642,1642,1642,1642,73026556,464568,,
2026-06-27,7585079192,1,2935,2935,2935,2935,39447303,149657,,
2026-06-27,7613970129,1,3102,3102,3102,3102,49722950,117300,,
2026-06-27,7690412163,1,1175,1175,1175,1175,81461605,188588,,
2026-06-27,7709344486,1,207947,207947,207947,207947,70508907391,28513021,,
2026-06-27,7760134732,1,4069,4069,4069,4069,19914065,592514,,
2026-06-27,7891669427,1,1307,1307,1307,1307,29066646,738478,,
2026-06-27,8014099969,1,2100,2100,2100,2100,138308392,233940,,
2026-06-27,8291789996,1,3552,3552,3552,3552,,,,
2026-06-27,8316902627,1,4435,4435,4435,4435,4662254220,1953129,,
2026-06-27,8356066619,1,54872,54872,54872,54872,39705104,38144,,
2026-06-27,8504461817,2,3396,3396,3128,3663,168014772,83071,,
2026-06-27,8539298853,1,32449,32449,32449,32449,1198925654,1606988,,
2026-06-27,8696670616,1,2886,2886,2886,2886,,,,
2026-06-27,8759966530,1,3410,3410,3410,3410,101026170,355751,,
2026-06-27,8786713187,1,2869,2869,2869,2869,109442419,267398,,
2026-06-27,8791358380,1,8648,8648,8648,8648,382851010,11393011,,
2026-06-27,8844400854,1,945,945,945,945,179547030,402508,,
2026-06-27,8950496606,1,3907,3907,3907,3907,159605486,402194,,
2026-06-27,9029463012,1,1245,1245,1245,1245,105191278,400784,,
2026-06-27,9073513091,1,4100,4100,4100,4100,107167527,140966,,
2026-06-27,9077534770,1,1814,1814,1814,1814,52622174,158847,,
2026-06-27,9098570654,1,19241,19241,19241,19241,179984263,278264,,
2026-06-27,9122463229,1,9014,9014,9014,9014,,,,
2026-06-27,9129640671,1,11028,11028,11028,11028,,,,
2026-06-27,9141743926,1,21090,21090,21090,21090,362784398,554003,,
2026-06-27,9145063979,1,10061,10061,10061,10061,492291941,480974,,
2026-06-27,9145282410,1,1162,1162,1162,1162,34267225,252215,,
2026-06-27,9177208241,1,3483,3483,3483,3483,58860629,334190,,
2026-06-27,9219116196,1,8856,8856,8856,8856,69786203,173512,,
2026-06-27,9231693026,1,2948,2948,2948,2948,,,,
2026-06-27,9253627770,1,917,917,917,917,13245051,16399,,
2026-06-27,9296042754,1,4230,4230,4230,4230,40058818,194769,,
2026-06-27,9315472782,1,2253,2253,2253,2253,16929828,101556,,
2026-06-27,9315739469,1,2275,2275,2275,2275,72786815,75494,,
2026-06-27,9316885643,1,689,689,689,689,212840000,6251698,,
2026-06-27,9348272796,1,39828,39828,39828,39828,526658625,488726,,
2026-06-27,9362896961,1,6236,6236,6236,6236,134695921,209991,,
2026-06-27,9363735110,1,11805,11805,11805,11805,5638050827,2010862,,
2026-06-27,9409870130,1,1548,1548,1548,1548,15679192,199910,,
2026-06-27,9411563986,1,2973,2973,2973,2973,73776716,129380,,
2026-06-27,9452898647,1,2778,2778,2778,2778,104497458,4356467,,
2026-06-27,9494058490,1,12312,12312,12312,12312,,,,
2026-06-27,9501409571,1,720,720,720,720,35293929,174180,,
2026-06-27,9513686983,1,5455,5455,5455,5455,386937823,12523724,,
2026-06-27,9526307912,1,2737,2737,2737,2737,72231730,123839,,
2026-06-27,9556113881,1,1293,1293,1293,1293,34178465,157394,,
2026-06-27,9561553764,1,10424,10424,10424,10424,42975430,51088,,
2026-06-27,9584852943,1,344777,344777,344777,344777,1801924723,2981359,,
2026-06-27,9639553972,1,2865,2865,2865,2865,19474987,109895,,
2026-06-27,9659404694,1,649,649,649,649,8887986,1264086,,
2026-06-27,9660713566,1,2891,2891,2891,2891,78293765,4928818,,
2026-06-27,9741799896,1,3235,3235,3235,3235,40566498,2242399,,
2026-06-27,9758688665,1,2869,2869,2869,2869,89792050,4677770,,
2026-06-27,9787206684,1,6534,6534,6534,6534,748238602,2901997,,
2026-06-27,9792947201,1,12270,12270,12270,12270,512769088,3464467,,
2026-06-27,9797806474,1,25396,25396,25396,25396,22085168,18730,,
2026-06-27,9859536675,1,2754,2754,2754,2754,,,,
2026-06-27,9890892152,1,2860,2860,2860,2860,8801769,36394,,
2026-06-27,9913633503,1,742,742,742,742,34778710,2753076,,
2026-06-27,9929086116,1,3920,3920,3920,3920,44879656,3225698,,
2026-06-27,9930466428,1,760,760,760,760,30199060,127241,,
2026-06-27,9931060493,1,2688,2688,2688,2688,30702398,715259,,
2026-06-27,9940725596,1,1796,1796,1796,1796,24797593,33130,,
2026-06-27,9948575164,1,3497,3497,3497,3497,25073667,153897,,
2026-06-27,9953328866,1,3132,3132,3132,3132,30111607,35426,,
2026-06-27,9963622286,1,13137,13137,13137,13137,54837324,2285765,,
2026-06-27,9970223248,1,788,788,788,788,2928556,7265,,
2026-06-27,9998576154,1,7717,7717,7717,7717,68612506,4542792,,
2026-06-27,10004244222,1,80490,80490,80490,80490,1248232179,21605767,,
2026-06-27,10004760418,1,3497,3497,3497,3497,107365274,145234,,
2026-06-27,10051853469,1,7058,7058,7058,7058,88696152,2040342,,
2026-06-27,10065013948,1,11129,11129,11129,11129,24675141,43490,,
2026-06-27,10081194651,1,4457,4457,4457,4457,37330197,151014,,
2026-06-27,10083552936,1,1909,1909,1909,1909,4054503,157135,,
2026-06-27,10086454767,1,6631,6631,6631,6631,11485154,37249,,
2026-06-27,10089507840,1,3903,3903,3903,3903,49177596,71533,,
2026-06-27,10111742174,1,10185,10185,10185,10185,18924041,46307,,
2026-06-27,10117986107,1,2781,2781,2781,2781,30906076,31057,,
2026-06-27,10138661961,1,11247,11247,11247,11247,18432708,49949,,
2026-06-27,10144280947,1,9375,9375,9375,9375,14565045,842252,,
2026-06-27,10148434559,1,28191,28191,28191,28191,38013363,289314,,
2026-06-27,10149910491,1,7073,7073,7073,7073,12913699,22679,,
2026-06-27,10149964044,1,6407,6407,6407,6407,,,,
2026-06-27,10150875031,1,3400,3400,3400,3400,19020229,53494,,
2026-06-27,10167214983,1,4247,4247,4247,4247,44757394,2622544,,
2026-06-27,10184247393,1,15452,15452,15452,15452,13640015,491794,,
2026-06-27,10190667429,1,3665,3665,3665,3665,11992811,19494,,
2026-06-27,10199301628,1,46917,46917,46917,46917,85858062,593840,,
2026-06-27,10200395747,1,524937,524937,524937,524937,733763199,517657,,
2026-06-27,10200713960,1,2837,2837,2837,2837,26919918,56800,,
2026-06-27,10230921598,1,34882,34882,34882,34882,49339772,3676814,,
2026-06-27,10232360448,1,10798,10798,10798,10798,19463316,38649,,
2026-06-27,10241922839,1,4249,4249,4249,4249,5027084,71194,,
2026-06-27,10244001346,1,10091,10091,10091,10091,29154778,29446,,
2026-06-27,10321202755,1,15530,15530,15530,15530,6183232,159850,,
2026-06-28,2471084,1,2741,2741,2741,2741,1302473150,4602493,,
2026-06-28,31970568,1,6472,6472,6472,6472,1581177436,6045915,,
2026-06-28,66654135,1,325631,325631,325631,325631,26682155908,22568542,,
2026-06-28,568307879,1,937,937,937,937,519829386,540700,,
2026-06-28,605887098,1,4410,4410,4410,4410,2500026386,3675991,,
2026-06-28,903807016,1,5747,5747,5747,5747,1525274878,2800846,,
2026-06-28,1053132402,1,2752,2752,2752,2752,,,,
2026-06-28,1198533421,1,1180,1180,1180,1180,176628412,719821,,
2026-06-28,1214576306,1,4740,4740,4740,4740,1630103970,4277174,,
2026-06-28,1430007363,1,4486,4486,4486,4486,883763539,2226468,,
2026-06-28,1489026993,2,9018,9018,8272,9763,2629814031,4290456,,
2026-06-28,1526814825,1,10462,10462,10462,10462,1056884516,4240425,,
2026-06-28,1637284552,1,1509,1509,1509,1509,190540292,271418,,
2026-06-28,1795206523,1,1454,1454,1454,1454,940176306,924189,,
2026-06-28,1831550657,1,38314,38314,38314,38314,2067173078,10416629,,
2026-06-28,1998835206,1,3089,3089,3089,3089,574884025,1161980,,
2026-06-28,2049551477,2,4302,4302,3224,5380,1440783610,1887618,,
2026-06-28,2092410051,1,3222,3222,3222,3222,329626201,1383616,,
2026-06-28,2165551367,1,1599,1599,1599,1599,662013383,2390166,,
2026-06-28,2247578975,2,6192,6192,5653,6730,1188753602,14914334,,
2026-06-28,2274830359,1,7323,7323,7323,7323,2922928903,1959008,,
2026-06-28,2294168059,1,12633,12633,12633,12633,1209133341,3258410,,
2026-06-28,2369077151,1,10640,10640,10640,10640,361996374,10036086,,
2026-06-28,2440500124,1,21054,21054,21054,21054,7467493722,7914893,,
2026-06-28,2491559356,1,739,739,739,739,77619457,162879,,
2026-06-28,2655478023,2,5280,5280,4670,5889,983147099,3463065,,
2026-06-28,2788648141,1,3194,3194,3194,3194,987366194,1943095,,
2026-06-28,2821905072,1,3141,3141,3141,3141,246410199,5214538,,
2026-06-28,2827951974,1,1172,1172,1172,1172,804142678,673694,,
2026-06-28,2921237723,1,3370,3370,3370,3370,128804766,726907,,
2026-06-28,2992873140,1,21099,21099,21099,21099,1317215591,972857,,
2026-06-28,3034836582,1,1115,1115,1115,1115,498259714,1908080,,
2026-06-28,3079618996,1,3050,3050,3050,3050,761646523,786978,,
2026-06-28,3088609243,1,3265,3265,3265,3265,715056001,574812,,
2026-06-28,3164075108,1,3602,3602,3602,3602,269466198,715032,,
2026-06-28,3187874989,1,5551,5551,5551,5551,150551766,212721,,
2026-06-28,3191268194,1,4046,4046,4046,4046,1339914391,5259425,,
2026-06-28,3232181171,1,1239,1239,1239,1239,,,,
2026-06-28,3274669156,1,774,774,774,774,65719612,635981,,
2026-06-28,3310460039,1,23198,23198,23198,23198,4469294905,105089549,,
2026-06-28,3346892457,1,2268,2268,2268,2268,428058165,163664,,
2026-06-28,3420059569,1,2816,2816,2816,2816,937417573,27475291,,
2026-06-28,3472976893,1,5061,5061,5061,5061,140175684,2101284,,
2026-06-28,3502524667,1,2845,2845,2845,2845,740489145,3670622,,
2026-06-28,3551414857,1,7834,7834,7834,7834,617019985,1301783,,
2026-06-28,3647333358,1,34491,34491,34491,34491,8775167097,7936029,,
2026-06-28,3746418487,1,4189,4189,4189,4189,302659584,361371,,
2026-06-28,3754482795,1,7399,7399,7399,7399,1230886982,4347731,,
2026-06-28,3759884822,1,3916,3916,3916,3916,120672810,99659,,
2026-06-28,3841172115,1,8318,8318,8318,8318,133894419,641322,,
2026-06-28,4028801234,1,1565,1565,1565,1565,226447167,12020796,,
2026-06-28,4283416256,1,771,771,771,771,19129484,117396,,
2026-06-28,4343544885,1,2871,2871,2871,2871,,,,
2026-06-28,4348829796,1,15481,15481,15481,15481,2534322635,10600743,,
2026-06-28,4457060041,1,3250,3250,3250,3250,125529530,209456,,
2026-06-28,4497460596,1,4246,4246,4246,4246,164583472,132202,,
2026-06-28,4518160318,1,7796,7796,7796,7796,617175367,1099476,,
2026-06-28,4543855070,1,2730,2730,2730,2730,217124402,266444,,
2026-06-28,4595016786,1,3559,3559,3559,3559,579856686,707717,,
2026-06-28,4599924264,1,6039,6039,6039,6039,689339798,261106,,
2026-06-28,4673599750,1,3279,3279,3279,3279,482131374,440950,,
2026-06-28,4720386144,1,3420,3420,3420,3420,106561709,542877,,
2026-06-28,4793836769,1,7288,7288,7288,7288,273660656,5811357,,
2026-06-28,4925331346,1,4719,4719,4719,4719,294546980,450380,,
2026-06-28,4944984948,1,6266,6266,6266,6266,220615705,101740,,
2026-06-28,5195168716,1,1278,1278,1278,1278,90465199,602493,,
2026-06-28,5207621753,1,6515,6515,6515,6515,76519961,67957,,
2026-06-28,5361032378,1,44860,44860,44860,44860,1971691702,970086,,
2026-06-28,5578556129,1,64915,64915,64915,64915,1958057914,1954847,,
2026-06-28,5668114043,1,2381,2381,2381,2381,230382666,716799,,
2026-06-28,5750914919,1,77127,77127,77127,77127,4598612519,3490379,,
2026-06-28,5956634861,1,888,888,888,888,147481971,580806,,
2026-06-28,6072944764,1,853,853,853,853,50857957,55422,,
2026-06-28,6329693946,1,3789,3789,3789,3789,69074338,208626,,
2026-06-28,6409513651,1,36737,36737,36737,36737,71234367,752109,,
2026-06-28,6646518350,1,842,842,842,842,248935451,347751,,
2026-06-28,6647992437,1,766,766,766,766,87630937,30878,,
2026-06-28,6682487255,1,8055,8055,8055,8055,455716259,218883,,
2026-06-28,6707924214,1,3010,3010,3010,3010,169152543,3227556,,
2026-06-28,6749060816,1,9190,9190,9190,9190,227803151,1582386,,
2026-06-28,7018190066,1,33970,33970,33970,33970,6401700114,5945486,,
2026-06-28,7058980030,1,7458,7458,7458,7458,531074232,890581,,
2026-06-28,7082244450,1,4190,4190,4190,4190,,,,
2026-06-28,7082423811,1,5175,5175,5175,5175,266714428,1543589,,
2026-06-28,7094518649,1,16154,16154,16154,16154,308361472,755569,,
2026-06-28,7127084123,1,4406,4406,4406,4406,135933888,291684,,
2026-06-28,7128163167,1,3850,3850,3850,3850,61100285,104298,,
2026-06-28,7196736932,1,5054,5054,5054,5054,6634756,37564,,
2026-06-28,7219654364,1,63129,63129,63129,63129,1258381442,13672587,,
2026-06-28,7332711118,1,7132,7132,7132,7132,1847423320,2443160,,
2026-06-28,7383133134,1,1247,1247,1247,1247,97861706,719891,,
2026-06-28,7434179990,1,2950,2950,2950,2950,214281547,7618277,,
2026-06-28,7435020231,1,1342,1342,1342,1342,31347437,114625,,
2026-06-28,7436755782,1,69674,69674,69674,69674,35658036484,11248565,,
2026-06-28,7577791613,1,719,719,719,719,95764208,566886,,
2026-06-28,7585079192,1,6466,6466,6466,6466,39613012,150053,,
2026-06-28,7690412163,1,1140,1140,1140,1140,81571672,188947,,
2026-06-28,7709344486,1,242931,242931,242931,242931,70581685116,28528756,,
2026-06-28,7760134732,1,3400,3400,3400,3400,20266103,601805,,
2026-06-28,7798947148,1,4171,4171,4171,4171,126769696,285474,,
2026-06-28,7891669427,1,1764,1764,1764,1764,29219608,741661,,
2026-06-28,8014099969,1,2208,2208,2208,2208,138537504,234222,,
2026-06-28,8291789996,1,3552,3552,3552,3552,,,,
2026-06-28,8316902627,1,5421,5421,5421,5421,4663117814,1954863,,
2026-06-28,8356066619,1,75791,75791,75791,75791,42257991,39340,,
2026-06-28,8504461817,2,4104,4104,4047,4161,168590759,83471,,
2026-06-28,8539298853,1,26087,26087,26087,26087,1201301496,1610219,,
2026-06-28,8696670616,1,2886,2886,2886,2886,,,,
2026-06-28,8705454731,1,3269,3269,3269,3269,61348037,493928,,
2026-06-28,8759966530,1,3687,3687,3687,3687,101488085,356584,,
2026-06-28,8786713187,1,3087,3087,3087,3087,109660502,267860,,
2026-06-28,8791358380,1,9163,9163,9163,9163,383845218,11420908,,
2026-06-28,8844400854,1,1141,1141,1141,1141,179662926,402549,,
2026-06-28,8950496606,1,3684,3684,3684,3684,159893543,402757,,
2026-06-28,9029463012,1,1800,1800,1800,1800,105341736,401241,,
2026-06-28,9073513091,1,5428,5428,5428,5428,108511579,142045,,
2026-06-28,9077534770,1,2170,2170,2170,2170,52854650,159487,,
2026-06-28,9098570654,1,17238,17238,17238,17238,181791970,280321,,
2026-06-28,9122463229,1,9014,9014,9014,9014,,,,
2026-06-28,9129640671,1,11028,11028,11028,11028,,,,
2026-06-28,9141743926,1,21613,21613,21613,21613,364880675,555035,,
2026-06-28,9145063979,1,9206,9206,9206,9206,493409711,482177,,
2026-06-28,9145282410,1,1343,1343,1343,1343,34379661,252856,,
2026-06-28,9177208241,1,3876,3876,3876,3876,59259647,335663,,
2026-06-28,9219116196,1,9797,9797,9797,9797,70766915,175723,,
2026-06-28,9231693026,1,2948,2948,2948,2948,,,,
2026-06-28,9253627770,1,907,907,907,907,13344173,16494,,
2026-06-28,9296042754,1,3946,3946,3946,3946,40479081,196768,,
2026-06-28,9315472782,1,1991,1991,1991,1991,17166542,102695,,
2026-06-28,9315739469,1,3042,3042,3042,3042,73188216,75960,,
2026-06-28,9316885643,1,578,578,578,578,213120679,6259591,,
2026-06-28,9348272796,1,35595,35595,35595,35595,530690312,492310,,
2026-06-28,9362896961,1,6454,6454,6454,6454,135061191,210198,,
2026-06-28,9363735110,1,11913,11913,11913,11913,5640265810,2011741,,
2026-06-28,9409870130,1,1495,1495,1495,1495,15844214,201798,,
2026-06-28,9411563986,1,3118,3118,3118,3118,74183744,130043,,
2026-06-28,9452898647,1,2854,2854,2854,2854,104824917,4368936,,
2026-06-28,9491545867,1,3430,3430,3430,3430,101847928,1046541,,
2026-06-28,9494058490,1,12312,12312,12312,12312,,,,
2026-06-28,9501409571,1,704,704,704,704,35388049,174511,,
2026-06-28,9513686983,1,5610,5610,5610,5610,387680926,12554169,,
2026-06-28,9526307912,1,3145,3145,3145,3145,72602332,124410,,
2026-06-28,9556113881,1,1293,1293,1293,1293,34318626,157940,,
2026-06-28,9561553764,1,11718,11718,11718,11718,44974772,52321,,
2026-06-28,9584852943,1,443655,443655,443655,443655,1898680904,3055844,,
2026-06-28,9659404694,1,601,601,601,601,9006274,1272492,,
2026-06-28,9660713566,1,3439,3439,3439,3439,78760789,4951832,,
2026-06-28,9723617424,1,2931,2931,2931,2931,24699832,33852,,
2026-06-28,9741799896,1,3576,3576,3576,3576,41188956,2271522,,
2026-06-28,9758688665,1,2898,2898,2898,2898,90172968,4695152,,
2026-06-28,9787206684,1,5131,5131,5131,5131,749616800,2903879,,
2026-06-28,9792947201,1,10281,10281,10281,10281,513947226,3469600,,
2026-06-28,9797806474,1,33840,33840,33840,33840,23442674,19086,,
2026-06-28,9859536675,1,2754,2754,2754,2754,,,,
2026-06-28,9890892152,1,2811,2811,2811,2811,9059305,37846,,
2026-06-28,9913633503,1,710,710,710,710,35009386,2768582,,
2026-06-28,9929086116,1,3285,3285,3285,3285,45331425,3249674,,
2026-06-28,9930466428,1,771,771,771,771,30331369,127448,,
2026-06-28,9940725596,1,1651,1651,1651,1651,25084717,33468,,
2026-06-28,9948575164,1,3228,3228,3228,3228,25578985,156935,,
2026-06-28,9953328866,1,2939,2939,2939,2939,30631821,35769,,
2026-06-28,9955391014,1,798,798,798,798,4989736,108944,,
2026-06-28,9963622286,1,18575,18575,18575,18575,56680710,2351007,,
2026-06-28,9998576154,1,8809,8809,8809,8809,69787167,4610255,,
2026-06-28,10004244222,1,95438,95438,95438,95438,1265228962,21716107,,
2026-06-28,10004760418,1,2900,2900,2900,2900,107856412,145953,,
2026-06-28,10051853469,1,5465,5465,5465,5465,89360639,2051259,,
2026-06-28,10065013948,1,12235,12235,12235,12235,25897930,44902,,
2026-06-28,10081194651,1,4892,4892,4892,4892,37778120,152567,,
2026-06-28,10083552936,1,1624,1624,1624,1624,4255326,168316,,
2026-06-28,10086454767,1,5629,5629,5629,5629,11903053,38112,,
2026-06-28,10089507840,1,3199,3199,3199,3199,50492046,72937,,
2026-06-28,10111742174,1,8454,8454,8454,8454,19684393,47475,,
2026-06-28,10121169692,1,6302,6302,6302,6302,4100617,108333,,
2026-06-28,10138661961,1,13373,13373,13373,13373,19864482,52968,,
2026-06-28,10144280947,1,9142,9142,9142,9142,15698920,895447,,
2026-06-28,10148434559,1,22048,22048,22048,22048,40955521,304300,,
2026-06-28,10149910491,1,8472,8472,8472,8472,13585899,23419,,
2026-06-28,10149964044,1,6407,6407,6407,6407,,,,
2026-06-28,10150875031,1,3864,3864,3864,3864,19382138,54279,,
2026-06-28,10167214983,1,3929,3929,3929,3929,45273992,2643228,,
2026-06-28,10184247393,1,23391,23391,23391,23391,15196880,550541,,
2026-06-28,10190667429,1,3377,3377,3377,3377,12401392,20056,,
2026-06-28,10199301628,1,53402,53402,53402,53402,92091471,632127,,
2026-06-28,10200395747,1,588326,588326,588326,588326,779803625,533463,,
2026-06-28,10207000525,1,3624,3624,3624,3624,4464081,124258,,
2026-06-28,10230921598,1,33589,33589,33589,33589,53923854,3988330,,
2026-06-28,10241922839,1,4183,4183,4183,4183,5367714,75007,,
2026-06-28,10244001346,1,11601,11601,11601,11601,31262861,31079,,
2026-06-28,10247712813,1,8998,8998,8998,8998,5241078,13093,,
2026-06-28,10270773762,1,2726,2726,2726,2726,3154024,6295,,
2026-06-28,10321202755,1,19143,19143,19143,19143,7055021,176820,,
2026-06-29,31970568,1,4841,4841,4841,4841,1581599758,6046426,,
2026-06-29,66654135,1,334838,334838,334838,334838,26715861283,22584021,,
2026-06-29,568307879,1,893,893,893,893,519948506,540854,,
2026-06-29,605887098,1,4048,4048,4048,4048,2500517212,3676656,,
2026-06-29,903807016,1,4956,4956,4956,4956,1526125898,2801347,,
2026-06-29,1198533421,1,993,993,993,993,176707503,719966,,
2026-06-29,1214576306,1,4295,4295,4295,4295,1630429659,4277597,,
2026-06-29,1430007363,1,3976,3976,3976,3976,884247971,2228979,,
2026-06-29,1489026993,2,8078,8078,7316,8841,2630725576,4291483,,
2026-06-29,1526814825,1,9789,9789,9789,9789,1057569438,4242735,,
2026-06-29,1637284552,1,1120,1120,1120,1120,190723734,271604,,
2026-06-29,1795206523,1,1524,1524,1524,1524,940449039,924295,,
2026-06-29,1831550657,1,32575,32575,32575,32575,2069536095,10430733,,
2026-06-29,1998835206,1,2917,2917,2917,2917,575125752,1162173,,
2026-06-29,2049551477,2,3889,3889,3048,4730,1441356807,1888304,,
2026-06-29,2092410051,1,2877,2877,2877,2877,329760252,1383972,,
2026-06-29,2165551367,1,1538,1538,1538,1538,662273471,2391428,,
2026-06-29,2247578975,2,5406,5406,4692,6121,1189498491,14914742,,
2026-06-29,2274830359,1,7393,7393,7393,7393,2924102931,1959917,,
2026-06-29,2294168059,1,10328,10328,10328,10328,1210350059,3260823,,
2026-06-29,2369077151,1,9587,9587,9587,9587,362977072,10056713,,
2026-06-29,2440500124,1,20068,20068,20068,20068,7469859451,7917204,,
2026-06-29,2655478023,2,4670,4670,3935,5405,983879902,3463625,,
2026-06-29,2788648141,1,2981,2981,2981,2981,987618442,1945791,,
2026-06-29,2821905072,1,2907,2907,2907,2907,246730369,5219498,,
2026-06-29,2827951974,1,1199,1199,1199,1199,804307448,673884,,
2026-06-29,2921237723,1,2561,2561,2561,2561,129136274,728011,,
2026-06-29,2992873140,1,18333,18333,18333,18333,1318777910,973802,,
2026-06-29,3034836582,1,1158,1158,1158,1158,498392670,1908225,,
2026-06-29,3088609243,1,3017,3017,3017,3017,715525456,575332,,
2026-06-29,3164075108,1,3102,3102,3102,3102,269718741,715431,,
2026-06-29,3187874989,1,5310,5310,5310,5310,151028170,213172,,
2026-06-29,3191268194,1,3884,3884,3884,3884,1340273076,5264190,,
2026-06-29,3232181171,1,1365,1365,1365,1365,54487334,207919,,
2026-06-29,3274669156,1,676,676,676,676,65768126,636356,,
2026-06-29,3310460039,1,21174,21174,21174,21174,4472402469,105090614,,
2026-06-29,3346892457,1,1964,1964,1964,1964,428355683,163930,,
2026-06-29,3472976893,1,4635,4635,4635,4635,140843569,2120256,,
2026-06-29,3502524667,1,2871,2871,2871,2871,740931614,3670974,,
2026-06-29,3551414857,1,7175,7175,7175,7175,617665612,1302821,,
2026-06-29,3647333358,1,32531,32531,32531,32531,8779621749,7940556,,
2026-06-29,3746418487,1,3785,3785,3785,3785,303132302,361989,,
2026-06-29,3754482795,1,6221,6221,6221,6221,1231821841,4351331,,
2026-06-29,3759884822,1,3723,3723,3723,3723,120940242,99939,,
2026-06-29,3841172115,1,7018,7018,7018,7018,134709346,643475,,
2026-06-29,4028801234,1,1469,1469,1469,1469,226609544,12029840,,
2026-06-29,4071487712,1,731,731,731,731,26294313,111335,,
2026-06-29,4283416256,1,818,818,818,818,19191704,117769,,
2026-06-29,4348829796,1,15751,15751,15751,15751,2536133275,10612228,,
2026-06-29,4497460596,1,3106,3106,3106,3106,164842010,132540,,
2026-06-29,4518160318,1,6961,6961,6961,6961,617729833,1100766,,
2026-06-29,4535642329,1,740,740,740,740,28122016,553286,,
2026-06-29,4543855070,1,2793,2793,2793,2793,217331526,266705,,
2026-06-29,4595016786,1,3042,3042,3042,3042,,,,
2026-06-29,4599924264,1,4752,4752,4752,4752,690237181,261829,,
2026-06-29,4673599750,1,2915,2915,2915,2915,482899860,441522,,
2026-06-29,4720386144,1,3295,3295,3295,3295,106852147,544031,,
2026-06-29,4793836769,1,6560,6560,6560,6560,274195170,5822318,,
2026-06-29,4925331346,1,4544,4544,4544,4544,294910885,451074,,
2026-06-29,4944984948,1,5191,5191,5191,5191,221513472,102289,,
2026-06-29,5195168716,1,1263,1263,1263,1263,90620342,603301,,
2026-06-29,5207621753,1,5835,5835,5835,5835,77019639,68227,,
2026-06-29,5361032378,1,43648,43648,43648,43648,1973968064,970666,,
2026-06-29,5578556129,1,62122,62122,62122,62122,1960752544,1956928,,
2026-06-29,5668114043,1,2566,2566,2566,2566,230623270,717282,,
2026-06-29,5750914919,1,66825,66825,66825,66825,4602457556,3493493,,
2026-06-29,5956634861,1,892,892,892,892,147595634,581004,,
2026-06-29,6072944764,1,852,852,852,852,50925430,55545,,
2026-06-29,6329693946,1,3636,3636,3636,3636,69307396,209118,,
2026-06-29,6409513651,1,32060,32060,32060,32060,72543442,758671,,
2026-06-29,6646518350,1,826,826,826,826,249158739,347809,,
2026-06-29,6682487255,1,7548,7548,7548,7548,456396615,219202,,
2026-06-29,6749060816,1,9247,9247,9247,9247,228482903,1585495,,
2026-06-29,7018190066,1,29649,29649,29649,29649,6404236316,5954688,,
2026-06-29,7058980030,1,6420,6420,6420,6420,532240179,892207,,
2026-06-29,7082244450,1,4190,4190,4190,4190,,,,
2026-06-29,7082423811,1,4520,4520,4520,4520,267188309,1544156,,
2026-06-29,7094518649,1,15124,15124,15124,15124,309233682,757653,,
2026-06-29,7113705633,1,762,762,762,762,15912454,381968,,
2026-06-29,7127084123,1,4035,4035,4035,4035,136251635,292600,,
2026-06-29,7128163167,1,3206,3206,3206,3206,61438321,104844,,
2026-06-29,7196736932,1,5292,5292,5292,5292,7256234,40044,,
2026-06-29,7219654364,1,56900,56900,56900,56900,1264199267,13705743,,
2026-06-29,7332711118,1,5160,5160,5160,5160,1848064314,2443735,,
2026-06-29,7383133134,1,1229,1229,1229,1229,98023406,721171,,
2026-06-29,7435020231,1,1097,1097,1097,1097,31420631,114750,,
2026-06-29,7436755782,1,58731,58731,58731,58731,35663296972,11259511,,
2026-06-29,7585079192,1,5769,5769,5769,5769,39871372,150582,,
2026-06-29,7690412163,1,1139,1139,1139,1139,81672449,189249,,
2026-06-29,7709344486,1,221346,221346,221346,221346,70630785568,28539337,,
2026-06-29,7760134732,1,3190,3190,3190,3190,20576516,609875,,
2026-06-29,7798947148,1,3986,3986,3986,3986,127282607,286042,,
2026-06-29,7891669427,1,1826,1826,1826,1826,29369697,744731,,
2026-06-29,8014099969,1,1866,1866,1866,1866,138732310,234492,,
2026-06-29,8291789996,1,3552,3552,3552,3552,,,,
2026-06-29,8316902627,1,3851,3851,3851,3851,4663751990,1956966,,
2026-06-29,8356066619,1,66146,66146,66146,66146,45346819,39990,,
2026-06-29,8504461817,2,3294,3294,3132,3457,169090023,83863,,
2026-06-29,8539298853,1,23805,23805,23805,23805,1203542081,1613679,,
2026-06-29,8696670616,1,2886,2886,2886,2886,,,,
2026-06-29,8759966530,1,4063,4063,4063,4063,101957058,357557,,
2026-06-29,8786713187,1,2582,2582,2582,2582,109878664,268296,,
2026-06-29,8791358380,1,10437,10437,10437,10437,384942670,11451370,,
2026-06-29,8844400854,1,991,991,991,991,179787765,402621,,
2026-06-29,8950496606,1,3705,3705,3705,3705,160161580,403354,,
2026-06-29,9029463012,1,1545,1545,1545,1545,105508916,401941,,
2026-06-29,9073513091,1,3923,3923,3923,3923,109326109,142942,,
2026-06-29,9077534770,1,1975,1975,1975,1975,53073901,160069,,
2026-06-29,9098570654,1,18086,18086,18086,18086,183181145,282270,,
2026-06-29,9122463229,1,9014,9014,9014,9014,,,,
2026-06-29,9129640671,1,11028,11028,11028,11028,,,,
2026-06-29,9141743926,1,20846,20846,20846,20846,366863776,556017,,
2026-06-29,9145063979,1,8487,8487,8487,8487,494498702,483493,,
2026-06-29,9145282410,1,766,766,766,766,34460142,253171,,
2026-06-29,9177208241,1,3170,3170,3170,3170,59643539,337055,,
2026-06-29,9219116196,1,9785,9785,9785,9785,71652771,177818,,
2026-06-29,9231693026,1,2948,2948,2948,2948,,,,
2026-06-29,9253627770,1,826,826,826,826,13424537,16587,,
2026-06-29,9296042754,1,3634,3634,3634,3634,40847143,198437,,
2026-06-29,9315472782,1,1765,1765,1765,1765,17398746,103921,,
2026-06-29,9315739469,1,2705,2705,2705,2705,73580257,76386,,
2026-06-29,9348272796,1,28583,28583,28583,28583,533595391,494960,,
2026-06-29,9362896961,1,6096,6096,6096,6096,135398269,210373,,
2026-06-29,9363735110,1,10225,10225,10225,10225,5641687942,2012420,,
2026-06-29,9409870130,1,1391,1391,1391,1391,15987329,203324,,
2026-06-29,9411563986,1,3134,3134,3134,3134,74591200,130735,,
2026-06-29,9494058490,1,12312,12312,12312,12312,,,,
2026-06-29,9501409571,1,762,762,762,762,35476864,174865,,
2026-06-29,9513686983,1,5243,5243,5243,5243,388370715,12580696,,
2026-06-29,9526307912,1,3248,3248,3248,3248,72933993,124905,,
2026-06-29,9556113881,1,1324,1324,1324,1324,34428355,158319,,
2026-06-29,9561553764,1,9870,9870,9870,9870,46715199,53438,,
2026-06-29,9584852943,1,369744,369744,369744,369744,1960426887,3119690,,
2026-06-29,9659404694,1,717,717,717,717,9122168,1280715,,
2026-06-29,9741799896,1,3101,3101,3101,3101,41807484,2301168,,
2026-06-29,9787206684,1,4483,4483,4483,4483,750274214,2905320,,
2026-06-29,9792947201,1,9227,9227,9227,9227,514910504,3473099,,
2026-06-29,9797806474,1,31343,31343,31343,31343,25028959,19701,,
2026-06-29,9859536675,1,2754,2754,2754,2754,,,,
2026-06-29,9890892152,1,2556,2556,2556,2556,9276791,39096,,
2026-06-29,9929086116,1,3012,3012,3012,3012,,,,
2026-06-29,9930466428,1,829,829,829,829,30445766,127641,,
2026-06-29,9940725596,1,1663,1663,1663,1663,25328878,33747,,
2026-06-29,9948575164,1,2875,2875,2875,2875,25984026,158887,,
2026-06-29,9953328866,1,2811,2811,2811,2811,30975070,36025,,
2026-06-29,9955391014,1,670,670,670,670,5087130,110992,,
2026-06-29,9963622286,1,15510,15510,15510,15510,58408836,2414941,,
2026-06-29,9998576154,1,8152,8152,8152,8152,70752124,4663848,,
2026-06-29,10004244222,1,81820,81820,81820,81820,1276437290,21804939,,
2026-06-29,10051853469,1,4783,4783,4783,4783,89912763,2059715,,
2026-06-29,10065013948,1,11153,11153,11153,11153,27085370,46329,,
2026-06-29,10081194651,1,3812,3812,3812,3812,38177579,153960,,
2026-06-29,10083552936,1,1777,1777,1777,1777,4451236,179111,,
2026-06-29,10086454767,1,4405,4405,4405,4405,12231433,38720,,
2026-06-29,10089507840,1,3205,3205,3205,3205,51593603,74096,,
2026-06-29,10111742174,1,6935,6935,6935,6935,20133056,48382,,
2026-06-29,10121169692,1,6491,6491,6491,6491,4655090,121566,,
2026-06-29,10138661961,1,14399,14399,14399,14399,22072141,57652,,
2026-06-29,10144280947,1,11357,11357,11357,11357,16982108,962152,,
2026-06-29,10148434559,1,24115,24115,24115,24115,43212612,318191,,
2026-06-29,10149910491,1,7988,7988,7988,7988,14282909,24223,,
2026-06-29,10149964044,1,6407,6407,6407,6407,,,,
2026-06-29,10150875031,1,3043,3043,3043,3043,19714593,54946,,
2026-06-29,10167214983,1,4017,4017,4017,4017,45706026,2660128,,
2026-06-29,10184247393,1,25313,25313,25313,25313,16999262,617901,,
2026-06-29,10190667429,1,3554,3554,3554,3554,12892949,20652,,
2026-06-29,10199301628,1,51087,51087,51087,51087,98366404,671055,,
2026-06-29,10200395747,1,580489,580489,580489,580489,818876400,543964,,
2026-06-29,10203815049,1,8379,8379,8379,8379,4696744,7733,,
2026-06-29,10207000525,1,4148,4148,4148,4148,5370565,144341,,
2026-06-29,10230921598,1,31199,31199,31199,31199,58476196,4291179,,
2026-06-29,10241922839,1,3404,3404,3404,3404,5679954,78740,,
2026-06-29,10244001346,1,10040,10040,10040,10040,33260842,32881,,
2026-06-29,10247712813,1,9438,9438,9438,9438,6325994,14959,,
2026-06-29,10270773762,1,3371,3371,3371,3371,3422327,6790,,
2026-06-29,10321202755,1,15819,15819,15819,15819,7933943,189947,,
2026-06-30,31970568,1,4802,4802,4802,4802,1581998325,6046996,,
2026-06-30,66654135,1,329978,329978,329978,329978,26749117139,22599330,,
2026-06-30,568307879,1,809,809,809,809,520056446,540983,,
2026-06-30,605887098,1,3502,3502,3502,3502,2500951408,3677208,,
2026-06-30,903807016,1,4742,4742,4742,4742,1526947163,2801903,,
2026-06-30,1198533421,1,1063,1063,1063,1063,176785562,720116,,
2026-06-30,1214576306,1,4106,4106,4106,4106,1630730271,4278020,,
2026-06-30,1430007363,1,4025,4025,4025,4025,884705785,2231422,,
2026-06-30,1489026993,2,7758,7758,7243,8273,2631568308,4292461,,
2026-06-30,1526814825,1,8770,8770,8770,8770,1058182442,4244171,,
2026-06-30,1637284552,1,1016,1016,1016,1016,,,,
2026-06-30,1795206523,1,1501,1501,1501,1501,940713685,924443,,
2026-06-30,1831550657,1,30494,30494,30494,30494,2071538625,10438128,,
2026-06-30,1998835206,1,2938,2938,2938,2938,575362689,1162358,,
2026-06-30,2049551477,2,3988,3988,2925,5050,1441904187,1888925,,
2026-06-30,2165551367,1,1509,1509,1509,1509,662522025,2392609,,
2026-06-30,2247578975,2,4832,4832,4333,5332,1190159146,14915148,,
2026-06-30,2274830359,1,6741,6741,6741,6741,2925166478,1960755,,
2026-06-30,2294168059,1,9405,9405,9405,9405,1211325215,3263187,,
2026-06-30,2369077151,1,8631,8631,8631,8631,363818993,10072784,,
2026-06-30,2440500124,1,19913,19913,19913,19913,7472080938,7919498,,
2026-06-30,2655478023,2,4065,4065,3522,4608,984521446,3464176,,
2026-06-30,2827951974,1,1070,1070,1070,1070,804462848,674074,,
2026-06-30,2921237723,1,2380,2380,2380,2380,129409934,728815,,
2026-06-30,2992873140,1,17101,17101,17101,17101,1320238449,974647,,
2026-06-30,3034836582,1,904,904,904,904,498506396,1908367,,
2026-06-30,3088609243,1,2992,2992,2992,2992,715954314,575793,,
2026-06-30,3164075108,1,3258,3258,3258,3258,269956923,715828,,
2026-06-30,3187874989,1,4774,4774,4774,4774,151469908,213618,,
2026-06-30,3191268194,1,3733,3733,3733,3733,1340602515,5268441,,
2026-06-30,3232181171,1,1081,1081,1081,1081,54616840,208483,,
2026-06-30,3274669156,1,788,788,788,788,65821930,636834,,
2026-06-30,3310460039,1,20211,20211,20211,20211,4475235414,105091630,,
2026-06-30,3346892457,1,1966,1966,1966,1966,428644962,164204,,
2026-06-30,3472976893,1,5110,5110,5110,5110,141534787,2142082,,
2026-06-30,3502524667,1,2390,2390,2390,2390,741324651,3671292,,
2026-06-30,3551414857,1,6224,6224,6224,6224,618220471,1303743,,
2026-06-30,3647333358,1,31668,31668,31668,31668,8783775822,7944869,,
2026-06-30,3746418487,1,3254,3254,3254,3254,303532144,362552,,
2026-06-30,3754482795,1,5972,5972,5972,5972,1232666796,4354612,,
2026-06-30,3759884822,1,3368,3368,3368,3368,121184958,100241,,
2026-06-30,3841172115,1,5523,5523,5523,5523,135306505,645103,,
2026-06-30,4028801234,1,1481,1481,1481,1481,226754070,12037983,,
2026-06-30,4071487712,1,681,681,681,681,26337549,111462,,
2026-06-30,4283416256,1,727,727,727,727,19247625,118020,,
2026-06-30,4348829796,1,15901,15901,15901,15901,2537903195,10622928,,
2026-06-30,4497460596,1,2350,2350,2350,2350,165028926,132796,,
2026-06-30,4518160318,1,6630,6630,6630,6630,618219390,1101938,,
2026-06-30,4595016786,1,3068,3068,3068,3068,580583465,708948,,
2026-06-30,4599924264,1,4746,4746,4746,4746,691034990,262457,,
2026-06-30,4673599750,1,2703,2703,2703,2703,483587793,442065,,
2026-06-30,4720386144,1,2667,2667,2667,2667,107102104,545103,,
2026-06-30,4793836769,1,6692,6692,6692,6692,274708184,5832922,,
2026-06-30,4925331346,1,4243,4243,4243,4243,295245103,451714,,
2026-06-30,4944984948,1,5466,5466,5466,5466,222333053,102807,,
2026-06-30,5195168716,1,1403,1403,1403,1403,90774704,604046,,
2026-06-30,5207621753,1,5636,5636,5636,5636,77457671,68410,,
2026-06-30,5361032378,1,43685,43685,43685,43685,1976006311,971092,,
2026-06-30,5578556129,1,59913,59913,59913,59913,1963209996,1958632,,
2026-06-30,5668114043,1,2440,2440,2440,2440,230835941,717742,,
2026-06-30,5698013839,1,721,721,721,721,68362483,269359,,
2026-06-30,5750914919,1,62168,62168,62168,62168,4605922781,3496010,,
2026-06-30,5956634861,1,738,738,738,738,147685852,581163,,
2026-06-30,6072944764,1,726,726,726,726,,,,
2026-06-30,6247557414,1,655,655,655,655,192454530,2227141,,
2026-06-30,6329693946,1,3449,3449,3449,3449,69521745,209528,,
2026-06-30,6409513651,1,28697,28697,28697,28697,73626683,763735,,
2026-06-30,6646518350,1,767,767,767,767,249365695,347857,,
2026-06-30,6682487255,1,7356,7356,7356,7356,457029150,219438,,
2026-06-30,6749060816,1,8175,8175,8175,8175,229103314,1588539,,
2026-06-30,7018190066,1,27489,27489,27489,27489,6406507892,5959698,,
2026-06-30,7058980030,1,6308,6308,6308,6308,533314979,893769,,
2026-06-30,7082244450,1,4190,4190,4190,4190,,,,
2026-06-30,7082423811,1,4097,4097,4097,4097,267611779,1544641,,
2026-06-30,7094518649,1,14208,14208,14208,14208,310042999,759453,,
2026-06-30,7127084123,1,3628,3628,3628,3628,136531767,293371,,
2026-06-30,7128163167,1,3336,3336,3336,3336,61752969,105405,,
2026-06-30,7196736932,1,4414,4414,4414,4414,7824831,42124,,
2026-06-30,7219654364,1,51514,51514,51514,51514,1269774135,13734618,,
2026-06-30,7332711118,1,4869,4869,4869,4869,1848590956,2444231,,
2026-06-30,7383133134,1,1257,1257,1257,1257,98185406,722469,,
2026-06-30,7435020231,1,993,993,993,993,31488516,114858,,
2026-06-30,7436755782,1,53520,53520,53520,53520,35667764455,11267038,,
2026-06-30,7585079192,1,4998,4998,4998,4998,40063825,151037,,
2026-06-30,7690412163,1,1106,1106,1106,1106,81768316,189575,,
2026-06-30,7709344486,1,203004,203004,203004,203004,70674859305,28549432,,
2026-06-30,7760134732,1,3271,3271,3271,3271,20884407,618621,,
2026-06-30,7798947148,1,3369,3369,3369,3369,127656948,286560,,
2026-06-30,7891669427,1,1661,1661,1661,1661,29517036,747682,,
2026-06-30,8014099969,1,2049,2049,2049,2049,138939855,234743,,
2026-06-30,8291789996,1,3552,3552,3552,3552,,,,
2026-06-30,8316902627,1,3849,3849,3849,3849,4664304465,1958579,,
2026-06-30,8356066619,1,60079,60079,60079,60079,47883422,40978,,
2026-06-30,8504461817,2,2946,2946,2726,3166,169514866,84175,,
2026-06-30,8539298853,1,21855,21855,21855,21855,1205495778,1616921,,
2026-06-30,8696670616,1,2886,2886,2886,2886,,,,
2026-06-30,8759966530,1,3904,3904,3904,3904,102415588,358492,,
2026-06-30,8786713187,1,2455,2455,2455,2455,110071655,268682,,
2026-06-30,8791358380,1,9294,9294,9294,9294,385909148,11477280,,
2026-06-30,8844400854,1,942,942,942,942,179898909,402670,,
2026-06-30,8950496606,1,3374,3374,3374,3374,160443534,403975,,
2026-06-30,9029463012,1,1276,1276,1276,1276,105630800,402399,,
2026-06-30,9073513091,1,3338,3338,3338,3338,109930803,143626,,
2026-06-30,9077534770,1,2434,2434,2434,2434,53294112,160622,,
2026-06-30,9098570654,1,17694,17694,17694,17694,184375547,283933,,
2026-06-30,9122463229,1,9014,9014,9014,9014,,,,
2026-06-30,9129640671,1,11028,11028,11028,11028,,,,
2026-06-30,9141743926,1,18531,18531,18531,18531,368699418,557041,,
2026-06-30,9145063979,1,7831,7831,7831,7831,495525343,484705,,
2026-06-30,9145282410,1,1035,1035,1035,1035,34536203,253520,,
2026-06-30,9177208241,1,3446,3446,3446,3446,59979532,338315,,
2026-06-30,9219116196,1,9717,9717,9717,9717,72492715,179849,,
2026-06-30,9231693026,1,2948,2948,2948,2948,,,,
2026-06-30,9253627770,1,772,772,772,772,13496798,16690,,
2026-06-30,9296042754,1,3635,3635,3635,3635,41192265,200145,,
2026-06-30,9315472782,1,1638,1638,1638,1638,17590137,104938,,
2026-06-30,9315739469,1,2295,2295,2295,2295,73906906,76727,,
2026-06-30,9348272796,1,26698,26698,26698,26698,536154716,497323,,
2026-06-30,9362896961,1,5698,5698,5698,5698,135704008,210572,,
2026-06-30,9363735110,1,9343,9343,9343,9343,5642896444,2013141,,
2026-06-30,9409870130,1,1493,1493,1493,1493,16122377,204798,,
2026-06-30,9411563986,1,3131,3131,3131,3131,74967853,131322,,
2026-06-30,9494058490,1,12312,12312,12312,12312,,,,
2026-06-30,9513686983,1,4980,4980,4980,4980,388974827,12603131,,
2026-06-30,9526307912,1,2578,2578,2578,2578,73226435,125323,,
2026-06-30,9556113881,1,1166,1166,1166,1166,34531956,158666,,
2026-06-30,9561553764,1,9832,9832,9832,9832,48276548,54470,,
2026-06-30,9584852943,1,331916,331916,331916,331916,2013035417,3179599,,
2026-06-30,9660713566,1,2863,2863,2863,2863,79619235,4993746,,
2026-06-30,9787206684,1,3693,3693,3693,3693,750811461,2906485,,
2026-06-30,9792947201,1,8488,8488,8488,8488,515749219,3472045,,
2026-06-30,9797806474,1,29598,29598,29598,29598,26506213,20208,,
2026-06-30,9859536675,1,2754,2754,2754,2754,,,,
2026-06-30,9890892152,1,2308,2308,2308,2308,9479329,47576,,
2026-06-30,9929086116,1,3061,3061,3061,3061,46062192,3284528,,
2026-06-30,9930466428,1,718,718,718,718,30552816,127826,,
2026-06-30,9940725596,1,1612,1612,1612,1612,25577455,34064,,
2026-06-30,9948575164,1,2768,2768,2768,2768,26360805,160783,,
2026-06-30,9955391014,1,688,688,688,688,,,,
2026-06-30,9963622286,1,10127,10127,10127,10127,59770105,2453455,,
2026-06-30,9998576154,1,7901,7901,7901,7901,71614106,4713648,,
2026-06-30,10004244222,1,73202,73202,73202,73202,1286261680,21879718,,
2026-06-30,10051853469,1,4646,4646,4646,4646,90397810,2067469,,
2026-06-30,10065013948,1,9891,9891,9891,9891,28087132,47485,,
2026-06-30,10081194651,1,3424,3424,3424,3424,38515610,155006,,
2026-06-30,10083552936,1,1504,1504,1504,1504,4624790,188514,,
2026-06-30,10086454767,1,4377,4377,4377,4377,12541046,39315,,
2026-06-30,10089507840,1,3107,3107,3107,3107,52631271,75485,,
2026-06-30,10111742174,1,6166,6166,6166,6166,20497837,49017,,
2026-06-30,10121169692,1,5449,5449,5449,5449,5171960,133838,,
2026-06-30,10138661961,1,11135,11135,11135,11135,23888976,62502,,
2026-06-30,10144280947,1,11158,11158,11158,11158,18280235,1023693,,
2026-06-30,10148434559,1,20955,20955,20955,20955,45277714,330744,,
2026-06-30,10149910491,1,7148,7148,7148,7148,14878797,24934,,
2026-06-30,10149964044,1,6407,6407,6407,6407,,,,
2026-06-30,10150875031,1,2653,2653,2653,2653,20001911,55597,,
2026-06-30,10167214983,1,3112,3112,3112,3112,46042973,2674806,,
2026-06-30,10184247393,1,26524,26524,26524,26524,18848371,681228,,
2026-06-30,10199301628,1,51960,51960,51960,51960,104512124,707755,,
2026-06-30,10200395747,1,425376,425376,425376,425376,854520731,552230,,
2026-06-30,10203815049,1,7979,7979,7979,7979,5362315,8679,,
2026-06-30,10207000525,1,3641,3641,3641,3641,6250256,163164,,
2026-06-30,10230921598,1,28526,28526,28526,28526,62642240,4556057,,
2026-06-30,10241922839,1,2759,2759,2759,2759,5925494,81527,,
2026-06-30,10244001346,1,8907,8907,8907,8907,35007573,34385,,
2026-06-30,10247712813,1,9131,9131,9131,9131,7277753,16721,,
2026-06-30,10270773762,1,2974,2974,2974,2974,3705336,7336,,
2026-06-30,10321202755,1,16136,16136,16136,16136,8742011,201626,,
