date,universe_id,n,median,mean,min,max,visits,favorites,up,down
2026-07-01,31970568,1,5194,5194,5194,5194,1582413026,6047557,,
2026-07-01,66654135,1,323372,323372,323372,323372,26782175873,22614739,,
2026-07-01,568307879,1,807,807,807,807,520157385,541082,,
2026-07-01,605887098,1,3262,3262,3262,3262,2501343075,3677753,,
2026-07-01,903807016,1,4868,4868,4868,4868,1527782181,2802463,,
2026-07-01,1198533421,1,1091,1091,1091,1091,176864104,720272,,
2026-07-01,1214576306,1,4003,4003,4003,4003,1631035789,4278412,,
2026-07-01,1430007363,1,3847,3847,3847,3847,885159142,2233816,,
2026-07-01,1489026993,2,8065,8065,7564,8566,2632417836,4293469,,
2026-07-01,1526814825,1,8179,8179,8179,8179,1058773595,4245493,,
2026-07-01,1637284552,1,1016,1016,1016,1016,,,,
2026-07-01,1795206523,1,1538,1538,1538,1538,940981412,924568,,
2026-07-01,1831550657,1,27659,27659,27659,27659,2073503640,10446187,,
2026-07-01,1998835206,1,2947,2947,2947,2947,575609153,1162568,,
2026-07-01,2049551477,2,3730,3730,2881,4580,1442434186,1889575,,
2026-07-01,2092410051,1,2765,2765,2765,2765,330009205,1384647,,
2026-07-01,2165551367,1,1384,1384,1384,1384,662748267,2393767,,
2026-07-01,2247578975,2,4358,4358,4027,4689,1190761387,14915505,,
2026-07-01,2274830359,1,7165,7165,7165,7165,2926230782,1961655,,
2026-07-01,2294168059,1,8703,8703,8703,8703,1212111476,3265422,,
2026-07-01,2369077151,1,9909,9909,9909,9909,364740285,10091076,,
2026-07-01,2440500124,1,19207,19207,19207,19207,7474230399,7921694,,
2026-07-01,2491559356,1,715,715,715,715,,,,
2026-07-01,2655478023,2,3840,3840,3439,4240,985154506,3464728,,
2026-07-01,2821905072,1,3074,3074,3074,3074,,,,
2026-07-01,2827951974,1,1073,1073,1073,1073,804609282,674266,,
2026-07-01,2921237723,1,2429,2429,2429,2429,129673812,729579,,
2026-07-01,2992873140,1,18734,18734,18734,18734,1321793911,975549,,
2026-07-01,3034836582,1,972,972,972,972,498610570,1908488,,
2026-07-01,3088609243,1,3342,3342,3342,3342,716420386,576308,,
2026-07-01,3164075108,1,3356,3356,3356,3356,270201122,716237,,
2026-07-01,3187874989,1,4588,4588,4588,4588,151924404,214061,,
2026-07-01,3191268194,1,3639,3639,3639,3639,1340936381,5272770,,
2026-07-01,3232181171,1,1125,1125,1125,1125,54730096,208962,,
2026-07-01,3274669156,1,699,699,699,699,65871419,637271,,
2026-07-01,3310460039,1,19707,19707,19707,19707,4477987950,105092688,,
2026-07-01,3346892457,1,1836,1836,1836,1836,428914133,164459,,
2026-07-01,3472976893,1,4861,4861,4861,4861,142226907,2163654,,
2026-07-01,3502524667,1,2292,2292,2292,2292,741688662,3671549,,
2026-07-01,3551414857,1,5990,5990,5990,5990,618763558,1304518,,
2026-07-01,3647333358,1,31168,31168,31168,31168,8787920430,7948900,,
2026-07-01,3746418487,1,3395,3395,3395,3395,303910199,363022,,
2026-07-01,3754482795,1,6070,6070,6070,6070,1233504663,4357675,,
2026-07-01,3759884822,1,3446,3446,3446,3446,121443723,100547,,
2026-07-01,3841172115,1,4899,4899,4899,4899,135840263,646507,,
2026-07-01,4028801234,1,1386,1386,1386,1386,226895947,12045875,,
2026-07-01,4071487712,1,769,769,769,769,26381656,111612,,
2026-07-01,4283416256,1,798,798,798,798,19305426,118290,,
2026-07-01,4348829796,1,15964,15964,15964,15964,2539707398,10634134,,
2026-07-01,4457060041,1,3028,3028,3028,3028,126233796,210441,,
2026-07-01,4497460596,1,2153,2153,2153,2153,165199733,133030,,
2026-07-01,4518160318,1,6395,6395,6395,6395,618695006,1103092,,
2026-07-01,4595016786,1,3262,3262,3262,3262,580952734,709502,,
2026-07-01,4599924264,1,4291,4291,4291,4291,691853758,263093,,
2026-07-01,4673599750,1,2725,2725,2725,2725,484276355,442688,,
2026-07-01,4720386144,1,2589,2589,2589,2589,107302790,545867,,
2026-07-01,4793836769,1,6764,6764,6764,6764,275221063,5843345,,
2026-07-01,4925331346,1,4369,4369,4369,4369,295588768,452319,,
2026-07-01,4944984948,1,5351,5351,5351,5351,223202362,103299,,
2026-07-01,5195168716,1,1557,1557,1557,1557,90913266,604700,,
2026-07-01,5207621753,1,4644,4644,4644,4644,77839617,68619,,
2026-07-01,5361032378,1,42135,42135,42135,42135,1978121444,971516,,
2026-07-01,5578556129,1,51960,51960,51960,51960,1965569886,1960384,,
2026-07-01,5668114043,1,2209,2209,2209,2209,231044702,718177,,
2026-07-01,5750914919,1,59158,59158,59158,59158,4609377530,3498431,,
2026-07-01,5956634861,1,678,678,678,678,147766446,581290,,
2026-07-01,6072944764,1,678,678,678,678,51043101,55744,,
2026-07-01,6329693946,1,3434,3434,3434,3434,69734149,209904,,
2026-07-01,6409513651,1,26944,26944,26944,26944,74674864,769256,,
2026-07-01,6646518350,1,731,731,731,731,249569910,347924,,
2026-07-01,6682487255,1,7280,7280,7280,7280,457676388,219616,,
2026-07-01,6749060816,1,8294,8294,8294,8294,229709628,1591617,,
2026-07-01,7018190066,1,26431,26431,26431,26431,6408683069,5962464,,
2026-07-01,7058980030,1,7050,7050,7050,7050,534459924,895425,,
2026-07-01,7082244450,1,4190,4190,4190,4190,,,,
2026-07-01,7082423811,1,4000,4000,4000,4000,268009520,1545076,,
2026-07-01,7094518649,1,13813,13813,13813,13813,310859641,761255,,
2026-07-01,7127084123,1,3684,3684,3684,3684,136811219,294057,,
2026-07-01,7128163167,1,3593,3593,3593,3593,62137273,106066,,
2026-07-01,7196736932,1,4073,4073,4073,4073,8349933,43917,,
2026-07-01,7219654364,1,49234,49234,49234,49234,1275044460,13763159,,
2026-07-01,7332711118,1,4761,4761,4761,4761,1849201986,2444808,,
2026-07-01,7383133134,1,1112,1112,1112,1112,98324791,723566,,
2026-07-01,7434179990,1,3040,3040,3040,3040,215183611,7642512,,
2026-07-01,7435020231,1,914,914,914,914,31540971,114950,,
2026-07-01,7436755782,1,51315,51315,51315,51315,35672137737,11270150,,
2026-07-01,7585079192,1,4671,4671,4671,4671,40243066,151565,,
2026-07-01,7690412163,1,1055,1055,1055,1055,81851444,189890,,
2026-07-01,7709344486,1,226576,226576,226576,226576,70728529311,28562582,,
2026-07-01,7760134732,1,2893,2893,2893,2893,21194853,627139,,
2026-07-01,7798947148,1,2886,2886,2886,2886,127960838,286983,,
2026-07-01,7891669427,1,1579,1579,1579,1579,29658580,750384,,
2026-07-01,8014099969,1,2062,2062,2062,2062,139140502,235009,,
2026-07-01,8291789996,1,3552,3552,3552,3552,,,,
2026-07-01,8316902627,1,3518,3518,3518,3518,4664857591,1960093,,
2026-07-01,8356066619,1,46308,46308,46308,46308,49896228,41542,,
2026-07-01,8504461817,2,2876,2876,2684,3068,169947726,84454,,
2026-07-01,8539298853,1,21065,21065,21065,21065,1207406465,1619806,,
2026-07-01,8696670616,1,2886,2886,2886,2886,,,,
2026-07-01,8759966530,1,3978,3978,3978,3978,102882993,359535,,
2026-07-01,8786713187,1,2544,2544,2544,2544,110274822,269126,,
2026-07-01,8791358380,1,9718,9718,9718,9718,386911658,11506955,,
2026-07-01,8844400854,1,813,813,813,813,179996474,402687,,
2026-07-01,8950496606,1,3473,3473,3473,3473,160710421,404528,,
2026-07-01,9029463012,1,1415,1415,1415,1415,105763068,402818,,
2026-07-01,9073513091,1,3128,3128,3128,3128,110483836,144291,,
2026-07-01,9077534770,1,2057,2057,2057,2057,53519635,161150,,
2026-07-01,9098570654,1,14728,14728,14728,14728,185466421,285771,,
2026-07-01,9122463229,1,9014,9014,9014,9014,,,,
2026-07-01,9129640671,1,11028,11028,11028,11028,,,,
2026-07-01,9141743926,1,16929,16929,16929,16929,370470133,558336,,
2026-07-01,9145063979,1,7727,7727,7727,7727,496462297,485768,,
2026-07-01,9145282410,1,1000,1000,1000,1000,34619457,253918,,
2026-07-01,9177208241,1,3180,3180,3180,3180,60331380,339540,,
2026-07-01,9219116196,1,9859,9859,9859,9859,73421000,182036,,
2026-07-01,9231693026,1,2948,2948,2948,2948,,,,
2026-07-01,9253627770,1,749,749,749,749,13566931,16766,,
2026-07-01,9296042754,1,3668,3668,3668,3668,41561251,201955,,
2026-07-01,9315472782,1,1603,1603,1603,1603,17793698,105833,,
2026-07-01,9315739469,1,2007,2007,2007,2007,74193827,77014,,
2026-07-01,9348272796,1,25595,25595,25595,25595,538713532,499670,,
2026-07-01,9362896961,1,5566,5566,5566,5566,136018845,210776,,
2026-07-01,9363735110,1,8893,8893,8893,8893,5644081255,2013843,,
2026-07-01,9409870130,1,1331,1331,1331,1331,16254268,206261,,
2026-07-01,9411563986,1,2894,2894,2894,2894,75314275,131855,,
2026-07-01,9494058490,1,12312,12312,12312,12312,,,,
2026-07-01,9501409571,1,649,649,649,649,35649964,175553,,
2026-07-01,9513686983,1,4848,4848,4848,4848,389577243,12626287,,
2026-07-01,9526307912,1,2495,2495,2495,2495,73515902,125760,,
2026-07-01,9556113881,1,996,996,996,996,34637286,158989,,
2026-07-01,9561553764,1,9649,9649,9649,9649,49815770,55483,,
2026-07-01,9584852943,1,319969,319969,319969,319969,2064707371,3239420,,
2026-07-01,9660713566,1,3196,3196,3196,3196,80065368,5016470,,
2026-07-01,9723617424,1,2706,2706,2706,2706,25513022,34791,,
2026-07-01,9787206684,1,4076,4076,4076,4076,751517652,2907695,,
2026-07-01,9792947201,1,8453,8453,8453,8453,516600642,3475081,,
2026-07-01,9797806474,1,30191,30191,30191,30191,28065865,37494,,
2026-07-01,9859536675,1,2754,2754,2754,2754,,,,
2026-07-01,9890892152,1,2034,2034,2034,2034,9659376,53068,,
2026-07-01,9929086116,1,2934,2934,2934,2934,46421643,3302367,,
2026-07-01,9930466428,1,710,710,710,710,30659547,128024,,
2026-07-01,9940725596,1,1554,1554,1554,1554,25814769,34316,,
2026-07-01,9948575164,1,2834,2834,2834,2834,26750624,163063,,
2026-07-01,9963622286,1,9825,9825,9825,9825,60995370,2489770,,
2026-07-01,9998576154,1,7952,7952,7952,7952,72517633,4768615,,
2026-07-01,10004244222,1,74807,74807,74807,74807,1295895462,21957087,,
2026-07-01,10051853469,1,4279,4279,4279,4279,90866473,2075150,,
2026-07-01,10065013948,1,10560,10560,10560,10560,29106015,48598,,
2026-07-01,10081194651,1,3570,3570,3570,3570,38842239,156084,,
2026-07-01,10083552936,1,1570,1570,1570,1570,4802709,198501,,
2026-07-01,10086454767,1,4049,4049,4049,4049,12819444,39832,,
2026-07-01,10089507840,1,3493,3493,3493,3493,53966403,76847,,
2026-07-01,10111742174,1,6121,6121,6121,6121,20912660,49733,,
2026-07-01,10121169692,1,4909,4909,4909,4909,5624131,144048,,
2026-07-01,10138661961,1,11061,11061,11061,11061,25434106,66449,,
2026-07-01,10144280947,1,9224,9224,9224,9224,19466915,1074554,,
2026-07-01,10148434559,1,20818,20818,20818,20818,47331216,342627,,
2026-07-01,10149910491,1,6522,6522,6522,6522,15439621,25536,,
2026-07-01,10149964044,1,6407,6407,6407,6407,,,,
2026-07-01,10167214983,1,2956,2956,2956,2956,46352354,2688128,,
2026-07-01,10184247393,1,21899,21899,21899,21899,20599393,735152,,
2026-07-01,10199301628,1,51544,51544,51544,51544,110748775,745349,,
2026-07-01,10200395747,1,379364,379364,379364,379364,883428771,556694,,
2026-07-01,10203815049,1,5636,5636,5636,5636,5953888,9447,,
2026-07-01,10207000525,1,4048,4048,4048,4048,7187256,183659,,
2026-07-01,10230921598,1,27396,27396,27396,27396,66703517,4811049,,
2026-07-01,10241922839,1,2715,2715,2715,2715,6142699,83812,,
2026-07-01,10244001346,1,7116,7116,7116,7116,36448846,35578,,
2026-07-01,10247712813,1,9664,9664,9664,9664,8264539,18344,,
2026-07-01,10321202755,1,14830,14830,14830,14830,9495935,212671,,
2026-07-02,31970568,1,5227,5227,5227,5227,1582842722,6048124,,
2026-07-02,66654135,1,319264,319264,319264,319264,26815150029,22630154,,
2026-07-02,568307879,1,716,716,716,716,520259624,541200,,
2026-07-02,605887098,1,3233,3233,3233,3233,2501718456,3678344,,
2026-07-02,903807016,1,4498,4498,4498,4498,1528600364,2802930,,
2026-07-02,1198533421,1,1061,1061,1061,1061,176941436,720433,,
2026-07-02,1214576306,1,4087,4087,4087,4087,1631334079,4278777,,
2026-07-02,1430007363,1,3844,3844,3844,3844,885607666,2236162,,
2026-07-02,1489026993,2,8076,8076,7736,8416,2633277597,4294455,,
2026-07-02,1526814825,1,7808,7808,7808,7808,1059338717,4246831,,
2026-07-02,1637284552,1,1016,1016,1016,1016,,,,
2026-07-02,1795206523,1,1508,1508,1508,1508,941250724,924738,,
2026-07-02,1831550657,1,31403,31403,31403,31403,2075687195,10463403,,
2026-07-02,1998835206,1,2858,2858,2858,2858,575856944,1162797,,
2026-07-02,2049551477,2,3962,3962,3008,4916,1442985881,1890284,,
2026-07-02,2165551367,1,1214,1214,1214,1214,662951558,2394843,,
2026-07-02,2247578975,2,4248,4248,3728,4768,1191350263,14915896,,
2026-07-02,2274830359,1,6782,6782,6782,6782,2927274298,1962453,,
2026-07-02,2294168059,1,8786,8786,8786,8786,1212873340,3268080,,
2026-07-02,2369077151,1,10315,10315,10315,10315,365688597,10109731,,
2026-07-02,2440500124,1,19778,19778,19778,19778,7476391486,7923927,,
2026-07-02,2655478023,2,4042,4042,3565,4518,985794599,3465251,,
2026-07-02,2821905072,1,3055,3055,3055,3055,247616690,5233507,,
2026-07-02,2827951974,1,1072,1072,1072,1072,804749736,674433,,
2026-07-02,2921237723,1,2456,2456,2456,2456,129943128,730405,,
2026-07-02,2992873140,1,17270,17270,17270,17270,1323307169,976399,,
2026-07-02,3034836582,1,984,984,984,984,498720325,1908622,,
2026-07-02,3088609243,1,3250,3250,3250,3250,716905806,576851,,
2026-07-02,3164075108,1,3222,3222,3222,3222,270432435,716634,,
2026-07-02,3187874989,1,4746,4746,4746,4746,152363123,214493,,
2026-07-02,3191268194,1,3660,3660,3660,3660,1341266653,5277217,,
2026-07-02,3232181171,1,974,974,974,974,54833732,209349,,
2026-07-02,3274669156,1,960,960,960,960,65928911,637785,,
2026-07-02,3310460039,1,19892,19892,19892,19892,4480654381,105093758,,
2026-07-02,3346892457,1,1823,1823,1823,1823,429175406,164707,,
2026-07-02,3472976893,1,4975,4975,4975,4975,142954324,2186492,,
2026-07-02,3502524667,1,2546,2546,2546,2546,742049710,3671827,,
2026-07-02,3551414857,1,5367,5367,5367,5367,619267451,1305274,,
2026-07-02,3647333358,1,30475,30475,30475,30475,8791983800,7952918,,
2026-07-02,3746418487,1,3117,3117,3117,3117,304271341,363525,,
2026-07-02,3754482795,1,5604,5604,5604,5604,1234326512,4360882,,
2026-07-02,3759884822,1,3361,3361,3361,3361,121699032,100849,,
2026-07-02,3841172115,1,4632,4632,4632,4632,136349180,647888,,
2026-07-02,4028801234,1,1321,1321,1321,1321,227038188,12054020,,
2026-07-02,4071487712,1,754,754,754,754,26426210,111780,,
2026-07-02,4283416256,1,755,755,755,755,19360451,118549,,
2026-07-02,4348829796,1,15988,15988,15988,15988,2541537568,10645925,,
2026-07-02,4497460596,1,1770,1770,1770,1770,165349845,133256,,
2026-07-02,4518160318,1,6503,6503,6503,6503,619151992,1104220,,
2026-07-02,4543855070,1,2727,2727,2727,2727,217872957,267450,,
2026-07-02,4595016786,1,3300,3300,3300,3300,581335612,710161,,
2026-07-02,4599924264,1,4726,4726,4726,4726,692616207,263716,,
2026-07-02,4673599750,1,2638,2638,2638,2638,484939486,443300,,
2026-07-02,4720386144,1,3070,3070,3070,3070,107537384,546932,,
2026-07-02,4793836769,1,6691,6691,6691,6691,275738242,5854844,,
2026-07-02,4925331346,1,4106,4106,4106,4106,295935099,452955,,
2026-07-02,4944984948,1,5615,5615,5615,5615,224042202,103784,,
2026-07-02,5195168716,1,1537,1537,1537,1537,91048336,605359,,
2026-07-02,5207621753,1,4630,4630,4630,4630,78186064,68799,,
2026-07-02,5361032378,1,42360,42360,42360,42360,1980162342,972103,,
2026-07-02,5578556129,1,48882,48882,48882,48882,1967634218,1961987,,
2026-07-02,5668114043,1,2264,2264,2264,2264,231253240,718618,,
2026-07-02,5750914919,1,58161,58161,58161,58161,4612619822,3500626,,
2026-07-02,5956634861,1,741,741,741,741,147851404,581433,,
2026-07-02,6072944764,1,706,706,706,706,51098765,55829,,
2026-07-02,6247557414,1,726,726,726,726,192610760,2228805,,
2026-07-02,6329693946,1,3359,3359,3359,3359,69947683,210338,,
2026-07-02,6409513651,1,25797,25797,25797,25797,75656530,774861,,
2026-07-02,6646518350,1,718,718,718,718,249768374,347998,,
2026-07-02,6682487255,1,7313,7313,7313,7313,458293121,219775,,
2026-07-02,6749060816,1,8365,8365,8365,8365,230318688,1594789,,
2026-07-02,7018190066,1,25781,25781,25781,25781,6410840856,5965125,,
2026-07-02,7058980030,1,7596,7596,7596,7596,535693425,897373,,
2026-07-02,7082244450,1,4190,4190,4190,4190,,,,
2026-07-02,7082423811,1,3860,3860,3860,3860,,,,
2026-07-02,7094518649,1,14333,14333,14333,14333,311649628,762974,,
2026-07-02,7113705633,1,718,718,718,718,16122548,384982,,
2026-07-02,7127084123,1,3559,3559,3559,3559,137082250,294670,,
2026-07-02,7128163167,1,3241,3241,3241,3241,62509507,106699,,
2026-07-02,7196736932,1,3800,3800,3800,3800,8849446,45604,,
2026-07-02,7219654364,1,49638,49638,49638,49638,1280146898,13790277,,
2026-07-02,7332711118,1,4746,4746,4746,4746,1849695150,2445251,,
2026-07-02,7383133134,1,1202,1202,1202,1202,98464739,724583,,
2026-07-02,7434179990,1,3040,3040,3040,3040,215511028,7652143,,
2026-07-02,7435020231,1,915,915,915,915,31591354,115060,,
2026-07-02,7436755782,1,48731,48731,48731,48731,35676220793,11272846,,
2026-07-02,7577791613,1,673,673,673,673,96716511,568728,,
2026-07-02,7585079192,1,4069,4069,4069,4069,40401862,152029,,
2026-07-02,7690412163,1,1182,1182,1182,1182,81940564,190219,,
2026-07-02,7709344486,1,180782,180782,180782,180782,70768026374,28572347,,
2026-07-02,7760134732,1,3171,3171,3171,3171,21476311,634491,,
2026-07-02,7891669427,1,2012,2012,2012,2012,29810861,753584,,
2026-07-02,8014099969,1,1992,1992,1992,1992,139341884,235269,,
2026-07-02,8291789996,1,3552,3552,3552,3552,,,,
2026-07-02,8316902627,1,3816,3816,3816,3816,4665383011,1961446,,
2026-07-02,8356066619,1,44214,44214,44214,44214,51588421,41976,,
2026-07-02,8504461817,2,2658,2658,2290,3025,170379761,84764,,
2026-07-02,8539298853,1,20321,20321,20321,20321,1209257714,1622768,,
2026-07-02,8696670616,1,2886,2886,2886,2886,,,,
2026-07-02,8759966530,1,4015,4015,4015,4015,103333756,360406,,
2026-07-02,8786713187,1,2700,2700,2700,2700,110485929,269653,,
2026-07-02,8791358380,1,9116,9116,9116,9116,387902173,11537429,,
2026-07-02,8844400854,1,819,819,819,819,180090952,402752,,
2026-07-02,8950496606,1,3556,3556,3556,3556,160968466,405100,,
2026-07-02,9029463012,1,1166,1166,1166,1166,105890153,403200,,
2026-07-02,9077534770,1,1777,1777,1777,1777,53730696,161666,,
2026-07-02,9098570654,1,14939,14939,14939,14939,186486857,287577,,
2026-07-02,9122463229,1,9014,9014,9014,9014,,,,
2026-07-02,9129640671,1,11028,11028,11028,11028,,,,
2026-07-02,9141743926,1,16536,16536,16536,16536,372132206,559538,,
2026-07-02,9145063979,1,7995,7995,7995,7995,497468467,486942,,
2026-07-02,9145282410,1,722,722,722,722,34693605,254233,,
2026-07-02,9177208241,1,3161,3161,3161,3161,60671341,340734,,
2026-07-02,9219116196,1,10908,10908,10908,10908,74376005,184375,,
2026-07-02,9231693026,1,2948,2948,2948,2948,,,,
2026-07-02,9253627770,1,856,856,856,856,13642870,16840,,
2026-07-02,9296042754,1,3401,3401,3401,3401,41927557,203771,,
2026-07-02,9315472782,1,1764,1764,1764,1764,18013329,106962,,
2026-07-02,9315739469,1,1877,1877,1877,1877,74465703,77271,,
2026-07-02,9348272796,1,25709,25709,25709,25709,541250917,502148,,
2026-07-02,9362896961,1,5929,5929,5929,5929,136343371,210985,,
2026-07-02,9363735110,1,8930,8930,8930,8930,5645507274,2014454,,
2026-07-02,9409870130,1,1468,1468,1468,1468,16379477,207565,,
2026-07-02,9411563986,1,2958,2958,2958,2958,75658263,132441,,
2026-07-02,9494058490,1,12312,12312,12312,12312,,,,
2026-07-02,9501409571,1,692,692,692,692,35738432,175882,,
2026-07-02,9513686983,1,5105,5105,5105,5105,390190091,12651084,,
2026-07-02,9526307912,1,2575,2575,2575,2575,73820999,126234,,
2026-07-02,9556113881,1,1004,1004,1004,1004,34733336,159332,,
2026-07-02,9561553764,1,9747,9747,9747,9747,51245525,56501,,
2026-07-02,9584852943,1,331774,331774,331774,331774,2115270335,3299189,,
2026-07-02,9787206684,1,3851,3851,3851,3851,752031490,2908898,,
2026-07-02,9792947201,1,7648,7648,7648,7648,517372956,3477766,,
2026-07-02,9797806474,1,30647,30647,30647,30647,29619608,43780,,
2026-07-02,9859536675,1,2754,2754,2754,2754,,,,
2026-07-02,9890892152,1,1746,1746,1746,1746,9814331,53656,,
2026-07-02,9929086116,1,2858,2858,2858,2858,46745769,3318346,,
2026-07-02,9940725596,1,1339,1339,1339,1339,26029296,34577,,
2026-07-02,9953328866,1,2958,2958,2958,2958,31884787,36769,,
2026-07-02,9955391014,1,704,704,704,704,5353102,116364,,
2026-07-02,9963622286,1,10189,10189,10189,10189,62149531,2524557,,
2026-07-02,9998576154,1,7337,7337,7337,7337,73389149,4820837,,
2026-07-02,10004244222,1,70515,70515,70515,70515,1304995028,22032621,,
2026-07-02,10051853469,1,4147,4147,4147,4147,91303797,2082513,,
2026-07-02,10065013948,1,9780,9780,9780,9780,30087853,49712,,
2026-07-02,10081194651,1,2925,2925,2925,2925,39152481,157150,,
2026-07-02,10083552936,1,1733,1733,1733,1733,4981997,208676,,
2026-07-02,10086454767,1,3731,3731,3731,3731,13076403,40357,,
2026-07-02,10089507840,1,3489,3489,3489,3489,55293535,78222,,
2026-07-02,10111742174,1,6871,6871,6871,6871,21347767,50511,,
2026-07-02,10121169692,1,5349,5349,5349,5349,6074758,154513,,
2026-07-02,10138661961,1,11681,11681,11681,11681,27051419,70281,,
2026-07-02,10144280947,1,8356,8356,8356,8356,20557392,1119776,,
2026-07-02,10148434559,1,17303,17303,17303,17303,49237531,353470,,
2026-07-02,10149910491,1,7147,7147,7147,7147,16041250,26262,,
2026-07-02,10149964044,1,6407,6407,6407,6407,,,,
2026-07-02,10167214983,1,3379,3379,3379,3379,46650311,2701495,,
2026-07-02,10184247393,1,19547,19547,19547,19547,22161743,781697,,
2026-07-02,10199301628,1,52811,52811,52811,52811,117084049,783438,,
2026-07-02,10200395747,1,551733,551733,551733,551733,913208668,561045,,
2026-07-02,10203815049,1,6204,6204,6204,6204,6471673,10099,,
2026-07-02,10207000525,1,5736,5736,5736,5736,8371411,212333,,
2026-07-02,10230921598,1,27704,27704,27704,27704,70826562,5072396,,
2026-07-02,10244001346,1,7039,7039,7039,7039,37762892,36932,,
2026-07-02,10247712813,1,11398,11398,11398,11398,9461055,20461,,
2026-07-02,10321202755,1,16001,16001,16001,16001,10255072,222416,,
2026-07-03,31970568,1,5311,5311,5311,5311,1583269214,6048684,,
2026-07-03,66654135,1,320497,320497,320497,320497,26848721701,22646491,,
2026-07-03,568307879,1,815,815,815,815,520362103,541308,,
2026-07-03,605887098,1,3321,3321,3321,3321,2502100655,3679042,,
2026-07-03,903807016,1,4736,4736,4736,4736,1529397926,2803428,,
2026-07-03,1198533421,1,1161,1161,1161,1161,177021959,720600,,
2026-07-03,1214576306,1,4081,4081,4081,4081,1631642416,4279198,,
2026-07-03,1430007363,1,3707,3707,3707,3707,886048276,2238406,,
2026-07-03,1489026993,2,7914,7914,7822,8005,2634140417,4295536,,
2026-07-03,1526814825,1,8095,8095,8095,8095,1059904034,4248284,,
2026-07-03,1637284552,1,1016,1016,1016,1016,,,,
2026-07-03,1795206523,1,1500,1500,1500,1500,941526993,924884,,
2026-07-03,1831550657,1,29296,29296,29296,29296,2077774403,10477511,,
2026-07-03,1998835206,1,3136,3136,3136,3136,576101750,1162987,,
2026-07-03,2049551477,2,3897,3897,2975,4819,1443554617,1890923,,
2026-07-03,2165551367,1,1053,1053,1053,1053,,,,
2026-07-03,2247578975,2,4796,4796,4370,5223,1191983506,14916281,,
2026-07-03,2274830359,1,7479,7479,7479,7479,2928378692,1963321,,
2026-07-03,2294168059,1,10023,10023,10023,10023,1213658913,3270590,,
2026-07-03,2369077151,1,9825,9825,9825,9825,366663934,10128921,,
2026-07-03,2440500124,1,19394,19394,19394,19394,7478580706,7926230,,
2026-07-03,2655478023,2,4338,4338,3707,4968,986458256,3465779,,
2026-07-03,2821905072,1,2995,2995,2995,2995,247936083,5238673,,
2026-07-03,2827951974,1,1069,1069,1069,1069,804886679,674576,,
2026-07-03,2921237723,1,2441,2441,2441,2441,130222458,731229,,
2026-07-03,2992873140,1,17540,17540,17540,17540,1324812495,977359,,
2026-07-03,3034836582,1,982,982,982,982,498828113,1908758,,
2026-07-03,3088609243,1,3298,3298,3298,3298,717394644,577354,,
2026-07-03,3164075108,1,3326,3326,3326,3326,270664557,717071,,
2026-07-03,3187874989,1,4730,4730,4730,4730,152813316,214941,,
2026-07-03,3191268194,1,3516,3516,3516,3516,1341600003,5281662,,
2026-07-03,3232181171,1,1161,1161,1161,1161,54947400,209810,,
2026-07-03,3274669156,1,860,860,860,860,65988661,638330,,
2026-07-03,3310460039,1,19950,19950,19950,19950,4483521733,105095002,,
2026-07-03,3346892457,1,1939,1939,1939,1939,429443582,164924,,
2026-07-03,3472976893,1,5423,5423,5423,5423,143696982,2209658,,
2026-07-03,3502524667,1,2259,2259,2259,2259,742429012,3672120,,
2026-07-03,3551414857,1,5527,5527,5527,5527,619731806,1305965,,
2026-07-03,3647333358,1,31177,31177,31177,31177,8796097298,7957027,,
2026-07-03,3746418487,1,3299,3299,3299,3299,304637277,364002,,
2026-07-03,3754482795,1,6076,6076,6076,6076,1235145738,4363969,,
2026-07-03,3759884822,1,3625,3625,3625,3625,121944351,101126,,
2026-07-03,3841172115,1,5059,5059,5059,5059,136845452,649186,,
2026-07-03,4028801234,1,1363,1363,1363,1363,227177606,12061882,,
2026-07-03,4071487712,1,735,735,735,735,26471004,111945,,
2026-07-03,4283416256,1,733,733,733,733,19416741,118813,,
2026-07-03,4348829796,1,15261,15261,15261,15261,2543374792,10657380,,
2026-07-03,4457060041,1,2842,2842,2842,2842,126691585,211019,,
2026-07-03,4497460596,1,2033,2033,2033,2033,165500351,133493,,
2026-07-03,4518160318,1,6001,6001,6001,6001,619597190,1105251,,
2026-07-03,4543855070,1,3750,3750,3750,3750,218096457,267777,,
2026-07-03,4595016786,1,3469,3469,3469,3469,581745119,710794,,
2026-07-03,4599924264,1,3945,3945,3945,3945,693420401,264336,,
2026-07-03,4673599750,1,3010,3010,3010,3010,485613214,443878,,
2026-07-03,4720386144,1,2840,2840,2840,2840,107773848,548003,,
2026-07-03,4793836769,1,6699,6699,6699,6699,276261367,5866283,,
2026-07-03,4925331346,1,4304,4304,4304,4304,296265230,453483,,
2026-07-03,4944984948,1,5220,5220,5220,5220,224948279,104295,,
2026-07-03,5195168716,1,1771,1771,1771,1771,91203324,606207,,
2026-07-03,5207621753,1,4839,4839,4839,4839,78561214,68983,,
2026-07-03,5361032378,1,42053,42053,42053,42053,1982236045,972894,,
2026-07-03,5578556129,1,43740,43740,43740,43740,1969576529,1963718,,
2026-07-03,5668114043,1,2247,2247,2247,2247,231468595,719077,,
2026-07-03,5750914919,1,58513,58513,58513,58513,4615853262,3503048,,
2026-07-03,6072944764,1,792,792,792,792,51158244,55926,,
2026-07-03,6314664695,1,648,648,648,648,58388069,2745377,,
2026-07-03,6329693946,1,3616,3616,3616,3616,70177198,210871,,
2026-07-03,6409513651,1,24848,24848,24848,24848,76602785,779958,,
2026-07-03,6646518350,1,997,997,997,997,250015111,348061,,
2026-07-03,6682487255,1,7262,7262,7262,7262,458929131,220072,,
2026-07-03,6749060816,1,8506,8506,8506,8506,230957423,1598541,,
2026-07-03,7018190066,1,26800,26800,26800,26800,6412977715,5971209,,
2026-07-03,7058980030,1,7414,7414,7414,7414,536961275,899355,,
2026-07-03,7082244450,1,4190,4190,4190,4190,,,,
2026-07-03,7082423811,1,4331,4331,4331,4331,268789273,1546000,,
2026-07-03,7094518649,1,13526,13526,13526,13526,312472885,765038,,
2026-07-03,7127084123,1,4170,4170,4170,4170,137367712,295315,,
2026-07-03,7128163167,1,3525,3525,3525,3525,62883478,107258,,
2026-07-03,7196736932,1,3941,3941,3941,3941,9349626,47251,,
2026-07-03,7219654364,1,53876,53876,53876,53876,1285331285,13818975,,
2026-07-03,7332711118,1,4910,4910,4910,4910,1850178710,2445757,,
2026-07-03,7383133134,1,986,986,986,986,98598630,725622,,
2026-07-03,7434179990,1,3417,3417,3417,3417,215857769,7662108,,
2026-07-03,7435020231,1,886,886,886,886,31639443,115140,,
2026-07-03,7436755782,1,46006,46006,46006,46006,35680005644,11277866,,
2026-07-03,7585079192,1,3601,3601,3601,3601,40539699,152459,,
2026-07-03,7690412163,1,1135,1135,1135,1135,82032314,190542,,
2026-07-03,7709344486,1,205052,205052,205052,205052,70810175134,28581924,,
2026-07-03,7760134732,1,3265,3265,3265,3265,21796638,643173,,
2026-07-03,7891669427,1,1769,1769,1769,1769,29971149,757264,,
2026-07-03,8014099969,1,2141,2141,2141,2141,139555572,235535,,
2026-07-03,8291789996,1,3552,3552,3552,3552,,,,
2026-07-03,8316902627,1,4282,4282,4282,4282,4665912058,1963008,,
2026-07-03,8356066619,1,41263,41263,41263,41263,53168491,42395,,
2026-07-03,8504461817,2,3026,3026,2832,3221,170813588,85079,,
2026-07-03,8539298853,1,20473,20473,20473,20473,1211112765,1625639,,
2026-07-03,8696670616,1,2886,2886,2886,2886,,,,
2026-07-03,8759966530,1,3389,3389,3389,3389,103783323,361403,,
2026-07-03,8786713187,1,2620,2620,2620,2620,110695443,270162,,
2026-07-03,8791358380,1,9868,9868,9868,9868,388908950,11567097,,
2026-07-03,8950496606,1,5581,5581,5581,5581,161309380,406310,,
2026-07-03,9029463012,1,1081,1081,1081,1081,106006519,403629,,
2026-07-03,9073513091,1,2660,2660,2660,2660,111413623,145674,,
2026-07-03,9077534770,1,1799,1799,1799,1799,53933647,162175,,
2026-07-03,9098570654,1,14339,14339,14339,14339,187492631,289304,,
2026-07-03,9122463229,1,9014,9014,9014,9014,,,,
2026-07-03,9129640671,1,11028,11028,11028,11028,,,,
2026-07-03,9141743926,1,23018,23018,23018,23018,374079521,560922,,
2026-07-03,9145063979,1,7805,7805,7805,7805,498461207,488059,,
2026-07-03,9145282410,1,732,732,732,732,34761404,254516,,
2026-07-03,9177208241,1,2962,2962,2962,2962,61001216,341911,,
2026-07-03,9219116196,1,8628,8628,8628,8628,75306788,186719,,
2026-07-03,9231693026,1,2948,2948,2948,2948,,,,
2026-07-03,9253627770,1,895,895,895,895,13723817,16941,,
2026-07-03,9296042754,1,3321,3321,3321,3321,42281749,205540,,
2026-07-03,9315472782,1,1832,1832,1832,1832,18222827,107864,,
2026-07-03,9315739469,1,1723,1723,1723,1723,74721973,77510,,
2026-07-03,9316885643,1,604,604,604,604,214475237,6300307,,
2026-07-03,9348272796,1,25785,25785,25785,25785,543709153,504711,,
2026-07-03,9362896961,1,6041,6041,6041,6041,136661097,211207,,
2026-07-03,9363735110,1,8464,8464,8464,8464,5646683774,2015100,,
2026-07-03,9409870130,1,1295,1295,1295,1295,16502819,208908,,
2026-07-03,9411563986,1,3451,3451,3451,3451,76068817,133146,,
2026-07-03,9494058490,1,12312,12312,12312,12312,,,,
2026-07-03,9501409571,1,898,898,898,898,35838855,176367,,
2026-07-03,9513686983,1,4879,4879,4879,4879,390811562,12675608,,
2026-07-03,9526307912,1,2823,2823,2823,2823,74149676,126754,,
2026-07-03,9556113881,1,867,867,867,867,34819287,159617,,
2026-07-03,9561553764,1,10006,10006,10006,10006,52724771,57499,,
2026-07-03,9584852943,1,361223,361223,361223,361223,2168338444,3356193,,
2026-07-03,9660713566,1,2890,2890,2890,2890,80895196,5057564,,
2026-07-03,9758688665,1,2763,2763,2763,2763,,,,
2026-07-03,9787206684,1,3756,3756,3756,3756,752524222,2910057,,
2026-07-03,9792947201,1,7612,7612,7612,7612,518114500,3480472,,
2026-07-03,9797806474,1,34502,34502,34502,34502,31385521,48679,,
2026-07-03,9859536675,1,2754,2754,2754,2754,,,,
2026-07-03,9890892152,1,1388,1388,1388,1388,9948635,54114,,
2026-07-03,9930466428,1,734,734,734,734,30863839,128329,,
2026-07-03,9940725596,1,1453,1453,1453,1453,26252948,34852,,
2026-07-03,9948575164,1,2870,2870,2870,2870,27503231,167532,,
2026-07-03,9953328866,1,2791,2791,2791,2791,32232174,37139,,
2026-07-03,9963622286,1,12555,12555,12555,12555,63481142,2571641,,
2026-07-03,9998576154,1,7591,7591,7591,7591,74216285,4868209,,
2026-07-03,10004244222,1,69809,69809,69809,69809,1314082236,22110125,,
2026-07-03,10051853469,1,5162,5162,5162,5162,91759149,2090465,,
2026-07-03,10065013948,1,7851,7851,7851,7851,30992718,50734,,
2026-07-03,10081194651,1,2739,2739,2739,2739,,,,
2026-07-03,10083552936,1,1859,1859,1859,1859,5190110,220595,,
2026-07-03,10086454767,1,3660,3660,3660,3660,13340324,40854,,
2026-07-03,10089507840,1,3565,3565,3565,3565,56455111,79491,,
2026-07-03,10111742174,1,6099,6099,6099,6099,21778647,51293,,
2026-07-03,10121169692,1,4646,4646,4646,4646,6538323,165809,,
2026-07-03,10138661961,1,9685,9685,9685,9685,28698667,74391,,
2026-07-03,10144280947,1,8945,8945,8945,8945,21603962,1159963,,
2026-07-03,10148434559,1,15008,15008,15008,15008,50891235,362429,,
2026-07-03,10149910491,1,7330,7330,7330,7330,16670250,27088,,
2026-07-03,10149964044,1,6407,6407,6407,6407,,,,
2026-07-03,10167214983,1,2957,2957,2957,2957,46969164,2716046,,
2026-07-03,10184247393,1,19663,19663,19663,19663,23683429,827648,,
2026-07-03,10199301628,1,51627,51627,51627,51627,123789709,824285,,
2026-07-03,10200395747,1,540530,540530,540530,540530,942432848,567819,,
2026-07-03,10203815049,1,5966,5966,5966,5966,7019843,10736,,
2026-07-03,10207000525,1,4919,4919,4919,4919,9644412,243209,,
2026-07-03,10230921598,1,27699,27699,27699,27699,74892565,5332276,,
2026-07-03,10247712813,1,12252,12252,12252,12252,10730383,22662,,
2026-07-03,10321202755,1,15104,15104,15104,15104,11050984,230967,,
2026-07-03,10369900243,1,8409,8409,8409,8409,823919,4112,,
2026-07-04,31970568,1,6294,6294,6294,6294,1583714058,6049232,,
2026-07-04,66654135,1,292806,292806,292806,292806,26884290583,22663848,,
2026-07-04,568307879,1,856,856,856,856,520480172,541435,,
2026-07-04,605887098,1,3205,3205,3205,3205,2502483977,3679629,,
2026-07-04,903807016,1,5154,5154,5154,5154,1530213961,2803927,,
2026-07-04,1053132402,1,2750,2750,2750,2750,559556475,965609,,
2026-07-04,1198533421,1,2567,2567,2567,2567,177112974,720776,,
2026-07-04,1214576306,1,4156,4156,4156,4156,1631945008,4279569,,
2026-07-04,1430007363,1,3566,3566,3566,3566,886505142,2240772,,
2026-07-04,1489026993,2,7884,7884,7306,8461,2635010929,4296604,,
2026-07-04,1526814825,1,10015,10015,10015,10015,1060613862,4249978,,
2026-07-04,1637284552,1,1016,1016,1016,1016,,,,
2026-07-04,1795206523,1,1359,1359,1359,1359,941814690,925027,,
2026-07-04,1831550657,1,38902,38902,38902,38902,2081076316,10511791,,
2026-07-04,1998835206,1,2795,2795,2795,2795,576349705,1163217,,
2026-07-04,2049551477,2,3928,3928,3230,4625,1444157925,1891576,,
2026-07-04,2165551367,1,976,976,976,976,663310196,2396786,,
2026-07-04,2247578975,2,5194,5194,4712,5677,1192709637,14916679,,
2026-07-04,2274830359,1,8181,8181,8181,8181,2929606989,1964307,,
2026-07-04,2294168059,1,11050,11050,11050,11050,1214515932,3272833,,
2026-07-04,2369077151,1,10541,10541,10541,10541,367719790,10150485,,
2026-07-04,2440500124,1,18389,18389,18389,18389,7480870610,7928629,,
2026-07-04,2655478023,2,4641,4641,4172,5110,987215894,3466375,,
2026-07-04,2788648141,1,2792,2792,2792,2792,988729444,1958767,,
2026-07-04,2821905072,1,2881,2881,2881,2881,248256394,5243565,,
2026-07-04,2827951974,1,1055,1055,1055,1055,805045377,674777,,
2026-07-04,2921237723,1,2462,2462,2462,2462,130522631,732191,,
2026-07-04,2992873140,1,18567,18567,18567,18567,1326374909,978353,,
2026-07-04,3034836582,1,964,964,964,964,498953190,1908899,,
2026-07-04,3079618996,1,3124,3124,3124,3124,763068883,788416,,
2026-07-04,3164075108,1,3442,3442,3442,3442,270907477,717464,,
2026-07-04,3187874989,1,4325,4325,4325,4325,153294474,215411,,
2026-07-04,3191268194,1,3444,3444,3444,3444,1341926937,5285972,,
2026-07-04,3232181171,1,1069,1069,1069,1069,55085031,210282,,
2026-07-04,3274669156,1,1032,1032,1032,1032,66049840,638835,,
2026-07-04,3310460039,1,21769,21769,21769,21769,4486574341,105096203,,
2026-07-04,3346892457,1,1854,1854,1854,1854,429737098,165244,,
2026-07-04,3472976893,1,5637,5637,5637,5637,144569711,2238435,,
2026-07-04,3502524667,1,2440,2440,2440,2440,742829450,3672385,,
2026-07-04,3551414857,1,5744,5744,5744,5744,620219990,1306670,,
2026-07-04,3647333358,1,31032,31032,31032,31032,8800554144,7961549,,
2026-07-04,3746418487,1,3559,3559,3559,3559,305042436,364537,,
2026-07-04,3754482795,1,6748,6748,6748,6748,1236084330,4367558,,
2026-07-04,3759884822,1,4142,4142,4142,4142,122216422,101441,,
2026-07-04,3841172115,1,4792,4792,4792,4792,137374183,650501,,
2026-07-04,4028801234,1,1469,1469,1469,1469,227339607,12071020,,
2026-07-04,4071487712,1,747,747,747,747,26517224,112098,,
2026-07-04,4283416256,1,709,709,709,709,19476164,119078,,
2026-07-04,4348829796,1,13038,13038,13038,13038,2545360493,10668723,,
2026-07-04,4457060041,1,3017,3017,3017,3017,126944145,211316,,
2026-07-04,4518160318,1,6093,6093,6093,6093,620033298,1106367,,
2026-07-04,4543855070,1,4515,4515,4515,4515,,,,
2026-07-04,4595016786,1,3685,3685,3685,3685,582197466,711545,,
2026-07-04,4599924264,1,4506,4506,4506,4506,694183391,264890,,
2026-07-04,4673599750,1,3025,3025,3025,3025,486526076,444697,,
2026-07-04,4720386144,1,3150,3150,3150,3150,108000227,548897,,
2026-07-04,4793836769,1,9558,9558,9558,9558,276847766,5877871,,
2026-07-04,4925331346,1,4481,4481,4481,4481,,,,
2026-07-04,4944984948,1,5880,5880,5880,5880,225860289,104829,,
2026-07-04,5195168716,1,1568,1568,1568,1568,91351718,606913,,
2026-07-04,5207621753,1,6179,6179,6179,6179,79054618,69227,,
2026-07-04,5361032378,1,42142,42142,42142,42142,1984403832,973614,,
2026-07-04,5549835355,1,3285,3285,3285,3285,101039238,206972,,
2026-07-04,5578556129,1,42639,42639,42639,42639,1971393961,1965207,,
2026-07-04,5668114043,1,1860,1860,1860,1860,231695183,719600,,
2026-07-04,5750914919,1,64354,64354,64354,64354,4619304215,3505484,,
2026-07-04,5956634861,1,719,719,719,719,148014699,581698,,
2026-07-04,6015491985,1,2838,2838,2838,2838,341868721,198745,,
2026-07-04,6314664695,1,708,708,708,708,58441383,2747469,,
2026-07-04,6329693946,1,3380,3380,3380,3380,70402805,211341,,
2026-07-04,6409513651,1,26636,26636,26636,26636,77538328,784811,,
2026-07-04,6646518350,1,921,921,921,921,250287933,348141,,
2026-07-04,6682487255,1,9843,9843,9843,9843,459686691,220290,,
2026-07-04,6749060816,1,12788,12788,12788,12788,231909553,1602358,,
2026-07-04,7018190066,1,24656,24656,24656,24656,6415270150,5976831,,
2026-07-04,7058980030,1,7596,7596,7596,7596,538237279,901235,,
2026-07-04,7082244450,1,4190,4190,4190,4190,,,,
2026-07-04,7082423811,1,4851,4851,4851,4851,269327008,1546616,,
2026-07-04,7094518649,1,14280,14280,14280,14280,313321447,766626,,
2026-07-04,7127084123,1,4495,4495,4495,4495,137713442,295959,,
2026-07-04,7128163167,1,3410,3410,3410,3410,63291466,107855,,
2026-07-04,7196736932,1,4079,4079,4079,4079,9899757,48934,,
2026-07-04,7219654364,1,48465,48465,48465,48465,1290774102,13849882,,
2026-07-04,7332711118,1,5349,5349,5349,5349,1850709614,2446303,,
2026-07-04,7383133134,1,1109,1109,1109,1109,98740113,726791,,
2026-07-04,7434179990,1,3610,3610,3610,3610,216266231,7674209,,
2026-07-04,7435020231,1,884,884,884,884,31694601,115218,,
2026-07-04,7436755782,1,55998,55998,55998,55998,35684306688,11284019,,
2026-07-04,7585079192,1,3248,3248,3248,3248,40664866,152880,,
2026-07-04,7690412163,1,1082,1082,1082,1082,82134302,190878,,
2026-07-04,7709344486,1,236420,236420,236420,236420,70853657268,28591831,,
2026-07-04,7760134732,1,3914,3914,3914,3914,22142591,652282,,
2026-07-04,7891669427,1,1597,1597,1597,1597,30132893,760671,,
2026-07-04,8014099969,1,1807,1807,1807,1807,139769914,235833,,
2026-07-04,8291789996,1,3552,3552,3552,3552,,,,
2026-07-04,8316902627,1,4206,4206,4206,4206,4666508595,1964501,,
2026-07-04,8356066619,1,42373,42373,42373,42373,54738301,43093,,
2026-07-04,8504461817,2,3525,3525,3275,3775,171343369,85468,,
2026-07-04,8539298853,1,17930,17930,17930,17930,1212982023,1628673,,
2026-07-04,8696670616,1,2886,2886,2886,2886,,,,
2026-07-04,8705454731,1,2863,2863,2863,2863,62689419,496297,,
2026-07-04,8759966530,1,2921,2921,2921,2921,104203101,362376,,
2026-07-04,8786713187,1,2291,2291,2291,2291,110890298,270613,,
2026-07-04,8791358380,1,9975,9975,9975,9975,390044118,11602068,,
2026-07-04,8844400854,1,605,605,605,605,180254107,402806,,
2026-07-04,8950496606,1,4843,4843,4843,4843,161714531,407655,,
2026-07-04,9029463012,1,1085,1085,1085,1085,106123160,403953,,
2026-07-04,9073513091,1,2859,2859,2859,2859,111869611,146389,,
2026-07-04,9077534770,1,1752,1752,1752,1752,54162088,162779,,
2026-07-04,9098570654,1,15722,15722,15722,15722,188544824,290863,,
2026-07-04,9122463229,1,9014,9014,9014,9014,,,,
2026-07-04,9129640671,1,11028,11028,11028,11028,,,,
2026-07-04,9141743926,1,18593,18593,18593,18593,376286681,562068,,
2026-07-04,9145063979,1,8381,8381,8381,8381,499447372,489123,,
2026-07-04,9145282410,1,651,651,651,651,34828492,254813,,
2026-07-04,9177208241,1,3064,3064,3064,3064,61342771,343035,,
2026-07-04,9219116196,1,6596,6596,6596,6596,76126914,188692,,
2026-07-04,9231693026,1,2948,2948,2948,2948,,,,
2026-07-04,9253627770,1,1153,1153,1153,1153,13822116,17070,,
2026-07-04,9296042754,1,3536,3536,3536,3536,42656296,207313,,
2026-07-04,9315472782,1,1535,1535,1535,1535,18426028,108826,,
2026-07-04,9315739469,1,1471,1471,1471,1471,74978870,77769,,
2026-07-04,9316885643,1,661,661,661,661,214776908,6310663,,
2026-07-04,9348272796,1,31023,31023,31023,31023,546992479,507878,,
2026-07-04,9362896961,1,6210,6210,6210,6210,136971438,211397,,
2026-07-04,9363735110,1,9214,9214,9214,9214,5647893979,2015787,,
2026-07-04,9409870130,1,1180,1180,1180,1180,16628298,210371,,
2026-07-04,9411563986,1,2579,2579,2579,2579,76466054,133836,,
2026-07-04,9494058490,1,12312,12312,12312,12312,,,,
2026-07-04,9501409571,1,891,891,891,891,35947832,176895,,
2026-07-04,9513686983,1,5283,5283,5283,5283,391445207,12700437,,
2026-07-04,9526307912,2,2753,2753,2694,2812,74526805,127309,,
2026-07-04,9556113881,1,745,745,745,745,34903156,159878,,
2026-07-04,9561553764,1,8287,8287,8287,8287,54292339,58566,,
2026-07-04,9584852943,1,394203,394203,394203,394203,2225503700,3419706,,
2026-07-04,9639553972,1,5064,5064,5064,5064,20305440,114573,,
2026-07-04,9660713566,1,2895,2895,2895,2895,81367072,5081693,,
2026-07-04,9787206684,1,4734,4734,4734,4734,753063385,2911298,,
2026-07-04,9792947201,1,7337,7337,7337,7337,518995453,3483725,,
2026-07-04,9797806474,1,35247,35247,35247,35247,33295283,53868,,
2026-07-04,9859536675,1,2754,2754,2754,2754,,,,
2026-07-04,9890892152,1,1033,1033,1033,1033,10059953,54523,,
2026-07-04,9929086116,1,2770,2770,2770,2770,47338873,3346541,,
2026-07-04,9934614409,1,3304,3304,3304,3304,74299154,123653,,
2026-07-04,9940725596,1,1219,1219,1219,1219,26484344,35132,,
2026-07-04,9948575164,1,3138,3138,3138,3138,27908592,170337,,
2026-07-04,9963622286,1,12436,12436,12436,12436,64903391,2617342,,
2026-07-04,9998576154,1,7091,7091,7091,7091,75076270,4916654,,
2026-07-04,10004244222,1,78910,78910,78910,78910,1323619853,22196308,,
2026-07-04,10051853469,1,7433,7433,7433,7433,92627651,2101856,,
2026-07-04,10065013948,1,7980,7980,7980,7980,31867230,51679,,
2026-07-04,10081194651,1,3089,3089,3089,3089,39708974,159101,,
2026-07-04,10083552936,1,1198,1198,1198,1198,5390616,231418,,
2026-07-04,10086454767,1,4074,4074,4074,4074,13631630,41295,,
2026-07-04,10089507840,1,3944,3944,3944,3944,57654678,80747,,
2026-07-04,10111742174,1,6659,6659,6659,6659,22207703,51962,,
2026-07-04,10121169692,1,4322,4322,4322,4322,6974568,175288,,
2026-07-04,10138661961,1,10144,10144,10144,10144,30134643,77903,,
2026-07-04,10144280947,1,9496,9496,9496,9496,22960054,1206274,,
2026-07-04,10148434559,1,16675,16675,16675,16675,52382195,370210,,
2026-07-04,10149910491,1,6623,6623,6623,6623,17304825,27877,,
2026-07-04,10149964044,1,6407,6407,6407,6407,,,,
2026-07-04,10167214983,1,2951,2951,2951,2951,47274587,2729941,,
2026-07-04,10183029417,1,3662,3662,3662,3662,1922321,89305,,
2026-07-04,10184247393,1,20791,20791,20791,20791,25430201,882412,,
2026-07-04,10196660716,1,5169,5169,5169,5169,2616738,257222,,
2026-07-04,10199301628,1,51433,51433,51433,51433,130766503,866144,,
2026-07-04,10200395747,1,576366,576366,576366,576366,974707150,575999,,
2026-07-04,10203815049,1,5932,5932,5932,5932,7591479,11476,,
2026-07-04,10207000525,1,6371,6371,6371,6371,10937561,275104,,
2026-07-04,10230921598,1,32724,32724,32724,32724,79335373,5612755,,
2026-07-04,10247712813,1,12106,12106,12106,12106,12039253,24805,,
2026-07-04,10283025251,1,3087,3087,3087,3087,1091321,72522,,
2026-07-04,10321202755,1,17023,17023,17023,17023,11846997,239085,,
2026-07-04,10369900243,1,8501,8501,8501,8501,1702596,8360,,
2026-07-05,31970568,1,6942,6942,6942,6942,1584144497,6049735,,
2026-07-05,66654135,1,333892,333892,333892,333892,26919019667,22679980,,
2026-07-05,568307879,1,851,851,851,851,520600249,541575,,
2026-07-05,605887098,1,4499,4499,4499,4499,2503001690,3680269,,
2026-07-05,903807016,1,5195,5195,5195,5195,1530946149,2804411,,
2026-07-05,1053132402,1,2917,2917,2917,2917,559735448,965748,,
2026-07-05,1198533421,1,1559,1559,1559,1559,177234582,720982,,
2026-07-05,1214576306,1,4541,4541,4541,4541,1632241442,4279970,,
2026-07-05,1430007363,1,4079,4079,4079,4079,886990342,2243141,,
2026-07-05,1489026993,2,8692,8692,8256,9128,2635902745,4297667,,
2026-07-05,1526814825,1,10164,10164,10164,10164,1061298352,4251928,,
2026-07-05,1637284552,1,1016,1016,1016,1016,,,,
2026-07-05,1795206523,1,1436,1436,1436,1436,942091004,925164,,
2026-07-05,1831550657,1,34756,34756,34756,34756,2083992724,10539826,,
2026-07-05,1998835206,1,2819,2819,2819,2819,576586386,1163425,,
2026-07-05,2049551477,2,4330,4330,3277,5384,1444766645,1892188,,
2026-07-05,2092410051,1,2691,2691,2691,2691,330477487,1385699,,
2026-07-05,2165551367,1,1199,1199,1199,1199,663488099,2397733,,
2026-07-05,2247578975,2,5414,5414,4877,5951,1193473675,14917132,,
2026-07-05,2274830359,1,8518,8518,8518,8518,2930842324,1965228,,
2026-07-05,2294168059,1,8739,8739,8739,8739,1215322390,3275042,,
2026-07-05,2369077151,1,10491,10491,10491,10491,368829936,10173553,,
2026-07-05,2440500124,1,21262,21262,21262,21262,7483199897,7931045,,
2026-07-05,2655478023,2,5043,5043,4408,5678,988027653,3466991,,
2026-07-05,2788648141,1,3315,3315,3315,3315,989034921,1962419,,
2026-07-05,2821905072,1,3445,3445,3445,3445,248608457,5249667,,
2026-07-05,2827951974,1,1149,1149,1149,1149,805207011,674962,,
2026-07-05,2921237723,1,2812,2812,2812,2812,130830479,733140,,
2026-07-05,2992873140,1,20715,20715,20715,20715,1327915392,979404,,
2026-07-05,3034836582,1,967,967,967,967,499072790,1909030,,
2026-07-05,3079618996,1,3326,3326,3326,3326,763356336,788737,,
2026-07-05,3164075108,1,3585,3585,3585,3585,271156403,717896,,
2026-07-05,3187874989,1,5053,5053,5053,5053,153779844,215885,,
2026-07-05,3191268194,1,3736,3736,3736,3736,1342238137,5290059,,
2026-07-05,3232181171,1,1020,1020,1020,1020,55202995,210743,,
2026-07-05,3274669156,1,1030,1030,1030,1030,,,,
2026-07-05,3310460039,1,23311,23311,23311,23311,4489875116,105097383,,
2026-07-05,3346892457,1,2024,2024,2024,2024,430027300,165555,,
2026-07-05,3420059569,1,2802,2802,2802,2802,940011808,27475889,,
2026-07-05,3472976893,1,6432,6432,6432,6432,145500317,2267161,,
2026-07-05,3502524667,1,2526,2526,2526,2526,743230867,3672630,,
2026-07-05,3551414857,1,4945,4945,4945,4945,620886305,1307447,,
2026-07-05,3647333358,1,33712,33712,33712,33712,8805175884,7965592,,
2026-07-05,3746418487,1,3766,3766,3766,3766,305448726,365069,,
2026-07-05,3754482795,1,7029,7029,7029,7029,1237022637,4371003,,
2026-07-05,3759884822,1,3844,3844,3844,3844,122505134,101756,,
2026-07-05,3841172115,1,6280,6280,6280,6280,137966898,651995,,
2026-07-05,4028801234,1,1337,1337,1337,1337,227506037,12080295,,
2026-07-05,4071487712,1,747,747,747,747,26564476,112267,,
2026-07-05,4283416256,1,877,877,877,877,19543535,119441,,
2026-07-05,4348829796,1,15465,15465,15465,15465,2547437584,10679913,,
2026-07-05,4457060041,1,3508,3508,3508,3508,127194677,211638,,
2026-07-05,4518160318,1,6430,6430,6430,6430,620466194,1107349,,
2026-07-05,4543855070,1,3659,3659,3659,3659,218764735,268635,,
2026-07-05,4595016786,1,4015,4015,4015,4015,582633760,712210,,
2026-07-05,4599924264,1,4435,4435,4435,4435,695008901,265436,,
2026-07-05,4673599750,1,2783,2783,2783,2783,487406893,445458,,
2026-07-05,4720386144,1,3715,3715,3715,3715,108255836,550031,,
2026-07-05,4793836769,1,7495,7495,7495,7495,277509327,5890073,,
2026-07-05,4925331346,1,4610,4610,4610,4610,296973801,454688,,
2026-07-05,4944984948,1,7270,7270,7270,7270,226859536,105409,,
2026-07-05,5195168716,1,1732,1732,1732,1732,91501418,607609,,
2026-07-05,5207621753,1,5892,5892,5892,5892,79843966,70032,,
2026-07-05,5361032378,1,41515,41515,41515,41515,1986652931,974555,,
2026-07-05,5549835355,1,3419,3419,3419,3419,101418321,207988,,
2026-07-05,5578556129,1,41171,41171,41171,41171,1973151682,1966481,,
2026-07-05,5668114043,1,2194,2194,2194,2194,231913735,720076,,
2026-07-05,5698013839,1,772,772,772,772,68618024,270113,,
2026-07-05,5750914919,1,76822,76822,76822,76822,4624698508,3508357,,
2026-07-05,5956634861,1,744,744,744,744,148106263,581852,,
2026-07-05,6015491985,1,3127,3127,3127,3127,342381400,199047,,
2026-07-05,6072944764,1,801,801,801,801,51286354,56135,,
2026-07-05,6247557414,1,831,831,831,831,192865455,2231639,,
2026-07-05,6329693946,1,3414,3414,3414,3414,70620459,211732,,
2026-07-05,6409513651,1,32825,32825,32825,32825,79027728,792492,,
2026-07-05,6541749038,1,739,739,739,739,32661640,82907,,
2026-07-05,6646518350,1,905,905,905,905,250552641,348227,,
2026-07-05,6682487255,1,9182,9182,9182,9182,460426354,220582,,
2026-07-05,6707924214,1,3210,3210,3210,3210,170419318,3254140,,
2026-07-05,6749060816,1,10100,10100,10100,10100,232727505,1605734,,
2026-07-05,7018190066,1,28301,28301,28301,28301,6417567731,5979506,,
2026-07-05,7058980030,1,8224,8224,8224,8224,539507604,903127,,
2026-07-05,7082244450,1,4190,4190,4190,4190,,,,
2026-07-05,7082423811,1,4323,4323,4323,4323,269834621,1547230,,
2026-07-05,7094518649,1,14913,14913,14913,14913,314097193,768328,,
2026-07-05,7127084123,1,5528,5528,5528,5528,138075580,296724,,
2026-07-05,7128163167,1,4508,4508,4508,4508,63730877,108503,,
2026-07-05,7196736932,1,4903,4903,4903,4903,10434989,50616,,
2026-07-05,7219654364,1,60664,60664,60664,60664,1296677644,13880344,,
2026-07-05,7332711118,1,6360,6360,6360,6360,1851636798,2446979,,
2026-07-05,7383133134,1,1049,1049,1049,1049,98888426,727921,,
2026-07-05,7434179990,1,3792,3792,3792,3792,216628236,7684390,,
2026-07-05,7435020231,1,797,797,797,797,31748231,115306,,
2026-07-05,7436755782,1,66528,66528,66528,66528,35691183742,11289413,,
2026-07-05,7690412163,1,1455,1455,1455,1455,82245099,191211,,
2026-07-05,7709344486,1,258366,258366,258366,258366,70919626844,28606766,,
2026-07-05,7760134732,1,3557,3557,3557,3557,22522180,662549,,
2026-07-05,7891669427,1,1818,1818,1818,1818,30288166,763882,,
2026-07-05,8014099969,1,2024,2024,2024,2024,139979470,236080,,
2026-07-05,8291789996,1,3552,3552,3552,3552,,,,
2026-07-05,8316902627,1,5549,5549,5549,5549,4667302122,1965784,,
2026-07-05,8356066619,1,61244,61244,61244,61244,56526539,43479,,
2026-07-05,8504461817,2,3408,3408,3100,3717,171873859,85801,,
2026-07-05,8539298853,1,20810,20810,20810,20810,1214864938,1631484,,
2026-07-05,8696670616,1,2886,2886,2886,2886,,,,
2026-07-05,8759966530,1,3358,3358,3358,3358,104589667,363292,,
2026-07-05,8786713187,1,2494,2494,2494,2494,111073279,270981,,
2026-07-05,8791358380,1,10072,10072,10072,10072,391140840,11634954,,
2026-07-05,8844400854,1,688,688,688,688,180331909,402807,,
2026-07-05,8950496606,1,4883,4883,4883,4883,162096884,408852,,
2026-07-05,9029463012,1,1262,1262,1262,1262,106243013,404307,,
2026-07-05,9073513091,1,6030,6030,6030,6030,112913007,147469,,
2026-07-05,9077534770,1,1849,1849,1849,1849,54378629,163355,,
2026-07-05,9098570654,1,17301,17301,17301,17301,189926811,292627,,
2026-07-05,9122463229,1,9014,9014,9014,9014,,,,
2026-07-05,9129640671,1,11028,11028,11028,11028,,,,
2026-07-05,9141743926,1,18739,18739,18739,18739,378279111,563202,,
2026-07-05,9145063979,1,9277,9277,9277,9277,500491159,490253,,
2026-07-05,9145282410,1,877,877,877,877,34892786,255112,,
2026-07-05,9177208241,1,2952,2952,2952,2952,61673780,344172,,
2026-07-05,9219116196,1,7572,7572,7572,7572,76841520,190317,,
2026-07-05,9231693026,1,2948,2948,2948,2948,,,,
2026-07-05,9253627770,1,1144,1144,1144,1144,13931719,17222,,
2026-07-05,9296042754,1,4218,4218,4218,4218,43022362,208950,,
2026-07-05,9315472782,1,1641,1641,1641,1641,18623863,109662,,
2026-07-05,9315739469,1,1903,1903,1903,1903,75236470,78055,,
2026-07-05,9348272796,1,32507,32507,32507,32507,550418344,511051,,
2026-07-05,9362896961,1,6194,6194,6194,6194,137309092,211626,,
2026-07-05,9363735110,1,11350,11350,11350,11350,5649763028,2016496,,
2026-07-05,9409870130,1,1130,1130,1130,1130,16748650,211657,,
2026-07-05,9411563986,1,2728,2728,2728,2728,76808118,134402,,
2026-07-05,9494058490,1,12312,12312,12312,12312,,,,
2026-07-05,9501409571,1,966,966,966,966,36059791,177435,,
2026-07-05,9513686983,1,5747,5747,5747,5747,392140702,12728609,,
2026-07-05,9526307912,2,3211,3211,2933,3489,74943718,127970,,
2026-07-05,9556113881,1,805,805,805,805,34984432,160106,,
2026-07-05,9561553764,1,10320,10320,10320,10320,55859612,59614,,
2026-07-05,9584852943,1,420832,420832,420832,420832,2319672846,3491928,,
2026-07-05,9639553972,1,4354,4354,4354,4354,20799491,117337,,
2026-07-05,9660713566,1,3352,3352,3352,3352,81812609,5102441,,
2026-07-05,9758688665,1,2686,2686,2686,2686,92488328,4802243,,
2026-07-05,9765324104,1,3201,3201,3201,3201,43376934,275509,,
2026-07-05,9787206684,1,4209,4209,4209,4209,753996370,2912702,,
2026-07-05,9792947201,1,6757,6757,6757,6757,519784350,3487012,,
2026-07-05,9797806474,1,38791,38791,38791,38791,35438041,59299,,
2026-07-05,9859536675,1,2754,2754,2754,2754,,,,
2026-07-05,9890892152,1,975,975,975,975,10153180,54842,,
2026-07-05,9929086116,1,2957,2957,2957,2957,47670860,3363841,,
2026-07-05,9934614409,1,3187,3187,3187,3187,74613757,124031,,
2026-07-05,9940725596,1,1495,1495,1495,1495,26716779,35384,,
2026-07-05,9948575164,1,5411,5411,5411,5411,28435133,172894,,
2026-07-05,9953328866,1,3946,3946,3946,3946,33089180,37846,,
2026-07-05,9963622286,1,13040,13040,13040,13040,66507374,2637712,,
2026-07-05,9998576154,1,8350,8350,8350,8350,76052617,4967029,,
2026-07-05,10004244222,1,94133,94133,94133,94133,1339295813,22295586,,
2026-07-05,10051853469,1,6818,6818,6818,6818,93336880,2111979,,
2026-07-05,10065013948,1,7356,7356,7356,7356,32630763,52471,,
2026-07-05,10081194651,1,2802,2802,2802,2802,39994360,160016,,
2026-07-05,10083552936,1,1389,1389,1389,1389,5550479,239599,,
2026-07-05,10086454767,1,3673,3673,3673,3673,13916042,41741,,
2026-07-05,10089507840,1,3964,3964,3964,3964,58947772,81896,,
2026-07-05,10111742174,1,6341,6341,6341,6341,23186924,52732,,
2026-07-05,10121169692,1,3947,3947,3947,3947,7471101,184991,,
2026-07-05,10138661961,1,11675,11675,11675,11675,31368127,80297,,
2026-07-05,10144280947,1,10233,10233,10233,10233,24056962,1244673,,
2026-07-05,10148434559,1,13241,13241,13241,13241,54661480,378716,,
2026-07-05,10149910491,1,7276,7276,7276,7276,17877384,28509,,
2026-07-05,10149964044,1,6407,6407,6407,6407,,,,
2026-07-05,10167214983,1,2924,2924,2924,2924,47589746,2744422,,
2026-07-05,10183029417,1,3407,3407,3407,3407,2278337,106095,,
2026-07-05,10184247393,1,18436,18436,18436,18436,27285803,926868,,
2026-07-05,10196660716,1,4421,4421,4421,4421,3255435,317974,,
2026-07-05,10199301628,1,51947,51947,51947,51947,138095618,904018,,
2026-07-05,10200395747,1,565372,565372,565372,565372,1005506952,583810,,
2026-07-05,10203815049,1,5678,5678,5678,5678,8116551,12191,,
2026-07-05,10207000525,1,5279,5279,5279,5279,12298567,305063,,
2026-07-05,10230921598,1,32275,32275,32275,32275,83893776,5902761,,
2026-07-05,10244001346,1,8043,8043,8043,8043,41810009,40254,,
2026-07-05,10247712813,1,12086,12086,12086,12086,13217897,26556,,
2026-07-05,10283025251,1,3804,3804,3804,3804,1454761,94224,,
2026-07-05,10321202755,1,19995,19995,19995,19995,12940719,249516,,
2026-07-05,10369900243,1,10798,10798,10798,10798,2760097,13178,,
2026-07-06,31970568,1,5747,5747,5747,5747,1584623776,6050430,,
2026-07-06,66654135,1,350383,350383,350383,350383,26954964499,22696061,,
2026-07-06,568307879,1,758,758,758,758,520706875,541735,,
2026-07-06,605887098,1,4170,4170,4170,4170,2503486994,3680974,,
2026-07-06,903807016,1,4947,4947,4947,4947,1531775517,2804965,,
2026-07-06,1198533421,1,1288,1288,1288,1288,177331963,721151,,
2026-07-06,1214576306,1,4187,4187,4187,4187,1632563763,4280457,,
2026-07-06,1430007363,1,3817,3817,3817,3817,887443577,2245500,,
2026-07-06,1489026993,2,7962,7962,7621,8303,2636780911,4298751,,
2026-07-06,1526814825,1,9776,9776,9776,9776,1062013091,4254255,,
2026-07-06,1637284552,1,1016,1016,1016,1016,,,,
2026-07-06,1795206523,1,1592,1592,1592,1592,942365465,925268,,
2026-07-06,1831550657,1,32548,32548,32548,32548,2086293964,10550816,,
2026-07-06,1998835206,1,2968,2968,2968,2968,576826233,1163602,,
2026-07-06,2049551477,2,3966,3966,3116,4816,1445347816,1892808,,
2026-07-06,2165551367,1,1076,1076,1076,1076,663658877,2398654,,
2026-07-06,2247578975,2,4348,4348,4069,4626,1194119103,14917527,,
2026-07-06,2274830359,1,8114,8114,8114,8114,2932125832,1966160,,
2026-07-06,2294168059,1,13743,13743,13743,13743,1216417026,3277084,,
2026-07-06,2369077151,1,8987,8987,8987,8987,369854444,10193175,,
2026-07-06,2440500124,1,20675,20675,20675,20675,7485504798,7933444,,
2026-07-06,2655478023,2,4304,4304,3817,4792,988749351,3467577,,
2026-07-06,2788648141,1,2697,2697,2697,2697,989294654,1965668,,
2026-07-06,2821905072,1,3642,3642,3642,3642,248983869,5256610,,
2026-07-06,2827951974,1,1137,1137,1137,1137,805354350,675106,,
2026-07-06,2921237723,1,2621,2621,2621,2621,131128127,734130,,
2026-07-06,2992873140,1,18957,18957,18957,18957,1329538768,980281,,
2026-07-06,3034836582,1,956,956,956,956,499178764,1909154,,
2026-07-06,3079618996,1,3094,3094,3094,3094,763626391,789021,,
2026-07-06,3088609243,1,3834,3834,3834,3834,718117314,579866,,
2026-07-06,3164075108,1,3275,3275,3275,3275,271394214,718309,,
2026-07-06,3187874989,1,4453,4453,4453,4453,154234700,216350,,
2026-07-06,3191268194,1,3738,3738,3738,3738,1342579789,5295029,,
2026-07-06,3232181171,1,1064,1064,1064,1064,55308781,211163,,
2026-07-06,3274669156,1,958,958,958,958,66174380,639933,,
2026-07-06,3310460039,1,20678,20678,20678,20678,4493005021,105098584,,
2026-07-06,3346892457,1,1764,1764,1764,1764,430293443,165796,,
2026-07-06,3472976893,1,5624,5624,5624,5624,146388418,2293844,,
2026-07-06,3502524667,1,2402,2402,2402,2402,743606787,3672904,,
2026-07-06,3551414857,1,4041,4041,4041,4041,621566286,1308195,,
2026-07-06,3647333358,1,32113,32113,32113,32113,8809487617,7968877,,
2026-07-06,3746418487,1,3437,3437,3437,3437,305866291,365696,,
2026-07-06,3754482795,1,5986,5986,5986,5986,1237933276,4374424,,
2026-07-06,3759884822,1,3339,3339,3339,3339,122758200,102022,,
2026-07-06,3841172115,1,5190,5190,5190,5190,138549192,653514,,
2026-07-06,4028801234,1,1440,1440,1440,1440,227654336,12088704,,
2026-07-06,4071487712,1,738,738,738,738,26610966,112413,,
2026-07-06,4283416256,1,824,824,824,824,19617174,119842,,
2026-07-06,4348829796,1,16053,16053,16053,16053,2549365573,10690955,,
2026-07-06,4457060041,1,2936,2936,2936,2936,127456869,211954,,
2026-07-06,4518160318,1,5868,5868,5868,5868,620903078,1108352,,
2026-07-06,4543855070,1,2940,2940,2940,2940,219018054,269007,,
2026-07-06,4595016786,1,3644,3644,3644,3644,583095494,712940,,
2026-07-06,4599924264,1,4079,4079,4079,4079,695804837,266016,,
2026-07-06,4673599750,1,2761,2761,2761,2761,488063581,446051,,
2026-07-06,4720386144,1,3369,3369,3369,3369,108518822,551294,,
2026-07-06,4793836769,1,6908,6908,6908,6908,278083740,5901698,,
2026-07-06,4925331346,1,4375,4375,4375,4375,297330537,455271,,
2026-07-06,4944984948,1,6563,6563,6563,6563,227961037,106025,,
2026-07-06,5195168716,1,1580,1580,1580,1580,91647203,608329,,
2026-07-06,5207621753,1,5104,5104,5104,5104,80270833,70271,,
2026-07-06,5361032378,1,40763,40763,40763,40763,1988738300,975422,,
2026-07-06,5549835355,1,3444,3444,3444,3444,101795430,208915,,
2026-07-06,5578556129,1,57659,57659,57659,57659,1976225331,1967103,,
2026-07-06,5668114043,1,2224,2224,2224,2224,232130777,720529,,
2026-07-06,5698013839,1,702,702,702,702,68679191,270328,,
2026-07-06,5750914919,1,66804,66804,66804,66804,4628715383,3509757,,
2026-07-06,6015491985,1,2997,2997,2997,2997,342871755,199342,,
2026-07-06,6072944764,1,805,805,805,805,51349509,56233,,
2026-07-06,6247557414,1,794,794,794,794,192955510,2232636,,
2026-07-06,6329693946,1,3418,3418,3418,3418,70848231,212163,,
2026-07-06,6409513651,1,27412,27412,27412,27412,80254217,797607,,
2026-07-06,6541749038,1,622,622,622,622,32761041,83085,,
2026-07-06,6646518350,1,793,793,793,793,250788566,348304,,
2026-07-06,6682487255,1,8937,8937,8937,8937,461155470,220900,,
2026-07-06,6749060816,1,10183,10183,10183,10183,233473366,1609199,,
2026-07-06,7018190066,1,25951,25951,25951,25951,6419684374,5984434,,
2026-07-06,7058980030,1,6839,6839,6839,6839,540793959,905103,,
2026-07-06,7082244450,1,4190,4190,4190,4190,,,,
2026-07-06,7082423811,1,3883,3883,3883,3883,270237248,1547731,,
2026-07-06,7094518649,1,13848,13848,13848,13848,314909620,770171,,
2026-07-06,7127084123,1,5317,5317,5317,5317,138466601,297604,,
2026-07-06,7128163167,1,4105,4105,4105,4105,64184044,109250,,
2026-07-06,7196736932,1,4701,4701,4701,4701,11134129,52644,,
2026-07-06,7219654364,1,54257,54257,54257,54257,1302200653,13907936,,
2026-07-06,7332711118,1,5098,5098,5098,5098,1852248686,2447483,,
2026-07-06,7383133134,1,926,926,926,926,99010927,728898,,
2026-07-06,7434179990,1,2985,2985,2985,2985,216966967,7693285,,
2026-07-06,7435020231,1,797,797,797,797,31793183,115391,,
2026-07-06,7436755782,1,53949,53949,53949,53949,35696267329,11294085,,
2026-07-06,7577791613,1,731,731,731,731,97678300,570601,,
2026-07-06,7690412163,1,1391,1391,1391,1391,82351805,191597,,
2026-07-06,7709344486,1,231732,231732,231732,231732,70966404804,28615954,,
2026-07-06,7760134732,1,3149,3149,3149,3149,22838513,670394,,
2026-07-06,7798947148,1,3962,3962,3962,3962,129444309,289180,,
2026-07-06,7891669427,1,2029,2029,2029,2029,30453286,767462,,
2026-07-06,8014099969,1,1697,1697,1697,1697,140165181,236294,,
2026-07-06,8291789996,1,3552,3552,3552,3552,,,,
2026-07-06,8313824597,1,4944,4944,4944,4944,20819354,30936,,
2026-07-06,8316902627,1,4119,4119,4119,4119,4667935714,1966190,,
2026-07-06,8356066619,1,54951,54951,54951,54951,59002542,43472,,
2026-07-06,8504461817,2,2822,2822,2428,3216,172323911,86109,,
2026-07-06,8539298853,1,21259,21259,21259,21259,1216822415,1635581,,
2026-07-06,8696670616,1,2886,2886,2886,2886,,,,
2026-07-06,8759966530,1,3835,3835,3835,3835,105047896,364420,,
2026-07-06,8786713187,1,4570,4570,4570,4570,111268385,271391,,
2026-07-06,8791358380,1,9676,9676,9676,9676,392194586,11664393,,
2026-07-06,8844400854,1,690,690,690,690,180413595,402848,,
2026-07-06,8950496606,1,4324,4324,4324,4324,162461256,410137,,
2026-07-06,9029463012,1,1256,1256,1256,1256,106365600,404734,,
2026-07-06,9073513091,1,4636,4636,4636,4636,113734212,148586,,
2026-07-06,9073775318,1,17266,17266,17266,17266,6577848,78961,,
2026-07-06,9077534770,1,2040,2040,2040,2040,54584055,163911,,
2026-07-06,9098570654,1,14567,14567,14567,14567,191010264,294392,,
2026-07-06,9122463229,1,9014,9014,9014,9014,,,,
2026-07-06,9129640671,1,11028,11028,11028,11028,,,,
2026-07-06,9141743926,1,17853,17853,17853,17853,380114043,564347,,
2026-07-06,9145063979,1,8065,8065,8065,8065,501574115,491426,,
2026-07-06,9145282410,1,988,988,988,988,34970620,255485,,
2026-07-06,9177208241,1,3173,3173,3173,3173,61992042,345314,,
2026-07-06,9219116196,1,7793,7793,7793,7793,77557686,192098,,
2026-07-06,9231693026,1,2948,2948,2948,2948,,,,
2026-07-06,9253627770,1,1047,1047,1047,1047,14030031,17335,,
2026-07-06,9296042754,1,3981,3981,3981,3981,43438086,211049,,
2026-07-06,9315472782,1,1683,1683,1683,1683,18826374,110630,,
2026-07-06,9315739469,1,1837,1837,1837,1837,75488304,78354,,
2026-07-06,9348272796,1,27195,27195,27195,27195,553166090,513715,,
2026-07-06,9362896961,1,5939,5939,5939,5939,137623098,211863,,
2026-07-06,9363735110,1,9223,9223,9223,9223,5650978361,2017052,,
2026-07-06,9409870130,1,1247,1247,1247,1247,16858139,212856,,
2026-07-06,9411563986,1,2767,2767,2767,2767,77146629,134977,,
2026-07-06,9494058490,1,12312,12312,12312,12312,,,,
2026-07-06,9501409571,1,877,877,877,877,36168562,177976,,
2026-07-06,9513686983,1,5082,5082,5082,5082,392833317,12756260,,
2026-07-06,9526307912,2,3123,3123,2665,3581,75349790,128647,,
2026-07-06,9556113881,1,742,742,742,742,35068514,160355,,
2026-07-06,9561553764,1,10355,10355,10355,10355,57442408,60626,,
2026-07-06,9584852943,1,338528,338528,338528,338528,2379700901,3550643,,
2026-07-06,9639553972,1,3621,3621,3621,3621,21153865,119266,,
2026-07-06,9660713566,1,2968,2968,2968,2968,82293330,5127101,,
2026-07-06,9765324104,1,2754,2754,2754,2754,43842662,278053,,
2026-07-06,9787206684,1,3659,3659,3659,3659,754540225,2914011,,
2026-07-06,9792947201,1,6364,6364,6364,6364,520461552,3489670,,
2026-07-06,9797806474,1,35374,35374,35374,35374,37530869,63486,,
2026-07-06,9859536675,1,2754,2754,2754,2754,,,,
2026-07-06,9890892152,1,1089,1089,1089,1089,10249389,55212,,
2026-07-06,9929086116,1,2689,2689,2689,2689,47994311,3379820,,
2026-07-06,9934614409,1,2937,2937,2937,2937,74951202,124412,,
2026-07-06,9940725596,1,1400,1400,1400,1400,26953767,35622,,
2026-07-06,9948575164,1,4678,4678,4678,4678,28881602,174775,,
2026-07-06,9953328866,1,3303,3303,3303,3303,33525149,38223,,
2026-07-06,9963622286,1,15426,15426,15426,15426,68082833,2642230,,
2026-07-06,9998576154,1,7100,7100,7100,7100,77008282,5020230,,
2026-07-06,10004244222,1,80521,80521,80521,80521,1350063154,22382588,,
2026-07-06,10051853469,1,5922,5922,5922,5922,93964202,2119984,,
2026-07-06,10065013948,1,7011,7011,7011,7011,33331048,53224,,
2026-07-06,10081194651,1,2701,2701,2701,2701,40262276,160863,,
2026-07-06,10083552936,1,1346,1346,1346,1346,5715161,248313,,
2026-07-06,10086454767,1,3051,3051,3051,3051,14145766,42217,,
2026-07-06,10089507840,1,3525,3525,3525,3525,60073449,83085,,
2026-07-06,10111742174,1,5617,5617,5617,5617,23604700,53375,,
2026-07-06,10121169692,1,3990,3990,3990,3990,7846646,192715,,
2026-07-06,10138661961,1,8817,8817,8817,8817,33429953,83529,,
2026-07-06,10144280947,1,9240,9240,9240,9240,25235986,1284650,,
2026-07-06,10148434559,1,10865,10865,10865,10865,55838451,384411,,
2026-07-06,10149910491,1,6601,6601,6601,6601,18455264,29235,,
2026-07-06,10149964044,1,6407,6407,6407,6407,,,,
2026-07-06,10184247393,1,16393,16393,16393,16393,28638997,961212,,
2026-07-06,10196660716,1,4553,4553,4553,4553,3804793,362637,,
2026-07-06,10199301628,1,50060,50060,50060,50060,144873917,940894,,
2026-07-06,10200395747,1,504235,504235,504235,504235,1033979467,588873,,
2026-07-06,10203815049,1,5080,5080,5080,5080,8582555,12786,,
2026-07-06,10207000525,1,4822,4822,4822,4822,13423074,329775,,
2026-07-06,10230921598,1,25204,25204,25204,25204,88073616,6167662,,
2026-07-06,10244001346,1,6241,6241,6241,6241,43131643,41548,,
2026-07-06,10247712813,1,11150,11150,11150,11150,14573141,28222,,
2026-07-06,10271341023,1,4436,4436,4436,4436,5276276,11232,,
2026-07-06,10274447949,1,6972,6972,6972,6972,5771550,544477,,
2026-07-06,10283025251,1,3184,3184,3184,3184,1871088,118740,,
2026-07-06,10321202755,1,17012,17012,17012,17012,13902595,258091,,
2026-07-06,10351964255,1,10518,10518,10518,10518,6335383,12027,,
2026-07-06,10369900243,1,18418,18418,18418,18418,3857839,18962,,
2026-07-07,31970568,1,6578,6578,6578,6578,1585107505,6051001,,
2026-07-07,66654135,1,343630,343630,343630,343630,26990635324,22712613,,
2026-07-07,568307879,1,713,713,713,713,520818504,541881,,
2026-07-07,605887098,1,3857,3857,3857,3857,2503907417,3681525,,
2026-07-07,903807016,1,4604,4604,4604,4604,,,,
2026-07-07,1198533421,1,1244,1244,1244,1244,177422078,721298,,
2026-07-07,1214576306,1,4181,4181,4181,4181,1632858390,4280838,,
2026-07-07,1430007363,1,3482,3482,3482,3482,887846382,2247703,,
2026-07-07,1489026993,2,6584,6584,6288,6880,2637819111,4300059,,
2026-07-07,1526814825,1,9431,9431,9431,9431,1062696282,4256249,,
2026-07-07,1637284552,1,1016,1016,1016,1016,,,,
2026-07-07,1795206523,1,1484,1484,1484,1484,942635259,925391,,
2026-07-07,1831550657,1,31306,31306,31306,31306,2088299108,10559002,,
2026-07-07,1998835206,1,2878,2878,2878,2878,577073016,1163807,,
2026-07-07,2049551477,2,3895,3895,3108,4682,1445914038,1893507,,
2026-07-07,2165551367,1,1085,1085,1085,1085,663815588,2399538,,
2026-07-07,2247578975,2,4570,4570,4383,4756,1194758327,14917944,,
2026-07-07,2274830359,1,7615,7615,7615,7615,2933306666,1967009,,
2026-07-07,2294168059,1,11668,11668,11668,11668,1217476281,3279682,,
2026-07-07,2369077151,1,8006,8006,8006,8006,370711322,10208670,,
2026-07-07,2440500124,1,18852,18852,18852,18852,7487693742,7935839,,
2026-07-07,2655478023,2,4148,4148,3870,4425,989453265,3468155,,
2026-07-07,2821905072,1,2967,2967,2967,2967,249308131,5262072,,
2026-07-07,2827951974,1,1092,1092,1092,1092,805498793,675293,,
2026-07-07,2921237723,1,2204,2204,2204,2204,131415610,735101,,
2026-07-07,2992873140,1,18763,18763,18763,18763,1331082747,981323,,
2026-07-07,3034836582,1,912,912,912,912,499283589,1909311,,
2026-07-07,3079618996,1,3469,3469,3469,3469,763907972,789362,,
2026-07-07,3088609243,1,3671,3671,3671,3671,718708234,580628,,
2026-07-07,3164075108,1,3249,3249,3249,3249,271619305,718630,,
2026-07-07,3187874989,1,4166,4166,4166,4166,154643924,216748,,
2026-07-07,3191268194,1,3467,3467,3467,3467,1342895100,5299067,,
2026-07-07,3232181171,1,849,849,849,849,55405811,211581,,
2026-07-07,3274669156,1,914,914,914,914,66233125,640475,,
2026-07-07,3310460039,1,19870,19870,19870,19870,4495756124,105099714,,
2026-07-07,3346892457,1,2044,2044,2044,2044,430568840,166085,,
2026-07-07,3472976893,1,5231,5231,5231,5231,147119072,2316568,,
2026-07-07,3502524667,1,2242,2242,2242,2242,743976061,3673186,,
2026-07-07,3551414857,1,4325,4325,4325,4325,622042900,1308769,,
2026-07-07,3647333358,1,30954,30954,30954,30954,8813666429,7972105,,
2026-07-07,3746418487,1,3131,3131,3131,3131,306251294,366209,,
2026-07-07,3754482795,1,4908,4908,4908,4908,1238779118,4377216,,
2026-07-07,3759884822,1,3400,3400,3400,3400,122977641,102289,,
2026-07-07,3841172115,1,3940,3940,3940,3940,138998622,654702,,
2026-07-07,4028801234,1,1291,1291,1291,1291,227804034,12097159,,
2026-07-07,4071487712,1,749,749,749,749,26656229,112597,,
2026-07-07,4283416256,1,841,841,841,841,19681843,120203,,
2026-07-07,4348829796,1,15066,15066,15066,15066,2551330962,10701481,,
2026-07-07,4457060041,1,2997,2997,2997,2997,127686435,212214,,
2026-07-07,4518160318,1,5652,5652,5652,5652,621291631,1109300,,
2026-07-07,4543855070,1,3429,3429,3429,3429,219251520,269337,,
2026-07-07,4595016786,1,3956,3956,3956,3956,583526497,713638,,
2026-07-07,4599924264,1,3871,3871,3871,3871,696478783,266530,,
2026-07-07,4673599750,1,2560,2560,2560,2560,488679762,446571,,
2026-07-07,4720386144,1,3002,3002,3002,3002,108747412,552293,,
2026-07-07,4793836769,1,6631,6631,6631,6631,278608768,5911862,,
2026-07-07,4925331346,1,4340,4340,4340,4340,297673269,455890,,
2026-07-07,4944984948,1,5835,5835,5835,5835,228904967,106572,,
2026-07-07,5195168716,1,1577,1577,1577,1577,91798969,609134,,
2026-07-07,5207621753,1,4713,4713,4713,4713,80639780,70461,,
2026-07-07,5361032378,1,40500,40500,40500,40500,1990633029,976315,,
2026-07-07,5549835355,1,3388,3388,3388,3388,102178455,209912,,
2026-07-07,5578556129,1,52987,52987,52987,52987,1979064210,1967584,,
2026-07-07,5668114043,1,2051,2051,2051,2051,232358328,721051,,
2026-07-07,5698013839,1,690,690,690,690,68731673,270495,,
2026-07-07,5728147388,1,2728,2728,2728,2728,275447590,306793,,
2026-07-07,5750914919,1,62297,62297,62297,62297,4632250810,3511236,,
2026-07-07,5956634861,1,654,654,654,654,148254965,582082,,
2026-07-07,6072944764,1,713,713,713,713,51409620,56335,,
2026-07-07,6247557414,1,675,675,675,675,193042914,2233691,,
2026-07-07,6329693946,1,3385,3385,3385,3385,71061560,212621,,
2026-07-07,6409513651,1,25508,25508,25508,25508,81240294,800669,,
2026-07-07,6541749038,1,1014,1014,1014,1014,,,,
2026-07-07,6646518350,1,770,770,770,770,251000644,348355,,
2026-07-07,6682487255,1,9640,9640,9640,9640,461901637,221253,,
2026-07-07,6749060816,1,8847,8847,8847,8847,234143225,1612190,,
2026-07-07,7018190066,1,22837,22837,22837,22837,6421574565,5988947,,
2026-07-07,7058980030,1,6460,6460,6460,6460,541941420,906875,,
2026-07-07,7082244450,1,4190,4190,4190,4190,,,,
2026-07-07,7082423811,1,3866,3866,3866,3866,270611013,1548144,,
2026-07-07,7094518649,1,13048,13048,13048,13048,315652159,771747,,
2026-07-07,7127084123,1,5891,5891,5891,5891,138860017,298386,,
2026-07-07,7128163167,1,3312,3312,3312,3312,64522344,109771,,
2026-07-07,7196736932,1,4172,4172,4172,4172,11819117,54634,,
2026-07-07,7219654364,1,49560,49560,49560,49560,1307444114,13933869,,
2026-07-07,7332711118,1,5586,5586,5586,5586,1852763320,2447986,,
2026-07-07,7383133134,1,949,949,949,949,99117342,729677,,
2026-07-07,7434179990,1,3134,3134,3134,3134,217288452,7702223,,
2026-07-07,7435020231,1,739,739,739,739,31834086,115465,,
2026-07-07,7436755782,1,52749,52749,52749,52749,35700442004,11298501,,
2026-07-07,7585079192,1,6086,6086,6086,6086,40991115,153951,,
2026-07-07,7690412163,1,1243,1243,1243,1243,82440051,191881,,
2026-07-07,7709344486,1,224089,224089,224089,224089,71010271897,28623987,,
2026-07-07,7760134732,1,3314,3314,3314,3314,23139979,678244,,
2026-07-07,7798947148,1,3079,3079,3079,3079,129860846,289729,,
2026-07-07,7891669427,1,1777,1777,1777,1777,30602022,770094,,
2026-07-07,8014099969,1,1583,1583,1583,1583,140331736,236542,,
2026-07-07,8291789996,1,3552,3552,3552,3552,,,,
2026-07-07,8316902627,1,4173,4173,4173,4173,4668491954,1966843,,
2026-07-07,8356066619,1,51497,51497,51497,51497,61036154,44147,,
2026-07-07,8504461817,2,2766,2766,2532,3000,172726094,86484,,
2026-07-07,8539298853,1,17148,17148,17148,17148,1218470616,1638195,,
2026-07-07,8696670616,1,2886,2886,2886,2886,,,,
2026-07-07,8759966530,1,3407,3407,3407,3407,105464730,365366,,
2026-07-07,8786713187,1,2373,2373,2373,2373,111459269,271829,,
2026-07-07,8791358380,1,8963,8963,8963,8963,393152975,11689885,,
2026-07-07,8950496606,1,4311,4311,4311,4311,162799052,411151,,
2026-07-07,9029463012,1,1119,1119,1119,1119,106478203,405025,,
2026-07-07,9073513091,1,3723,3723,3723,3723,114391541,149542,,
2026-07-07,9073775318,1,3431,3431,3431,3431,7429180,83378,,
2026-07-07,9077534770,1,1911,1911,1911,1911,54779072,164513,,
2026-07-07,9098570654,1,13890,13890,13890,13890,191991429,296173,,
2026-07-07,9122463229,1,9014,9014,9014,9014,,,,
2026-07-07,9129640671,1,11028,11028,11028,11028,,,,
2026-07-07,9141743926,1,15490,15490,15490,15490,381780770,565378,,
2026-07-07,9145063979,1,8237,8237,8237,8237,502535373,492595,,
2026-07-07,9145282410,1,1032,1032,1032,1032,35063329,255997,,
2026-07-07,9177208241,1,3269,3269,3269,3269,62332670,346653,,
2026-07-07,9219116196,1,7955,7955,7955,7955,78227618,193885,,
2026-07-07,9231693026,1,2948,2948,2948,2948,,,,
2026-07-07,9253627770,1,1048,1048,1048,1048,14124807,17443,,
2026-07-07,9296042754,1,3525,3525,3525,3525,43789402,212750,,
2026-07-07,9315472782,1,1459,1459,1459,1459,19012597,111553,,
2026-07-07,9315739469,1,1694,1694,1694,1694,75730711,78609,,
2026-07-07,9348272796,1,26676,26676,26676,26676,555662934,516194,,
2026-07-07,9362896961,1,5694,5694,5694,5694,137921408,212053,,
2026-07-07,9363735110,1,8858,8858,8858,8858,5652007984,2017523,,
2026-07-07,9409870130,1,1578,1578,1578,1578,16974593,214184,,
2026-07-07,9411563986,1,2420,2420,2420,2420,77489476,135586,,
2026-07-07,9494058490,1,12312,12312,12312,12312,,,,
2026-07-07,9501409571,1,882,882,882,882,36281067,178556,,
2026-07-07,9513686983,1,4978,4978,4978,4978,393442562,12780383,,
2026-07-07,9526307912,1,3091,3091,3091,3091,75707749,129249,,
2026-07-07,9556113881,1,841,841,841,841,35141510,160573,,
2026-07-07,9561553764,1,10117,10117,10117,10117,58956663,61769,,
2026-07-07,9584852943,1,439238,439238,439238,439238,2430487687,3608529,,
2026-07-07,9639553972,1,2999,2999,2999,2999,21443219,120804,,
2026-07-07,9660713566,1,3123,3123,3123,3123,82739401,5149944,,
2026-07-07,9787206684,1,3301,3301,3301,3301,755003114,2915078,,
2026-07-07,9792947201,1,5963,5963,5963,5963,521065533,3492135,,
2026-07-07,9797806474,1,33710,33710,33710,33710,39454023,67161,,
2026-07-07,9859536675,1,2754,2754,2754,2754,,,,
2026-07-07,9890892152,1,904,904,904,904,10342505,55641,,
2026-07-07,9929086116,1,2849,2849,2849,2849,48295124,3394411,,
2026-07-07,9934614409,1,2877,2877,2877,2877,75264820,124739,,
2026-07-07,9940725596,1,1263,1263,1263,1263,27164913,35855,,
2026-07-07,9948575164,1,3135,3135,3135,3135,29265049,176252,,
2026-07-07,9963622286,1,12337,12337,12337,12337,69619963,2644331,,
2026-07-07,9998576154,1,5909,5909,5909,5909,77738422,5059536,,
2026-07-07,10004244222,1,74319,74319,74319,74319,1359425460,22459957,,
2026-07-07,10051853469,1,5879,5879,5879,5879,94542817,2127834,,
2026-07-07,10065013948,1,6378,6378,6378,6378,33980975,53940,,
2026-07-07,10081194651,1,2688,2688,2688,2688,40518237,161721,,
2026-07-07,10083552936,1,1034,1034,1034,1034,5857645,255073,,
2026-07-07,10086454767,1,2427,2427,2427,2427,14338789,42590,,
2026-07-07,10089507840,1,3089,3089,3089,3089,61065668,84215,,
2026-07-07,10111742174,1,4994,4994,4994,4994,23972308,53858,,
2026-07-07,10121169692,1,3816,3816,3816,3816,8193303,200149,,
2026-07-07,10127090395,1,11434,11434,11434,11434,21155153,1055744,,
2026-07-07,10138661961,1,7215,7215,7215,7215,34615304,86057,,
2026-07-07,10144280947,1,9351,9351,9351,9351,26349659,1322014,,
2026-07-07,10148434559,1,9573,9573,9573,9573,56836449,389462,,
2026-07-07,10149910491,1,6112,6112,6112,6112,18995561,29879,,
2026-07-07,10149964044,1,6407,6407,6407,6407,,,,
2026-07-07,10183029417,1,3608,3608,3608,3608,2848928,130925,,
2026-07-07,10184247393,1,16156,16156,16156,16156,29892158,995197,,
2026-07-07,10196660716,1,6139,6139,6139,6139,4436776,418298,,
2026-07-07,10199301628,1,53543,53543,53543,53543,151289951,975364,,
2026-07-07,10200395747,1,504808,504808,504808,504808,1060140760,593985,,
2026-07-07,10203815049,1,3601,3601,3601,3601,8973499,13273,,
2026-07-07,10207000525,1,5029,5029,5029,5029,14493642,354127,,
2026-07-07,10230921598,1,24355,24355,24355,24355,91512285,6368125,,
2026-07-07,10244001346,1,6523,6523,6523,6523,44271463,42614,,
2026-07-07,10247712813,1,10376,10376,10376,10376,15686566,29687,,
2026-07-07,10247797619,1,16205,16205,16205,16205,6146744,20700,,
2026-07-07,10271341023,1,3417,3417,3417,3417,5782428,12172,,
2026-07-07,10274447949,1,8133,8133,8133,8133,6763900,623088,,
2026-07-07,10283025251,1,3644,3644,3644,3644,2281253,139905,,
2026-07-07,10321202755,1,16746,16746,16746,16746,14736816,265404,,
2026-07-07,10337069275,1,3325,3325,3325,3325,559553,8541,,
2026-07-07,10351964255,1,2860,2860,2860,2860,7138797,12950,,
2026-07-07,10369900243,1,25892,25892,25892,25892,5704945,31777,,
2026-07-08,31970568,1,5978,5978,5978,5978,1585626502,6051631,,
2026-07-08,66654135,1,338646,338646,338646,338646,27026587193,22729118,,
2026-07-08,568307879,1,862,862,862,862,520923353,542028,,
2026-07-08,605887098,1,3513,3513,3513,3513,2504290053,3682119,,
2026-07-08,903807016,1,4767,4767,4767,4767,1533434597,2806014,,
2026-07-08,1198533421,1,1247,1247,1247,1247,177509761,721435,,
2026-07-08,1214576306,1,3943,3943,3943,3943,1633149433,4281254,,
2026-07-08,1430007363,1,3408,3408,3408,3408,888249580,2249918,,
2026-07-08,1489026993,2,7376,7376,7277,7475,2638605544,4301057,,
2026-07-08,1526814825,1,9390,9390,9390,9390,1063389155,4258181,,
2026-07-08,1637284552,1,1016,1016,1016,1016,,,,
2026-07-08,1795206523,1,1532,1532,1532,1532,942908844,925528,,
2026-07-08,1831550657,1,30661,30661,30661,30661,2090291175,10565933,,
2026-07-08,1998835206,1,2947,2947,2947,2947,577315497,1164054,,
2026-07-08,2049551477,2,4108,4108,3034,5181,1446463329,1894186,,
2026-07-08,2165551367,1,1012,1012,1012,1012,663971413,2400417,,
2026-07-08,2247578975,2,4249,4249,3850,4648,1195339426,14918320,,
2026-07-08,2274830359,1,6920,6920,6920,6920,2934395638,1967909,,
2026-07-08,2294168059,1,10976,10976,10976,10976,1218456274,3282325,,
2026-07-08,2369077151,1,8153,8153,8153,8153,371597112,10225098,,
2026-07-08,2440500124,1,19320,19320,19320,19320,7489828778,7938051,,
2026-07-08,2655478023,2,3818,3818,3263,4374,990076911,3468648,,
2026-07-08,2821905072,1,2795,2795,2795,2795,249593406,5266533,,
2026-07-08,2827951974,1,1056,1056,1056,1056,805638565,675486,,
2026-07-08,2921237723,1,2243,2243,2243,2243,131692829,735965,,
2026-07-08,2992873140,1,18457,18457,18457,18457,1332667816,982288,,
2026-07-08,3034836582,1,957,957,957,957,499382979,1909428,,
2026-07-08,3079618996,1,3000,3000,3000,3000,764168585,789653,,
2026-07-08,3088609243,1,3015,3015,3015,3015,719180852,581163,,
2026-07-08,3164075108,1,3135,3135,3135,3135,271843843,719017,,
2026-07-08,3187874989,1,4088,4088,4088,4088,155061076,217150,,
2026-07-08,3191268194,1,3424,3424,3424,3424,1343209096,5303189,,
2026-07-08,3232181171,1,988,988,988,988,55497852,211927,,
2026-07-08,3274669156,1,923,923,923,923,66296398,641239,,
2026-07-08,3310460039,1,19513,19513,19513,19513,4498526600,105100888,,
2026-07-08,3346892457,1,1918,1918,1918,1918,430846152,166318,,
2026-07-08,3472976893,1,5155,5155,5155,5155,147856896,2337903,,
2026-07-08,3502524667,1,2123,2123,2123,2123,744328863,3673488,,
2026-07-08,3551414857,1,3525,3525,3525,3525,622398851,1309202,,
2026-07-08,3647333358,1,31826,31826,31826,31826,8817778362,7975138,,
2026-07-08,3746418487,1,3075,3075,3075,3075,306617699,366801,,
2026-07-08,3754482795,1,5447,5447,5447,5447,1239549015,4379811,,
2026-07-08,3759884822,1,3287,3287,3287,3287,123206470,102557,,
2026-07-08,3841172115,1,4068,4068,4068,4068,139419306,655893,,
2026-07-08,4028801234,1,1565,1565,1565,1565,227940027,12104607,,
2026-07-08,4071487712,1,684,684,684,684,26700847,112767,,
2026-07-08,4283416256,1,838,838,838,838,19747290,120531,,
2026-07-08,4348829796,1,15534,15534,15534,15534,2553111275,10712153,,
2026-07-08,4457060041,1,2971,2971,2971,2971,127919661,212516,,
2026-07-08,4518160318,1,5760,5760,5760,5760,621675973,1110170,,
2026-07-08,4543855070,1,2835,2835,2835,2835,219476916,269656,,
2026-07-08,4595016786,1,3628,3628,3628,3628,583953364,714318,,
2026-07-08,4599924264,1,3870,3870,3870,3870,697144666,267019,,
2026-07-08,4673599750,1,2591,2591,2591,2591,489299826,447174,,
2026-07-08,4720386144,1,3501,3501,3501,3501,108996022,553567,,
2026-07-08,4793836769,1,6556,6556,6556,6556,279127427,5922577,,
2026-07-08,4925331346,1,4210,4210,4210,4210,298003046,456469,,
2026-07-08,4944984948,1,5196,5196,5196,5196,229768171,107131,,
2026-07-08,5195168716,1,1551,1551,1551,1551,91942819,609827,,
2026-07-08,5207621753,1,4480,4480,4480,4480,80986415,70635,,
2026-07-08,5361032378,1,40071,40071,40071,40071,1992409256,976983,,
2026-07-08,5549835355,1,3681,3681,3681,3681,102630360,211080,,
2026-07-08,5578556129,1,45975,45975,45975,45975,1981495578,1967978,,
2026-07-08,5668114043,1,2153,2153,2153,2153,232565971,721476,,
2026-07-08,5698013839,1,880,880,880,880,68800564,270744,,
2026-07-08,5750914919,1,60913,60913,60913,60913,4635628258,3512387,,
2026-07-08,6015491985,1,2795,2795,2795,2795,343788760,199960,,
2026-07-08,6072944764,1,718,718,718,718,51468520,56428,,
2026-07-08,6117314924,1,821,821,821,821,13701420,259966,,
2026-07-08,6247557414,1,824,824,824,824,193133615,2234711,,
2026-07-08,6314664695,1,671,671,671,671,58645820,2755724,,
2026-07-08,6329693946,1,3232,3232,3232,3232,71269918,213002,,
2026-07-08,6409513651,1,23671,23671,23671,23671,82196803,804836,,
2026-07-08,6541749038,1,698,698,698,698,32984079,83528,,
2026-07-08,6646518350,1,711,711,711,711,251209909,348411,,
2026-07-08,6682487255,1,9841,9841,9841,9841,462735744,221438,,
2026-07-08,6749060816,1,8785,8785,8785,8785,234791411,1615066,,
2026-07-08,7018190066,1,22044,22044,22044,22044,6423401879,5992591,,
2026-07-08,7058980030,1,6223,6223,6223,6223,543029462,908500,,
2026-07-08,7082244450,1,4190,4190,4190,4190,,,,
2026-07-08,7082423811,1,3767,3767,3767,3767,270973016,1548554,,
2026-07-08,7094518649,1,12720,12720,12720,12720,316376656,773227,,
2026-07-08,7113705633,1,728,728,728,728,16385554,389866,,
2026-07-08,7127084123,1,5001,5001,5001,5001,139239931,299190,,
2026-07-08,7128163167,1,3066,3066,3066,3066,64883247,110388,,
2026-07-08,7196736932,1,6209,6209,6209,6209,12724874,57216,,
2026-07-08,7219654364,1,45195,45195,45195,45195,1312531463,13958887,,
2026-07-08,7332711118,1,4636,4636,4636,4636,1853341534,2448499,,
2026-07-08,7383133134,1,831,831,831,831,99234954,730635,,
2026-07-08,7435020231,1,706,706,706,706,31873128,115519,,
2026-07-08,7436755782,1,45147,45147,45147,45147,35704204188,11302453,,
2026-07-08,7450124099,1,9324,9324,9324,9324,121165793,670012,,
2026-07-08,7585079192,1,6106,6106,6106,6106,41258626,154475,,
2026-07-08,7690412163,1,1397,1397,1397,1397,82543833,192426,,
2026-07-08,7709344486,1,229387,229387,229387,229387,71064208095,28635467,,
2026-07-08,7719766419,1,1036,1036,1036,1036,27212789,237623,,
2026-07-08,7760134732,1,2846,2846,2846,2846,23404278,684844,,
2026-07-08,7798947148,1,2673,2673,2673,2673,130166030,290116,,
2026-07-08,7891669427,1,1897,1897,1897,1897,30754823,772954,,
2026-07-08,8014099969,1,1625,1625,1625,1625,140491425,236766,,
2026-07-08,8291789996,1,3552,3552,3552,3552,,,,
2026-07-08,8316902627,1,3594,3594,3594,3594,4669015816,1967146,,
2026-07-08,8356066619,1,46877,46877,46877,46877,62814071,44636,,
2026-07-08,8504461817,2,2669,2669,2322,3016,173140197,86830,,
2026-07-08,8539298853,1,16680,16680,16680,16680,1220006501,1640729,,
2026-07-08,8696670616,1,2886,2886,2886,2886,,,,
2026-07-08,8759966530,1,3187,3187,3187,3187,105832568,366063,,
2026-07-08,8786713187,1,2253,2253,2253,2253,111637472,272222,,
2026-07-08,8791358380,1,8423,8423,8423,8423,394070549,11714534,,
2026-07-08,8950496606,1,4083,4083,4083,4083,163137191,412265,,
2026-07-08,9029463012,1,998,998,998,998,106586543,405302,,
2026-07-08,9073513091,1,3336,3336,3336,3336,,,,
2026-07-08,9077534770,1,1597,1597,1597,1597,54978112,165159,,
2026-07-08,9098570654,1,13362,13362,13362,13362,192911845,297889,,
2026-07-08,9122463229,1,9014,9014,9014,9014,,,,
2026-07-08,9129640671,1,11028,11028,11028,11028,,,,
2026-07-08,9141743926,1,14679,14679,14679,14679,383276755,566259,,
2026-07-08,9145063979,1,8660,8660,8660,8660,503675807,494115,,
2026-07-08,9145282410,1,1643,1643,1643,1643,35172435,256645,,
2026-07-08,9177208241,1,3521,3521,3521,3521,62681360,348302,,
2026-07-08,9219116196,1,6210,6210,6210,6210,78941512,196272,,
2026-07-08,9231693026,1,2948,2948,2948,2948,,,,
2026-07-08,9253627770,1,1166,1166,1166,1166,14222184,17554,,
2026-07-08,9296042754,1,3677,3677,3677,3677,44134391,214385,,
2026-07-08,9315472782,1,1659,1659,1659,1659,19205774,112480,,
2026-07-08,9315739469,1,1267,1267,1267,1267,75956111,78836,,
2026-07-08,9348272796,1,25718,25718,25718,25718,558221700,518867,,
2026-07-08,9362896961,1,5677,5677,5677,5677,138215673,212233,,
2026-07-08,9363735110,1,8079,8079,8079,8079,5652927242,2017957,,
2026-07-08,9409870130,1,1201,1201,1201,1201,17107109,215778,,
2026-07-08,9411563986,1,2372,2372,2372,2372,77798611,136105,,
2026-07-08,9494058490,1,12312,12312,12312,12312,,,,
2026-07-08,9501409571,1,865,865,865,865,36389806,179125,,
2026-07-08,9513686983,1,5068,5068,5068,5068,394056833,12804988,,
2026-07-08,9526307912,1,3607,3607,3607,3607,76098230,129947,,
2026-07-08,9556113881,1,1280,1280,1280,1280,35238809,160895,,
2026-07-08,9561553764,1,10143,10143,10143,10143,60557006,63021,,
2026-07-08,9584852943,1,346626,346626,346626,346626,2479741447,3664957,,
2026-07-08,9639553972,1,4239,4239,4239,4239,21828921,122927,,
2026-07-08,9660713566,1,3109,3109,3109,3109,83203450,5173952,,
2026-07-08,9787206684,1,3218,3218,3218,3218,755595539,2916158,,
2026-07-08,9792947201,1,5705,5705,5705,5705,521643030,3494698,,
2026-07-08,9797806474,1,37884,37884,37884,37884,41514162,70960,,
2026-07-08,9859536675,1,2754,2754,2754,2754,,,,
2026-07-08,9890892152,1,739,739,739,739,10417317,55998,,
2026-07-08,9929086116,1,2842,2842,2842,2842,48585517,3409313,,
2026-07-08,9934614409,1,2732,2732,2732,2732,75582078,125082,,
2026-07-08,9940725596,1,1155,1155,1155,1155,27359101,36082,,
2026-07-08,9948575164,1,2623,2623,2623,2623,29612913,177542,,
2026-07-08,9953328866,1,2703,2703,2703,2703,34204520,38785,,
2026-07-08,9963622286,1,16623,16623,16623,16623,71324870,2646274,,
2026-07-08,9998576154,1,5890,5890,5890,5890,78430132,5099120,,
2026-07-08,10004244222,1,66881,66881,66881,66881,1368042869,22530108,,
2026-07-08,10051853469,1,5265,5265,5265,5265,95114219,2136179,,
2026-07-08,10065013948,1,5380,5380,5380,5380,34576587,54647,,
2026-07-08,10083552936,1,994,994,994,994,5990522,261139,,
2026-07-08,10086454767,1,2468,2468,2468,2468,14509988,42924,,
2026-07-08,10111742174,1,4974,4974,4974,4974,24314782,54261,,
2026-07-08,10121169692,1,3323,3323,3323,3323,8520851,207427,,
2026-07-08,10127090395,1,11867,11867,11867,11867,23534787,1207080,,
2026-07-08,10138661961,1,6390,6390,6390,6390,35697182,88441,,
2026-07-08,10144280947,1,9153,9153,9153,9153,27518739,1362857,,
2026-07-08,10148434559,1,7788,7788,7788,7788,57667970,393402,,
2026-07-08,10149910491,1,5236,5236,5236,5236,19462425,30450,,
2026-07-08,10149964044,1,6407,6407,6407,6407,,,,
2026-07-08,10183029417,1,3043,3043,3043,3043,3155752,143216,,
2026-07-08,10184247393,1,15624,15624,15624,15624,31130490,1030548,,
2026-07-08,10196660716,1,4759,4759,4759,4759,5108824,473466,,
2026-07-08,10199301628,1,58193,58193,58193,58193,158246607,1011669,,
2026-07-08,10200395747,1,501399,501399,501399,501399,1086066043,596894,,
2026-07-08,10203815049,1,3922,3922,3922,3922,9342350,13735,,
2026-07-08,10207000525,1,5850,5850,5850,5850,15919933,390421,,
2026-07-08,10230921598,1,23737,23737,23737,23737,95069020,6586447,,
2026-07-08,10244001346,1,6709,6709,6709,6709,45499153,43932,,
2026-07-08,10247712813,1,10954,10954,10954,10954,16823587,31334,,
2026-07-08,10247797619,1,16313,16313,16313,16313,8167769,28078,,
2026-07-08,10271341023,1,2787,2787,2787,2787,6208806,12982,,
2026-07-08,10274447949,1,7503,7503,7503,7503,7809199,706291,,
2026-07-08,10283025251,1,3416,3416,3416,3416,2722392,160918,,
2026-07-08,10321202755,1,15556,15556,15556,15556,15515298,269977,,
2026-07-08,10333747231,1,2535,2535,2535,2535,8904294,36989,,
2026-07-08,10337069275,1,7848,7848,7848,7848,925380,14004,,
2026-07-08,10337157761,1,2910,2910,2910,2910,2739584,244174,,
2026-07-08,10369900243,1,23395,23395,23395,23395,7974837,43717,,
2026-07-09,66654135,1,355876,355876,355876,355876,27063719139,22746075,,
2026-07-09,568307879,1,851,851,851,851,521032935,542170,,
2026-07-09,1198533421,1,1176,1176,1176,1176,177600163,721598,,
2026-07-09,1430007363,1,3480,3480,3480,3480,888660107,2252076,,
2026-07-09,1489026993,1,7165,7165,7165,7165,2639406576,4302153,,
2026-07-09,1637284552,1,1016,1016,1016,1016,,,,
2026-07-09,1795206523,1,1522,1522,1522,1522,943186016,925637,,
2026-07-09,1998835206,1,2672,2672,2672,2672,577561620,1164269,,
2026-07-09,2049551477,1,4856,4856,4856,4856,1447044254,1894892,,
2026-07-09,2165551367,1,1011,1011,1011,1011,,,,
2026-07-09,2247578975,1,4566,4566,4566,4566,1195911505,14918703,,
2026-07-09,2294168059,1,10677,10677,10677,10677,1219384716,3284686,,
2026-07-09,2440500124,1,19461,19461,19461,19461,7491976498,7940267,,
2026-07-09,2655478023,1,4552,4552,4552,4552,990699890,3469181,,
2026-07-09,2827951974,1,1100,1100,1100,1100,805782118,675671,,
2026-07-09,2921237723,1,2410,2410,2410,2410,131980945,737012,,
2026-07-09,3034836582,1,898,898,898,898,499488205,1909577,,
2026-07-09,3187874989,1,4153,4153,4153,4153,155464004,217537,,
2026-07-09,3232181171,1,1170,1170,1170,1170,55615412,212399,,
2026-07-09,3274669156,1,1184,1184,1184,1184,66364364,642052,,
2026-07-09,3346892457,1,2088,2088,2088,2088,431119540,166590,,
2026-07-09,3472976893,1,5915,5915,5915,5915,148601275,2362083,,
2026-07-09,3502524667,1,2154,2154,2154,2154,744668734,3673765,,
2026-07-09,3551414857,1,3980,3980,3980,3980,622748505,1309679,,
2026-07-09,3647333358,1,32464,32464,32464,32464,8822002412,7978278,,
2026-07-09,3841172115,1,3701,3701,3701,3701,139839361,657157,,
2026-07-09,4028801234,1,1469,1469,1469,1469,228102601,12114047,,
2026-07-09,4071487712,1,759,759,759,759,26746261,112914,,
2026-07-09,4283416256,1,780,780,780,780,19814622,120873,,
2026-07-09,4348829796,1,16416,16416,16416,16416,2554976857,10723129,,
2026-07-09,4673599750,1,2600,2600,2600,2600,489910050,447820,,
2026-07-09,4720386144,1,3194,3194,3194,3194,109281471,555321,,
2026-07-09,4793836769,1,6729,6729,6729,6729,279656205,5933708,,
2026-07-09,5195168716,1,1471,1471,1471,1471,92087973,610617,,
2026-07-09,5668114043,1,2470,2470,2470,2470,232777703,721929,,
2026-07-09,5698013839,1,804,804,804,804,68872063,271014,,
2026-07-09,6072944764,1,749,749,749,749,51532249,56542,,
2026-07-09,6247557414,1,869,869,869,869,193238156,2235950,,
2026-07-09,6541749038,1,765,765,765,765,33097492,83756,,
2026-07-09,6646518350,1,748,748,748,748,251414606,348465,,
2026-07-09,6749060816,1,8689,8689,8689,8689,235447125,1618211,,
2026-07-09,7018190066,1,23257,23257,23257,23257,6425263424,5994353,,
2026-07-09,7082244450,1,4190,4190,4190,4190,,,,
2026-07-09,7113705633,1,692,692,692,692,16439645,390867,,
2026-07-09,7128163167,1,3432,3432,3432,3432,65241757,110940,,
2026-07-09,7219654364,1,50532,50532,50532,50532,1317857939,13985376,,
2026-07-09,7383133134,1,842,842,842,842,99344938,731474,,
2026-07-09,7690412163,1,1157,1157,1157,1157,82644413,192899,,
2026-07-09,7719766419,1,817,817,817,817,27317274,238311,,
2026-07-09,7856039629,1,738,738,738,738,1574012,119650,,
2026-07-09,7891669427,1,2123,2123,2123,2123,30933848,776737,,
2026-07-09,7997703002,1,4691,4691,4691,4691,9958505,68376,,
2026-07-09,8014099969,1,1727,1727,1727,1727,140656993,237033,,
2026-07-09,8504461817,1,2162,2162,2162,2162,173523255,87150,,
2026-07-09,8539298853,1,16708,16708,16708,16708,1221519373,1643293,,
2026-07-09,8759966530,1,3971,3971,3971,3971,106247667,366935,,
2026-07-09,8786713187,1,2468,2468,2468,2468,111820881,272666,,
2026-07-09,8950496606,1,3777,3777,3777,3777,163439610,413133,,
2026-07-09,9029463012,1,985,985,985,985,106693055,405584,,
2026-07-09,9077534770,1,1690,1690,1690,1690,55165958,165799,,
2026-07-09,9141743926,1,13501,13501,13501,13501,384727396,567208,,
2026-07-09,9145282410,1,1192,1192,1192,1192,35315662,257675,,
2026-07-09,9177208241,1,3461,3461,3461,3461,63070061,350252,,
2026-07-09,9219116196,1,6468,6468,6468,6468,79548881,198306,,
2026-07-09,9253627770,1,938,938,938,938,14317767,17659,,
2026-07-09,9315472782,1,1289,1289,1289,1289,19399939,113520,,
2026-07-09,9315739469,1,1806,1806,1806,1806,76170592,79061,,
2026-07-09,9409870130,1,1251,1251,1251,1251,17219344,217047,,
2026-07-09,9411563986,1,2680,2680,2680,2680,78124551,136668,,
2026-07-09,9494058490,1,12312,12312,12312,12312,,,,
2026-07-09,9501409571,1,834,834,834,834,36494822,179633,,
2026-07-09,9526307912,1,3379,3379,3379,3379,76543804,130790,,
2026-07-09,9556113881,1,704,704,704,704,35361963,161467,,
2026-07-09,9561553764,1,11086,11086,11086,11086,62253681,64136,,
2026-07-09,9859536675,1,2754,2754,2754,2754,,,,
2026-07-09,9890892152,1,759,759,759,759,10483959,56292,,
2026-07-09,9940725596,1,1330,1330,1330,1330,27556197,36303,,
2026-07-09,10083552936,1,1186,1186,1186,1186,6126172,267233,,
2026-07-09,10086454767,1,2286,2286,2286,2286,14681041,43276,,
2026-07-09,10369900243,1,26413,26413,26413,26413,10466413,57546,,
2026-07-10,31970568,1,6046,6046,6046,6046,1586640525,6052818,,
2026-07-10,66654135,1,335845,335845,335845,335845,27100765453,22762510,,
2026-07-10,568307879,1,913,913,913,913,521156319,542357,,
2026-07-10,605887098,1,3294,3294,3294,3294,2505051463,3683623,,
2026-07-10,903807016,1,4816,4816,4816,4816,1535084139,2807000,,
2026-07-10,1198533421,1,1214,1214,1214,1214,177686275,721755,,
2026-07-10,1214576306,1,3537,3537,3537,3537,1633724217,4282049,,
2026-07-10,1430007363,1,3406,3406,3406,3406,889071738,2254318,,
2026-07-10,1489026993,2,6869,6869,6792,6946,2640142741,4303022,,
2026-07-10,1526814825,1,9363,9363,9363,9363,1064815949,4262054,,
2026-07-10,1637284552,1,1016,1016,1016,1016,,,,
2026-07-10,1795206523,1,1428,1428,1428,1428,943467561,925781,,
2026-07-10,1831550657,1,32797,32797,32797,32797,2094194182,10579895,,
2026-07-10,1998835206,1,2895,2895,2895,2895,577799489,1164454,,
2026-07-10,2049551477,2,4384,4384,3376,5392,1447658137,1895681,,
2026-07-10,2165551367,1,897,897,897,897,664270737,2402020,,
2026-07-10,2247578975,2,4101,4101,3590,4612,1196448465,14919095,,
2026-07-10,2274830359,1,6224,6224,6224,6224,2936532886,1969820,,
2026-07-10,2294168059,1,11391,11391,11391,11391,1220316157,3287052,,
2026-07-10,2369077151,1,7872,7872,7872,7872,373464300,10262653,,
2026-07-10,2440500124,1,17600,17600,17600,17600,7493992765,7942097,,
2026-07-10,2655478023,2,4649,4649,3823,5475,991400177,3469706,,
2026-07-10,2788648141,1,3028,3028,3028,3028,990244757,1978390,,
2026-07-10,2821905072,1,2998,2998,2998,2998,250298071,5279138,,
2026-07-10,2827951974,1,1170,1170,1170,1170,805931196,675870,,
2026-07-10,2921237723,1,2533,2533,2533,2533,132274117,738075,,
2026-07-10,2992873140,1,18070,18070,18070,18070,1335792546,984213,,
2026-07-10,3034836582,1,831,831,831,831,499587608,1909683,,
2026-07-10,3164075108,1,3031,3031,3031,3031,272295104,719784,,
2026-07-10,3187874989,1,3994,3994,3994,3994,155832604,217851,,
2026-07-10,3191268194,1,3583,3583,3583,3583,1343866342,5312611,,
2026-07-10,3232181171,1,1040,1040,1040,1040,,,,
2026-07-10,3310460039,1,19169,19169,19169,19169,4504065436,105103144,,
2026-07-10,3346892457,1,1772,1772,1772,1772,431387798,166886,,
2026-07-10,3472976893,1,4565,4565,4565,4565,149280349,2381658,,
2026-07-10,3502524667,1,2041,2041,2041,2041,744993933,3673997,,
2026-07-10,3551414857,1,3203,3203,3203,3203,623087338,1310125,,
2026-07-10,3647333358,1,31278,31278,31278,31278,8826240894,7981514,,
2026-07-10,3746418487,1,4963,4963,4963,4963,307601089,368816,,
2026-07-10,3754482795,1,4093,4093,4093,4093,1240961650,4384965,,
2026-07-10,3759884822,1,2808,2808,2808,2808,123645292,103090,,
2026-07-10,3841172115,1,4052,4052,4052,4052,140244812,658447,,
2026-07-10,4028801234,1,1883,1883,1883,1883,228296991,12124962,,
2026-07-10,4283416256,1,777,777,777,777,19877618,121167,,
2026-07-10,4343544885,1,3080,3080,3080,3080,111649615,2548356,,
2026-07-10,4348829796,1,14481,14481,14481,14481,2556749725,10732248,,
2026-07-10,4518160318,1,5707,5707,5707,5707,622484077,1112298,,
2026-07-10,4595016786,1,3267,3267,3267,3267,584894862,715896,,
2026-07-10,4599924264,1,3721,3721,3721,3721,698372265,267963,,
2026-07-10,4673599750,1,2757,2757,2757,2757,490538796,448411,,
2026-07-10,4720386144,1,2674,2674,2674,2674,109502828,556219,,
2026-07-10,4793836769,1,6436,6436,6436,6436,280196445,5945544,,
2026-07-10,4925331346,1,4275,4275,4275,4275,298730722,457799,,
2026-07-10,4944984948,1,5659,5659,5659,5659,231570115,108284,,
2026-07-10,5195168716,1,1249,1249,1249,1249,92215337,611288,,
2026-07-10,5207621753,1,4426,4426,4426,4426,81700455,70953,,
2026-07-10,5361032378,1,39354,39354,39354,39354,1995535266,978219,,
2026-07-10,5444205790,1,5754,5754,5754,5754,14059299,833537,,
2026-07-10,5549835355,1,3711,3711,3711,3711,103662732,214067,,
2026-07-10,5578556129,1,33556,33556,33556,33556,1985445164,1968746,,
2026-07-10,5668114043,1,1578,1578,1578,1578,232963269,722307,,
2026-07-10,5750914919,1,59810,59810,59810,59810,4642307652,3514897,,
2026-07-10,5956634861,1,747,747,747,747,148479502,582511,,
2026-07-10,6049736902,1,2878,2878,2878,2878,69029164,84697,,
2026-07-10,6072944764,1,698,698,698,698,51591851,56655,,
2026-07-10,6117314924,1,752,752,752,752,13805441,262042,,
2026-07-10,6200551119,1,4178,4178,4178,4178,20812447,758782,,
2026-07-10,6247557414,1,983,983,983,983,193351200,2237388,,
2026-07-10,6314664695,1,805,805,805,805,58763169,2760667,,
2026-07-10,6329693946,1,2694,2694,2694,2694,71655156,213738,,
2026-07-10,6409513651,1,20086,20086,20086,20086,83995036,812314,,
2026-07-10,6541749038,1,4881,4881,4881,4881,33591615,85768,,
2026-07-10,6646518350,1,753,753,753,753,251612788,348546,,
2026-07-10,6682487255,1,9403,9403,9403,9403,464442804,221899,,
2026-07-10,6749060816,1,7803,7803,7803,7803,236070077,1620800,,
2026-07-10,6801595469,1,835,835,835,835,59470406,138222,,
2026-07-10,6994332851,1,833,833,833,833,34102269,664216,,
2026-07-10,6996099240,1,1309,1309,1309,1309,76719800,247314,,
2026-07-10,7018190066,1,22571,22571,22571,22571,6427100621,5996352,,
2026-07-10,7058980030,1,5243,5243,5243,5243,545127410,911949,,
2026-07-10,7082244450,1,4190,4190,4190,4190,,,,
2026-07-10,7082423811,1,3489,3489,3489,3489,271772004,1549428,,
2026-07-10,7091388561,1,848,848,848,848,127211940,105891,,
2026-07-10,7094518649,1,12134,12134,12134,12134,317820640,776251,,
2026-07-10,7127084123,1,4344,4344,4344,4344,140030868,300774,,
2026-07-10,7128163167,1,2017,2017,2017,2017,65533851,111385,,
2026-07-10,7219654364,1,50194,50194,50194,50194,1323148020,14011131,,
2026-07-10,7332711118,1,5169,5169,5169,5169,1854238342,2449265,,
2026-07-10,7383133134,1,941,941,941,941,99452346,732351,,
2026-07-10,7436755782,1,47767,47767,47767,47767,35711677749,11304674,,
2026-07-10,7585079192,1,3699,3699,3699,3699,41639758,154349,,
2026-07-10,7690412163,1,1255,1255,1255,1255,82729929,193295,,
2026-07-10,7709344486,1,213991,213991,213991,213991,71144321129,28651958,,
2026-07-10,7719766419,1,842,842,842,842,27431388,239230,,
2026-07-10,7856039629,1,964,964,964,964,1682874,126477,,
2026-07-10,7891669427,1,1846,1846,1846,1846,31107669,780082,,
2026-07-10,8014099969,1,1761,1761,1761,1761,140825461,237267,,
2026-07-10,8125761207,1,836,836,836,836,28606267,41519,,
2026-07-10,8152539587,1,6336,6336,6336,6336,85893433,9755903,,
2026-07-10,8291789996,1,3552,3552,3552,3552,,,,
2026-07-10,8316902627,1,3920,3920,3920,3920,4670046188,1967796,,
2026-07-10,8356066619,1,37867,37867,37867,37867,66328586,45849,,
2026-07-10,8482984219,1,1344,1344,1344,1344,18091597,685013,,
2026-07-10,8504461817,2,2916,2916,2854,2977,173941145,87444,,
2026-07-10,8539298853,1,15563,15563,15563,15563,1222997701,1646103,,
2026-07-10,8675480462,1,698,698,698,698,4364191,15608,,
2026-07-10,8696670616,1,2886,2886,2886,2886,,,,
2026-07-10,8705454731,1,4929,4929,4929,4929,64388715,499267,,
2026-07-10,8759966530,1,2852,2852,2852,2852,106654749,367874,,
2026-07-10,8786713187,1,2269,2269,2269,2269,112011237,273199,,
2026-07-10,8791358380,1,7012,7012,7012,7012,395783876,11754981,,
2026-07-10,8950496606,1,5157,5157,5157,5157,163733389,413727,,
2026-07-10,9029463012,1,1327,1327,1327,1327,106814323,406097,,
2026-07-10,9077534770,1,1510,1510,1510,1510,55373803,166994,,
2026-07-10,9098570654,1,13716,13716,13716,13716,194841058,301218,,
2026-07-10,9122463229,1,9014,9014,9014,9014,,,,
2026-07-10,9129640671,1,11028,11028,11028,11028,,,,
2026-07-10,9141743926,1,18580,18580,18580,18580,386363457,568040,,
2026-07-10,9145063979,1,5860,5860,5860,5860,505544748,496396,,
2026-07-10,9145282410,1,2122,2122,2122,2122,35448660,258715,,
2026-07-10,9177208241,1,5753,5753,5753,5753,63563966,352869,,
2026-07-10,9219116196,1,6535,6535,6535,6535,80135543,200664,,
2026-07-10,9231693026,1,2948,2948,2948,2948,,,,
2026-07-10,9253627770,1,1379,1379,1379,1379,14438100,17826,,
2026-07-10,9296042754,1,2846,2846,2846,2846,44803547,217443,,
2026-07-10,9315472782,1,1131,1131,1131,1131,19572995,114526,,
2026-07-10,9315739469,1,1799,1799,1799,1799,76398355,79365,,
2026-07-10,9348272796,1,23876,23876,23876,23876,563587965,524252,,
2026-07-10,9362896961,1,5363,5363,5363,5363,138810673,212562,,
2026-07-10,9363735110,1,8391,8391,8391,8391,5655188319,2019028,,
2026-07-10,9409870130,1,997,997,997,997,17333259,218366,,
2026-07-10,9411563986,1,2490,2490,2490,2490,78432862,137205,,
2026-07-10,9494058490,1,12312,12312,12312,12312,,,,
2026-07-10,9501409571,1,759,759,759,759,36590554,180062,,
2026-07-10,9513686983,1,4126,4126,4126,4126,395173152,12845401,,
2026-07-10,9526307912,2,3960,3960,2902,5017,77076864,131742,,
2026-07-10,9556113881,1,1820,1820,1820,1820,35581784,162373,,
2026-07-10,9561553764,1,8947,8947,8947,8947,63676492,65086,,
2026-07-10,9584852943,1,322430,322430,322430,322430,2614501482,3786980,,
2026-07-10,9639553972,1,10803,10803,10803,10803,23364702,130836,,
2026-07-10,9758688665,1,2874,2874,2874,2874,94041219,4875246,,
2026-07-10,9765324104,1,3330,3330,3330,3330,45482390,285740,,
2026-07-10,9787206684,1,3321,3321,3321,3321,756449255,2918318,,
2026-07-10,9792947201,1,5127,5127,5127,5127,522722285,3498543,,
2026-07-10,9797806474,1,35364,35364,35364,35364,45570718,78516,,
2026-07-10,9859536675,1,2754,2754,2754,2754,,,,
2026-07-10,9890892152,1,759,759,759,759,10569075,56636,,
2026-07-10,9934614409,1,3879,3879,3879,3879,76270708,125812,,
2026-07-10,9940725596,1,871,871,871,871,27723433,36500,,
2026-07-10,9955391014,1,771,771,771,771,5865984,125990,,
2026-07-10,9963622286,1,9943,9943,9943,9943,74301077,2649548,,
2026-07-10,9998576154,1,4674,4674,4674,4674,79672532,5168349,,
2026-07-10,10004244222,1,65534,65534,65534,65534,1384479920,22660613,,
2026-07-10,10051853469,1,6389,6389,6389,6389,96221677,2151924,,
2026-07-10,10052184484,1,2943,2943,2943,2943,35350639,2214314,,
2026-07-10,10065013948,1,4510,4510,4510,4510,35697076,55962,,
2026-07-10,10083552936,1,746,746,746,746,6240643,271963,,
2026-07-10,10086454767,1,2589,2589,2589,2589,14855904,43619,,
2026-07-10,10111742174,1,4368,4368,4368,4368,24978318,55139,,
2026-07-10,10127090395,1,15985,15985,15985,15985,29093632,1560795,,
2026-07-10,10138661961,1,3584,3584,3584,3584,37097364,91116,,
2026-07-10,10144280947,1,8384,8384,8384,8384,29645046,1424067,,
2026-07-10,10148434559,1,5616,5616,5616,5616,59047127,399341,,
2026-07-10,10149910491,1,4602,4602,4602,4602,20367379,31629,,
2026-07-10,10149964044,1,6407,6407,6407,6407,,,,
2026-07-10,10167214983,1,2655,2655,2655,2655,48831747,2803503,,
2026-07-10,10184247393,1,8701,8701,8701,8701,33050657,1074164,,
2026-07-10,10196660716,1,5209,5209,5209,5209,6530553,589794,,
2026-07-10,10199301628,1,53176,53176,53176,53176,172641250,1081097,,
2026-07-10,10200291205,1,2770,2770,2770,2770,10057032,320477,,
2026-07-10,10200395747,1,505311,505311,505311,505311,1139127138,601811,,
2026-07-10,10202792393,1,2630,2630,2630,2630,12241404,889635,,
2026-07-10,10207000525,1,4139,4139,4139,4139,18220075,443884,,
2026-07-10,10230921598,1,15193,15193,15193,15193,100669866,6902208,,
2026-07-10,10244001346,1,12166,12166,12166,12166,48481112,47646,,
2026-07-10,10247712813,1,7020,7020,7020,7020,19019372,34117,,
2026-07-10,10247797619,1,21029,21029,21029,21029,12757701,45735,,
2026-07-10,10274447949,1,6717,6717,6717,6717,9808088,848007,,
2026-07-10,10283025251,1,3928,3928,3928,3928,3968148,225768,,
2026-07-10,10321202755,1,17985,17985,17985,17985,17204324,280001,,
2026-07-10,10337069275,1,6788,6788,6788,6788,1688558,22016,,
2026-07-10,10369900243,1,37619,37619,37619,37619,14365092,82373,,
2026-07-11,31970568,1,7596,7596,7596,7596,1587128832,6053293,,
2026-07-11,66654135,1,307931,307931,307931,307931,27137914442,22778775,,
2026-07-11,568307879,1,707,707,707,707,521280057,542542,,
2026-07-11,605887098,1,3215,3215,3215,3215,2505413994,3684276,,
2026-07-11,903807016,1,4778,4778,4778,4778,1535876624,2807477,,
2026-07-11,1198533421,1,1177,1177,1177,1177,177773956,721928,,
2026-07-11,1214576306,1,3422,3422,3422,3422,1633971878,4282327,,
2026-07-11,1430007363,1,3343,3343,3343,3343,889504323,2256505,,
2026-07-11,1489026993,2,7082,7082,7052,7112,2640916125,4303902,,
2026-07-11,1526814825,1,9837,9837,9837,9837,1065487022,4263769,,
2026-07-11,1637284552,1,1016,1016,1016,1016,,,,
2026-07-11,1795206523,1,1362,1362,1362,1362,943745156,925889,,
2026-07-11,1811388660,1,592,592,592,592,128196430,1362660,,
2026-07-11,1831550657,1,33793,33793,33793,33793,2096705019,10590733,,
2026-07-11,1998835206,1,2743,2743,2743,2743,578037809,1164657,,
2026-07-11,2049551477,2,3750,3750,3076,4424,1448344446,1896548,,
2026-07-11,2165551367,1,871,871,871,871,664422437,2402846,,
2026-07-11,2247578975,2,5242,5242,4962,5523,1197111240,14919557,,
2026-07-11,2274830359,1,7946,7946,7946,7946,2937544307,1970771,,
2026-07-11,2294168059,1,11916,11916,11916,11916,1221343992,3290394,,
2026-07-11,2369077151,1,8125,8125,8125,8125,374236611,10276905,,
2026-07-11,2440500124,1,17155,17155,17155,17155,7496001425,7944045,,
2026-07-11,2655478023,2,5090,5090,4571,5610,992265139,3470388,,
2026-07-11,2788648141,1,2967,2967,2967,2967,990525395,1982140,,
2026-07-11,2821905072,1,3566,3566,3566,3566,250637045,5285004,,
2026-07-11,2827951974,1,1208,1208,1208,1208,806110075,676116,,
2026-07-11,2921237723,1,2502,2502,2502,2502,132557968,738970,,
2026-07-11,2992873140,1,30304,30304,30304,30304,1338155345,985374,,
2026-07-11,3034836582,1,953,953,953,953,499697458,1909846,,
2026-07-11,3164075108,1,2969,2969,2969,2969,272508765,720103,,
2026-07-11,3187874989,1,3859,3859,3859,3859,156243829,218252,,
2026-07-11,3191268194,1,3366,3366,3366,3366,1344174838,5316836,,
2026-07-11,3232181171,1,957,957,957,957,55852206,213391,,
2026-07-11,3274669156,1,753,753,753,753,66461920,643083,,
2026-07-11,3310460039,1,19373,19373,19373,19373,4506703854,105104157,,
2026-07-11,3346892457,1,2206,2206,2206,2206,431693836,167209,,
2026-07-11,3472976893,1,3987,3987,3987,3987,149969110,2399385,,
2026-07-11,3502524667,1,2135,2135,2135,2135,745375339,3674310,,
2026-07-11,3551414857,1,3591,3591,3591,3591,623394411,1310489,,
2026-07-11,3647333358,1,31330,31330,31330,31330,8830645224,7984627,,
2026-07-11,3746418487,1,2947,2947,2947,2947,307990725,369521,,
2026-07-11,3754482795,1,5504,5504,5504,5504,1241593916,4387187,,
2026-07-11,3759884822,1,3033,3033,3033,3033,123827395,103298,,
2026-07-11,3841172115,1,3698,3698,3698,3698,140713037,659925,,
2026-07-11,4028801234,1,1249,1249,1249,1249,228527397,12137827,,
2026-07-11,4071487712,1,664,664,664,664,26830727,113197,,
2026-07-11,4283416256,1,839,839,839,839,19939003,121422,,
2026-07-11,4348829796,1,12707,12707,12707,12707,2558520917,10741156,,
2026-07-11,4518160318,1,5964,5964,5964,5964,622867932,1113192,,
2026-07-11,4543855070,1,3097,3097,3097,3097,220224192,270574,,
2026-07-11,4595016786,1,3679,3679,3679,3679,585302338,716658,,
2026-07-11,4599924264,1,3153,3153,3153,3153,698931904,268339,,
2026-07-11,4673599750,1,2792,2792,2792,2792,491363526,449163,,
2026-07-11,4720386144,1,2649,2649,2649,2649,109711284,557117,,
2026-07-11,4793836769,1,6273,6273,6273,6273,280695247,5954920,,
2026-07-11,4925331346,1,4023,4023,4023,4023,299046426,458276,,
2026-07-11,4944984948,1,4717,4717,4717,4717,232595737,108941,,
2026-07-11,5195168716,1,1527,1527,1527,1527,92357554,611918,,
2026-07-11,5207621753,1,4652,4652,4652,4652,82084710,71110,,
2026-07-11,5361032378,1,49151,49151,49151,49151,1997200504,978913,,
2026-07-11,5508238359,1,4299,4299,4299,4299,77079448,1508345,,
2026-07-11,5549835355,1,4907,4907,4907,4907,104107818,215449,,
2026-07-11,5578556129,1,31982,31982,31982,31982,1986932782,1968981,,
2026-07-11,5668114043,1,1576,1576,1576,1576,233130049,722644,,
2026-07-11,5698013839,1,698,698,698,698,68986902,271480,,
2026-07-11,5750914919,1,66060,66060,66060,66060,4645719075,3516304,,
2026-07-11,6247557414,1,922,922,922,922,193481139,2239002,,
2026-07-11,6314664695,1,793,793,793,793,58828530,2763402,,
2026-07-11,6409513651,1,20150,20150,20150,20150,84743242,814894,,
2026-07-11,6541749038,1,1403,1403,1403,1403,34006123,87134,,
2026-07-11,6646518350,1,732,732,732,732,251823673,348613,,
2026-07-11,6647992437,1,824,824,824,824,88189383,31376,,
2026-07-11,6682487255,1,9488,9488,9488,9488,465251795,222076,,
2026-07-11,6749060816,1,9078,9078,9078,9078,236836847,1623536,,
2026-07-11,6801595469,1,626,626,626,626,59629603,138578,,
2026-07-11,7018190066,1,20638,20638,20638,20638,6429008016,5998301,,
2026-07-11,7058980030,1,6627,6627,6627,6627,546366707,914841,,
2026-07-11,7082244450,1,4190,4190,4190,4190,,,,
2026-07-11,7082423811,1,3829,3829,3829,3829,272110414,1549844,,
2026-07-11,7094518649,1,11909,11909,11909,11909,318554497,777586,,
2026-07-11,7127084123,1,4424,4424,4424,4424,140349561,301438,,
2026-07-11,7128163167,1,2635,2635,2635,2635,65803629,111747,,
2026-07-11,7196736932,1,3474,3474,3474,3474,14796083,64353,,
2026-07-11,7219654364,1,50080,50080,50080,50080,1328613842,14037903,,
2026-07-11,7332711118,1,4982,4982,4982,4982,1854711938,2449640,,
2026-07-11,7383133134,1,779,779,779,779,99587071,733531,,
2026-07-11,7434179990,1,2743,2743,2743,2743,218431677,7732160,,
2026-07-11,7435020231,1,723,723,723,723,31993795,115672,,
2026-07-11,7436755782,1,45545,45545,45545,45545,35715264320,11306563,,
2026-07-11,7450124099,1,16238,16238,16238,16238,123077408,689673,,
2026-07-11,7585079192,1,3221,3221,3221,3221,41823057,154641,,
2026-07-11,7613970129,1,2655,2655,2655,2655,52768691,126777,,
2026-07-11,7690412163,1,973,973,973,973,82836529,194033,,
2026-07-11,7709344486,1,272001,272001,272001,272001,71184863173,28659972,,
2026-07-11,7719766419,1,1320,1320,1320,1320,27561616,240009,,
2026-07-11,7760134732,1,3092,3092,3092,3092,24223670,705573,,
2026-07-11,7856039629,1,953,953,953,953,1794897,132940,,
2026-07-11,7891669427,1,1732,1732,1732,1732,31283858,783439,,
2026-07-11,8014099969,1,1549,1549,1549,1549,141026539,237572,,
2026-07-11,8291789996,1,3552,3552,3552,3552,,,,
2026-07-11,8316902627,1,3814,3814,3814,3814,4670575957,1968103,,
2026-07-11,8356066619,1,35668,35668,35668,35668,67580731,46003,,
2026-07-11,8504461817,2,3143,3143,2475,3811,174434046,87819,,
2026-07-11,8539298853,1,14246,14246,14246,14246,1224481201,1648725,,
2026-07-11,8696670616,1,2886,2886,2886,2886,,,,
2026-07-11,8705454731,1,3381,3381,3381,3381,65284380,500878,,
2026-07-11,8759966530,1,2624,2624,2624,2624,106982474,368518,,
2026-07-11,8786713187,1,2088,2088,2088,2088,112202412,273710,,
2026-07-11,8791358380,1,6919,6919,6919,6919,396562440,11771268,,
2026-07-11,8950496606,1,4235,4235,4235,4235,164054974,414229,,
2026-07-11,9029463012,1,820,820,820,820,106928420,406696,,
2026-07-11,9077534770,1,1527,1527,1527,1527,55602925,168241,,
2026-07-11,9098570654,1,15887,15887,15887,15887,195803895,302815,,
2026-07-11,9122463229,1,9014,9014,9014,9014,,,,
2026-07-11,9129640671,1,11028,11028,11028,11028,,,,
2026-07-11,9141743926,1,15641,15641,15641,15641,388107058,568924,,
2026-07-11,9145063979,1,6568,6568,6568,6568,506295616,497319,,
2026-07-11,9145282410,1,1558,1558,1558,1558,35630861,260114,,
2026-07-11,9177208241,1,3375,3375,3375,3375,64161490,356201,,
2026-07-11,9219116196,1,4467,4467,4467,4467,80740446,203187,,
2026-07-11,9231693026,1,2948,2948,2948,2948,,,,
2026-07-11,9253627770,1,784,784,784,784,14549160,17984,,
2026-07-11,9296042754,1,3195,3195,3195,3195,45086251,218621,,
2026-07-11,9315472782,1,1098,1098,1098,1098,19712705,115233,,
2026-07-11,9315739469,1,1209,1209,1209,1209,76630482,79667,,
2026-07-11,9348272796,1,26848,26848,26848,26848,566199361,526725,,
2026-07-11,9362896961,1,5315,5315,5315,5315,139076930,212694,,
2026-07-11,9363735110,1,8659,8659,8659,8659,5656266671,2019610,,
2026-07-11,9409870130,1,1120,1120,1120,1120,17454267,219784,,
2026-07-11,9411563986,1,1803,1803,1803,1803,78736312,137804,,
2026-07-11,9494058490,1,12312,12312,12312,12312,,,,
2026-07-11,9501409571,1,1029,1029,1029,1029,36695377,180642,,
2026-07-11,9513686983,1,4734,4734,4734,4734,,,,
2026-07-11,9526307912,2,4344,4344,4104,4585,77897536,133180,,
2026-07-11,9556113881,1,808,808,808,808,35824107,163445,,
2026-07-11,9561553764,1,8255,8255,8255,8255,64986037,66011,,
2026-07-11,9584852943,1,372638,372638,372638,372638,2669527293,3843428,,
2026-07-11,9639553972,1,12298,12298,12298,12298,25339226,142010,,
2026-07-11,9660713566,1,3674,3674,3674,3674,84448334,5232842,,
2026-07-11,9787206684,1,3257,3257,3257,3257,756951413,2919799,,
2026-07-11,9792947201,1,5215,5215,5215,5215,523279209,3500092,,
2026-07-11,9797806474,1,34688,34688,34688,34688,47449261,81728,,
2026-07-11,9859536675,1,2754,2754,2754,2754,,,,
2026-07-11,9934614409,1,3653,3653,3653,3653,76786551,126419,,
2026-07-11,9940725596,1,905,905,905,905,27875077,36685,,
2026-07-11,9963622286,1,12192,12192,12192,12192,75547510,2651066,,
2026-07-11,9998576154,1,5933,5933,5933,5933,80224989,5199099,,
2026-07-11,10004244222,1,72587,72587,72587,72587,1392775352,22725858,,
2026-07-11,10051853469,1,5906,5906,5906,5906,97004079,2160844,,
2026-07-11,10052184484,1,3971,3971,3971,3971,35632664,2230351,,
2026-07-11,10065013948,1,4294,4294,4294,4294,36161119,56478,,
2026-07-11,10083552936,1,1086,1086,1086,1086,6362804,277224,,
2026-07-11,10086454767,1,3218,3218,3218,3218,15088963,44124,,
2026-07-11,10111742174,1,5074,5074,5074,5074,25282407,55415,,
2026-07-11,10127090395,1,19243,19243,19243,19243,32750832,1719652,,
2026-07-11,10138661961,1,3581,3581,3581,3581,37579863,92035,,
2026-07-11,10144280947,1,10412,10412,10412,10412,30862645,1444804,,
2026-07-11,10148434559,1,5228,5228,5228,5228,59592518,401300,,
2026-07-11,10149910491,1,4966,4966,4966,4966,20781534,32156,,
2026-07-11,10149964044,1,6407,6407,6407,6407,,,,
2026-07-11,10153098880,1,3535,3535,3535,3535,644619,3979,,
2026-07-11,10184247393,1,8891,8891,8891,8891,33788051,1088293,,
2026-07-11,10196660716,1,7537,7537,7537,7537,7182634,638727,,
2026-07-11,10199301628,1,59956,59956,59956,59956,179464820,1111062,,
2026-07-11,10200291205,1,5044,5044,5044,5044,11428915,373701,,
2026-07-11,10200395747,1,419943,419943,419943,419943,1162646783,605626,,
2026-07-11,10207000525,1,3994,3994,3994,3994,19110178,461719,,
2026-07-11,10230921598,1,16416,16416,16416,16416,102681279,7011922,,
2026-07-11,10244001346,1,9895,9895,9895,9895,50295479,49843,,
2026-07-11,10247712813,1,6128,6128,6128,6128,19778491,34856,,
2026-07-11,10247797619,1,29208,29208,29208,29208,15184592,55750,,
2026-07-11,10271341023,1,2841,2841,2841,2841,7364766,15342,,
2026-07-11,10274447949,1,5677,5677,5677,5677,10634771,905381,,
2026-07-11,10283025251,1,5604,5604,5604,5604,4452787,250752,,
2026-07-11,10321202755,1,19378,19378,19378,19378,18029185,284642,,
2026-07-11,10337069275,1,8689,8689,8689,8689,1987676,25022,,
2026-07-11,10369900243,1,16640,16640,16640,16640,18196370,103373,,
2026-07-12,31970568,1,8048,8048,8048,8048,1587696309,6054054,,
2026-07-12,66654135,1,345037,345037,345037,345037,27175510344,22795356,,
2026-07-12,568307879,1,737,737,737,737,521383669,542675,,
2026-07-12,605887098,1,3213,3213,3213,3213,2505805761,3684847,,
2026-07-12,903807016,1,5019,5019,5019,5019,1536659565,2807957,,
2026-07-12,1053132402,1,2698,2698,2698,2698,560847302,966644,,
2026-07-12,1198533421,1,1066,1066,1066,1066,177860036,722103,,
2026-07-12,1214576306,1,3782,3782,3782,3782,1634227049,4282692,,
2026-07-12,1430007363,1,4097,4097,4097,4097,889989758,2259002,,
2026-07-12,1489026993,2,7609,7609,7374,7844,2641721055,4305026,,
2026-07-12,1526814825,1,10535,10535,10535,10535,1066266657,4266052,,
2026-07-12,1637284552,1,1016,1016,1016,1016,,,,
2026-07-12,1795206523,1,1481,1481,1481,1481,944029459,926017,,
2026-07-12,1831550657,1,34181,34181,34181,34181,2098936846,10600985,,
2026-07-12,1998835206,1,2617,2617,2617,2617,578267378,1164901,,
2026-07-12,2049551477,2,4253,4253,3012,5494,1448924724,1897268,,
2026-07-12,2165551367,1,1081,1081,1081,1081,664580671,2403744,,
2026-07-12,2247578975,2,5176,5176,4371,5982,1197833290,14920002,,
2026-07-12,2274830359,1,6786,6786,6786,6786,2938735036,1971730,,
2026-07-12,2294168059,1,9139,9139,9139,9139,1222262407,3292745,,
2026-07-12,2369077151,1,8007,8007,8007,8007,375263544,10296865,,
2026-07-12,2440500124,1,19158,19158,19158,19158,7498074453,7946089,,
2026-07-12,2655478023,2,5817,5817,5089,6545,993176016,3471083,,
2026-07-12,2788648141,1,3226,3226,3226,3226,990819656,1985981,,
2026-07-12,2821905072,1,4002,4002,4002,4002,251096871,5294377,,
2026-07-12,2827951974,1,1259,1259,1259,1259,806279232,676335,,
2026-07-12,2921237723,1,2853,2853,2853,2853,132850526,739949,,
2026-07-12,2992873140,1,26579,26579,26579,26579,1340414979,986483,,
2026-07-12,3034836582,1,1054,1054,1054,1054,499824249,1909969,,
2026-07-12,3079618996,1,3909,3909,3909,3909,765161068,795593,,
2026-07-12,3164075108,1,3127,3127,3127,3127,272731213,720380,,
2026-07-12,3187874989,1,4698,4698,4698,4698,156675096,218676,,
2026-07-12,3191268194,1,3736,3736,3736,3736,1344507927,5321944,,
2026-07-12,3232181171,1,1230,1230,1230,1230,55972527,213810,,
2026-07-12,3274669156,1,863,863,863,863,66517217,643703,,
2026-07-12,3310460039,1,22665,22665,22665,22665,4509948822,105105449,,
2026-07-12,3346892457,1,2215,2215,2215,2215,431996841,167478,,
2026-07-12,3420059569,1,2800,2800,2800,2800,942629794,27476590,,
2026-07-12,3472976893,1,4498,4498,4498,4498,150617644,2417681,,
2026-07-12,3502524667,1,2649,2649,2649,2649,745769502,3674619,,
2026-07-12,3551414857,1,4093,4093,4093,4093,623742852,1310892,,
2026-07-12,3647333358,1,31995,31995,31995,31995,8835075225,7987747,,
2026-07-12,3746418487,1,4776,4776,4776,4776,,,,
2026-07-12,3754482795,1,6022,6022,6022,6022,1242447183,4390430,,
2026-07-12,3759884822,1,3240,3240,3240,3240,124030598,103515,,
2026-07-12,3841172115,1,4591,4591,4591,4591,141140624,661047,,
2026-07-12,4028801234,1,1506,1506,1506,1506,228703984,12148216,,
2026-07-12,4071487712,1,729,729,729,729,26879785,113373,,
2026-07-12,4283416256,1,822,822,822,822,20004605,121773,,
2026-07-12,4348829796,1,14585,14585,14585,14585,2560463955,10750522,,
2026-07-12,4518160318,1,6066,6066,6066,6066,623296198,1114305,,
2026-07-12,4543855070,1,3448,3448,3448,3448,220459984,270853,,
2026-07-12,4595016786,1,3630,3630,3630,3630,585782319,717485,,
2026-07-12,4599924264,1,3065,3065,3065,3065,699468746,268702,,
2026-07-12,4673599750,1,2747,2747,2747,2747,492212080,449873,,
2026-07-12,4720386144,1,3161,3161,3161,3161,109950555,558450,,
2026-07-12,4793836769,1,6397,6397,6397,6397,281203200,5965100,,
2026-07-12,4925331346,1,4334,4334,4334,4334,299385576,458925,,
2026-07-12,4944984948,1,5083,5083,5083,5083,233438027,109462,,
2026-07-12,5195168716,1,1565,1565,1565,1565,92491939,612612,,
2026-07-12,5207621753,1,4501,4501,4501,4501,82473137,71262,,
2026-07-12,5361032378,1,40635,40635,40635,40635,1999027393,979808,,
2026-07-12,5508238359,1,4985,4985,4985,4985,77501541,1513162,,
2026-07-12,5549835355,1,4827,4827,4827,4827,104732412,217215,,
2026-07-12,5578556129,1,28247,28247,28247,28247,1988261119,1969091,,
2026-07-12,5668114043,1,2134,2134,2134,2134,233306596,723071,,
2026-07-12,5698013839,1,699,699,699,699,69059958,271791,,
2026-07-12,5750914919,1,79378,79378,79378,79378,4651191887,3518202,,
2026-07-12,6015491985,1,2720,2720,2720,2720,345471979,201114,,
2026-07-12,6072944764,1,813,813,813,813,51712747,56863,,
2026-07-12,6247557414,1,926,926,926,926,193602161,2240365,,
2026-07-12,6314664695,1,800,800,800,800,58892237,2766029,,
2026-07-12,6409513651,1,18779,18779,18779,18779,85527608,817324,,
2026-07-12,6541749038,1,949,949,949,949,34190525,87443,,
2026-07-12,6647992437,1,937,937,937,937,88300044,31477,,
2026-07-12,6682487255,1,9108,9108,9108,9108,466050386,222331,,
2026-07-12,6749060816,1,8575,8575,8575,8575,237537952,1626309,,
2026-07-12,7018190066,1,25427,25427,25427,25427,6431147384,6000130,,
2026-07-12,7058980030,1,6254,6254,6254,6254,547450178,916568,,
2026-07-12,7082244450,1,4190,4190,4190,4190,,,,
2026-07-12,7082423811,1,3312,3312,3312,3312,272498755,1550284,,
2026-07-12,7094518649,1,12596,12596,12596,12596,319234139,778930,,
2026-07-12,7127084123,1,5744,5744,5744,5744,140772033,302199,,
2026-07-12,7128163167,1,3394,3394,3394,3394,66156854,112335,,
2026-07-12,7219654364,1,58341,58341,58341,58341,1334556528,14068636,,
2026-07-12,7332711118,1,5508,5508,5508,5508,1855441363,2450160,,
2026-07-12,7383133134,1,938,938,938,938,99711095,734479,,
2026-07-12,7434179990,1,4711,4711,4711,4711,218829677,7743806,,
2026-07-12,7435020231,1,897,897,897,897,32060270,115786,,
2026-07-12,7436755782,1,54816,54816,54816,54816,35720676129,11309373,,
2026-07-12,7450124099,1,5420,5420,5420,5420,124067526,698359,,
2026-07-12,7613970129,1,3803,3803,3803,3803,53078620,127827,,
2026-07-12,7690412163,1,1364,1364,1364,1364,82920949,194333,,
2026-07-12,7709344486,1,286744,286744,286744,286744,71250888296,28673836,,
2026-07-12,7719766419,1,770,770,770,770,27703642,241015,,
2026-07-12,7760134732,1,2655,2655,2655,2655,24535898,714017,,
2026-07-12,7798947148,1,4065,4065,4065,4065,131559028,290882,,
2026-07-12,7856039629,1,842,842,842,842,1925293,140340,,
2026-07-12,7891669427,1,2215,2215,2215,2215,31467491,786775,,
2026-07-12,8014099969,1,2045,2045,2045,2045,141233801,237849,,
2026-07-12,8291789996,1,3552,3552,3552,3552,,,,
2026-07-12,8316902627,1,4280,4280,4280,4280,4671320818,1968682,,
2026-07-12,8356066619,1,47664,47664,47664,47664,69305589,46099,,
2026-07-12,8504461817,2,3508,3508,3270,3746,174914381,88158,,
2026-07-12,8539298853,1,16065,16065,16065,16065,1225929543,1650967,,
2026-07-12,8696670616,1,2886,2886,2886,2886,,,,
2026-07-12,8705454731,1,3999,3999,3999,3999,65751362,501744,,
2026-07-12,8759966530,1,2980,2980,2980,2980,107348241,369369,,
2026-07-12,8786713187,1,2357,2357,2357,2357,112379386,274134,,
2026-07-12,8791358380,1,7387,7387,7387,7387,397373249,11788527,,
2026-07-12,8950496606,1,3978,3978,3978,3978,164354718,414749,,
2026-07-12,9029463012,1,895,895,895,895,107026965,406964,,
2026-07-12,9073513091,1,3991,3991,3991,3991,116710690,152350,,
2026-07-12,9077534770,1,1649,1649,1649,1649,55776996,168845,,
2026-07-12,9098570654,1,16279,16279,16279,16279,196943241,304693,,
2026-07-12,9122463229,1,9014,9014,9014,9014,,,,
2026-07-12,9129640671,1,11028,11028,11028,11028,,,,
2026-07-12,9141743926,1,15743,15743,15743,15743,389798773,569761,,
2026-07-12,9145063979,1,7991,7991,7991,7991,507265442,498519,,
2026-07-12,9145282410,1,1451,1451,1451,1451,35763452,260846,,
2026-07-12,9177208241,1,3860,3860,3860,3860,64560537,357746,,
2026-07-12,9219116196,1,4030,4030,4030,4030,81164730,204412,,
2026-07-12,9231693026,1,2948,2948,2948,2948,,,,
2026-07-12,9296042754,1,4245,4245,4245,4245,45427640,220066,,
2026-07-12,9315472782,1,1109,1109,1109,1109,19845410,115863,,
2026-07-12,9315739469,1,1522,1522,1522,1522,76809389,79853,,
2026-07-12,9348272796,1,25663,25663,25663,25663,568945116,529319,,
2026-07-12,9362896961,1,5391,5391,5391,5391,139374920,212775,,
2026-07-12,9363735110,1,10645,10645,10645,10645,5657823951,2020225,,
2026-07-12,9409870130,1,1462,1462,1462,1462,17571107,221069,,
2026-07-12,9411563986,1,2015,2015,2015,2015,78987015,138221,,
2026-07-12,9494058490,1,12312,12312,12312,12312,,,,
2026-07-12,9501409571,1,874,874,874,874,36821775,181316,,
2026-07-12,9513686983,1,4755,4755,4755,4755,396373971,12892139,,
2026-07-12,9526307912,2,4113,4113,3993,4233,78516288,134202,,
2026-07-12,9556113881,1,799,799,799,799,35912838,163698,,
2026-07-12,9561553764,1,11138,11138,11138,11138,66473667,67044,,
2026-07-12,9584852943,1,416227,416227,416227,416227,2770159951,3911335,,
2026-07-12,9639553972,1,7025,7025,7025,7025,26338927,145672,,
2026-07-12,9787206684,1,3195,3195,3195,3195,757667733,2920991,,
2026-07-12,9792947201,1,4774,4774,4774,4774,523819861,3501279,,
2026-07-12,9797806474,1,31777,31777,31777,31777,49305923,84671,,
2026-07-12,9859536675,1,2754,2754,2754,2754,,,,
2026-07-12,9934614409,1,3822,3822,3822,3822,77235015,126970,,
2026-07-12,9940725596,1,988,988,988,988,28053633,36910,,
2026-07-12,9953328866,1,3495,3495,3495,3495,35619430,40007,,
2026-07-12,9963622286,1,10738,10738,10738,10738,77005719,2652563,,
2026-07-12,9969095451,1,2927,2927,2927,2927,27430628,1148793,,
2026-07-12,9998576154,1,5295,5295,5295,5295,80983681,5240143,,
2026-07-12,10004244222,1,77806,77806,77806,77806,1407104420,22806655,,
2026-07-12,10051853469,1,5651,5651,5651,5651,97612039,2170067,,
2026-07-12,10052184484,1,2776,2776,2776,2776,35921353,2247025,,
2026-07-12,10065013948,1,3947,3947,3947,3947,36586206,56917,,
2026-07-12,10083552936,1,1202,1202,1202,1202,6526469,285120,,
2026-07-12,10086454767,1,2751,2751,2751,2751,15333174,44616,,
2026-07-12,10111742174,1,4392,4392,4392,4392,25683674,55749,,
2026-07-12,10127090395,1,16150,16150,16150,16150,36807596,1933117,,
2026-07-12,10138661961,1,3150,3150,3150,3150,38033954,92805,,
2026-07-12,10144280947,1,9154,9154,9154,9154,31922922,1470034,,
2026-07-12,10148434559,1,5816,5816,5816,5816,60470415,404350,,
2026-07-12,10149910491,1,5531,5531,5531,5531,21263999,32775,,
2026-07-12,10149964044,1,6407,6407,6407,6407,,,,
2026-07-12,10153098880,1,3261,3261,3261,3261,857964,4993,,
2026-07-12,10183029417,1,2827,2827,2827,2827,4213663,185148,,
2026-07-12,10184247393,1,9228,9228,9228,9228,34729263,1107267,,
2026-07-12,10196660716,1,5073,5073,5073,5073,7995984,702341,,
2026-07-12,10199301628,1,59148,59148,59148,59148,187795254,1146542,,
2026-07-12,10200291205,1,2644,2644,2644,2644,12579967,413554,,
2026-07-12,10200395747,1,362217,362217,362217,362217,1184269868,605526,,
2026-07-12,10203815049,1,2659,2659,2659,2659,10544514,15218,,
2026-07-12,10204207151,1,15846,15846,15846,15846,966204,8652,,
2026-07-12,10207000525,1,3948,3948,3948,3948,20088141,480778,,
2026-07-12,10230921598,1,18351,18351,18351,18351,105594000,7197271,,
2026-07-12,10244001346,1,10505,10505,10505,10505,52058870,51524,,
2026-07-12,10247712813,1,4951,4951,4951,4951,20556957,35408,,
2026-07-12,10247797619,1,24096,24096,24096,24096,18221659,65326,,
2026-07-12,10271341023,1,2705,2705,2705,2705,7778880,16151,,
2026-07-12,10274447949,1,6262,6262,6262,6262,11469045,963638,,
2026-07-12,10283025251,1,6055,6055,6055,6055,5143135,290663,,
2026-07-12,10321202755,1,22167,22167,22167,22167,19160190,291310,,
2026-07-12,10337069275,1,8842,8842,8842,8842,2477913,29802,,
2026-07-12,10369900243,1,14490,14490,14490,14490,20500039,110556,,
2026-07-12,10397566868,1,75573,75573,75573,75573,34495309,204190,,
2026-07-13,31970568,1,6700,6700,6700,6700,1588249294,6054823,,
2026-07-13,66654135,1,365158,365158,365158,365158,27213676229,22812132,,
2026-07-13,568307879,1,769,769,769,769,521483920,542814,,
2026-07-13,605887098,1,3167,3167,3167,3167,2506178532,3685479,,
2026-07-13,903807016,1,4945,4945,4945,4945,1537480947,2808403,,
2026-07-13,1198533421,1,1045,1045,1045,1045,177936600,722251,,
2026-07-13,1214576306,1,3610,3610,3610,3610,1634501134,4283076,,
2026-07-13,1430007363,1,3847,3847,3847,3847,890435724,2261271,,
2026-07-13,1489026993,2,6922,6922,6763,7080,2642451676,4306017,,
2026-07-13,1526814825,1,10286,10286,10286,10286,1067041365,4268336,,
2026-07-13,1637284552,1,1016,1016,1016,1016,,,,
2026-07-13,1795206523,1,1343,1343,1343,1343,944302494,926100,,
2026-07-13,1831550657,1,32040,32040,32040,32040,2101075942,10608143,,
2026-07-13,1998835206,1,2670,2670,2670,2670,578486372,1165107,,
2026-07-13,2049551477,2,4000,4000,2974,5026,1449518635,1897996,,
2026-07-13,2165551367,1,1071,1071,1071,1071,664739898,2404712,,
2026-07-13,2247578975,2,4386,4386,3807,4965,1198459925,14920440,,
2026-07-13,2274830359,1,6736,6736,6736,6736,2939797234,1972618,,
2026-07-13,2294168059,1,8400,8400,8400,8400,1223037305,3295183,,
2026-07-13,2369077151,1,8935,8935,8935,8935,376276384,10318949,,
2026-07-13,2440500124,1,18463,18463,18463,18463,7500208909,7948179,,
2026-07-13,2655478023,2,5064,5064,4387,5740,993979641,3471726,,
2026-07-13,2821905072,1,3265,3265,3265,3265,251470833,5300728,,
2026-07-13,2827951974,1,1190,1190,1190,1190,806421342,676513,,
2026-07-13,2921237723,1,2888,2888,2888,2888,133196910,741186,,
2026-07-13,2992873140,1,23933,23933,23933,23933,1342620428,987664,,
2026-07-13,3034836582,1,883,883,883,883,499934507,1910112,,
2026-07-13,3079618996,1,3270,3270,3270,3270,765439516,797716,,
2026-07-13,3164075108,1,2945,2945,2945,2945,272952629,720723,,
2026-07-13,3187874989,1,4430,4430,4430,4430,157063071,219039,,
2026-07-13,3191268194,1,3641,3641,3641,3641,1344864471,5327573,,
2026-07-13,3232181171,1,908,908,908,908,56084690,214265,,
2026-07-13,3274669156,1,1013,1013,1013,1013,66578186,644399,,
2026-07-13,3310460039,1,20290,20290,20290,20290,4512968851,105106676,,
2026-07-13,3346892457,1,2278,2278,2278,2278,432284615,167767,,
2026-07-13,3472976893,1,4153,4153,4153,4153,151259543,2437012,,
2026-07-13,3502524667,1,2146,2146,2146,2146,746140812,3674912,,
2026-07-13,3551414857,1,3253,3253,3253,3253,624066964,1311334,,
2026-07-13,3647333358,1,31694,31694,31694,31694,8839183841,7990911,,
2026-07-13,3746418487,1,3140,3140,3140,3140,308909232,371014,,
2026-07-13,3754482795,1,5255,5255,5255,5255,1243202398,4393274,,
2026-07-13,3841172115,1,3837,3837,3837,3837,141588232,662253,,
2026-07-13,4028801234,1,1457,1457,1457,1457,228866309,12158073,,
2026-07-13,4283416256,1,856,856,856,856,20068149,122126,,
2026-07-13,4348829796,1,15320,15320,15320,15320,2562360980,10758814,,
2026-07-13,4518160318,1,5974,5974,5974,5974,623721304,1115424,,
2026-07-13,4595016786,1,3917,3917,3917,3917,586252033,718244,,
2026-07-13,4599924264,1,2753,2753,2753,2753,699978694,269054,,
2026-07-13,4673599750,1,2521,2521,2521,2521,492836453,450445,,
2026-07-13,4720386144,1,2921,2921,2921,2921,110198342,559754,,
2026-07-13,4793836769,1,6114,6114,6114,6114,281705719,5976979,,
2026-07-13,4925331346,1,4162,4162,4162,4162,299724973,459544,,
2026-07-13,4944984948,1,5261,5261,5261,5261,234290910,110002,,
2026-07-13,5195168716,1,1301,1301,1301,1301,92638756,613410,,
2026-07-13,5207621753,1,4167,4167,4167,4167,82796561,71454,,
2026-07-13,5361032378,1,40377,40377,40377,40377,2001015088,980617,,
2026-07-13,5508238359,1,3909,3909,3909,3909,77903889,1517794,,
2026-07-13,5578556129,1,47565,47565,47565,47565,1990032885,1969504,,
2026-07-13,5668114043,1,2319,2319,2319,2319,233511514,723661,,
2026-07-13,5698013839,1,837,837,837,837,69127723,272070,,
2026-07-13,5750914919,1,69215,69215,69215,69215,4655095420,3519460,,
2026-07-13,5927446137,1,736,736,736,736,43512879,571289,,
2026-07-13,5956634861,1,683,683,683,683,148702545,583072,,
2026-07-13,6072944764,1,906,906,906,906,51778328,57001,,
2026-07-13,6247557414,1,1228,1228,1228,1228,193735961,2242043,,
2026-07-13,6314664695,1,731,731,731,731,58960488,2769003,,
2026-07-13,6409513651,1,16209,16209,16209,16209,86308724,819586,,
2026-07-13,6541749038,1,985,985,985,985,34347959,87754,,
2026-07-13,6682487255,1,8478,8478,8478,8478,466846586,222466,,
2026-07-13,6749060816,1,8449,8449,8449,8449,238157900,1628549,,
2026-07-13,7018190066,1,23733,23733,23733,23733,6433139011,6001409,,
2026-07-13,7058980030,1,6394,6394,6394,6394,548636319,918732,,
2026-07-13,7082244450,1,4190,4190,4190,4190,,,,
2026-07-13,7082423811,1,2678,2678,2678,2678,272831893,1550679,,
2026-07-13,7094518649,1,12473,12473,12473,12473,319929295,780331,,
2026-07-13,7127084123,1,4523,4523,4523,4523,141145158,302902,,
2026-07-13,7128163167,1,2903,2903,2903,2903,66483987,112851,,
2026-07-13,7219654364,1,56155,56155,56155,56155,1340273400,14099855,,
2026-07-13,7332711118,1,4606,4606,4606,4606,1855980352,2450595,,
2026-07-13,7368125255,1,3654,3654,3654,3654,92625398,4436651,,
2026-07-13,7383133134,1,834,834,834,834,99818953,735295,,
2026-07-13,7434179990,1,3018,3018,3018,3018,219250256,7757085,,
2026-07-13,7435020231,1,755,755,755,755,32106277,115840,,
2026-07-13,7436755782,1,52915,52915,52915,52915,35724954177,11310760,,
2026-07-13,7450124099,1,3160,3160,3160,3160,124345314,700030,,
2026-07-13,7690412163,1,1255,1255,1255,1255,83028676,194822,,
2026-07-13,7709344486,1,206691,206691,206691,206691,71293376109,28682139,,
2026-07-13,7719766419,1,888,888,888,888,27794053,241430,,
2026-07-13,7798947148,1,2966,2966,2966,2966,132000035,291378,,
2026-07-13,7856039629,1,1046,1046,1046,1046,2035846,146573,,
2026-07-13,7891669427,1,2377,2377,2377,2377,31660490,790532,,
2026-07-13,8014099969,1,1645,1645,1645,1645,141412416,238059,,
2026-07-13,8291789996,1,3552,3552,3552,3552,,,,
2026-07-13,8316902627,1,4034,4034,4034,4034,4671884521,1968917,,
2026-07-13,8356066619,1,39569,39569,39569,39569,70824486,45768,,
2026-07-13,8504461817,2,2650,2650,2471,2829,175340808,88461,,
2026-07-13,8539298853,1,15294,15294,15294,15294,1227356292,1653551,,
2026-07-13,8696670616,1,2886,2886,2886,2886,,,,
2026-07-13,8759966530,1,3275,3275,3275,3275,107742690,370128,,
2026-07-13,8786713187,1,2326,2326,2326,2326,112570828,274632,,
2026-07-13,8791358380,1,7244,7244,7244,7244,398191975,11806875,,
2026-07-13,8950496606,1,3777,3777,3777,3777,164630570,415272,,
2026-07-13,9029463012,1,883,883,883,883,107124756,407253,,
2026-07-13,9077534770,1,1457,1457,1457,1457,55942339,169388,,
2026-07-13,9098570654,1,13532,13532,13532,13532,197914789,306536,,
2026-07-13,9122463229,1,9014,9014,9014,9014,,,,
2026-07-13,9129640671,1,11028,11028,11028,11028,,,,
2026-07-13,9141743926,1,14944,14944,14944,14944,391334591,570691,,
2026-07-13,9145063979,1,8644,8644,8644,8644,508263601,499788,,
2026-07-13,9145282410,1,1899,1899,1899,1899,35903534,261628,,
2026-07-13,9177208241,1,4592,4592,4592,4592,65002372,359398,,
2026-07-13,9219116196,1,4784,4784,4784,4784,81571383,205615,,
2026-07-13,9231693026,1,2948,2948,2948,2948,,,,
2026-07-13,9296042754,1,3511,3511,3511,3511,45861410,221929,,
2026-07-13,9315472782,1,1091,1091,1091,1091,19981937,116615,,
2026-07-13,9315739469,1,1767,1767,1767,1767,77028747,80160,,
2026-07-13,9348272796,1,22255,22255,22255,22255,571217709,531540,,
2026-07-13,9362896961,1,5130,5130,5130,5130,139649039,212910,,
2026-07-13,9363735110,1,8557,8557,8557,8557,5658883941,2020676,,
2026-07-13,9409870130,1,1478,1478,1478,1478,17713905,222709,,
2026-07-13,9411563986,1,2049,2049,2049,2049,79247578,138618,,
2026-07-13,9494058490,1,12312,12312,12312,12312,,,,
2026-07-13,9513686983,1,4257,4257,4257,4257,,,,
2026-07-13,9526307912,2,3113,3113,2706,3520,79011927,135125,,
2026-07-13,9556113881,1,1041,1041,1041,1041,36034574,164180,,
2026-07-13,9561553764,1,11100,11100,11100,11100,68169255,68138,,
2026-07-13,9571037154,1,715,715,715,715,31482258,52828,,
2026-07-13,9584852943,1,318701,318701,318701,318701,2829512318,3967034,,
2026-07-13,9639553972,1,6919,6919,6919,6919,27004315,148041,,
2026-07-13,9660713566,1,2681,2681,2681,2681,85340444,5277457,,
2026-07-13,9787206684,1,2745,2745,2745,2745,758095668,2922102,,
2026-07-13,9792947201,1,4277,4277,4277,4277,524303770,3502167,,
2026-07-13,9797806474,1,28709,28709,28709,28709,51020641,86996,,
2026-07-13,9859536675,1,2754,2754,2754,2754,,,,
2026-07-13,9934614409,1,3335,3335,3335,3335,77614043,127343,,
2026-07-13,9940725596,1,932,932,932,932,28219311,37127,,
2026-07-13,9963622286,1,13899,13899,13899,13899,78391009,2654115,,
2026-07-13,9998576154,1,4537,4537,4537,4537,81520610,5268692,,
2026-07-13,10004244222,1,87343,87343,87343,87343,1416061475,22875014,,
2026-07-13,10051853469,1,4972,4972,4972,4972,98105321,2178907,,
2026-07-13,10052184484,1,3046,3046,3046,3046,36184900,2262178,,
2026-07-13,10065013948,1,4317,4317,4317,4317,36961592,57392,,
2026-07-13,10083552936,1,1111,1111,1111,1111,6678412,292569,,
2026-07-13,10086454767,1,1956,1956,1956,1956,15496533,44920,,
2026-07-13,10111742174,1,3667,3667,3667,3667,25960306,56091,,
2026-07-13,10127090395,1,13607,13607,13607,13607,39900627,2092338,,
2026-07-13,10138661961,1,3435,3435,3435,3435,38773327,93885,,
2026-07-13,10144280947,1,12942,12942,12942,12942,33014685,1501473,,
2026-07-13,10148434559,1,4901,4901,4901,4901,60991117,406621,,
2026-07-13,10149910491,1,4805,4805,4805,4805,21695187,33289,,
2026-07-13,10149964044,1,6407,6407,6407,6407,,,,
2026-07-13,10153098880,1,4408,4408,4408,4408,1151574,6591,,
2026-07-13,10184247393,1,9862,9862,9862,9862,35513056,1129775,,
2026-07-13,10196660716,1,6248,6248,6248,6248,8719251,753994,,
2026-07-13,10199301628,1,51868,51868,51868,51868,194496920,1173296,,
2026-07-13,10200291205,1,2564,2564,2564,2564,13532052,446340,,
2026-07-13,10200395747,1,351727,351727,351727,351727,1203048405,606806,,
2026-07-13,10204207151,1,11702,11702,11702,11702,1666232,11713,,
2026-07-13,10207000525,1,3445,3445,3445,3445,20877810,496989,,
2026-07-13,10230921598,1,11768,11768,11768,11768,107958171,7332621,,
2026-07-13,10244001346,1,6433,6433,6433,6433,53490655,52878,,
2026-07-13,10247712813,1,5186,5186,5186,5186,21144854,36046,,
2026-07-13,10247797619,1,20306,20306,20306,20306,20758683,72946,,
2026-07-13,10274447949,1,5723,5723,5723,5723,12336128,1022640,,
2026-07-13,10283025251,1,3291,3291,3291,3291,5785864,324820,,
2026-07-13,10321202755,1,19667,19667,19667,19667,20208722,297065,,
2026-07-13,10337069275,1,6695,6695,6695,6695,2939293,33536,,
2026-07-13,10369900243,1,17487,17487,17487,17487,22593272,116413,,
2026-07-13,10397566868,1,71284,71284,71284,71284,42228391,236148,,
2026-07-14,31970568,1,6658,6658,6658,6658,1588748568,6055428,,
2026-07-14,66654135,1,354451,354451,354451,354451,27251886940,22828658,,
2026-07-14,568307879,1,605,605,605,605,521576763,542961,,
2026-07-14,605887098,1,2824,2824,2824,2824,2506512614,3686088,,
2026-07-14,903807016,1,4722,4722,4722,4722,1538290204,2808856,,
2026-07-14,1198533421,1,1081,1081,1081,1081,178014015,722393,,
2026-07-14,1214576306,1,3505,3505,3505,3505,1634763427,4283425,,
2026-07-14,1430007363,1,3955,3955,3955,3955,890901102,2263587,,
2026-07-14,1489026993,2,6516,6516,6428,6603,2643118478,4306808,,
2026-07-14,1526814825,1,9227,9227,9227,9227,1067745560,4270050,,
2026-07-14,1637284552,1,1016,1016,1016,1016,,,,
2026-07-14,1795206523,1,1507,1507,1507,1507,944576273,926225,,
2026-07-14,1831550657,1,31220,31220,31220,31220,2102860976,10616712,,
2026-07-14,1998835206,1,2763,2763,2763,2763,578704937,1165291,,
2026-07-14,2049551477,2,3951,3951,2773,5129,1450071416,1898678,,
2026-07-14,2165551367,1,1122,1122,1122,1122,664903884,2405592,,
2026-07-14,2247578975,2,3988,3988,3414,4562,1199005837,14920786,,
2026-07-14,2274830359,1,6584,6584,6584,6584,2940872383,1973611,,
2026-07-14,2294168059,1,8086,8086,8086,8086,1223753241,3297010,,
2026-07-14,2369077151,1,10596,10596,10596,10596,377145618,10335299,,
2026-07-14,2440500124,1,18430,18430,18430,18430,7502268355,7950297,,
2026-07-14,2655478023,2,4146,4146,3480,4813,994716733,3472338,,
2026-07-14,2821905072,1,3433,3433,3433,3433,251841587,5307573,,
2026-07-14,2827951974,1,1142,1142,1142,1142,806563100,676689,,
2026-07-14,2921237723,1,2607,2607,2607,2607,133511672,742363,,
2026-07-14,2992873140,1,22037,22037,22037,22037,1344556416,988642,,
2026-07-14,3034836582,1,931,931,931,931,500041580,1910232,,
2026-07-14,3079618996,1,2964,2964,2964,2964,765688548,799557,,
2026-07-14,3088609243,1,4098,4098,4098,4098,721381492,583751,,
2026-07-14,3164075108,1,2842,2842,2842,2842,273147213,720964,,
2026-07-14,3187874989,1,4052,4052,4052,4052,157432130,219439,,
2026-07-14,3191268194,1,3629,3629,3629,3629,1345196605,5332230,,
2026-07-14,3232181171,1,818,818,818,818,56171986,214578,,
2026-07-14,3274669156,1,964,964,964,964,66636863,645091,,
2026-07-14,3310460039,1,18437,18437,18437,18437,4515650414,105107874,,
2026-07-14,3346892457,1,2101,2101,2101,2101,432545075,168048,,
2026-07-14,3472976893,1,4544,4544,4544,4544,151853461,2454865,,
2026-07-14,3502524667,1,2119,2119,2119,2119,746462635,3675143,,
2026-07-14,3551414857,1,3324,3324,3324,3324,624359556,1311671,,
2026-07-14,3647333358,1,31215,31215,31215,31215,8843153212,7993734,,
2026-07-14,3746418487,1,3501,3501,3501,3501,309295763,371645,,
2026-07-14,3754482795,1,5103,5103,5103,5103,1243934781,4396070,,
2026-07-14,3759884822,1,2817,2817,2817,2817,124426065,104012,,
2026-07-14,3841172115,1,3539,3539,3539,3539,142001501,663505,,
2026-07-14,4028801234,1,1234,1234,1234,1234,229018865,12166828,,
2026-07-14,4071487712,1,715,715,715,715,26973310,113724,,
2026-07-14,4283416256,1,815,815,815,815,20130617,122407,,
2026-07-14,4348829796,1,15299,15299,15299,15299,2564262829,10766860,,
2026-07-14,4518160318,1,5946,5946,5946,5946,624131116,1116565,,
2026-07-14,4595016786,1,3708,3708,3708,3708,586708422,719046,,
2026-07-14,4599924264,1,2997,2997,2997,2997,700458666,269426,,
2026-07-14,4673599750,1,2391,2391,2391,2391,493434200,451010,,
2026-07-14,4720386144,1,3040,3040,3040,3040,110470863,561361,,
2026-07-14,4793836769,1,5844,5844,5844,5844,282156161,5985524,,
2026-07-14,4925331346,1,3969,3969,3969,3969,300048784,460146,,
2026-07-14,4944984948,1,4936,4936,4936,4936,235091204,110600,,
2026-07-14,5195168716,1,1406,1406,1406,1406,92785855,614147,,
2026-07-14,5207621753,1,3568,3568,3568,3568,83071056,71601,,
2026-07-14,5361032378,1,39029,39029,39029,39029,2002824227,981204,,
2026-07-14,5508238359,1,2776,2776,2776,2776,78139525,1518562,,
2026-07-14,5578556129,1,43565,43565,43565,43565,1991778363,1969765,,
2026-07-14,5668114043,1,2048,2048,2048,2048,233702473,724063,,
2026-07-14,5750914919,1,65086,65086,65086,65086,4658698926,3520683,,
2026-07-14,6072944764,1,746,746,746,746,51846672,57128,,
2026-07-14,6247557414,1,1216,1216,1216,1216,193881702,2243818,,
2026-07-14,6314664695,1,692,692,692,692,59027178,2771729,,
2026-07-14,6409513651,1,14405,14405,14405,14405,86914829,821466,,
2026-07-14,6541749038,1,1092,1092,1092,1092,34497388,88041,,
2026-07-14,6682487255,1,8135,8135,8135,8135,467566668,222607,,
2026-07-14,6749060816,1,7578,7578,7578,7578,238731834,1630718,,
2026-07-14,7018190066,1,22410,22410,22410,22410,6435011126,6002602,,
2026-07-14,7058980030,1,5581,5581,5581,5581,549786025,920745,,
2026-07-14,7094518649,1,11794,11794,11794,11794,320620917,781627,,
2026-07-14,7127084123,1,3881,3881,3881,3881,141461669,303476,,
2026-07-14,7128163167,1,2658,2658,2658,2658,66764807,113231,,
2026-07-14,7219654364,1,49792,49792,49792,49792,1345767828,14126128,,
2026-07-14,7332711118,1,4279,4279,4279,4279,1856413364,2450920,,
2026-07-14,7368125255,1,3740,3740,3740,3740,93227148,4437205,,
2026-07-14,7383133134,1,745,745,745,745,99916591,735976,,
2026-07-14,7435020231,1,761,761,761,761,32149360,115924,,
2026-07-14,7436755782,1,43654,43654,43654,43654,35728622891,11311598,,
2026-07-14,7585079192,1,4899,4899,4899,4899,42343345,155309,,
2026-07-14,7690412163,1,876,876,876,876,83101668,195120,,
2026-07-14,7709344486,1,227084,227084,227084,227084,71334880125,28690239,,
2026-07-14,7719766419,1,729,729,729,729,27912047,242314,,
2026-07-14,7798947148,1,2716,2716,2716,2716,132343577,291920,,
2026-07-14,7856039629,1,1144,1144,1144,1144,2175240,154557,,
2026-07-14,7891669427,1,2203,2203,2203,2203,31856712,794273,,
2026-07-14,8014099969,1,2083,2083,2083,2083,141605172,238319,,
2026-07-14,8291789996,1,3552,3552,3552,3552,,,,
2026-07-14,8313824597,1,4111,4111,4111,4111,22098082,33954,,
2026-07-14,8316902627,1,3472,3472,3472,3472,4672380172,1969091,,
2026-07-14,8356066619,1,35540,35540,35540,35540,72155946,46238,,
2026-07-14,8504461817,1,2277,2277,2277,2277,175699629,88765,,
2026-07-14,8539298853,1,13944,13944,13944,13944,1228703600,1656154,,
2026-07-14,8696670616,1,2886,2886,2886,2886,,,,
2026-07-14,8759966530,1,3227,3227,3227,3227,108114287,370930,,
2026-07-14,8786713187,1,2127,2127,2127,2127,112771974,275223,,
2026-07-14,8791358380,1,6453,6453,6453,6453,398911917,11822268,,
2026-07-14,8950496606,1,3648,3648,3648,3648,164889222,415661,,
2026-07-14,9029463012,1,820,820,820,820,107221204,407607,,
2026-07-14,9077534770,1,1633,1633,1633,1633,56096455,169904,,
2026-07-14,9098570654,1,11658,11658,11658,11658,198855390,308488,,
2026-07-14,9122463229,1,9014,9014,9014,9014,,,,
2026-07-14,9129640671,1,11028,11028,11028,11028,,,,
2026-07-14,9141743926,1,13134,13134,13134,13134,392725678,571494,,
2026-07-14,9145063979,1,7029,7029,7029,7029,509315004,501077,,
2026-07-14,9145282410,1,1497,1497,1497,1497,36084953,262842,,
2026-07-14,9177208241,1,3122,3122,3122,3122,65432935,361042,,
2026-07-14,9219116196,1,4236,4236,4236,4236,81974704,206771,,
2026-07-14,9231693026,1,2948,2948,2948,2948,,,,
2026-07-14,9296042754,1,3281,3281,3281,3281,46196570,223597,,
2026-07-14,9315472782,1,1230,1230,1230,1230,20125768,117370,,
2026-07-14,9315739469,1,1505,1505,1505,1505,77232058,80403,,
2026-07-14,9348272796,1,17945,17945,17945,17945,573267714,533463,,
2026-07-14,9362896961,1,4985,4985,4985,4985,139899111,213039,,
2026-07-14,9363735110,1,7992,7992,7992,7992,5659764577,2021130,,
2026-07-14,9409870130,1,1167,1167,1167,1167,17828296,223981,,
2026-07-14,9411563986,1,2051,2051,2051,2051,79483309,139048,,
2026-07-14,9481391333,1,719,719,719,719,9901538,345333,,
2026-07-14,9494058490,1,12312,12312,12312,12312,,,,
2026-07-14,9513686983,1,4328,4328,4328,4328,397548513,12938425,,
2026-07-14,9526307912,1,3541,3541,3541,3541,79455206,135993,,
2026-07-14,9556113881,1,835,835,835,835,36156428,164742,,
2026-07-14,9561553764,1,10037,10037,10037,10037,69725595,69161,,
2026-07-14,9584852943,1,294455,294455,294455,294455,2879409542,4018619,,
2026-07-14,9639553972,1,4254,4254,4254,4254,27617120,150592,,
2026-07-14,9787206684,1,2805,2805,2805,2805,758450848,2922846,,
2026-07-14,9792947201,1,3976,3976,3976,3976,,,,
2026-07-14,9797806474,1,26757,26757,26757,26757,52572320,88937,,
2026-07-14,9859536675,1,2754,2754,2754,2754,,,,
2026-07-14,9934614409,1,3353,3353,3353,3353,77963731,127723,,
2026-07-14,9940725596,1,928,928,928,928,28368748,37290,,
2026-07-14,9953328866,1,2833,2833,2833,2833,36300891,40635,,
2026-07-14,9963622286,1,15275,15275,15275,15275,79698699,2655510,,
2026-07-14,9998576154,1,4866,4866,4866,4866,82065086,5298540,,
2026-07-14,10004244222,1,63109,63109,63109,63109,1423741479,22933303,,
2026-07-14,10051853469,1,4648,4648,4648,4648,98560957,2186976,,
2026-07-14,10052184484,1,3087,3087,3087,3087,36470992,2279222,,
2026-07-14,10065013948,1,4549,4549,4549,4549,37385369,57929,,
2026-07-14,10083552936,1,971,971,971,971,6800444,297880,,
2026-07-14,10086454767,1,1814,1814,1814,1814,15626818,45127,,
2026-07-14,10111742174,1,3476,3476,3476,3476,26200034,56404,,
2026-07-14,10127090395,1,14482,14482,14482,14482,42445151,2210827,,
2026-07-14,10138661961,1,3152,3152,3152,3152,39320807,94830,,
2026-07-14,10144280947,1,13275,13275,13275,13275,34404312,1551320,,
2026-07-14,10148434559,1,4726,4726,4726,4726,61426335,408248,,
2026-07-14,10149910491,1,4527,4527,4527,4527,22090330,33781,,
2026-07-14,10149964044,1,6407,6407,6407,6407,,,,
2026-07-14,10153098880,1,4074,4074,4074,4074,1424374,7768,,
2026-07-14,10184247393,1,7807,7807,7807,7807,36197788,1148462,,
2026-07-14,10196660716,1,5692,5692,5692,5692,9465671,813359,,
2026-07-14,10199301628,1,46429,46429,46429,46429,200410457,1196040,,
2026-07-14,10200291205,1,2913,2913,2913,2913,14379234,475220,,
2026-07-14,10200395747,1,374607,374607,374607,374607,1219882597,608355,,
2026-07-14,10204207151,1,9647,9647,9647,9647,2261137,14076,,
2026-07-14,10207000525,1,2747,2747,2747,2747,21557084,510311,,
2026-07-14,10230921598,1,11668,11668,11668,11668,109678549,7416195,,
2026-07-14,10244001346,1,5570,5570,5570,5570,54528709,53971,,
2026-07-14,10247712813,1,4634,4634,4634,4634,21649029,36518,,
2026-07-14,10247797619,1,16643,16643,16643,16643,23035829,80984,,
2026-07-14,10274447949,1,5249,5249,5249,5249,13196430,1083726,,
2026-07-14,10283025251,1,3254,3254,3254,3254,6269761,347646,,
2026-07-14,10321202755,1,18302,18302,18302,18302,21131474,302238,,
2026-07-14,10337069275,1,5087,5087,5087,5087,3278233,36150,,
2026-07-14,10369900243,1,16107,16107,16107,16107,24429459,121929,,
2026-07-14,10397566868,1,51219,51219,51219,51219,48528502,257052,,
2026-07-15,31970568,1,6648,6648,6648,6648,1589293589,6056222,,
2026-07-15,66654135,1,367432,367432,367432,367432,27290452379,22845752,,
2026-07-15,568307879,1,750,750,750,750,521672960,543103,,
2026-07-15,700312613,1,831,831,831,831,360349507,212521,,
2026-07-15,903807016,1,4592,4592,4592,4592,1539093211,2809349,,
2026-07-15,1198533421,1,1055,1055,1055,1055,178091421,722572,,
2026-07-15,1214576306,1,3431,3431,3431,3431,1635025712,4283826,,
2026-07-15,1430007363,1,3721,3721,3721,3721,891341661,2265902,,
2026-07-15,1489026993,2,6601,6601,6447,6755,2643771111,4307612,,
2026-07-15,1526814825,1,8745,8745,8745,8745,1068419267,4271718,,
2026-07-15,1637284552,1,1016,1016,1016,1016,,,,
2026-07-15,1795206523,1,1500,1500,1500,1500,944850949,926343,,
2026-07-15,1831550657,1,28230,28230,28230,28230,2104691263,10624820,,
2026-07-15,1998835206,1,2558,2558,2558,2558,578916727,1165466,,
2026-07-15,2049551477,2,4305,4305,3162,5448,1450659974,1899463,,
2026-07-15,2165551367,1,1111,1111,1111,1111,665066663,2406427,,
2026-07-15,2247578975,2,4012,4012,3454,4571,1199536309,14921146,,
2026-07-15,2274830359,1,6776,6776,6776,6776,2941999385,1974652,,
2026-07-15,2294168059,1,7556,7556,7556,7556,1224418093,3299016,,
2026-07-15,2369077151,1,9781,9781,9781,9781,378231182,10357978,,
2026-07-15,2440500124,1,18514,18514,18514,18514,7504288491,7952316,,
2026-07-15,2655478023,2,4226,4226,3250,5202,995357286,3472894,,
2026-07-15,2821905072,1,3527,3527,3527,3527,252217532,5314355,,
2026-07-15,2827951974,1,1129,1129,1129,1129,806702066,676875,,
2026-07-15,2921237723,1,2452,2452,2452,2452,133797812,743301,,
2026-07-15,2992873140,1,22242,22242,22242,22242,1346351737,989595,,
2026-07-15,3034836582,1,978,978,978,978,500148245,1910361,,
2026-07-15,3088609243,1,4125,4125,4125,4125,722033275,584619,,
2026-07-15,3187874989,1,4249,4249,4249,4249,157799739,219804,,
2026-07-15,3191268194,1,3398,3398,3398,3398,1345532088,5336705,,
2026-07-15,3232181171,1,939,939,939,939,56266488,214902,,
2026-07-15,3274669156,1,1020,1020,1020,1020,66704850,645999,,
2026-07-15,3310460039,1,17229,17229,17229,17229,4518286605,105108984,,
2026-07-15,3346892457,1,2142,2142,2142,2142,432818996,168307,,
2026-07-15,3472976893,1,4635,4635,4635,4635,152509384,2474474,,
2026-07-15,3502524667,1,2280,2280,2280,2280,746802080,3675416,,
2026-07-15,3551414857,1,2623,2623,2623,2623,624622262,1312004,,
2026-07-15,3647333358,1,31291,31291,31291,31291,8847114580,7996613,,
2026-07-15,3746418487,1,3066,3066,3066,3066,309687865,372264,,
2026-07-15,3754482795,1,5005,5005,5005,5005,1244654260,4398713,,
2026-07-15,3759884822,1,2874,2874,2874,2874,124617117,104276,,
2026-07-15,3841172115,1,3249,3249,3249,3249,142363978,664535,,
2026-07-15,4028801234,1,1637,1637,1637,1637,229177189,12176013,,
2026-07-15,4071487712,1,785,785,785,785,27025731,113965,,
2026-07-15,4283416256,1,706,706,706,706,20190494,122666,,
2026-07-15,4348829796,1,15729,15729,15729,15729,2566196286,10775450,,
2026-07-15,4518160318,1,5905,5905,5905,5905,624546250,1117586,,
2026-07-15,4543855070,1,2810,2810,2810,2810,221095158,271715,,
2026-07-15,4595016786,1,3725,3725,3725,3725,587163517,719826,,
2026-07-15,4599924264,1,2885,2885,2885,2885,700987171,269828,,
2026-07-15,4673599750,1,2593,2593,2593,2593,494031943,451543,,
2026-07-15,4720386144,1,2915,2915,2915,2915,110709339,562539,,
2026-07-15,4793836769,1,5991,5991,5991,5991,282607247,5994691,,
2026-07-15,4925331346,1,4067,4067,4067,4067,300376257,460697,,
2026-07-15,4944984948,1,4501,4501,4501,4501,235908779,111169,,
2026-07-15,5195168716,1,1618,1618,1618,1618,92922306,614861,,
2026-07-15,5207621753,1,3342,3342,3342,3342,83349066,71731,,
2026-07-15,5361032378,1,39090,39090,39090,39090,2005218101,981357,,
2026-07-15,5508238359,1,5540,5540,5540,5540,78502303,1523015,,
2026-07-15,5578556129,1,37085,37085,37085,37085,1993346968,1970000,,
2026-07-15,5668114043,1,2446,2446,2446,2446,233915390,724592,,
2026-07-15,5698013839,1,740,740,740,740,69237970,272484,,
2026-07-15,5750914919,1,62187,62187,62187,62187,4662248535,3521972,,
2026-07-15,6072944764,1,799,799,799,799,51913872,57244,,
2026-07-15,6247557414,1,1258,1258,1258,1258,194027362,2245653,,
2026-07-15,6314664695,1,773,773,773,773,59083763,2774000,,
2026-07-15,6409513651,1,12794,12794,12794,12794,87478573,823342,,
2026-07-15,6541749038,1,1422,1422,1422,1422,34696420,88436,,
2026-07-15,6682487255,1,7717,7717,7717,7717,468285632,222759,,
2026-07-15,6749060816,1,7765,7765,7765,7765,239303102,1633252,,
2026-07-15,6996099240,1,642,642,642,642,77272512,248490,,
2026-07-15,7018190066,1,24054,24054,24054,24054,6436918717,6003947,,
2026-07-15,7058980030,1,5288,5288,5288,5288,550785683,922337,,
2026-07-15,7094518649,1,11697,11697,11697,11697,321328297,782949,,
2026-07-15,7127084123,1,3803,3803,3803,3803,141753652,304066,,
2026-07-15,7128163167,1,2159,2159,2159,2159,67012573,113673,,
2026-07-15,7219654364,1,54268,54268,54268,54268,1351226553,14151681,,
2026-07-15,7332711118,1,4157,4157,4157,4157,1856960469,2451376,,
2026-07-15,7368125255,1,4686,4686,4686,4686,,,,
2026-07-15,7383133134,1,900,900,900,900,100021209,736837,,
2026-07-15,7435020231,1,667,667,667,667,32189861,115971,,
2026-07-15,7436755782,1,42519,42519,42519,42519,35732181746,11312680,,
2026-07-15,7585079192,1,4377,4377,4377,4377,42557289,155704,,
2026-07-15,7690412163,1,966,966,966,966,83172398,195403,,
2026-07-15,7709344486,1,250272,250272,250272,250272,71384858112,28700895,,
2026-07-15,7719766419,1,1239,1239,1239,1239,28012806,242888,,
2026-07-15,7856039629,1,1252,1252,1252,1252,2303655,161538,,
2026-07-15,7891669427,1,2006,2006,2006,2006,32037165,797243,,
2026-07-15,8014099969,1,1602,1602,1602,1602,141791670,238551,,
2026-07-15,8291789996,1,3552,3552,3552,3552,,,,
2026-07-15,8316902627,1,3243,3243,3243,3243,4672856348,1969324,,
2026-07-15,8356066619,1,28411,28411,28411,28411,73310290,46929,,
2026-07-15,8401518398,1,2713,2713,2713,2713,66681778,48451,,
2026-07-15,8504461817,1,2640,2640,2640,2640,176076153,89076,,
2026-07-15,8539298853,1,13435,13435,13435,13435,1229926831,1658173,,
2026-07-15,8696670616,1,2886,2886,2886,2886,,,,
2026-07-15,8759966530,1,3483,3483,3483,3483,108510096,371847,,
2026-07-15,8786713187,1,2195,2195,2195,2195,112962317,275682,,
2026-07-15,8791358380,1,6008,6008,6008,6008,399617611,11836011,,
2026-07-15,8950496606,1,3497,3497,3497,3497,165147331,416153,,
2026-07-15,9029463012,1,841,841,841,841,107308006,407833,,
2026-07-15,9077534770,1,1651,1651,1651,1651,56261492,170455,,
2026-07-15,9098570654,1,11121,11121,11121,11121,199679878,309846,,
2026-07-15,9122463229,1,9014,9014,9014,9014,,,,
2026-07-15,9129640671,1,11028,11028,11028,11028,,,,
2026-07-15,9141743926,1,12383,12383,12383,12383,394012194,572167,,
2026-07-15,9145063979,1,6121,6121,6121,6121,510253038,502314,,
2026-07-15,9145282410,1,1659,1659,1659,1659,36213418,263494,,
2026-07-15,9177208241,1,3022,3022,3022,3022,65770496,362219,,
2026-07-15,9219116196,1,4588,4588,4588,4588,82368165,208165,,
2026-07-15,9231693026,1,2948,2948,2948,2948,,,,
2026-07-15,9296042754,1,3340,3340,3340,3340,46519921,225154,,
2026-07-15,9315472782,1,982,982,982,982,20259662,118050,,
2026-07-15,9315739469,1,1431,1431,1431,1431,77429443,80643,,
2026-07-15,9348272796,1,20587,20587,20587,20587,575382558,535596,,
2026-07-15,9362896961,1,4796,4796,4796,4796,140148849,213157,,
2026-07-15,9363735110,1,7696,7696,7696,7696,5660675976,2021621,,
2026-07-15,9409870130,1,1314,1314,1314,1314,17941093,225261,,
2026-07-15,9411563986,1,2022,2022,2022,2022,79747890,139492,,
2026-07-15,9481391333,1,1110,1110,1110,1110,9984194,346723,,
2026-07-15,9494058490,1,12312,12312,12312,12312,,,,
2026-07-15,9513686983,1,4181,4181,4181,4181,398103890,12960089,,
2026-07-15,9526307912,1,4725,4725,4725,4725,79946929,136817,,
2026-07-15,9556113881,1,788,788,788,788,36255268,165123,,
2026-07-15,9561553764,1,9072,9072,9072,9072,71120941,70144,,
2026-07-15,9584852943,1,301552,301552,301552,301552,2959043240,4080294,,
2026-07-15,9639553972,1,3454,3454,3454,3454,28018843,152093,,
2026-07-15,9792947201,1,3861,3861,3861,3861,525137121,3503204,,
2026-07-15,9859536675,1,2754,2754,2754,2754,,,,
2026-07-15,9940725596,1,959,959,959,959,28515306,37470,,
2026-07-15,9953328866,1,3567,3567,3567,3567,36709102,41115,,
2026-07-15,9963622286,1,13711,13711,13711,13711,81123053,2657065,,
2026-07-15,9998576154,1,4362,4362,4362,4362,82659171,5333728,,
2026-07-15,10004244222,1,61721,61721,61721,61721,1431377575,22991268,,
2026-07-15,10051853469,1,3951,3951,3951,3951,98982918,2193672,,
2026-07-15,10065013948,1,4188,4188,4188,4188,37830117,58465,,
2026-07-15,10083552936,1,1045,1045,1045,1045,,,,
2026-07-15,10086454767,1,1779,1779,1779,1779,15752322,45383,,
2026-07-15,10111742174,1,3083,3083,3083,3083,26438068,56767,,
2026-07-15,10127090395,1,18711,18711,18711,18711,45555679,2377708,,
2026-07-15,10138661961,1,3407,3407,3407,3407,39780718,95762,,
2026-07-15,10144280947,1,16101,16101,16101,16101,35907281,1604126,,
2026-07-15,10148434559,1,4346,4346,4346,4346,61882082,409873,,
2026-07-15,10149910491,1,4192,4192,4192,4192,22479372,34294,,
2026-07-15,10149964044,1,6407,6407,6407,6407,,,,
2026-07-15,10153098880,1,4777,4777,4777,4777,1731352,9076,,
2026-07-15,10184247393,1,9536,9536,9536,9536,36884136,1170129,,
2026-07-15,10196660716,1,5060,5060,5060,5060,10152758,865010,,
2026-07-15,10199301628,1,42757,42757,42757,42757,206178477,1218243,,
2026-07-15,10200395747,1,406646,406646,406646,406646,1238028188,609019,,
2026-07-15,10204207151,1,7890,7890,7890,7890,2758067,15591,,
2026-07-15,10230921598,1,10601,10601,10601,10601,111554399,7520656,,
2026-07-15,10244001346,1,6071,6071,6071,6071,55567032,54966,,
2026-07-15,10247712813,1,4621,4621,4621,4621,22146452,37015,,
2026-07-15,10247797619,1,16398,16398,16398,16398,25242997,87812,,
2026-07-15,10274447949,1,4553,4553,4553,4553,13944738,1129317,,
2026-07-15,10321202755,1,16872,16872,16872,16872,22019326,307429,,
2026-07-15,10337069275,1,4539,4539,4539,4539,3546992,38352,,
2026-07-15,10369900243,1,16913,16913,16913,16913,26368046,127828,,
2026-07-15,10397566868,1,42694,42694,42694,42694,53424087,270900,,
2026-07-16,31970568,1,6261,6261,6261,6261,1589783860,6056850,,
2026-07-16,66654135,1,379154,379154,379154,379154,27329730313,22863022,,
2026-07-16,568307879,1,787,787,787,787,521772260,543271,,
2026-07-16,903807016,1,4767,4767,4767,4767,1539884535,2809847,,
2026-07-16,1198533421,1,1040,1040,1040,1040,178172121,722734,,
2026-07-16,1214576306,1,3377,3377,3377,3377,1635278875,4284181,,
2026-07-16,1430007363,1,5620,5620,5620,5620,891848078,2268262,,
2026-07-16,1489026993,2,6520,6520,6359,6680,2644409789,4308491,,
2026-07-16,1526814825,1,8931,8931,8931,8931,1069080095,4273209,,
2026-07-16,1637284552,1,1016,1016,1016,1016,,,,
2026-07-16,1795206523,1,1471,1471,1471,1471,945132252,926462,,
2026-07-16,1831550657,1,30204,30204,30204,30204,2106435603,10632518,,
2026-07-16,1998835206,1,2608,2608,2608,2608,579126534,1165672,,
2026-07-16,2049551477,2,4286,4286,3203,5368,1451250539,1900232,,
2026-07-16,2165551367,1,1321,1321,1321,1321,665247313,2407290,,
2026-07-16,2247578975,2,3948,3948,3163,4733,1200062181,14921510,,
2026-07-16,2274830359,1,7005,7005,7005,7005,2943010201,1975612,,
2026-07-16,2294168059,1,7507,7507,7507,7507,1225058057,3300705,,
2026-07-16,2369077151,1,8874,8874,8874,8874,379250199,10377911,,
2026-07-16,2440500124,1,18576,18576,18576,18576,7506312679,7954392,,
2026-07-16,2655478023,2,4580,4580,3675,5486,996085873,3473540,,
2026-07-16,2821905072,1,4067,4067,4067,4067,252683847,5323199,,
2026-07-16,2827951974,1,1223,1223,1223,1223,806844503,677046,,
2026-07-16,2921237723,1,2206,2206,2206,2206,134070544,744153,,
2026-07-16,2992873140,1,21808,21808,21808,21808,1348130022,990485,,
2026-07-16,3034836582,1,893,893,893,893,500255336,1910506,,
2026-07-16,3079618996,1,2944,2944,2944,2944,766186270,803252,,
2026-07-16,3088609243,1,3442,3442,3442,3442,722520957,585224,,
2026-07-16,3187874989,1,4189,4189,4189,4189,158167205,220146,,
2026-07-16,3191268194,1,3628,3628,3628,3628,1345889145,5342029,,
2026-07-16,3232181171,1,989,989,989,989,56371188,215275,,
2026-07-16,3274669156,1,1028,1028,1028,1028,66771328,646676,,
2026-07-16,3310460039,1,17004,17004,17004,17004,4520828447,105110014,,
2026-07-16,3346892457,1,2276,2276,2276,2276,433095732,168591,,
2026-07-16,3472976893,1,3798,3798,3798,3798,153030161,2489123,,
2026-07-16,3502524667,1,2244,2244,2244,2244,747150261,3675693,,
2026-07-16,3551414857,1,3133,3133,3133,3133,624870364,1312293,,
2026-07-16,3647333358,1,34842,34842,34842,34842,8851261584,7999541,,
2026-07-16,3746418487,1,4080,4080,4080,4080,310164224,373101,,
2026-07-16,3754482795,1,4101,4101,4101,4101,1245290279,4401010,,
2026-07-16,3841172115,1,3252,3252,3252,3252,142680880,665403,,
2026-07-16,4028801234,1,1599,1599,1599,1599,229351848,12186472,,
2026-07-16,4071487712,1,836,836,836,836,27078169,114178,,
2026-07-16,4283416256,1,755,755,755,755,20249982,122918,,
2026-07-16,4348829796,1,16198,16198,16198,16198,2568076912,10783875,,
2026-07-16,4518160318,1,6208,6208,6208,6208,624979939,1118836,,
2026-07-16,4595016786,1,3394,3394,3394,3394,587645465,720699,,
2026-07-16,4673599750,1,2688,2688,2688,2688,494643131,452099,,
2026-07-16,4720386144,1,3595,3595,3595,3595,110940369,563639,,
2026-07-16,4793836769,1,5902,5902,5902,5902,283053901,6003740,,
2026-07-16,4925331346,1,4308,4308,4308,4308,300708032,461247,,
2026-07-16,4944984948,1,4134,4134,4134,4134,236593859,111642,,
2026-07-16,5195168716,1,1769,1769,1769,1769,93074306,615659,,
2026-07-16,5207621753,1,3401,3401,3401,3401,83606683,71859,,
2026-07-16,5361032378,1,39090,39090,39090,39090,2007601001,980527,,
2026-07-16,5508238359,1,5703,5703,5703,5703,78950259,1529489,,
2026-07-16,5578556129,1,29006,29006,29006,29006,1994641006,1970172,,
2026-07-16,5668114043,1,2904,2904,2904,2904,234161696,725236,,
2026-07-16,5750914919,1,61753,61753,61753,61753,4665665448,3523085,,
2026-07-16,6072944764,1,934,934,934,934,51997360,57417,,
2026-07-16,6247557414,1,1303,1303,1303,1303,194190248,2247788,,
2026-07-16,6314664695,1,783,783,783,783,59147298,2776493,,
2026-07-16,6409513651,1,11267,11267,11267,11267,87989672,825070,,
2026-07-16,6541749038,1,830,830,830,830,34892278,88847,,
2026-07-16,6646518350,1,696,696,696,696,252649352,348885,,
2026-07-16,6682487255,1,7521,7521,7521,7521,468980176,222902,,
2026-07-16,6749060816,1,8432,8432,8432,8432,239896304,1636210,,
2026-07-16,6996099240,1,654,654,654,654,77391389,248715,,
2026-07-16,7018190066,1,25016,25016,25016,25016,6438890336,6005293,,
2026-07-16,7058980030,1,5423,5423,5423,5423,551966423,924415,,
2026-07-16,7082423811,1,3256,3256,3256,3256,273577122,1551624,,
2026-07-16,7094518649,1,11905,11905,11905,11905,321993045,783993,,
2026-07-16,7127084123,1,3417,3417,3417,3417,142040688,304593,,
2026-07-16,7128163167,1,2097,2097,2097,2097,67218702,113987,,
2026-07-16,7219654364,1,56621,56621,56621,56621,1356883394,14180447,,
2026-07-16,7332711118,1,4246,4246,4246,4246,1857426097,2451799,,
2026-07-16,7368125255,1,4686,4686,4686,4686,,,,
2026-07-16,7383133134,1,1003,1003,1003,1003,100138812,737743,,
2026-07-16,7434179990,1,2755,2755,2755,2755,220227574,7784492,,
2026-07-16,7435020231,1,682,682,682,682,32228323,116052,,
2026-07-16,7436755782,1,43038,43038,43038,43038,35735695079,11313884,,
2026-07-16,7585079192,1,3120,3120,3120,3120,42706481,155933,,
2026-07-16,7613970129,1,2978,2978,2978,2978,54011751,130729,,
2026-07-16,7690412163,1,1305,1305,1305,1305,83255483,195709,,
2026-07-16,7709344486,1,209098,209098,209098,209098,71431262470,28709815,,
2026-07-16,7719766419,1,804,804,804,804,28112650,243456,,
2026-07-16,7760134732,1,2838,2838,2838,2838,25642247,743128,,
2026-07-16,7856039629,1,1133,1133,1133,1133,2432654,168127,,
2026-07-16,7891669427,1,2177,2177,2177,2177,32210355,800036,,
2026-07-16,8014099969,1,2007,2007,2007,2007,141963848,238775,,
2026-07-16,8291789996,1,3552,3552,3552,3552,,,,
2026-07-16,8316902627,1,3317,3317,3317,3317,4673306798,1969515,,
2026-07-16,8356066619,1,22222,22222,22222,22222,74188044,47309,,
2026-07-16,8504461817,2,2917,2917,2792,3042,176476578,89376,,
2026-07-16,8539298853,1,12616,12616,12616,12616,1231118089,1660334,,
2026-07-16,8696670616,1,2886,2886,2886,2886,,,,
2026-07-16,8759966530,1,3654,3654,3654,3654,108949936,372858,,
2026-07-16,8786713187,1,2741,2741,2741,2741,113175901,276346,,
2026-07-16,8791358380,1,5794,5794,5794,5794,400277979,11848994,,
2026-07-16,8950496606,1,3492,3492,3492,3492,165386821,416472,,
2026-07-16,9029463012,1,737,737,737,737,107398930,408090,,
2026-07-16,9077534770,1,1633,1633,1633,1633,56470140,171235,,
2026-07-16,9098570654,1,11854,11854,11854,11854,200515024,311397,,
2026-07-16,9122463229,1,9014,9014,9014,9014,,,,
2026-07-16,9129640671,1,11028,11028,11028,11028,,,,
2026-07-16,9141743926,1,11470,11470,11470,11470,395219646,572924,,
2026-07-16,9145063979,1,6355,6355,6355,6355,511175758,503554,,
2026-07-16,9145282410,1,1205,1205,1205,1205,36358578,264380,,
2026-07-16,9177208241,1,3006,3006,3006,3006,66101864,363410,,
2026-07-16,9219116196,1,3876,3876,3876,3876,82793504,209907,,
2026-07-16,9231693026,1,2948,2948,2948,2948,,,,
2026-07-16,9296042754,1,3568,3568,3568,3568,46851985,226816,,
2026-07-16,9315472782,1,1478,1478,1478,1478,20404140,118802,,
2026-07-16,9315739469,1,1738,1738,1738,1738,77659319,80922,,
2026-07-16,9348272796,1,21584,21584,21584,21584,577789799,538024,,
2026-07-16,9362896961,1,4711,4711,4711,4711,140404936,213296,,
2026-07-16,9363735110,1,8129,8129,8129,8129,5661781181,2022051,,
2026-07-16,9409870130,1,1664,1664,1664,1664,18077134,226832,,
2026-07-16,9411563986,1,2287,2287,2287,2287,80018451,139955,,
2026-07-16,9481391333,1,1412,1412,1412,1412,10094566,348859,,
2026-07-16,9494058490,1,12312,12312,12312,12312,,,,
2026-07-16,9513686983,1,3960,3960,3960,3960,398635980,12979881,,
2026-07-16,9526307912,2,3482,3482,2872,4092,80627930,137941,,
2026-07-16,9561553764,1,10770,10770,10770,10770,72480343,71097,,
2026-07-16,9571037154,1,1041,1041,1041,1041,,,,
2026-07-16,9584852943,1,272032,272032,272032,272032,3011912000,4135092,,
2026-07-16,9639553972,1,4042,4042,4042,4042,28472247,153923,,
2026-07-16,9660713566,1,3022,3022,3022,3022,86610624,5342602,,
2026-07-16,9758688665,1,2925,2925,2925,2925,95698657,4949946,,
2026-07-16,9787206684,1,2969,2969,2969,2969,759299757,2924960,,
2026-07-16,9792947201,1,3666,3666,3666,3666,,,,
2026-07-16,9859536675,1,2754,2754,2754,2754,,,,
2026-07-16,9930466428,1,841,841,841,841,31995951,130063,,
2026-07-16,9934614409,1,2953,2953,2953,2953,78610530,128375,,
2026-07-16,9940725596,1,1164,1164,1164,1164,28681980,37645,,
2026-07-16,9953328866,1,3722,3722,3722,3722,37194877,41778,,
2026-07-16,9963622286,1,12294,12294,12294,12294,82358059,2658263,,
2026-07-16,9998576154,1,3857,3857,3857,3857,83203493,5363636,,
2026-07-16,10004244222,1,66082,66082,66082,66082,1439322362,23050758,,
2026-07-16,10051853469,1,3948,3948,3948,3948,99393666,2200729,,
2026-07-16,10052184484,1,2751,2751,2751,2751,36988226,2309103,,
2026-07-16,10065013948,1,3964,3964,3964,3964,38194964,58925,,
2026-07-16,10083552936,1,1320,1320,1320,1320,7072749,311122,,
2026-07-16,10086454767,1,1731,1731,1731,1731,15870700,45616,,
2026-07-16,10111742174,1,2755,2755,2755,2755,26643177,56994,,
2026-07-16,10127090395,1,19436,19436,19436,19436,49542999,2605355,,
2026-07-16,10138661961,1,3052,3052,3052,3052,40155478,96422,,
2026-07-16,10144280947,1,19114,19114,19114,19114,37682425,1666487,,
2026-07-16,10148434559,1,3971,3971,3971,3971,62274947,411472,,
2026-07-16,10149910491,1,4217,4217,4217,4217,22838658,34680,,
2026-07-16,10149964044,1,6407,6407,6407,6407,,,,
2026-07-16,10153098880,1,6104,6104,6104,6104,2064053,10261,,
2026-07-16,10184247393,1,7982,7982,7982,7982,37560933,1191730,,
2026-07-16,10196660716,1,4794,4794,4794,4794,10794723,909194,,
2026-07-16,10199301628,1,43236,43236,43236,43236,211329465,1237736,,
2026-07-16,10200395747,1,416229,416229,416229,416229,1255686996,610921,,
2026-07-16,10204207151,1,7670,7670,7670,7670,3208168,16934,,
2026-07-16,10207000525,1,3016,3016,3016,3016,22989402,538911,,
2026-07-16,10230921598,1,10046,10046,10046,10046,113146782,7603672,,
2026-07-16,10244001346,1,5404,5404,5404,5404,56579874,56025,,
2026-07-16,10247712813,1,3511,3511,3511,3511,22671318,37508,,
2026-07-16,10247797619,1,14447,14447,14447,14447,27451031,94329,,
2026-07-16,10274447949,1,3577,3577,3577,3577,14505963,1161389,,
2026-07-16,10321202755,1,17135,17135,17135,17135,22874249,311475,,
2026-07-16,10337069275,1,4027,4027,4027,4027,3813251,40357,,
2026-07-16,10369900243,1,14767,14767,14767,14767,,,,
2026-07-17,31970568,1,6536,6536,6536,6536,1590271417,6057398,,
2026-07-17,66654135,1,370721,370721,370721,370721,27369837962,22880542,,
2026-07-17,568307879,1,796,796,796,796,521872488,543427,,
2026-07-17,700312613,1,838,838,838,838,360553411,212758,,
2026-07-17,903807016,1,4712,4712,4712,4712,1540679900,2810295,,
2026-07-17,1198533421,1,1056,1056,1056,1056,178251984,722889,,
2026-07-17,1214576306,1,3356,3356,3356,3356,1635551325,4284555,,
2026-07-17,1430007363,1,3935,3935,3935,3935,892337029,2270716,,
2026-07-17,1489026993,2,6696,6696,6219,7172,2645095380,4309366,,
2026-07-17,1526814825,1,8916,8916,8916,8916,1069735082,4274672,,
2026-07-17,1637284552,1,1016,1016,1016,1016,,,,
2026-07-17,1795206523,1,1548,1548,1548,1548,945420879,926599,,
2026-07-17,1811388660,1,747,747,747,747,128458239,1371878,,
2026-07-17,1831550657,1,29954,29954,29954,29954,2108211347,10641063,,
2026-07-17,1998835206,1,2663,2663,2663,2663,579346177,1165852,,
2026-07-17,2049551477,2,3947,3947,2904,4990,1451839077,1900978,,
2026-07-17,2165551367,1,1036,1036,1036,1036,665416450,2408096,,
2026-07-17,2247578975,2,4336,4336,3562,5110,1200621598,14921885,,
2026-07-17,2274830359,1,6357,6357,6357,6357,2944170529,1976609,,
2026-07-17,2294168059,1,8012,8012,8012,8012,1225720993,3302284,,
2026-07-17,2369077151,1,7153,7153,7153,7153,380141668,10393587,,
2026-07-17,2440500124,1,18543,18543,18543,18543,7508395396,7956386,,
2026-07-17,2655478023,2,4260,4260,3274,5245,996771797,3474205,,
2026-07-17,2821905072,1,3879,3879,3879,3879,253114247,5331058,,
2026-07-17,2827951974,1,1188,1188,1188,1188,806985807,677254,,
2026-07-17,2921237723,1,2653,2653,2653,2653,134347509,745036,,
2026-07-17,2992873140,1,21618,21618,21618,21618,1349900752,991353,,
2026-07-17,3034836582,1,1081,1081,1081,1081,500363867,1910649,,
2026-07-17,3079618996,1,3439,3439,3439,3439,766447354,805154,,
2026-07-17,3088609243,1,3547,3547,3547,3547,723052255,585875,,
2026-07-17,3187874989,1,4151,4151,4151,4151,158530263,220482,,
2026-07-17,3191268194,1,3539,3539,3539,3539,1346230281,5346677,,
2026-07-17,3232181171,1,865,865,865,865,56462398,215604,,
2026-07-17,3274669156,1,765,765,765,765,66829558,647251,,
2026-07-17,3310460039,1,18384,18384,18384,18384,4523371786,105111148,,
2026-07-17,3346892457,1,2464,2464,2464,2464,433383634,168870,,
2026-07-17,3472976893,1,4827,4827,4827,4827,153658576,2508879,,
2026-07-17,3502524667,1,2269,2269,2269,2269,747504165,3675987,,
2026-07-17,3551414857,1,2522,2522,2522,2522,625116657,1312596,,
2026-07-17,3647333358,1,34045,34045,34045,34045,8855683812,8002800,,
2026-07-17,3746418487,1,4823,4823,4823,4823,310580564,373632,,
2026-07-17,3754482795,1,4472,4472,4472,4472,1245921443,4403298,,
2026-07-17,3759884822,1,3532,3532,3532,3532,125023713,104847,,
2026-07-17,3841172115,1,3475,3475,3475,3475,143045347,666520,,
2026-07-17,4028801234,1,1879,1879,1879,1879,229536563,12197948,,
2026-07-17,4071487712,1,755,755,755,755,27125865,114341,,
2026-07-17,4283416256,1,683,683,683,683,20307339,123136,,
2026-07-17,4348829796,1,15045,15045,15045,15045,2570023141,10791963,,
2026-07-17,4518160318,1,6092,6092,6092,6092,625418801,1119950,,
2026-07-17,4543855070,1,3615,3615,3615,3615,221621472,272454,,
2026-07-17,4595016786,1,3343,3343,3343,3343,588057760,721324,,
2026-07-17,4673599750,1,2769,2769,2769,2769,495323258,452705,,
2026-07-17,4720386144,1,3459,3459,3459,3459,111204632,564932,,
2026-07-17,4793836769,1,6130,6130,6130,6130,283540170,6014774,,
2026-07-17,4887744468,1,712,712,712,712,80541546,357889,,
2026-07-17,4925331346,1,4227,4227,4227,4227,301063595,461878,,
2026-07-17,4944984948,1,3713,3713,3713,3713,237327752,112190,,
2026-07-17,5195168716,1,1767,1767,1767,1767,93236714,616487,,
2026-07-17,5207621753,1,3280,3280,3280,3280,83867801,72009,,
2026-07-17,5361032378,1,37930,37930,37930,37930,2009883692,981229,,
2026-07-17,5508238359,1,4907,4907,4907,4907,79363609,1534208,,
2026-07-17,5549835355,1,2750,2750,2750,2750,106407850,221965,,
2026-07-17,5578556129,1,23480,23480,23480,23480,1995687980,1970546,,
2026-07-17,5668114043,1,2800,2800,2800,2800,234425794,725902,,
2026-07-17,5698013839,1,819,819,819,819,69357333,272927,,
2026-07-17,5750914919,1,61852,61852,61852,61852,4669073165,3524404,,
2026-07-17,5956634861,1,922,922,922,922,148994478,583709,,
2026-07-17,6072944764,1,928,928,928,928,52079168,57589,,
2026-07-17,6247557414,1,1275,1275,1275,1275,194362618,2249993,,
2026-07-17,6314664695,1,1421,1421,1421,1421,59243846,2780628,,
2026-07-17,6409513651,1,9999,9999,9999,9999,88443034,826544,,
2026-07-17,6541749038,1,818,818,818,818,35026458,89078,,
2026-07-17,6682487255,1,7282,7282,7282,7282,469661879,223094,,
2026-07-17,6749060816,1,8117,8117,8117,8117,240498676,1639390,,
2026-07-17,7018190066,1,24302,24302,24302,24302,6440928367,6006534,,
2026-07-17,7058980030,1,5490,5490,5490,5490,553087371,926078,,
2026-07-17,7082423811,1,4429,4429,4429,4429,273901538,1552042,,
2026-07-17,7094518649,1,11846,11846,11846,11846,322699404,785372,,
2026-07-17,7127084123,1,3299,3299,3299,3299,142291301,305033,,
2026-07-17,7128163167,1,2206,2206,2206,2206,67467747,114371,,
2026-07-17,7196736932,1,2798,2798,2798,2798,16213613,68115,,
2026-07-17,7219654364,1,58006,58006,58006,58006,1362731373,14211213,,
2026-07-17,7332711118,1,3906,3906,3906,3906,1857860347,2452199,,
2026-07-17,7368125255,1,4686,4686,4686,4686,,,,
2026-07-17,7383133134,1,1181,1181,1181,1181,100275362,738751,,
2026-07-17,7434179990,1,2832,2832,2832,2832,220524004,7792202,,
2026-07-17,7436755782,1,41868,41868,41868,41868,35739170434,11315125,,
2026-07-17,7690412163,1,1232,1232,1232,1232,83344324,196071,,
2026-07-17,7709344486,1,226341,226341,226341,226341,71474501383,28718025,,
2026-07-17,7719766419,1,2155,2155,2155,2155,28264930,244792,,
2026-07-17,7742053421,1,643,643,643,643,86863984,5776703,,
2026-07-17,7856039629,1,1688,1688,1688,1688,2599344,176676,,
2026-07-17,7891669427,1,1960,1960,1960,1960,32381402,802790,,
2026-07-17,8014099969,1,1725,1725,1725,1725,142140481,239000,,
2026-07-17,8291789996,1,3552,3552,3552,3552,,,,
2026-07-17,8316902627,1,3437,3437,3437,3437,4673801785,1969811,,
2026-07-17,8356066619,1,17222,17222,17222,17222,74861403,46911,,
2026-07-17,8401518398,1,2778,2778,2778,2778,67613161,49291,,
2026-07-17,8504461817,2,3500,3500,3246,3754,176961270,89761,,
2026-07-17,8539298853,1,13175,13175,13175,13175,1232344416,1663107,,
2026-07-17,8696670616,1,2886,2886,2886,2886,,,,
2026-07-17,8705454731,1,10589,10589,10589,10589,67605715,504960,,
2026-07-17,8759966530,1,3020,3020,3020,3020,109338957,373535,,
2026-07-17,8786713187,1,2128,2128,2128,2128,113375150,276878,,
2026-07-17,8791358380,1,5938,5938,5938,5938,400953803,11862796,,
2026-07-17,8950496606,1,4399,4399,4399,4399,165646684,416906,,
2026-07-17,9029463012,1,633,633,633,633,107489887,408376,,
2026-07-17,9077534770,1,1779,1779,1779,1779,56663000,172076,,
2026-07-17,9098570654,1,12211,12211,12211,12211,201360993,313051,,
2026-07-17,9122463229,1,9014,9014,9014,9014,,,,
2026-07-17,9129640671,1,11028,11028,11028,11028,,,,
2026-07-17,9141743926,1,16594,16594,16594,16594,396599771,573753,,
2026-07-17,9145063979,1,6582,6582,6582,6582,512091195,504707,,
2026-07-17,9145282410,1,1182,1182,1182,1182,,,,
2026-07-17,9177208241,1,3511,3511,3511,3511,66444703,364532,,
2026-07-17,9219116196,1,3636,3636,3636,3636,83130583,211019,,
2026-07-17,9231693026,1,2948,2948,2948,2948,,,,
2026-07-17,9296042754,1,3860,3860,3860,3860,47215514,228390,,
2026-07-17,9315472782,1,1294,1294,1294,1294,20570942,119774,,
2026-07-17,9315739469,1,1200,1200,1200,1200,77835764,81119,,
2026-07-17,9348272796,1,21380,21380,21380,21380,580351303,540556,,
2026-07-17,9362896961,1,4661,4661,4661,4661,140648567,213409,,
2026-07-17,9363735110,1,7756,7756,7756,7756,5662770101,2022590,,
2026-07-17,9409870130,1,1347,1347,1347,1347,18201898,228290,,
2026-07-17,9411563986,1,1759,1759,1759,1759,80263743,140342,,
2026-07-17,9481391333,1,1469,1469,1469,1469,10210509,350769,,
2026-07-17,9494058490,1,12312,12312,12312,12312,,,,
2026-07-17,9513686983,1,4251,4251,4251,4251,399164645,12998067,,
2026-07-17,9526307912,2,4024,4024,3108,4939,81143173,138814,,
2026-07-17,9556113881,1,1395,1395,1395,1395,36476377,165991,,
2026-07-17,9561553764,1,9437,9437,9437,9437,73984579,72086,,
2026-07-17,9571037154,1,709,709,709,709,31849828,53841,,
2026-07-17,9584852943,1,274794,274794,274794,274794,3062560078,4189048,,
2026-07-17,9639553972,1,5839,5839,5839,5839,28886899,155909,,
2026-07-17,9660713566,1,2975,2975,2975,2975,87106810,5368204,,
2026-07-17,9725232502,1,804,804,804,804,12547001,87198,,
2026-07-17,9741799896,1,3005,3005,3005,3005,49611625,2666712,,
2026-07-17,9758688665,1,2696,2696,2696,2696,96046724,4967756,,
2026-07-17,9787206684,1,2704,2704,2704,2704,759689270,2926046,,
2026-07-17,9792947201,1,3472,3472,3472,3472,525905644,3504340,,
2026-07-17,9859536675,1,2754,2754,2754,2754,,,,
2026-07-17,9930466428,1,996,996,996,996,32114071,130269,,
2026-07-17,9940725596,1,1151,1151,1151,1151,28855471,37847,,
2026-07-17,9953328866,1,3856,3856,3856,3856,37657871,42299,,
2026-07-17,9963622286,1,12543,12543,12543,12543,83679612,2659261,,
2026-07-17,9998576154,1,5019,5019,5019,5019,83693060,5388586,,
2026-07-17,10004244222,1,64357,64357,64357,64357,1447520282,23113853,,
2026-07-17,10051853469,1,4332,4332,4332,4332,99831272,2208349,,
2026-07-17,10052184484,1,3706,3706,3706,3706,,,,
2026-07-17,10065013948,1,3632,3632,3632,3632,38621989,59449,,
2026-07-17,10083552936,1,969,969,969,969,7208683,317602,,
2026-07-17,10086454767,1,1530,1530,1530,1530,15976489,45842,,
2026-07-17,10111742174,1,2764,2764,2764,2764,26844091,57252,,
2026-07-17,10127090395,1,22795,22795,22795,22795,53625124,2822141,,
2026-07-17,10144280947,1,20516,20516,20516,20516,39909142,1746194,,
2026-07-17,10148434559,1,4176,4176,4176,4176,62664976,413154,,
2026-07-17,10149910491,1,3696,3696,3696,3696,,,,
2026-07-17,10149964044,1,6407,6407,6407,6407,,,,
2026-07-17,10153098880,1,7228,7228,7228,7228,2488741,12053,,
2026-07-17,10184247393,1,7436,7436,7436,7436,38241871,1213126,,
2026-07-17,10196660716,1,4290,4290,4290,4290,11411963,950880,,
2026-07-17,10199301628,1,39717,39717,39717,39717,216850304,1260792,,
2026-07-17,10200291205,1,3118,3118,3118,3118,17268507,567078,,
2026-07-17,10200395747,1,428240,428240,428240,428240,1272477027,613063,,
2026-07-17,10204207151,1,8417,8417,8417,8417,3714576,18446,,
2026-07-17,10230921598,1,9928,9928,9928,9928,114823320,7692156,,
2026-07-17,10244001346,1,6049,6049,6049,6049,57710114,57397,,
2026-07-17,10247712813,1,3171,3171,3171,3171,23064219,37858,,
2026-07-17,10247797619,1,11071,11071,11071,11071,29119586,98838,,
2026-07-17,10274447949,1,3270,3270,3270,3270,15085295,1199214,,
2026-07-17,10321202755,1,16239,16239,16239,16239,23687462,315881,,
2026-07-17,10337069275,1,3700,3700,3700,3700,4037776,41994,,
2026-07-17,10369900243,1,14767,14767,14767,14767,,,,
2026-07-18,31970568,1,7145,7145,7145,7145,1590771377,6057965,,
2026-07-18,66654135,1,335767,335767,335767,335767,27410748986,22898804,,
2026-07-18,568307879,1,744,744,744,744,521983275,543585,,
2026-07-18,605887098,1,4021,4021,4021,4021,2507785210,3687923,,
2026-07-18,700312613,1,741,741,741,741,360662492,212900,,
2026-07-18,903807016,1,4892,4892,4892,4892,1541477908,2810801,,
2026-07-18,1053132402,1,2840,2840,2840,2840,561768121,967237,,
2026-07-18,1198533421,1,1075,1075,1075,1075,178334787,723032,,
2026-07-18,1214576306,1,3448,3448,3448,3448,1635812129,4284890,,
2026-07-18,1430007363,1,4015,4015,4015,4015,892814775,2273278,,
2026-07-18,1489026993,2,7062,7062,6953,7172,2645850472,4310294,,
2026-07-18,1526814825,1,11397,11397,11397,11397,1070670820,4276233,,
2026-07-18,1637284552,1,1016,1016,1016,1016,,,,
2026-07-18,1795206523,1,1405,1405,1405,1405,945723378,926722,,
2026-07-18,1811388660,1,718,718,718,718,128514521,1373685,,
2026-07-18,1831550657,1,36329,36329,36329,36329,2110321380,10649437,,
2026-07-18,1998835206,1,2607,2607,2607,2607,579565480,1166007,,
2026-07-18,2049551477,2,3924,3924,3169,4680,1452446454,1901658,,
2026-07-18,2165551367,1,1003,1003,1003,1003,665576917,2408904,,
2026-07-18,2247578975,2,4940,4940,4389,5491,1201279668,14922337,,
2026-07-18,2274830359,1,8461,8461,8461,8461,2945406436,1977672,,
2026-07-18,2294168059,1,8888,8888,8888,8888,1226432090,3304053,,
2026-07-18,2369077151,1,14329,14329,14329,14329,381037681,10410902,,
2026-07-18,2440500124,1,17217,17217,17217,17217,7510543159,7958475,,
2026-07-18,2655478023,2,4642,4642,3959,5326,997524973,3474829,,
2026-07-18,2788648141,1,3203,3203,3203,3203,992161995,2001070,,
2026-07-18,2821905072,1,3793,3793,3793,3793,253570157,5339159,,
2026-07-18,2827951974,1,1215,1215,1215,1215,807153818,677490,,
2026-07-18,2921237723,1,2613,2613,2613,2613,134666617,746134,,
2026-07-18,2992873140,1,21171,21171,21171,21171,1351714790,992111,,
2026-07-18,3034836582,1,781,781,781,781,500479641,1910788,,
2026-07-18,3079618996,1,3595,3595,3595,3595,766742087,807339,,
2026-07-18,3088609243,1,4596,4596,4596,4596,723655916,586580,,
2026-07-18,3187874989,1,4094,4094,4094,4094,158947898,220896,,
2026-07-18,3191268194,1,3678,3678,3678,3678,1346572131,5351593,,
2026-07-18,3232181171,1,711,711,711,711,56562546,216006,,
2026-07-18,3274669156,1,905,905,905,905,66881581,647734,,
2026-07-18,3310460039,1,20506,20506,20506,20506,4526290430,105112463,,
2026-07-18,3346892457,1,2255,2255,2255,2255,433707351,169171,,
2026-07-18,3472976893,1,4819,4819,4819,4819,154433863,2531574,,
2026-07-18,3502524667,1,2379,2379,2379,2379,747882074,3676248,,
2026-07-18,3551414857,1,2826,2826,2826,2826,625355286,1312921,,
2026-07-18,3647333358,1,62652,62652,62652,62652,8863289129,8016048,,
2026-07-18,3746418487,1,3048,3048,3048,3048,310974820,374254,,
2026-07-18,3754482795,1,6811,6811,6811,6811,1246749358,4406566,,
2026-07-18,3759884822,1,3597,3597,3597,3597,125263896,105152,,
2026-07-18,3841172115,1,3491,3491,3491,3491,143414149,667599,,
2026-07-18,4028801234,1,1316,1316,1316,1316,229733196,12210042,,
2026-07-18,4071487712,1,815,815,815,815,27180328,114523,,
2026-07-18,4283416256,1,676,676,676,676,20362418,123334,,
2026-07-18,4348829796,1,13444,13444,13444,13444,2572081158,10800558,,
2026-07-18,4518160318,1,6302,6302,6302,6302,625858025,1120975,,
2026-07-18,4543855070,1,3039,3039,3039,3039,221982806,273004,,
2026-07-18,4595016786,1,3528,3528,3528,3528,588462405,721983,,
2026-07-18,4599924264,1,2798,2798,2798,2798,702422481,270963,,
2026-07-18,4673599750,1,2829,2829,2829,2829,496139193,453422,,
2026-07-18,4720386144,1,3622,3622,3622,3622,111479678,566117,,
2026-07-18,4793836769,1,8781,8781,8781,8781,284124076,6028215,,
2026-07-18,4925331346,1,4127,4127,4127,4127,,,,
2026-07-18,4944984948,1,5939,5939,5939,5939,238069917,112681,,
2026-07-18,5195168716,1,1693,1693,1693,1693,93404781,617351,,
2026-07-18,5207621753,1,3418,3418,3418,3418,84166810,72153,,
2026-07-18,5295169598,1,2699,2699,2699,2699,245849907,2150041,,
2026-07-18,5361032378,1,36472,36472,36472,36472,2012020255,981936,,
2026-07-18,5508238359,1,4591,4591,4591,4591,79788592,1539083,,
2026-07-18,5549835355,1,2875,2875,2875,2875,106849678,223121,,
2026-07-18,5578556129,1,17820,17820,17820,17820,1996520808,1970830,,
2026-07-18,5668114043,1,2126,2126,2126,2126,234670983,726563,,
2026-07-18,5750914919,1,67585,67585,67585,67585,4672727236,3525751,,
2026-07-18,5956634861,1,809,809,809,809,149090558,583906,,
2026-07-18,6072944764,1,1027,1027,1027,1027,,,,
2026-07-18,6247557414,1,1139,1139,1139,1139,194524362,2252109,,
2026-07-18,6314664695,1,1059,1059,1059,1059,59346207,2785008,,
2026-07-18,6409513651,1,9165,9165,9165,9165,88816249,826954,,
2026-07-18,6541749038,1,737,737,737,737,35172022,89299,,
2026-07-18,6682487255,1,8830,8830,8830,8830,470459312,223286,,
2026-07-18,6749060816,1,9776,9776,9776,9776,241254227,1643186,,
2026-07-18,7018190066,1,21694,21694,21694,21694,6443038959,6007717,,
2026-07-18,7058980030,1,5719,5719,5719,5719,554141038,927690,,
2026-07-18,7082423811,1,4745,4745,4745,4745,274326012,1552538,,
2026-07-18,7094518649,1,13882,13882,13882,13882,323527658,786886,,
2026-07-18,7127084123,1,3709,3709,3709,3709,142568302,305508,,
2026-07-18,7128163167,1,2875,2875,2875,2875,67748588,114849,,
2026-07-18,7219654364,1,71234,71234,71234,71234,1369035331,14246146,,
2026-07-18,7332711118,1,4988,4988,4988,4988,1858335681,2452596,,
2026-07-18,7368125255,1,4686,4686,4686,4686,,,,
2026-07-18,7383133134,1,1119,1119,1119,1119,100435691,739920,,
2026-07-18,7434179990,1,3521,3521,3521,3521,220918488,7804147,,
2026-07-18,7436755782,1,44857,44857,44857,44857,35742887239,11316259,,
2026-07-18,7613970129,1,2903,2903,2903,2903,54496694,132219,,
2026-07-18,7690412163,1,1339,1339,1339,1339,83440353,196415,,
2026-07-18,7709344486,1,164854,164854,164854,164854,71514155430,28727087,,
2026-07-18,7719766419,1,1104,1104,1104,1104,28452116,246544,,
2026-07-18,7760134732,1,2825,2825,2825,2825,26235055,757759,,
2026-07-18,7856039629,1,1268,1268,1268,1268,2795390,186036,,
2026-07-18,7891669427,1,1563,1563,1563,1563,32545995,805142,,
2026-07-18,7997703002,1,881,881,881,881,10317005,70873,,
2026-07-18,8014099969,1,1547,1547,1547,1547,142318078,239211,,
2026-07-18,8291789996,1,3552,3552,3552,3552,,,,
2026-07-18,8316902627,1,4091,4091,4091,4091,4674333764,1970086,,
2026-07-18,8356066619,1,12828,12828,12828,12828,75360483,47130,,
2026-07-18,8401518398,1,3090,3090,3090,3090,68102997,49739,,
2026-07-18,8504461817,2,4241,4241,4122,4360,177584114,90208,,
2026-07-18,8539298853,1,16976,16976,16976,16976,1234228540,1671853,,
2026-07-18,8675480462,1,739,739,739,739,4662952,16877,,
2026-07-18,8696670616,1,2886,2886,2886,2886,,,,
2026-07-18,8705454731,1,3450,3450,3450,3450,68446843,506377,,
2026-07-18,8759966530,1,2720,2720,2720,2720,109708021,374205,,
2026-07-18,8786713187,1,2033,2033,2033,2033,113550268,277263,,
2026-07-18,8791358380,1,7817,7817,7817,7817,401706382,11880852,,
2026-07-18,8950496606,1,3738,3738,3738,3738,165918140,417435,,
2026-07-18,9077534770,1,1144,1144,1144,1144,56838195,172831,,
2026-07-18,9098570654,1,13183,13183,13183,13183,202261784,314500,,
2026-07-18,9122463229,1,9014,9014,9014,9014,,,,
2026-07-18,9129640671,1,11028,11028,11028,11028,,,,
2026-07-18,9141743926,1,14043,14043,14043,14043,398294132,574528,,
2026-07-18,9145063979,1,9305,9305,9305,9305,513141392,505966,,
2026-07-18,9145282410,1,1530,1530,1530,1530,36602178,265759,,
2026-07-18,9177208241,1,3456,3456,3456,3456,66842185,365980,,
2026-07-18,9219116196,1,3695,3695,3695,3695,83503269,212280,,
2026-07-18,9231693026,1,2948,2948,2948,2948,,,,
2026-07-18,9296042754,1,4159,4159,4159,4159,47641660,230232,,
2026-07-18,9315472782,1,1508,1508,1508,1508,20728309,120679,,
2026-07-18,9315739469,1,1009,1009,1009,1009,78008514,81336,,
2026-07-18,9348272796,1,22367,22367,22367,22367,582940457,542865,,
2026-07-18,9362896961,1,4775,4775,4775,4775,140888809,213519,,
2026-07-18,9363735110,1,8025,8025,8025,8025,5663775139,2023066,,
2026-07-18,9409870130,1,956,956,956,956,18307362,229541,,
2026-07-18,9411563986,1,1447,1447,1447,1447,80478344,140706,,
2026-07-18,9481391333,1,1426,1426,1426,1426,10353562,353109,,
2026-07-18,9494058490,1,12312,12312,12312,12312,,,,
2026-07-18,9501409571,1,603,603,603,603,37334102,183821,,
2026-07-18,9513686983,1,5191,5191,5191,5191,399833376,13025901,,
2026-07-18,9526307912,2,3866,3866,3717,4015,81778678,140001,,
2026-07-18,9561553764,1,9163,9163,9163,9163,75539217,73112,,
2026-07-18,9571037154,1,728,728,728,728,31940603,54068,,
2026-07-18,9584852943,1,352771,352771,352771,352771,3119170181,4247474,,
2026-07-18,9639553972,1,2899,2899,2899,2899,29397818,158019,,
2026-07-18,9660713566,1,2920,2920,2920,2920,87613420,5394800,,
2026-07-18,9741799896,1,3522,3522,3522,3522,50185233,2695863,,
2026-07-18,9787206684,1,2620,2620,2620,2620,760094452,2927050,,
2026-07-18,9792947201,1,3576,3576,3576,3576,526293835,3505040,,
2026-07-18,9830725726,1,3072,3072,3072,3072,27740425,29695,,
2026-07-18,9859536675,1,2754,2754,2754,2754,,,,
2026-07-18,9930466428,1,714,714,714,714,32240762,130493,,
2026-07-18,9940725596,1,850,850,850,850,29032940,38062,,
2026-07-18,9953328866,1,5227,5227,5227,5227,38213240,42985,,
2026-07-18,9963622286,1,11708,11708,11708,11708,84997279,2660229,,
2026-07-18,9998576154,1,4369,4369,4369,4369,84338279,5426240,,
2026-07-18,10004244222,1,74154,74154,74154,74154,1456490129,23180591,,
2026-07-18,10051853469,1,5082,5082,5082,5082,100408177,2217907,,
2026-07-18,10052184484,1,3009,3009,3009,3009,37613664,2345569,,
2026-07-18,10065013948,1,5944,5944,5944,5944,39160229,60167,,
2026-07-18,10081194651,1,2842,2842,2842,2842,42826752,168656,,
2026-07-18,10083552936,1,833,833,833,833,7323613,322036,,
2026-07-18,10086454767,1,2545,2545,2545,2545,16116158,46134,,
2026-07-18,10111742174,1,2797,2797,2797,2797,27044854,57503,,
2026-07-18,10127090395,1,26061,26061,26061,26061,59344259,3086372,,
2026-07-18,10138661961,1,2798,2798,2798,2798,40874289,97892,,
2026-07-18,10144280947,1,31175,31175,31175,31175,43092722,1832428,,
2026-07-18,10148434559,1,4301,4301,4301,4301,63104307,415690,,
2026-07-18,10149910491,1,4203,4203,4203,4203,23566793,35425,,
2026-07-18,10149964044,1,6407,6407,6407,6407,,,,
2026-07-18,10153098880,1,6436,6436,6436,6436,2970876,13873,,
2026-07-18,10184247393,1,10627,10627,10627,10627,39094860,1245208,,
2026-07-18,10196660716,1,5657,5657,5657,5657,12003630,991044,,
2026-07-18,10199301628,1,45096,45096,45096,45096,222472870,1284650,,
2026-07-18,10200291205,1,4151,4151,4151,4151,18483689,607813,,
2026-07-18,10200395747,1,466729,466729,466729,466729,1290831694,615668,,
2026-07-18,10204207151,1,9041,9041,9041,9041,4389398,20442,,
2026-07-18,10230921598,1,10676,10676,10676,10676,116471449,7782539,,
2026-07-18,10244001346,1,7425,7425,7425,7425,58910935,58708,,
2026-07-18,10247712813,1,3287,3287,3287,3287,23466164,38250,,
2026-07-18,10247797619,1,13270,13270,13270,13270,30646493,102500,,
2026-07-18,10274447949,1,4839,4839,4839,4839,15659610,1236493,,
2026-07-18,10321202755,1,17004,17004,17004,17004,24471214,319719,,
2026-07-18,10334632168,1,2769,2769,2769,2769,2655351,10476,,
2026-07-18,10337069275,1,3205,3205,3205,3205,4228469,43198,,
2026-07-18,10369900243,1,14767,14767,14767,14767,,,,
2026-07-19,31970568,1,7358,7358,7358,7358,1591268131,6058545,,
2026-07-19,66654135,1,376348,376348,376348,376348,27451669649,22916481,,
2026-07-19,568307879,1,847,847,847,847,522099872,543776,,
2026-07-19,605887098,1,3534,3534,3534,3534,2508252645,3688504,,
2026-07-19,903807016,1,5222,5222,5222,5222,1542272689,2811328,,
2026-07-19,1053132402,1,2868,2868,2868,2868,561954437,967343,,
2026-07-19,1198533421,1,993,993,993,993,178416288,723183,,
2026-07-19,1214576306,1,3639,3639,3639,3639,1636075041,4285177,,
2026-07-19,1430007363,1,4392,4392,4392,4392,893340593,2275973,,
2026-07-19,1489026993,2,7535,7535,7512,7558,2646693677,4311366,,
2026-07-19,1526814825,1,11319,11319,11319,11319,1071528990,4278471,,
2026-07-19,1637284552,1,1016,1016,1016,1016,,,,
2026-07-19,1795206523,1,1611,1611,1611,1611,946017726,926827,,
2026-07-19,1831550657,1,32966,32966,32966,32966,2112234073,10657238,,
2026-07-19,1998835206,1,2700,2700,2700,2700,579791886,1166192,,
2026-07-19,2049551477,2,4332,4332,3184,5481,1453061553,1902381,,
2026-07-19,2165551367,1,1150,1150,1150,1150,,,,
2026-07-19,2247578975,2,5443,5443,4734,6152,1202012470,14922810,,
2026-07-19,2274830359,1,9796,9796,9796,9796,2946945470,1978844,,
2026-07-19,2294168059,1,6832,6832,6832,6832,1227115626,3305755,,
2026-07-19,2369077151,1,12503,12503,12503,12503,382532466,10444832,,
2026-07-19,2440500124,1,19359,19359,19359,19359,7512766959,7960677,,
2026-07-19,2655478023,2,5044,5044,4318,5771,998337888,3475440,,
2026-07-19,2788648141,1,3639,3639,3639,3639,992495104,2004542,,
2026-07-19,2821905072,1,3953,3953,3953,3953,254020038,5346786,,
2026-07-19,2827951974,1,1372,1372,1372,1372,807331906,677739,,
2026-07-19,2921237723,1,2624,2624,2624,2624,134982202,747201,,
2026-07-19,2992873140,1,20885,20885,20885,20885,1353445253,992828,,
2026-07-19,3034836582,1,1176,1176,1176,1176,500596890,1910934,,
2026-07-19,3079618996,1,3159,3159,3159,3159,767031872,809442,,
2026-07-19,3088609243,1,4217,4217,4217,4217,724458335,587511,,
2026-07-19,3164075108,1,3244,3244,3244,3244,274189035,722368,,
2026-07-19,3187874989,1,4699,4699,4699,4699,159384486,221325,,
2026-07-19,3191268194,1,3886,3886,3886,3886,1346930972,5356903,,
2026-07-19,3232181171,1,838,838,838,838,56649993,216330,,
2026-07-19,3274669156,1,1209,1209,1209,1209,66952166,648498,,
2026-07-19,3310460039,1,23728,23728,23728,23728,4529417122,105113677,,
2026-07-19,3346892457,1,2373,2373,2373,2373,434047942,169490,,
2026-07-19,3420059569,1,2812,2812,2812,2812,945408832,27477510,,
2026-07-19,3472976893,1,4437,4437,4437,4437,155181013,2553547,,
2026-07-19,3502524667,1,2776,2776,2776,2776,748306839,3676551,,
2026-07-19,3551414857,1,2990,2990,2990,2990,625619934,1313242,,
2026-07-19,3647333358,1,56640,56640,56640,56640,8871072086,8021029,,
2026-07-19,3754482795,1,6427,6427,6427,6427,1247728198,4410450,,
2026-07-19,3759884822,1,3188,3188,3188,3188,125527015,105485,,
2026-07-19,3841172115,1,3735,3735,3735,3735,143815064,668792,,
2026-07-19,4028801234,1,1720,1720,1720,1720,229916561,12221144,,
2026-07-19,4071487712,1,819,819,819,819,27236856,114724,,
2026-07-19,4283416256,1,684,684,684,684,20417216,123560,,
2026-07-19,4348829796,1,15847,15847,15847,15847,2574051606,10809254,,
2026-07-19,4457060041,1,2853,2853,2853,2853,130129229,215039,,
2026-07-19,4518160318,1,6931,6931,6931,6931,626337486,1122214,,
2026-07-19,4543855070,1,3429,3429,3429,3429,222262892,273400,,
2026-07-19,4595016786,1,3744,3744,3744,3744,588965041,722787,,
2026-07-19,4599924264,1,3082,3082,3082,3082,702973980,271384,,
2026-07-19,4673599750,1,3003,3003,3003,3003,496945521,454095,,
2026-07-19,4720386144,1,3573,3573,3573,3573,111786723,567487,,
2026-07-19,4793836769,1,6676,6676,6676,6676,284787036,6040732,,
2026-07-19,4925331346,1,4201,4201,4201,4201,301794889,463248,,
2026-07-19,4944984948,1,5768,5768,5768,5768,239134880,113401,,
2026-07-19,5195168716,1,1492,1492,1492,1492,93566083,618200,,
2026-07-19,5207621753,1,3281,3281,3281,3281,84466574,72305,,
2026-07-19,5295169598,1,2653,2653,2653,2653,246122070,2153530,,
2026-07-19,5361032378,1,37544,37544,37544,37544,2014255220,982687,,
2026-07-19,5508238359,1,4992,4992,4992,4992,80213719,1543863,,
2026-07-19,5578556129,1,15110,15110,15110,15110,1997163187,1971511,,
2026-07-19,5668114043,1,2347,2347,2347,2347,234903837,727161,,
2026-07-19,5698013839,1,621,621,621,621,69486611,273385,,
2026-07-19,5750914919,1,74947,74947,74947,74947,4678367975,3527998,,
2026-07-19,6072944764,1,1144,1144,1144,1144,52263416,57940,,
2026-07-19,6117314924,1,749,749,749,749,14223179,269454,,
2026-07-19,6247557414,1,1140,1140,1140,1140,194680467,2254123,,
2026-07-19,6409513651,1,8367,8367,8367,8367,89188888,827256,,
2026-07-19,6646518350,1,631,631,631,631,253169618,349043,,
2026-07-19,6682487255,1,7895,7895,7895,7895,471207884,223440,,
2026-07-19,6749060816,1,8818,8818,8818,8818,241957352,1646989,,
2026-07-19,7018190066,1,25574,25574,25574,25574,6445210399,6009343,,
2026-07-19,7058980030,1,6602,6602,6602,6602,555299138,929391,,
2026-07-19,7082423811,1,4884,4884,4884,4884,,,,
2026-07-19,7094518649,1,14507,14507,14507,14507,324336877,788332,,
2026-07-19,7127084123,1,3973,3973,3973,3973,142848014,306041,,
2026-07-19,7128163167,1,2822,2822,2822,2822,68060729,115351,,
2026-07-19,7219654364,1,60923,60923,60923,60923,1375603801,14283263,,
2026-07-19,7332711118,1,5327,5327,5327,5327,1859036354,2453253,,
2026-07-19,7368125255,1,4686,4686,4686,4686,,,,
2026-07-19,7383133134,1,1225,1225,1225,1225,100617626,741334,,
2026-07-19,7434179990,1,3179,3179,3179,3179,221245504,7812275,,
2026-07-19,7436755782,1,49758,49758,49758,49758,35748131584,11317453,,
2026-07-19,7613921865,1,196731,196731,196731,196731,92348573,65347,,
2026-07-19,7690412163,1,1337,1337,1337,1337,83557027,197018,,
2026-07-19,7709344486,1,227205,227205,227205,227205,71568990976,28743917,,
2026-07-19,7719766419,1,909,909,909,909,28575019,247331,,
2026-07-19,7760134732,1,2784,2784,2784,2784,26533851,765006,,
2026-07-19,7798947148,1,4868,4868,4868,4868,,,,
2026-07-19,7856039629,1,1619,1619,1619,1619,2968713,193866,,
2026-07-19,7891669427,1,1847,1847,1847,1847,32704176,807307,,
2026-07-19,8014099969,1,1914,1914,1914,1914,142502754,239451,,
2026-07-19,8291789996,1,3552,3552,3552,3552,,,,
2026-07-19,8316902627,1,4188,4188,4188,4188,4675105666,1970503,,
2026-07-19,8356066619,1,17539,17539,17539,17539,75883802,47348,,
2026-07-19,8401518398,1,3157,3157,3157,3157,68725310,50319,,
2026-07-19,8504461817,2,4562,4562,4444,4681,178289758,90746,,
2026-07-19,8539298853,1,13751,13751,13751,13751,1235676765,1674525,,
2026-07-19,8696670616,1,2886,2886,2886,2886,,,,
2026-07-19,8759966530,1,2837,2837,2837,2837,110186149,375226,,
2026-07-19,8786713187,1,2143,2143,2143,2143,113723348,277684,,
2026-07-19,8791358380,1,8038,8038,8038,8038,402634838,11909810,,
2026-07-19,8950496606,1,3561,3561,3561,3561,166178501,417899,,
2026-07-19,9073513091,1,3463,3463,3463,3463,119457276,155864,,
2026-07-19,9077534770,1,1151,1151,1151,1151,56974727,173196,,
2026-07-19,9098570654,1,13657,13657,13657,13657,203346728,316307,,
2026-07-19,9122463229,1,9014,9014,9014,9014,,,,
2026-07-19,9129640671,1,11028,11028,11028,11028,,,,
2026-07-19,9141743926,1,14326,14326,14326,14326,399925215,575445,,
2026-07-19,9145063979,1,9891,9891,9891,9891,514336994,507387,,
2026-07-19,9145282410,1,1340,1340,1340,1340,36730832,266522,,
2026-07-19,9177208241,1,2808,2808,2808,2808,67218366,367203,,
2026-07-19,9219116196,1,3614,3614,3614,3614,83889357,213545,,
2026-07-19,9231693026,1,2948,2948,2948,2948,,,,
2026-07-19,9296042754,1,4581,4581,4581,4581,48115097,232282,,
2026-07-19,9315472782,1,942,942,942,942,20883097,121520,,
2026-07-19,9315739469,1,1121,1121,1121,1121,78189355,81564,,
2026-07-19,9348272796,1,41815,41815,41815,41815,586646364,545958,,
2026-07-19,9362896961,1,5036,5036,5036,5036,141158344,213640,,
2026-07-19,9363735110,1,10989,10989,10989,10989,5665464478,2023864,,
2026-07-19,9409870130,1,954,954,954,954,18403085,230660,,
2026-07-19,9411563986,1,1642,1642,1642,1642,80697340,141031,,
2026-07-19,9481391333,1,1890,1890,1890,1890,10504716,355622,,
2026-07-19,9494058490,1,12312,12312,12312,12312,,,,
2026-07-19,9501409571,1,723,723,723,723,37423824,184207,,
2026-07-19,9513686983,1,5547,5547,5547,5547,400572762,13055877,,
2026-07-19,9526307912,2,3470,3470,3163,3776,82251805,140820,,
2026-07-19,9561553764,1,11229,11229,11229,11229,77224662,74319,,
2026-07-19,9584852943,1,380210,380210,380210,380210,3217410890,4314399,,
2026-07-19,9660713566,1,4372,4372,4372,4372,88148702,5422856,,
2026-07-19,9741799896,1,2787,2787,2787,2787,50765645,2725954,,
2026-07-19,9758688665,1,3022,3022,3022,3022,96710551,4998781,,
2026-07-19,9787206684,1,3255,3255,3255,3255,760693751,2928260,,
2026-07-19,9792947201,1,3269,3269,3269,3269,526664291,3505472,,
2026-07-19,9830725726,1,2738,2738,2738,2738,28280571,30143,,
2026-07-19,9859536675,1,2754,2754,2754,2754,,,,
2026-07-19,9930466428,1,1224,1224,1224,1224,32387163,130747,,
2026-07-19,9940725596,1,1088,1088,1088,1088,29209269,38290,,
2026-07-19,9953328866,1,4579,4579,4579,4579,38970237,43820,,
2026-07-19,9963622286,1,12978,12978,12978,12978,86497462,2661402,,
2026-07-19,9998576154,1,4580,4580,4580,4580,85030568,5460517,,
2026-07-19,10004244222,1,82701,82701,82701,82701,1471135049,23267863,,
2026-07-19,10051853469,1,4650,4650,4650,4650,100958028,2228444,,
2026-07-19,10065013948,1,6864,6864,6864,6864,39842626,61090,,
2026-07-19,10083552936,1,704,704,704,704,7432689,326605,,
2026-07-19,10086454767,1,2080,2080,2080,2080,16279987,46410,,
2026-07-19,10127090395,1,23078,23078,23078,23078,64057456,3303022,,
2026-07-19,10138661961,1,2789,2789,2789,2789,41217670,98421,,
2026-07-19,10144280947,1,27109,27109,27109,27109,46166885,1929890,,
2026-07-19,10148434559,1,4063,4063,4063,4063,63660586,418133,,
2026-07-19,10149910491,1,4816,4816,4816,4816,23992556,35960,,
2026-07-19,10149964044,1,6407,6407,6407,6407,,,,
2026-07-19,10153098880,1,8310,8310,8310,8310,3512999,18500,,
2026-07-19,10184247393,1,10940,10940,10940,10940,40166657,1280835,,
2026-07-19,10189601764,1,12000,12000,12000,12000,18819309,24918,,
2026-07-19,10196660716,1,6182,6182,6182,6182,12967269,1072071,,
2026-07-19,10199301628,1,46467,46467,46467,46467,229160980,1311874,,
2026-07-19,10200291205,1,5603,5603,5603,5603,19891501,651801,,
2026-07-19,10200395747,1,517973,517973,517973,517973,1308806637,616122,,
2026-07-19,10204207151,1,9312,9312,9312,9312,5225443,22680,,
2026-07-19,10210407309,1,5767,5767,5767,5767,18366274,981331,,
2026-07-19,10230921598,1,11768,11768,11768,11768,118379391,7895375,,
2026-07-19,10233180411,1,2634,2634,2634,2634,1884248,4820,,
2026-07-19,10234614974,1,3919,3919,3919,3919,8279834,12867,,
2026-07-19,10244001346,1,7952,7952,7952,7952,60442246,60297,,
2026-07-19,10247712813,1,3146,3146,3146,3146,23958071,38729,,
2026-07-19,10247797619,1,14993,14993,14993,14993,32617912,107781,,
2026-07-19,10253235584,1,15226,15226,15226,15226,4021525,65957,,
2026-07-19,10253841135,1,7680,7680,7680,7680,6923590,17455,,
2026-07-19,10272236945,1,4218,4218,4218,4218,1728950,2432,,
2026-07-19,10274447949,1,5736,5736,5736,5736,16458355,1295056,,
2026-07-19,10321202755,1,19035,19035,19035,19035,25458241,323443,,
2026-07-19,10334632168,2,3185,3185,2757,3613,3121105,12066,,
2026-07-19,10337069275,1,3802,3802,3802,3802,4423841,44614,,
2026-07-19,10356701370,1,19336,19336,19336,19336,12383153,93695,,
2026-07-19,10369900243,1,14767,14767,14767,14767,,,,
2026-07-19,10426376134,1,9112,9112,9112,9112,2320485,149434,,
2026-07-19,10455462279,1,6919,6919,6919,6919,2734792,170410,,
2026-07-19,10502841145,1,28203,28203,28203,28203,8310773,17937,,
2026-07-20,31970568,1,6673,6673,6673,6673,1591739805,6059056,,
2026-07-20,66654135,1,394541,394541,394541,394541,27492241675,22933358,,
2026-07-20,568307879,1,717,717,717,717,522206622,543941,,
2026-07-20,605887098,1,3273,3273,3273,3273,2508636170,3688957,,
2026-07-20,903807016,1,4779,4779,4779,4779,1543060363,2811852,,
2026-07-20,1198533421,1,920,920,920,920,178489925,723319,,
2026-07-20,1214576306,1,3238,3238,3238,3238,1636332407,4285508,,
2026-07-20,1430007363,1,4271,4271,4271,4271,893816559,2278373,,
2026-07-20,1489026993,2,6590,6590,6524,6656,2647343518,4312018,,
2026-07-20,1526814825,1,10707,10707,10707,10707,1072335571,4280458,,
2026-07-20,1637284552,1,1016,1016,1016,1016,,,,
2026-07-20,1795206523,1,1482,1482,1482,1482,946297390,926944,,
2026-07-20,1831550657,1,34078,34078,34078,34078,2114016525,10664638,,
2026-07-20,1998835206,1,2735,2735,2735,2735,580017018,1166358,,
2026-07-20,2049551477,2,4372,4372,3159,5584,1453675357,1903119,,
2026-07-20,2165551367,1,1122,1122,1122,1122,665912788,2410584,,
2026-07-20,2247578975,2,4418,4418,3651,5185,1202623594,14923225,,
2026-07-20,2274830359,1,8380,8380,8380,8380,2948368221,1980079,,
2026-07-20,2294168059,1,6678,6678,6678,6678,1227666773,3307256,,
2026-07-20,2369077151,1,9046,9046,9046,9046,383633814,10464616,,
2026-07-20,2440500124,1,19712,19712,19712,19712,7514900806,7962747,,
2026-07-20,2655478023,2,3938,3938,3249,4628,998996813,3476026,,
2026-07-20,2788648141,1,2958,2958,2958,2958,992789054,2008075,,
2026-07-20,2821905072,1,4239,4239,4239,4239,254486821,5355584,,
2026-07-20,2827951974,1,1262,1262,1262,1262,807489813,677974,,
2026-07-20,2921237723,1,2531,2531,2531,2531,135250326,748034,,
2026-07-20,2992873140,1,20527,20527,20527,20527,1355088326,993548,,
2026-07-20,3034836582,1,1290,1290,1290,1290,500736438,1911106,,
2026-07-20,3079618996,1,4273,4273,4273,4273,767364920,811763,,
2026-07-20,3088609243,1,4092,4092,4092,4092,725134240,588374,,
2026-07-20,3164075108,1,2868,2868,2868,2868,274424328,722669,,
2026-07-20,3187874989,1,4508,4508,4508,4508,159757244,221715,,
2026-07-20,3191268194,1,3477,3477,3477,3477,1347282519,5362053,,
2026-07-20,3274669156,1,877,877,877,877,67011379,649220,,
2026-07-20,3310460039,1,19559,19559,19559,19559,4532491235,105115044,,
2026-07-20,3346892457,1,2537,2537,2537,2537,434368169,169790,,
2026-07-20,3420059569,1,2759,2759,2759,2759,945826639,27477643,,
2026-07-20,3472976893,1,4865,4865,4865,4865,155819014,2572340,,
2026-07-20,3502524667,1,2420,2420,2420,2420,748690628,3676834,,
2026-07-20,3551414857,1,3377,3377,3377,3377,625873816,1313557,,
2026-07-20,3647333358,1,58869,58869,58869,58869,8877289397,8025029,,
2026-07-20,3754482795,1,5899,5899,5899,5899,1248599333,4413785,,
2026-07-20,3759884822,1,2853,2853,2853,2853,125733266,105731,,
2026-07-20,3841172115,1,2964,2964,2964,2964,144126510,669680,,
2026-07-20,4028801234,1,1542,1542,1542,1542,230098865,12231447,,
2026-07-20,4071487712,1,918,918,918,918,27293576,114923,,
2026-07-20,4283416256,1,688,688,688,688,20469345,123785,,
2026-07-20,4348829796,1,16508,16508,16508,16508,2575957571,10817173,,
2026-07-20,4518160318,1,6540,6540,6540,6540,626801513,1123319,,
2026-07-20,4543855070,1,3120,3120,3120,3120,222544679,273762,,
2026-07-20,4595016786,1,3235,3235,3235,3235,589395000,723453,,
2026-07-20,4599924264,1,2934,2934,2934,2934,703495151,271787,,
2026-07-20,4673599750,1,2774,2774,2774,2774,497744398,454806,,
2026-07-20,4720386144,1,3284,3284,3284,3284,112042072,568718,,
2026-07-20,4793836769,1,6444,6444,6444,6444,285345809,6053820,,
2026-07-20,4887744468,1,823,823,823,823,80783223,358473,,
2026-07-20,4925331346,1,4213,4213,4213,4213,302134915,463916,,
2026-07-20,4944984948,1,4810,4810,4810,4810,239960618,113982,,
2026-07-20,5195168716,1,1606,1606,1606,1606,93713840,618943,,
2026-07-20,5207621753,1,2956,2956,2956,2956,84697118,72446,,
2026-07-20,5361032378,1,37024,37024,37024,37024,2016527085,983351,,
2026-07-20,5508238359,1,5737,5737,5737,5737,80623121,1548419,,
2026-07-20,5578556129,1,14559,14559,14559,14559,1997735300,1972316,,
2026-07-20,5668114043,1,2440,2440,2440,2440,235132208,727827,,
2026-07-20,5750914919,1,66428,66428,66428,66428,4681945222,3529946,,
2026-07-20,5956634861,1,732,732,732,732,149253343,584293,,
2026-07-20,6072944764,1,1037,1037,1037,1037,52358128,58122,,
2026-07-20,6247557414,1,1401,1401,1401,1401,194826405,2255949,,
2026-07-20,6314664695,1,714,714,714,714,59467679,2789910,,
2026-07-20,6409513651,1,7087,7087,7087,7087,89515488,827553,,
2026-07-20,6647992437,1,721,721,721,721,88734338,31837,,
2026-07-20,6682487255,1,7325,7325,7325,7325,471917921,223581,,
2026-07-20,6749060816,1,8593,8593,8593,8593,242603762,1650269,,
2026-07-20,7018190066,1,24924,24924,24924,24924,6447267344,6013632,,
2026-07-20,7058980030,1,5985,5985,5985,5985,556404964,931164,,
2026-07-20,7082423811,1,4113,4113,4113,4113,275307088,1553625,,
2026-07-20,7094518649,1,13704,13704,13704,13704,325115951,789736,,
2026-07-20,7127084123,1,3518,3518,3518,3518,143125277,306598,,
2026-07-20,7128163167,1,3077,3077,3077,3077,68346166,115752,,
2026-07-20,7208219743,1,4552,4552,4552,4552,1489675,31850,,
2026-07-20,7219654364,1,59273,59273,59273,59273,1381701597,14316447,,
2026-07-20,7332711118,1,4848,4848,4848,4848,1859547895,2453663,,
2026-07-20,7368125255,1,4686,4686,4686,4686,,,,
2026-07-20,7383133134,1,1250,1250,1250,1250,100772206,742667,,
2026-07-20,7436755782,1,47194,47194,47194,47194,35751871253,11321029,,
2026-07-20,7613921865,1,184141,184141,184141,184141,119262915,75715,,
2026-07-20,7690412163,1,1729,1729,1729,1729,83674405,197548,,
2026-07-20,7709344486,1,218897,218897,218897,218897,71611229167,28752897,,
2026-07-20,7719766419,1,1387,1387,1387,1387,28698549,248219,,
2026-07-20,7720654467,1,2735,2735,2735,2735,68214633,197427,,
2026-07-20,7760134732,1,2752,2752,2752,2752,26827394,772657,,
2026-07-20,7798947148,1,4656,4656,4656,4656,134672459,294709,,
2026-07-20,7856039629,1,2405,2405,2405,2405,3183436,204611,,
2026-07-20,7891669427,1,1999,1999,1999,1999,32865453,809740,,
2026-07-20,8014099969,1,1648,1648,1648,1648,142670332,239663,,
2026-07-20,8291789996,1,3552,3552,3552,3552,,,,
2026-07-20,8316902627,1,4281,4281,4281,4281,4675618173,1970758,,
2026-07-20,8356066619,1,13647,13647,13647,13647,76388474,47545,,
2026-07-20,8401518398,1,2985,2985,2985,2985,69260719,50773,,
2026-07-20,8504461817,2,3888,3888,3788,3988,178866229,91182,,
2026-07-20,8539298853,1,12088,12088,12088,12088,1236798564,1676411,,
2026-07-20,8562618273,1,808,808,808,808,102360871,79376,,
2026-07-20,8696670616,1,2886,2886,2886,2886,,,,
2026-07-20,8759966530,1,3857,3857,3857,3857,110604482,376005,,
2026-07-20,8786713187,1,1815,1815,1815,1815,113887129,278052,,
2026-07-20,8791358380,1,7544,7544,7544,7544,403460659,11932097,,
2026-07-20,8950496606,1,3443,3443,3443,3443,166435340,418650,,
2026-07-20,9077534770,1,1261,1261,1261,1261,57106308,173641,,
2026-07-20,9098570654,1,10730,10730,10730,10730,204166806,317708,,
2026-07-20,9122463229,1,9014,9014,9014,9014,,,,
2026-07-20,9129640671,1,11028,11028,11028,11028,,,,
2026-07-20,9141743926,1,13273,13273,13273,13273,401358012,576127,,
2026-07-20,9145063979,1,7921,7921,7921,7921,515494296,508773,,
2026-07-20,9145282410,1,1294,1294,1294,1294,36835602,267107,,
2026-07-20,9177208241,1,3819,3819,3819,3819,67534583,368256,,
2026-07-20,9219116196,1,4007,4007,4007,4007,84231792,214712,,
2026-07-20,9231693026,1,2948,2948,2948,2948,,,,
2026-07-20,9296042754,1,4283,4283,4283,4283,48543055,234186,,
2026-07-20,9315472782,1,967,967,967,967,21005785,122163,,
2026-07-20,9315739469,1,1388,1388,1388,1388,78355521,81765,,
2026-07-20,9348272796,1,39650,39650,39650,39650,590769135,549255,,
2026-07-20,9362896961,1,4651,4651,4651,4651,141408303,213754,,
2026-07-20,9363735110,1,9370,9370,9370,9370,5666684396,2024539,,
2026-07-20,9409870130,1,1207,1207,1207,1207,18497596,231680,,
2026-07-20,9411563986,1,1567,1567,1567,1567,80892384,141303,,
2026-07-20,9452898647,1,2791,2791,2791,2791,109784156,4566498,,
2026-07-20,9481391333,1,1780,1780,1780,1780,10670569,358812,,
2026-07-20,9494058490,1,12312,12312,12312,12312,,,,
2026-07-20,9513686983,1,4766,4766,4766,4766,401244455,13083730,,
2026-07-20,9526307912,2,4264,4264,3526,5001,82786714,141696,,
2026-07-20,9556113881,1,974,974,974,974,36764560,167316,,
2026-07-20,9561553764,1,11681,11681,11681,11681,78964500,75645,,
2026-07-20,9584852943,1,339593,339593,339593,339593,3287272678,4368289,,
2026-07-20,9639553972,1,2983,2983,2983,2983,30024643,160460,,
2026-07-20,9792947201,1,2977,2977,2977,2977,526989604,3505944,,
2026-07-20,9859536675,1,2754,2754,2754,2754,,,,
2026-07-20,9930466428,1,1034,1034,1034,1034,32540751,131010,,
2026-07-20,9940725596,1,906,906,906,906,29365274,38452,,
2026-07-20,9940812243,1,4481,4481,4481,4481,4256655,94378,,
2026-07-20,9953328866,1,2771,2771,2771,2771,39457679,44371,,
2026-07-20,9963622286,1,8858,8858,8858,8858,87690397,2662309,,
2026-07-20,9998576154,1,2897,2897,2897,2897,85536322,5486758,,
2026-07-20,10004244222,1,70491,70491,70491,70491,1482953202,23341834,,
2026-07-20,10051853469,1,3422,3422,3422,3422,101323108,2234223,,
2026-07-20,10065013948,1,3961,3961,3961,3961,40482907,61960,,
2026-07-20,10083552936,1,708,708,708,708,7513616,329652,,
2026-07-20,10086454767,1,1540,1540,1540,1540,16398867,46602,,
2026-07-20,10127090395,1,16434,16434,16434,16434,68070819,3490525,,
2026-07-20,10138661961,1,2592,2592,2592,2592,41715365,99119,,
2026-07-20,10144280947,1,24274,24274,24274,24274,48795672,2007813,,
2026-07-20,10148434559,1,3565,3565,3565,3565,,,,
2026-07-20,10149910491,1,4074,4074,4074,4074,24375528,36407,,
2026-07-20,10149964044,1,6407,6407,6407,6407,,,,
2026-07-20,10153098880,1,9277,9277,9277,9277,4097302,26441,,
2026-07-20,10184247393,1,9127,9127,9127,9127,41136592,1307990,,
2026-07-20,10189601764,1,11140,11140,11140,11140,19647881,25777,,
2026-07-20,10196660716,1,5305,5305,5305,5305,13728322,1114759,,
2026-07-20,10199301628,1,39045,39045,39045,39045,234150380,1330726,,
2026-07-20,10200291205,1,3923,3923,3923,3923,21407667,699151,,
2026-07-20,10200395747,1,507822,507822,507822,507822,1326893560,616343,,
2026-07-20,10204207151,1,6591,6591,6591,6591,5848079,24266,,
2026-07-20,10210407309,1,3174,3174,3174,3174,19362881,1031695,,
2026-07-20,10230921598,1,8282,8282,8282,8282,119989174,7985695,,
2026-07-20,10233180411,1,1846,1846,1846,1846,2187538,5377,,
2026-07-20,10234614974,1,2870,2870,2870,2870,8646542,13342,,
2026-07-20,10244001346,1,4738,4738,4738,4738,61369682,61075,,
2026-07-20,10247797619,1,11581,11581,11581,11581,34178344,111884,,
2026-07-20,10253235584,1,15671,15671,15671,15671,4910168,82639,,
2026-07-20,10253841135,1,5074,5074,5074,5074,7552157,18646,,
2026-07-20,10270331748,1,3325,3325,3325,3325,18961851,186254,,
2026-07-20,10272236945,1,5320,5320,5320,5320,2367100,3247,,
2026-07-20,10274447949,1,3265,3265,3265,3265,17141206,1340263,,
2026-07-20,10314520237,1,12180,12180,12180,12180,4082027,264770,,
2026-07-20,10321202755,1,16668,16668,16668,16668,26363650,327104,,
2026-07-20,10334632168,1,2989,2989,2989,2989,3491130,13297,,
2026-07-20,10342857565,1,4255,4255,4255,4255,4902057,7175,,
2026-07-20,10356701370,1,16859,16859,16859,16859,14707314,111799,,
2026-07-20,10369900243,1,14767,14767,14767,14767,,,,
2026-07-20,10426376134,1,9806,9806,9806,9806,3865935,234205,,
2026-07-20,10455462279,1,6916,6916,6916,6916,3530352,210549,,
2026-07-20,10456832990,1,19614,19614,19614,19614,4337877,9192,,
2026-07-20,10502841145,1,24097,24097,24097,24097,9790625,19334,,
2026-07-21,31970568,1,6325,6325,6325,6325,1592210826,6059637,,
2026-07-21,66654135,1,394791,394791,394791,394791,27531824936,22950093,,
2026-07-21,568307879,1,723,723,723,723,522308455,544116,,
2026-07-21,605887098,1,3305,3305,3305,3305,2509007473,3689458,,
2026-07-21,700312613,1,821,821,821,821,360942966,213333,,
2026-07-21,903807016,1,4602,4602,4602,4602,,,,
2026-07-21,1198533421,1,953,953,953,953,178561002,723441,,
2026-07-21,1214576306,1,3511,3511,3511,3511,1636572439,4285778,,
2026-07-21,1430007363,1,3726,3726,3726,3726,894235455,2280823,,
2026-07-21,1489026993,2,6802,6802,6611,6993,2648007857,4313008,,
2026-07-21,1526814825,1,9986,9986,9986,9986,1073087291,4282118,,
2026-07-21,1637284552,1,1016,1016,1016,1016,,,,
2026-07-21,1795206523,1,1513,1513,1513,1513,946565485,927056,,
2026-07-21,1811388660,1,847,847,847,847,128669101,1378957,,
2026-07-21,1831550657,1,31136,31136,31136,31136,2115704345,10671833,,
2026-07-21,1998835206,1,2930,2930,2930,2930,580235600,1166510,,
2026-07-21,2049551477,2,4673,4673,3191,6155,1454307760,1903988,,
2026-07-21,2165551367,1,1048,1048,1048,1048,666059517,2411313,,
2026-07-21,2247578975,2,4724,4724,3657,5791,1203199888,14923696,,
2026-07-21,2274830359,1,8029,8029,8029,8029,2949671113,1981338,,
2026-07-21,2294168059,1,6338,6338,6338,6338,1228200286,3308669,,
2026-07-21,2369077151,1,7963,7963,7963,7963,384485088,10478658,,
2026-07-21,2440500124,1,18310,18310,18310,18310,7516933363,7964811,,
2026-07-21,2655478023,2,5139,5139,4469,5809,999726131,3476730,,
2026-07-21,2788648141,1,3141,3141,3141,3141,993066728,2011021,,
2026-07-21,2821905072,1,2970,2970,2970,2970,254921442,5363580,,
2026-07-21,2827951974,1,1240,1240,1240,1240,807629493,678139,,
2026-07-21,2921237723,1,2590,2590,2590,2590,135547536,749131,,
2026-07-21,2992873140,1,19526,19526,19526,19526,1356662406,994186,,
2026-07-21,3034836582,1,2457,2457,2457,2457,500901186,1911423,,
2026-07-21,3079618996,1,3196,3196,3196,3196,767702671,814260,,
2026-07-21,3088609243,1,4806,4806,4806,4806,725817444,589245,,
2026-07-21,3164075108,1,2836,2836,2836,2836,274646372,722984,,
2026-07-21,3187874989,1,4105,4105,4105,4105,160093687,222066,,
2026-07-21,3191268194,1,3064,3064,3064,3064,1347603500,5366260,,
2026-07-21,3274669156,1,691,691,691,691,67057323,649643,,
2026-07-21,3310460039,1,18656,18656,18656,18656,4535169895,105116214,,
2026-07-21,3346892457,1,2406,2406,2406,2406,434653556,170093,,
2026-07-21,3420059569,1,2859,2859,2859,2859,946227151,27477790,,
2026-07-21,3472976893,1,3693,3693,3693,3693,156405974,2587723,,
2026-07-21,3502524667,1,2269,2269,2269,2269,749038257,3677120,,
2026-07-21,3551414857,1,2995,2995,2995,2995,626137401,1313947,,
2026-07-21,3647333358,1,53620,53620,53620,53620,8883695457,8029129,,
2026-07-21,3754482795,1,5180,5180,5180,5180,1249445210,4416881,,
2026-07-21,3841172115,1,4444,4444,4444,4444,144519791,671073,,
2026-07-21,4028801234,1,5101,5101,5101,5101,230433596,12250175,,
2026-07-21,4071487712,1,903,903,903,903,27349396,115163,,
2026-07-21,4348829796,1,15409,15409,15409,15409,2577695435,10824363,,
2026-07-21,4518160318,1,5741,5741,5741,5741,627229405,1124341,,
2026-07-21,4595016786,1,2889,2889,2889,2889,589766480,724126,,
2026-07-21,4601145322,1,2876,2876,2876,2876,93400727,7839019,,
2026-07-21,4673599750,1,2609,2609,2609,2609,498483463,455459,,
2026-07-21,4720386144,1,2505,2505,2505,2505,112257777,569625,,
2026-07-21,4793836769,1,5943,5943,5943,5943,285830869,6062775,,
2026-07-21,4887744468,1,803,803,803,803,80879048,358833,,
2026-07-21,4925331346,1,4176,4176,4176,4176,302483701,464582,,
2026-07-21,4944984948,1,4619,4619,4619,4619,240774554,114585,,
2026-07-21,5195168716,1,1376,1376,1376,1376,93864505,619693,,
2026-07-21,5361032378,1,36735,36735,36735,36735,2018672970,984029,,
2026-07-21,5508238359,1,4365,4365,4365,4365,80985364,1552079,,
2026-07-21,5578556129,1,13290,13290,13290,13290,1998231636,1972500,,
2026-07-21,5668114043,1,2159,2159,2159,2159,235337984,728345,,
2026-07-21,5698013839,1,819,819,819,819,69598578,273782,,
2026-07-21,5750914919,1,62453,62453,62453,62453,4685405211,3531197,,
2026-07-21,5927446137,1,787,787,787,787,43904114,575502,,
2026-07-21,5937860488,1,667,667,667,667,101876429,309521,,
2026-07-21,5956634861,1,2467,2467,2467,2467,149455568,584997,,
2026-07-21,6072944764,1,852,852,852,852,52436601,58270,,
2026-07-21,6247557414,1,1592,1592,1592,1592,195003677,2258298,,
2026-07-21,6314664695,1,1086,1086,1086,1086,59541718,2792931,,
2026-07-21,6409513651,1,6006,6006,6006,6006,89793572,827738,,
2026-07-21,6682487255,1,7245,7245,7245,7245,472590594,223740,,
2026-07-21,6749060816,1,8159,8159,8159,8159,243205102,1653236,,
2026-07-21,6801595469,1,1247,1247,1247,1247,60657565,140534,,
2026-07-21,7018190066,1,23073,23073,23073,23073,6449189636,6016921,,
2026-07-21,7058980030,1,5102,5102,5102,5102,557525848,932837,,
2026-07-21,7082423811,1,3128,3128,3128,3128,275619916,1554010,,
2026-07-21,7094518649,1,13478,13478,13478,13478,325912317,791308,,
2026-07-21,7127084123,1,3199,3199,3199,3199,143372958,307112,,
2026-07-21,7128163167,1,2762,2762,2762,2762,68622836,116136,,
2026-07-21,7208219743,1,3437,3437,3437,3437,1781786,36702,,
2026-07-21,7219654364,1,53761,53761,53761,53761,1387548781,14344717,,
2026-07-21,7332711118,1,4152,4152,4152,4152,1860001585,2454102,,
2026-07-21,7368125255,1,4686,4686,4686,4686,,,,
2026-07-21,7383133134,1,1458,1458,1458,1458,100937242,744076,,
2026-07-21,7436755782,1,41513,41513,41513,41513,35755221232,11324208,,
2026-07-21,7613921865,1,188461,188461,188461,188461,144078763,84904,,
2026-07-21,7690412163,1,1595,1595,1595,1595,83798035,198279,,
2026-07-21,7709344486,1,185524,185524,185524,185524,71654513769,28760366,,
2026-07-21,7719766419,1,3541,3541,3541,3541,28915495,250601,,
2026-07-21,7742053421,1,1103,1103,1103,1103,87075186,5783933,,
2026-07-21,7760134732,1,2902,2902,2902,2902,27110439,779893,,
2026-07-21,7798947148,1,3834,3834,3834,3834,135171790,295149,,
2026-07-21,7856039629,1,1979,1979,1979,1979,3423373,215768,,
2026-07-21,7891669427,1,1859,1859,1859,1859,33026274,812216,,
2026-07-21,8014099969,1,1746,1746,1746,1746,142823948,239852,,
2026-07-21,8125761207,1,908,908,908,908,29077766,42598,,
2026-07-21,8291789996,1,3552,3552,3552,3552,,,,
2026-07-21,8316902627,1,3387,3387,3387,3387,4676088923,1970948,,
2026-07-21,8356066619,1,11431,11431,11431,11431,76776112,47759,,
2026-07-21,8431193668,1,1420,1420,1420,1420,21447490,155234,,
2026-07-21,8504461817,2,4120,4120,3658,4583,179429454,91698,,
2026-07-21,8539298853,1,11633,11633,11633,11633,1237856443,1678190,,
2026-07-21,8675480462,1,866,866,866,866,4791418,17388,,
2026-07-21,8696670616,1,2886,2886,2886,2886,,,,
2026-07-21,8705454731,1,9413,9413,9413,9413,69500449,508132,,
2026-07-21,8759966530,1,3200,3200,3200,3200,111018515,376733,,
2026-07-21,8786713187,1,1674,1674,1674,1674,114039910,278409,,
2026-07-21,8791358380,1,6385,6385,6385,6385,404189583,11950200,,
2026-07-21,8950496606,1,3064,3064,3064,3064,166663005,419154,,
2026-07-21,9029463012,1,700,700,700,700,107708902,409055,,
2026-07-21,9077534770,1,3996,3996,3996,3996,57410557,176317,,
2026-07-21,9098570654,1,10122,10122,10122,10122,204906548,318980,,
2026-07-21,9122463229,1,9014,9014,9014,9014,,,,
2026-07-21,9129640671,1,11028,11028,11028,11028,,,,
2026-07-21,9141743926,1,12299,12299,12299,12299,402695794,576758,,
2026-07-21,9145063979,1,17497,17497,17497,17497,516825371,510596,,
2026-07-21,9145282410,1,2242,2242,2242,2242,36984547,268205,,
2026-07-21,9177208241,1,5287,5287,5287,5287,68023619,370652,,
2026-07-21,9178347165,1,827,827,827,827,15357889,1215870,,
2026-07-21,9219116196,1,4862,4862,4862,4862,84619154,216260,,
2026-07-21,9231693026,1,2948,2948,2948,2948,,,,
2026-07-21,9296042754,1,2961,2961,2961,2961,48932905,236012,,
2026-07-21,9315472782,1,1492,1492,1492,1492,21169701,123369,,
2026-07-21,9315739469,1,1165,1165,1165,1165,78510319,81976,,
2026-07-21,9348272796,1,40276,40276,40276,40276,594706649,552570,,
2026-07-21,9362896961,1,4584,4584,4584,4584,141639746,213845,,
2026-07-21,9363735110,1,8001,8001,8001,8001,5667761535,2025107,,
2026-07-21,9409870130,1,1479,1479,1479,1479,18618290,233207,,
2026-07-21,9411563986,1,1562,1562,1562,1562,81090883,141617,,
2026-07-21,9481391333,1,1392,1392,1392,1392,10809961,360868,,
2026-07-21,9494058490,1,12312,12312,12312,12312,,,,
2026-07-21,9513686983,1,4930,4930,4930,4930,401830396,13106433,,
2026-07-21,9526307912,2,8786,8786,8252,9319,83819134,143865,,
2026-07-21,9556113881,1,3082,3082,3082,3082,36987958,168790,,
2026-07-21,9561553764,1,8978,8978,8978,8978,80528276,76801,,
2026-07-21,9584852943,1,259478,259478,259478,259478,3339450667,4417429,,
2026-07-21,9639553972,1,2745,2745,2745,2745,30327511,161816,,
2026-07-21,9660713566,1,2796,2796,2796,2796,89159631,5474190,,
2026-07-21,9725232502,1,1116,1116,1116,1116,12753877,88232,,
2026-07-21,9792947201,1,2974,2974,2974,2974,527291553,3506292,,
2026-07-21,9809200157,1,653,653,653,653,4250049,29274,,
2026-07-21,9830725726,1,3270,3270,3270,3270,29121202,30822,,
2026-07-21,9859536675,1,2754,2754,2754,2754,,,,
2026-07-21,9864851432,1,1048,1048,1048,1048,3151042,119464,,
2026-07-21,9930466428,1,1038,1038,1038,1038,32669978,131216,,
2026-07-21,9940725596,1,741,741,741,741,29484657,38585,,
2026-07-21,9940812243,1,4063,4063,4063,4063,4460781,96503,,
2026-07-21,9963622286,1,7816,7816,7816,7816,88599740,2662964,,
2026-07-21,9998576154,1,3181,3181,3181,3181,85890241,5503805,,
2026-07-21,10004244222,1,58849,58849,58849,58849,1490612237,23393714,,
2026-07-21,10051853469,1,2794,2794,2794,2794,101625630,2238591,,
2026-07-21,10065013948,1,4671,4671,4671,4671,40907341,62511,,
2026-07-21,10086454767,1,1246,1246,1246,1246,16492239,46746,,
2026-07-21,10127090395,1,11428,11428,11428,11428,71031817,3611463,,
2026-07-21,10144280947,1,17677,17677,17677,17677,51057670,2064239,,
2026-07-21,10148434559,1,3041,3041,3041,3041,64302900,421684,,
2026-07-21,10149910491,1,3237,3237,3237,3237,24718873,36819,,
2026-07-21,10149964044,1,6407,6407,6407,6407,,,,
2026-07-21,10153098880,1,9391,9391,9391,9391,4676806,34003,,
2026-07-21,10184247393,1,7455,7455,7455,7455,41937082,1328459,,
2026-07-21,10189601764,1,7750,7750,7750,7750,20424804,26663,,
2026-07-21,10196660716,1,5870,5870,5870,5870,14524681,1171236,,
2026-07-21,10199301628,1,32517,32517,32517,32517,238467070,1346712,,
2026-07-21,10200291205,1,3838,3838,3838,3838,22669602,734731,,
2026-07-21,10200395747,1,508357,508357,508357,508357,1342519253,618186,,
2026-07-21,10204207151,1,5597,5597,5597,5597,6421871,25717,,
2026-07-21,10230921598,1,7454,7454,7454,7454,121196827,8048682,,
2026-07-21,10233180411,1,1247,1247,1247,1247,2372095,5676,,
2026-07-21,10244001346,1,6894,6894,6894,6894,62318794,62100,,
2026-07-21,10247797619,1,8939,8939,8939,8939,35483394,115094,,
2026-07-21,10253235584,1,14430,14430,14430,14430,5798388,96250,,
2026-07-21,10253841135,1,4698,4698,4698,4698,8117525,19896,,
2026-07-21,10258087043,1,3150,3150,3150,3150,1465111,9372,,
2026-07-21,10270331748,1,2739,2739,2739,2739,19307474,188606,,
2026-07-21,10272236945,1,3732,3732,3732,3732,3006032,3992,,
2026-07-21,10274447949,1,2727,2727,2727,2727,17583911,1364540,,
2026-07-21,10314520237,1,10112,10112,10112,10112,5386608,326664,,
2026-07-21,10321202755,1,15058,15058,15058,15058,27156258,330108,,
2026-07-21,10334632168,1,1776,1776,1776,1776,3759811,14189,,
2026-07-21,10342857565,1,4069,4069,4069,4069,5757686,8405,,
2026-07-21,10356701370,1,18012,18012,18012,18012,16909487,126525,,
2026-07-21,10369900243,1,14767,14767,14767,14767,,,,
2026-07-21,10426376134,1,10923,10923,10923,10923,5436878,316359,,
2026-07-21,10455462279,1,9184,9184,9184,9184,4682956,266832,,
2026-07-21,10456832990,1,16989,16989,16989,16989,5995346,11996,,
2026-07-21,10502841145,1,22076,22076,22076,22076,11110847,20804,,
2026-07-22,31970568,1,6423,6423,6423,6423,1592653970,6060082,,
2026-07-22,66654135,1,390953,390953,390953,390953,27572359337,22966663,,
2026-07-22,568307879,1,863,863,863,863,522423625,544327,,
2026-07-22,605887098,1,3214,3214,3214,3214,2509392120,3690002,,
2026-07-22,700312613,1,2102,2102,2102,2102,361176824,213815,,
2026-07-22,903807016,1,4652,4652,4652,4652,1544658194,2812920,,
2026-07-22,1198533421,1,986,986,986,986,178630906,723559,,
2026-07-22,1214576306,1,3315,3315,3315,3315,1636811191,4286067,,
2026-07-22,1430007363,1,3421,3421,3421,3421,894631172,2283163,,
2026-07-22,1489026993,2,6262,6262,5983,6542,2648627935,4313778,,
2026-07-22,1526814825,1,9618,9618,9618,9618,1073778727,4283530,,
2026-07-22,1637284552,1,1016,1016,1016,1016,,,,
2026-07-22,1795206523,1,1392,1392,1392,1392,946829027,927181,,
2026-07-22,1811388660,1,1168,1168,1168,1168,128737304,1381232,,
2026-07-22,1831550657,1,32330,32330,32330,32330,2117587787,10682350,,
2026-07-22,1998835206,1,2692,2692,2692,2692,580448488,1166674,,
2026-07-22,2049551477,2,4260,4260,3273,5246,1454924586,1904816,,
2026-07-22,2165551367,1,1007,1007,1007,1007,666208545,2412108,,
2026-07-22,2247578975,2,3670,3670,3097,4242,1203772327,14924255,,
2026-07-22,2274830359,1,8280,8280,8280,8280,2950947771,1982735,,
2026-07-22,2294168059,1,6540,6540,6540,6540,1228726556,3310284,,
2026-07-22,2369077151,1,6108,6108,6108,6108,385237067,10490867,,
2026-07-22,2440500124,1,18238,18238,18238,18238,7518869684,7966636,,
2026-07-22,2655478023,2,4784,4784,4202,5367,1000489082,3477561,,
2026-07-22,2781888563,1,731,731,731,731,362523894,3496263,,
2026-07-22,2788648141,1,2938,2938,2938,2938,993354967,2014382,,
2026-07-22,2821905072,1,2786,2786,2786,2786,255256803,5368801,,
2026-07-22,2827951974,1,1199,1199,1199,1199,807759782,678322,,
2026-07-22,2921237723,1,2463,2463,2463,2463,135863779,750400,,
2026-07-22,2992873140,1,18787,18787,18787,18787,1358153630,994789,,
2026-07-22,3034836582,1,1658,1658,1658,1658,501104436,1911785,,
2026-07-22,3079618996,1,4961,4961,4961,4961,768150234,817397,,
2026-07-22,3088609243,1,3349,3349,3349,3349,726463843,590000,,
2026-07-22,3164075108,1,2810,2810,2810,2810,274856292,723287,,
2026-07-22,3187874989,1,3832,3832,3832,3832,160415389,222378,,
2026-07-22,3191268194,1,3150,3150,3150,3150,1347906559,5370146,,
2026-07-22,3310460039,1,16377,16377,16377,16377,4537727363,105117505,,
2026-07-22,3346892457,1,2098,2098,2098,2098,434937288,170381,,
2026-07-22,3472976893,1,3294,3294,3294,3294,156883843,2599690,,
2026-07-22,3502524667,1,2322,2322,2322,2322,749399389,3677454,,
2026-07-22,3551414857,1,2504,2504,2504,2504,626354951,1314282,,
2026-07-22,3647333358,1,52554,52554,52554,52554,8889181568,8032506,,
2026-07-22,3746418487,1,2839,2839,2839,2839,312063495,375845,,
2026-07-22,3754482795,1,4084,4084,4084,4084,1250147981,4419261,,
2026-07-22,3841172115,1,4150,4150,4150,4150,144967933,672685,,
2026-07-22,4028801234,1,4078,4078,4078,4078,230981380,12281200,,
2026-07-22,4071487712,1,894,894,894,894,27402042,115368,,
2026-07-22,4267277633,1,2706,2706,2706,2706,592291877,15242799,,
2026-07-22,4348829796,1,15338,15338,15338,15338,2579481776,10831135,,
2026-07-22,4518160318,1,5959,5959,5959,5959,627623602,1125185,,
2026-07-22,4599924264,1,2893,2893,2893,2893,704481056,272590,,
2026-07-22,4673599750,1,2736,2736,2736,2736,499225955,456139,,
2026-07-22,4720386144,1,2588,2588,2588,2588,112434988,570321,,
2026-07-22,4793836769,1,5667,5667,5667,5667,286298122,6071414,,
2026-07-22,4887744468,1,733,733,733,733,80970027,359211,,
2026-07-22,4925331346,1,4341,4341,4341,4341,302842201,465189,,
2026-07-22,4944984948,1,6149,6149,6149,6149,241723274,115314,,
2026-07-22,4956911744,1,3787,3787,3787,3787,163071556,22173560,,
2026-07-22,5195168716,1,2401,2401,2401,2401,94047235,620628,,
2026-07-22,5361032378,1,36298,36298,36298,36298,2020654390,982381,,
2026-07-22,5508238359,1,3878,3878,3878,3878,81296834,1554673,,
2026-07-22,5578556129,1,12286,12286,12286,12286,1998682015,1972611,,
2026-07-22,5668114043,1,1949,1949,1949,1949,235532765,728745,,
2026-07-22,5698013839,1,775,775,775,775,69658389,274018,,
2026-07-22,5750914919,1,59694,59694,59694,59694,4688649379,3532243,,
2026-07-22,5927446137,1,751,751,751,751,43961468,576382,,
2026-07-22,5956634861,1,1503,1503,1503,1503,149627191,585571,,
2026-07-22,6072944764,1,786,786,786,786,52506116,58411,,
2026-07-22,6117314924,1,865,865,865,865,14376747,272354,,
2026-07-22,6247557414,1,1805,1805,1805,1805,195245421,2261640,,
2026-07-22,6314664695,1,1222,1222,1222,1222,59626961,2796500,,
2026-07-22,6409513651,1,5512,5512,5512,5512,90034809,827870,,
2026-07-22,6541749038,1,669,669,669,669,35589142,90125,,
2026-07-22,6682487255,1,7089,7089,7089,7089,473253670,223869,,
2026-07-22,6749060816,1,7745,7745,7745,7745,243790253,1656347,,
2026-07-22,6801595469,1,1357,1357,1357,1357,60876378,141103,,
2026-07-22,6996099240,1,973,973,973,973,78034062,250018,,
2026-07-22,7018190066,1,22843,22843,22843,22843,6451026796,6020619,,
2026-07-22,7058980030,1,4873,4873,4873,4873,558380529,934174,,
2026-07-22,7082423811,1,3226,3226,3226,3226,275977729,1554499,,
2026-07-22,7091388561,1,743,743,743,743,128408354,107983,,
2026-07-22,7094518649,1,13146,13146,13146,13146,326652864,792679,,
2026-07-22,7113705633,1,1310,1310,1310,1310,16854624,397846,,
2026-07-22,7127084123,1,3437,3437,3437,3437,143621519,307671,,
2026-07-22,7128163167,1,1970,1970,1970,1970,68843099,116427,,
2026-07-22,7208219743,1,3219,3219,3219,3219,2034557,40704,,
2026-07-22,7219654364,1,53247,53247,53247,53247,1393276990,14372358,,
2026-07-22,7332711118,1,4199,4199,4199,4199,1860530180,2454544,,
2026-07-22,7368125255,1,4686,4686,4686,4686,,,,
2026-07-22,7383133134,1,1378,1378,1378,1378,101172179,746152,,
2026-07-22,7436755782,1,38769,38769,38769,38769,35758341274,11327874,,
2026-07-22,7450124099,1,10308,10308,10308,10308,126584769,710447,,
2026-07-22,7613921865,1,184954,184954,184954,184954,167912144,92587,,
2026-07-22,7690412163,1,1469,1469,1469,1469,83910748,198962,,
2026-07-22,7709344486,1,157603,157603,157603,157603,71699205964,28769368,,
2026-07-22,7719766419,1,2181,2181,2181,2181,29232773,254844,,
2026-07-22,7742053421,1,2115,2115,2115,2115,87227740,5788681,,
2026-07-22,7798947148,1,3199,3199,3199,3199,135539824,295462,,
2026-07-22,7856039629,1,1856,1856,1856,1856,3658668,225849,,
2026-07-22,7891669427,1,1807,1807,1807,1807,33171405,814121,,
2026-07-22,8014099969,1,1868,1868,1868,1868,142999450,240118,,
2026-07-22,8291789996,1,3552,3552,3552,3552,,,,
2026-07-22,8316902627,1,2863,2863,2863,2863,4676515755,1971186,,
2026-07-22,8356066619,1,9525,9525,9525,9525,77098082,47900,,
2026-07-22,8431193668,1,1229,1229,1229,1229,21577712,156459,,
2026-07-22,8482984219,1,1509,1509,1509,1509,19295164,732322,,
2026-07-22,8504461817,2,3126,3126,2981,3270,179894181,92108,,
2026-07-22,8539298853,1,10862,10862,10862,10862,1238896036,1680380,,
2026-07-22,8675480462,1,975,975,975,975,4920768,18021,,
2026-07-22,8696670616,1,2886,2886,2886,2886,,,,
2026-07-22,8705454731,1,6087,6087,6087,6087,70663633,510168,,
2026-07-22,8759966530,1,3075,3075,3075,3075,111402922,377552,,
2026-07-22,8786713187,1,1446,1446,1446,1446,114173036,278677,,
2026-07-22,8791358380,1,5972,5972,5972,5972,404857657,11966092,,
2026-07-22,8950496606,1,3079,3079,3079,3079,166875106,419533,,
2026-07-22,9029463012,1,807,807,807,807,107773717,409289,,
2026-07-22,9077534770,1,2639,2639,2639,2639,57673613,177995,,
2026-07-22,9098570654,1,10511,10511,10511,10511,205641667,320376,,
2026-07-22,9122463229,1,9014,9014,9014,9014,,,,
2026-07-22,9129640671,1,11028,11028,11028,11028,,,,
2026-07-22,9141743926,1,10868,10868,10868,10868,403940699,577323,,
2026-07-22,9145063979,1,10215,10215,10215,10215,518572864,513139,,
2026-07-22,9145282410,1,1933,1933,1933,1933,37191830,269939,,
2026-07-22,9177208241,1,6880,6880,6880,6880,68536956,373183,,
2026-07-22,9219116196,1,4694,4694,4694,4694,85048903,218067,,
2026-07-22,9231693026,1,2948,2948,2948,2948,,,,
2026-07-22,9260939847,1,3007,3007,3007,3007,99506028,2065542,,
2026-07-22,9296042754,1,3132,3132,3132,3132,49258523,237432,,
2026-07-22,9315472782,1,1245,1245,1245,1245,,,,
2026-07-22,9315739469,1,1046,1046,1046,1046,78663326,82168,,
2026-07-22,9348272796,1,39908,39908,39908,39908,598373729,555557,,
2026-07-22,9362896961,1,4361,4361,4361,4361,,,,
2026-07-22,9363735110,1,7531,7531,7531,7531,5668699897,2025575,,
2026-07-22,9409870130,1,1480,1480,1480,1480,18770295,235242,,
2026-07-22,9411563986,1,1255,1255,1255,1255,,,,
2026-07-22,9481391333,1,1303,1303,1303,1303,10925424,362149,,
2026-07-22,9494058490,1,12312,12312,12312,12312,,,,
2026-07-22,9513686983,1,4188,4188,4188,4188,402398798,13128586,,
2026-07-22,9526307912,2,6036,6036,5148,6924,84747268,145848,,
2026-07-22,9556113881,1,2289,2289,2289,2289,37233447,170514,,
2026-07-22,9561553764,1,8947,8947,8947,8947,81799551,77706,,
2026-07-22,9584852943,1,258413,258413,258413,258413,3387764873,4464757,,
2026-07-22,9725232502,1,987,987,987,987,12831652,88726,,
2026-07-22,9792947201,1,2704,2704,2704,2704,527582304,3506654,,
2026-07-22,9809200157,1,946,946,946,946,4348872,30108,,
2026-07-22,9859536675,1,2754,2754,2754,2754,,,,
2026-07-22,9864851432,1,627,627,627,627,3227025,122801,,
2026-07-22,9930466428,1,1205,1205,1205,1205,32839026,131525,,
2026-07-22,9940725596,1,762,762,762,762,29615982,38753,,
2026-07-22,9940812243,1,3704,3704,3704,3704,4643897,97873,,
2026-07-22,9963622286,1,5735,5735,5735,5735,89372102,2663636,,
2026-07-22,10004244222,1,54934,54934,54934,54934,1497383304,23430800,,
2026-07-22,10065013948,1,4379,4379,4379,4379,41476976,63365,,
2026-07-22,10086454767,1,1208,1208,1208,1208,16577882,46913,,
2026-07-22,10127090395,1,12376,12376,12376,12376,73437214,3693763,,
2026-07-22,10144280947,1,15907,15907,15907,15907,52793439,2092107,,
2026-07-22,10144587520,1,11227,11227,11227,11227,21930128,856107,,
2026-07-22,10149910491,1,2871,2871,2871,2871,24998714,37125,,
2026-07-22,10149964044,1,6407,6407,6407,6407,,,,
2026-07-22,10153098880,1,7655,7655,7655,7655,5242679,40163,,
2026-07-22,10156435104,1,5969,5969,5969,5969,27820377,47074,,
2026-07-22,10184247393,1,5539,5539,5539,5539,42650210,1341144,,
2026-07-22,10189601764,1,5938,5938,5938,5938,21003122,27292,,
2026-07-22,10196660716,1,4813,4813,4813,4813,15257375,1220774,,
2026-07-22,10199301628,1,30710,30710,30710,30710,242232380,1360552,,
2026-07-22,10200291205,1,5859,5859,5859,5859,23927424,771249,,
2026-07-22,10200395747,1,501206,501206,501206,501206,1357293467,620222,,
2026-07-22,10204207151,1,4950,4950,4950,4950,6898357,27164,,
2026-07-22,10222315805,1,1368,1368,1368,1368,3605677,19481,,
2026-07-22,10230921598,1,7514,7514,7514,7514,122200318,8101788,,
2026-07-22,10233180411,1,978,978,978,978,2514544,5948,,
2026-07-22,10244001346,1,5803,5803,5803,5803,63574800,63947,,
2026-07-22,10247797619,1,7078,7078,7078,7078,36452897,118063,,
2026-07-22,10253235584,1,14097,14097,14097,14097,6646804,105765,,
2026-07-22,10253841135,1,3001,3001,3001,3001,8537411,20739,,
2026-07-22,10270331748,1,2330,2330,2330,2330,19618149,190798,,
2026-07-22,10272236945,1,3777,3777,3777,3777,3489886,4681,,
2026-07-22,10314520237,1,14813,14813,14813,14813,6824980,389615,,
2026-07-22,10321202755,1,14060,14060,14060,14060,27866691,332907,,
2026-07-22,10334632168,1,1452,1452,1452,1452,3949309,14799,,
2026-07-22,10342857565,1,2657,2657,2657,2657,6316870,9108,,
2026-07-22,10356701370,1,13208,13208,13208,13208,18962911,136269,,
2026-07-22,10369900243,1,14767,14767,14767,14767,,,,
2026-07-22,10426376134,1,13503,13503,13503,13503,,,,
2026-07-22,10455462279,1,8137,8137,8137,8137,5791861,318284,,
2026-07-22,10456832990,1,17260,17260,17260,17260,7558189,14739,,
2026-07-22,10502841145,1,25458,25458,25458,25458,12552318,22499,,
2026-07-23,31970568,1,6569,6569,6569,6569,1593092179,6060562,,
2026-07-23,66654135,1,440591,440591,440591,440591,27615784256,22988675,,
2026-07-23,568307879,1,765,765,765,765,522531055,544536,,
2026-07-23,605887098,1,3754,3754,3754,3754,2509789277,3690583,,
2026-07-23,700312613,1,881,881,881,881,361332680,214081,,
2026-07-23,903807016,1,4692,4692,4692,4692,1545449987,2813441,,
2026-07-23,1198533421,1,964,964,964,964,178700039,723696,,
2026-07-23,1214576306,1,3625,3625,3625,3625,1637041860,4286382,,
2026-07-23,1430007363,1,4261,4261,4261,4261,895058728,2285495,,
2026-07-23,1489026993,2,6691,6691,6314,7068,2649272490,4314771,,
2026-07-23,1526814825,1,10068,10068,10068,10068,1074445603,4285010,,
2026-07-23,1637284552,1,1016,1016,1016,1016,,,,
2026-07-23,1795206523,1,1419,1419,1419,1419,947100594,927299,,
2026-07-23,1811388660,1,672,672,672,672,128798681,1383140,,
2026-07-23,1831550657,1,33261,33261,33261,33261,2119428114,10692286,,
2026-07-23,1998835206,1,2852,2852,2852,2852,580661809,1166841,,
2026-07-23,2049551477,2,4120,4120,2930,5309,1455469293,1905483,,
2026-07-23,2165551367,1,1065,1065,1065,1065,666351801,2412834,,
2026-07-23,2247578975,2,3901,3901,3196,4606,1204248172,14924594,,
2026-07-23,2274830359,1,6361,6361,6361,6361,2951983039,1983726,,
2026-07-23,2294168059,1,6669,6669,6669,6669,1229258876,3311745,,
2026-07-23,2369077151,1,7594,7594,7594,7594,385871351,10499892,,
2026-07-23,2440500124,1,19434,19434,19434,19434,7520975068,7968787,,
2026-07-23,2491559356,1,697,697,697,697,78951699,164543,,
2026-07-23,2655478023,2,3919,3919,3196,4642,1001110660,3478123,,
2026-07-23,2788648141,1,3165,3165,3165,3165,993603201,2016739,,
2026-07-23,2821905072,1,3639,3639,3639,3639,,,,
2026-07-23,2827951974,1,1068,1068,1068,1068,807888891,678495,,
2026-07-23,2921237723,1,2182,2182,2182,2182,136143802,751331,,
2026-07-23,2992873140,1,19243,19243,19243,19243,1359617300,995450,,
2026-07-23,3034836582,1,860,860,860,860,501231053,1911990,,
2026-07-23,3079618996,1,9193,9193,9193,9193,768716656,821633,,
2026-07-23,3088609243,1,3538,3538,3538,3538,726972625,590584,,
2026-07-23,3164075108,1,2826,2826,2826,2826,275068042,723633,,
2026-07-23,3187874989,1,4547,4547,4547,4547,160766522,222716,,
2026-07-23,3191268194,1,3910,3910,3910,3910,1348236725,5375383,,
2026-07-23,3274669156,1,989,989,989,989,67158909,650999,,
2026-07-23,3310460039,1,18114,18114,18114,18114,4540102575,105118602,,
2026-07-23,3346892457,1,2422,2422,2422,2422,435220427,170651,,
2026-07-23,3472976893,1,5649,5649,5649,5649,157563675,2621206,,
2026-07-23,3502524667,1,2009,2009,2009,2009,749720533,3677706,,
2026-07-23,3551414857,1,2783,2783,2783,2783,626566974,1314653,,
2026-07-23,3647333358,1,56444,56444,56444,56444,8894876035,8036441,,
2026-07-23,3754482795,1,5888,5888,5888,5888,1250813903,4421593,,
2026-07-23,3841172115,1,3148,3148,3148,3148,145336374,673881,,
2026-07-23,4028801234,1,1866,1866,1866,1866,231259153,12295044,,
2026-07-23,4071487712,1,1042,1042,1042,1042,27462934,115614,,
2026-07-23,4098607814,1,2845,2845,2845,2845,265817859,248672,,
2026-07-23,4348829796,1,17088,17088,17088,17088,2581469314,10839518,,
2026-07-23,4518160318,1,6130,6130,6130,6130,628011693,1126079,,
2026-07-23,4595016786,1,3476,3476,3476,3476,590536443,725539,,
2026-07-23,4673599750,1,2993,2993,2993,2993,500000309,456828,,
2026-07-23,4720386144,1,3022,3022,3022,3022,112656693,571677,,
2026-07-23,4793836769,1,5970,5970,5970,5970,286770039,6080249,,
2026-07-23,4925331346,1,4554,4554,4554,4554,303191935,465837,,
2026-07-23,4944984948,1,5928,5928,5928,5928,242805594,116057,,
2026-07-23,5195168716,1,2401,2401,2401,2401,94273474,621788,,
2026-07-23,5361032378,1,36494,36494,36494,36494,2022591332,982800,,
2026-07-23,5508238359,1,8238,8238,8238,8238,81827084,1565018,,
2026-07-23,5578556129,1,10881,10881,10881,10881,1999139351,1972894,,
2026-07-23,5668114043,1,2278,2278,2278,2278,235730584,729217,,
2026-07-23,5698013839,1,742,742,742,742,69719539,274285,,
2026-07-23,5750914919,1,58497,58497,58497,58497,4691770316,3533502,,
2026-07-23,5956634861,1,698,698,698,698,149745873,585918,,
2026-07-23,6072944764,1,919,919,919,919,52573719,58539,,
2026-07-23,6117314924,1,705,705,705,705,14437537,273486,,
2026-07-23,6247557414,1,1449,1449,1449,1449,195452168,2264293,,
2026-07-23,6409513651,1,5071,5071,5071,5071,90261977,827996,,
2026-07-23,6682487255,1,7222,7222,7222,7222,473903741,224089,,
2026-07-23,6749060816,1,7970,7970,7970,7970,244363185,1659044,,
2026-07-23,7018190066,1,25135,25135,25135,25135,6452977807,6023010,,
2026-07-23,7058980030,1,5708,5708,5708,5708,559354000,935888,,
2026-07-23,7082244450,1,700,700,700,700,24960369,104328,,
2026-07-23,7082423811,1,3661,3661,3661,3661,276313742,1554988,,
2026-07-23,7094518649,1,13948,13948,13948,13948,327351107,793996,,
2026-07-23,7127084123,1,3659,3659,3659,3659,,,,
2026-07-23,7128163167,1,2680,2680,2680,2680,69089156,116804,,
2026-07-23,7208219743,1,2702,2702,2702,2702,2257304,43446,,
2026-07-23,7219654364,1,57874,57874,57874,57874,1399209750,14402757,,
2026-07-23,7332711118,1,4178,4178,4178,4178,1860955530,2454936,,
2026-07-23,7368125255,1,4686,4686,4686,4686,,,,
2026-07-23,7383133134,1,1436,1436,1436,1436,101357254,747754,,
2026-07-23,7436755782,1,39862,39862,39862,39862,35761490541,11330342,,
2026-07-23,7450124099,1,3810,3810,3810,3810,127252113,713818,,
2026-07-23,7613921865,1,183462,183462,183462,183462,190466001,99340,,
2026-07-23,7690412163,1,1352,1352,1352,1352,84012310,199483,,
2026-07-23,7709344486,1,185010,185010,185010,185010,71733680341,28776823,,
2026-07-23,7719766419,1,1213,1213,1213,1213,29418701,256373,,
2026-07-23,7798947148,1,2776,2776,2776,2776,135848705,295796,,
2026-07-23,7856039629,1,2781,2781,2781,2781,3921860,237435,,
2026-07-23,7891669427,1,1853,1853,1853,1853,33321947,816191,,
2026-07-23,8014099969,1,1818,1818,1818,1818,143193420,240398,,
2026-07-23,8291789996,1,3552,3552,3552,3552,,,,
2026-07-23,8316902627,1,3165,3165,3165,3165,4676906470,1971552,,
2026-07-23,8356066619,1,8323,8323,8323,8323,77363538,48003,,
2026-07-23,8401518398,1,4043,4043,4043,4043,70558072,51943,,
2026-07-23,8504461817,2,2923,2923,2877,2969,180297900,92476,,
2026-07-23,8539298853,1,11138,11138,11138,11138,1239920274,1682031,,
2026-07-23,8696670616,1,2886,2886,2886,2886,,,,
2026-07-23,8759966530,1,3465,3465,3465,3465,111778565,378319,,
2026-07-23,8786713187,1,1493,1493,1493,1493,114299793,278948,,
2026-07-23,8791358380,1,7266,7266,7266,7266,405531360,11981704,,
2026-07-23,8950496606,1,3299,3299,3299,3299,167098947,420025,,
2026-07-23,9077534770,1,1337,1337,1337,1337,57854173,178947,,
2026-07-23,9098570654,1,10544,10544,10544,10544,206349630,321716,,
2026-07-23,9122463229,1,9014,9014,9014,9014,,,,
2026-07-23,9129640671,1,11028,11028,11028,11028,,,,
2026-07-23,9141743926,1,10904,10904,10904,10904,405131296,577883,,
2026-07-23,9145063979,1,7913,7913,7913,7913,519914622,514997,,
2026-07-23,9145282410,1,1165,1165,1165,1165,37319929,270763,,
2026-07-23,9177208241,1,4249,4249,4249,4249,69132254,376302,,
2026-07-23,9219116196,1,3119,3119,3119,3119,85383451,219221,,
2026-07-23,9231693026,1,2948,2948,2948,2948,,,,
2026-07-23,9296042754,1,4408,4408,4408,4408,49592688,238929,,
2026-07-23,9315472782,1,1091,1091,1091,1091,21473929,125630,,
2026-07-23,9315739469,1,1287,1287,1287,1287,78825587,82377,,
2026-07-23,9348272796,1,47171,47171,47171,47171,602239715,556125,,
2026-07-23,9362896961,1,4585,4585,4585,4585,142109320,214113,,
2026-07-23,9363735110,1,8084,8084,8084,8084,5669849569,2026022,,
2026-07-23,9409870130,1,1229,1229,1229,1229,18887329,236693,,
2026-07-23,9411563986,1,1358,1358,1358,1358,81432462,142187,,
2026-07-23,9481391333,1,1887,1887,1887,1887,11070581,364907,,
2026-07-23,9494058490,1,12312,12312,12312,12312,,,,
2026-07-23,9513686983,1,4635,4635,4635,4635,402932389,13148002,,
2026-07-23,9526307912,2,4042,4042,3635,4450,85572805,147303,,
2026-07-23,9561553764,1,11374,11374,11374,11374,83292639,78889,,
2026-07-23,9584852943,1,284636,284636,284636,284636,3440134544,4510078,,
2026-07-23,9660713566,1,3037,3037,3037,3037,89997208,5515673,,
2026-07-23,9752499561,1,2770,2770,2770,2770,37178932,63911,,
2026-07-23,9859536675,1,2754,2754,2754,2754,,,,
2026-07-23,9930466428,1,1260,1260,1260,1260,33006440,131818,,
2026-07-23,9940725596,1,1071,1071,1071,1071,29761376,38906,,
2026-07-23,9940812243,1,3367,3367,3367,3367,4810988,99252,,
2026-07-23,9963622286,1,8582,8582,8582,8582,90065097,2664157,,
2026-07-23,9998576154,1,3893,3893,3893,3893,86606959,5542809,,
2026-07-23,10004244222,1,59710,59710,59710,59710,1503978945,23471010,,
2026-07-23,10051853469,1,2859,2859,2859,2859,102144526,2245259,,
2026-07-23,10065013948,1,4773,4773,4773,4773,42027968,64107,,
2026-07-23,10086454767,1,1582,1582,1582,1582,16678881,47099,,
2026-07-23,10127090395,1,18544,18544,18544,18544,76190060,3809710,,
2026-07-23,10144280947,1,23265,23265,23265,23265,54571624,2137433,,
2026-07-23,10144587520,1,12213,12213,12213,12213,22578898,867773,,
2026-07-23,10148434559,1,3163,3163,3163,3163,64829450,424540,,
2026-07-23,10149910491,1,3832,3832,3832,3832,25289296,37469,,
2026-07-23,10149964044,1,6407,6407,6407,6407,,,,
2026-07-23,10153098880,1,9266,9266,9266,9266,5789463,46271,,
2026-07-23,10156435104,1,10174,10174,10174,10174,28578023,48518,,
2026-07-23,10184247393,1,9717,9717,9717,9717,43358073,1358811,,
2026-07-23,10189601764,1,8528,8528,8528,8528,21627097,27783,,
2026-07-23,10196660716,1,7273,7273,7273,7273,15970312,1268685,,
2026-07-23,10199301628,1,39682,39682,39682,39682,246014359,1374842,,
2026-07-23,10200291205,1,3729,3729,3729,3729,25202665,808317,,
2026-07-23,10200395747,1,533563,533563,533563,533563,1371885151,622463,,
2026-07-23,10204207151,1,5687,5687,5687,5687,7316342,28349,,
2026-07-23,10210407309,1,3711,3711,3711,3711,20867716,1095559,,
2026-07-23,10230921598,1,7567,7567,7567,7567,123057241,8147433,,
2026-07-23,10233180411,1,1238,1238,1238,1238,2656107,6242,,
2026-07-23,10244001346,1,5330,5330,5330,5330,64546472,65114,,
2026-07-23,10247797619,1,9341,9341,9341,9341,37440877,121315,,
2026-07-23,10253235584,1,16686,16686,16686,16686,7452277,113933,,
2026-07-23,10253841135,1,3394,3394,3394,3394,8853066,21226,,
2026-07-23,10270331748,1,2183,2183,2183,2183,19887381,192539,,
2026-07-23,10272236945,1,6256,6256,6256,6256,4071288,5612,,
2026-07-23,10274447949,1,4367,4367,4367,4367,18406358,1416259,,
2026-07-23,10314520237,1,11389,11389,11389,11389,,,,
2026-07-23,10321202755,1,14366,14366,14366,14366,28576508,336422,,
2026-07-23,10334632168,1,2747,2747,2747,2747,4308143,16315,,
2026-07-23,10342857565,1,4171,4171,4171,4171,6787979,9765,,
2026-07-23,10356701370,1,18555,18555,18555,18555,20999855,146459,,
2026-07-23,10369900243,1,14767,14767,14767,14767,,,,
2026-07-23,10426376134,1,13503,13503,13503,13503,,,,
2026-07-23,10455462279,1,12148,12148,12148,12148,6933155,372821,,
2026-07-23,10456832990,1,22449,22449,22449,22449,9103312,17334,,
2026-07-23,10502841145,1,23892,23892,23892,23892,14023681,24400,,
2026-07-24,31970568,1,6770,6770,6770,6770,1593551808,6061082,,
2026-07-24,66654135,1,682036,682036,682036,682036,27685486234,23019807,,
2026-07-24,568307879,1,729,729,729,729,522626551,544687,,
2026-07-24,605887098,1,3752,3752,3752,3752,2510210052,3691307,,
2026-07-24,903807016,1,4876,4876,4876,4876,,,,
2026-07-24,1198533421,1,950,950,950,950,178771211,723805,,
2026-07-24,1214576306,1,3663,3663,3663,3663,1637303831,4286721,,
2026-07-24,1430007363,1,4129,4129,4129,4129,895521730,2287919,,
2026-07-24,1489026993,2,7036,7036,6665,7406,2649992660,4315830,,
2026-07-24,1526814825,1,9929,9929,9929,9929,1075126029,4286637,,
2026-07-24,1637284552,1,1016,1016,1016,1016,,,,
2026-07-24,1795206523,1,1504,1504,1504,1504,947386510,927404,,
2026-07-24,1831550657,1,33252,33252,33252,33252,2121199798,10700784,,
2026-07-24,1998835206,1,2713,2713,2713,2713,580890330,1167033,,
2026-07-24,2049551477,2,4059,4059,2823,5295,1456018210,1906108,,
2026-07-24,2165551367,1,1066,1066,1066,1066,666504604,2413649,,
2026-07-24,2247578975,2,3995,3995,3360,4630,1204776205,14924983,,
2026-07-24,2274830359,1,6716,6716,6716,6716,2953003035,1984592,,
2026-07-24,2294168059,1,7020,7020,7020,7020,1229816882,3313237,,
2026-07-24,2369077151,1,8443,8443,8443,8443,386818393,10517136,,
2026-07-24,2440500124,1,20900,20900,20900,20900,7523230995,7971296,,
2026-07-24,2491559356,1,664,664,664,664,79010197,164678,,
2026-07-24,2655478023,2,3926,3926,3300,4551,1001720458,3478595,,
2026-07-24,2788648141,1,3316,3316,3316,3316,993882316,2019765,,
2026-07-24,2821905072,1,4025,4025,4025,4025,256005671,5381749,,
2026-07-24,2827951974,1,1148,1148,1148,1148,808021777,678667,,
2026-07-24,2921237723,1,2110,2110,2110,2110,136394405,752051,,
2026-07-24,2992873140,1,18363,18363,18363,18363,1361077013,996123,,
2026-07-24,3034836582,1,978,978,978,978,501325649,1912106,,
2026-07-24,3079618996,1,11360,11360,11360,11360,769514648,828187,,
2026-07-24,3088609243,1,3550,3550,3550,3550,727578854,591235,,
2026-07-24,3164075108,1,2959,2959,2959,2959,275278774,723986,,
2026-07-24,3187874989,1,4722,4722,4722,4722,161155358,223106,,
2026-07-24,3191268194,1,4013,4013,4013,4013,1348641607,5382804,,
2026-07-24,3274669156,1,839,839,839,839,67215167,651690,,
2026-07-24,3310460039,1,18719,18719,18719,18719,4542757628,105119724,,
2026-07-24,3346892457,1,2241,2241,2241,2241,435505895,170943,,
2026-07-24,3472976893,1,5059,5059,5059,5059,158321468,2645564,,
2026-07-24,3502524667,1,2135,2135,2135,2135,750040397,3677936,,
2026-07-24,3551414857,1,2766,2766,2766,2766,626799874,1315010,,
2026-07-24,3647333358,1,55572,55572,55572,55572,8900938309,8040674,,
2026-07-24,3754482795,1,6073,6073,6073,6073,1251681935,4424876,,
2026-07-24,3759884822,1,2990,2990,2990,2990,126407829,106567,,
2026-07-24,3841172115,1,3067,3067,3067,3067,145659018,674856,,
2026-07-24,4028801234,1,1646,1646,1646,1646,231484040,12307629,,
2026-07-24,4071487712,1,1071,1071,1071,1071,,,,
2026-07-24,4348829796,1,17059,17059,17059,17059,2583596090,10849448,,
2026-07-24,4518160318,1,6326,6326,6326,6326,628433553,1127166,,
2026-07-24,4595016786,1,3224,3224,3224,3224,590932487,726174,,
2026-07-24,4673599750,1,3218,3218,3218,3218,500816616,457577,,
2026-07-24,4720386144,1,3264,3264,3264,3264,112901040,572985,,
2026-07-24,4793836769,1,6147,6147,6147,6147,287269068,6090557,,
2026-07-24,4887744468,1,706,706,706,706,81127343,359646,,
2026-07-24,4925331346,1,4610,4610,4610,4610,303568159,466595,,
2026-07-24,4944984948,1,5548,5548,5548,5548,243756225,116685,,
2026-07-24,5195168716,1,2424,2424,2424,2424,94497930,623036,,
2026-07-24,5207621753,1,2758,2758,2758,2758,85504394,72852,,
2026-07-24,5361032378,1,36332,36332,36332,36332,2024567225,983329,,
2026-07-24,5508238359,1,7113,7113,7113,7113,82472303,1577276,,
2026-07-24,5578556129,1,10047,10047,10047,10047,1999556123,1973696,,
2026-07-24,5668114043,1,2430,2430,2430,2430,235938943,729807,,
2026-07-24,5698013839,1,724,724,724,724,69785352,274536,,
2026-07-24,5750914919,1,58849,58849,58849,58849,4694883903,3535380,,
2026-07-24,5956634861,1,825,825,825,825,149830466,586087,,
2026-07-24,6015491985,1,2833,2833,2833,2833,350012863,204737,,
2026-07-24,6072944764,1,958,958,958,958,52648853,58674,,
2026-07-24,6247557414,1,1245,1245,1245,1245,195616941,2266287,,
2026-07-24,6314664695,1,906,906,906,906,59763081,2801993,,
2026-07-24,6409513651,1,4825,4825,4825,4825,90475680,828115,,
2026-07-24,6646518350,1,653,653,653,653,253879778,349255,,
2026-07-24,6682487255,1,7220,7220,7220,7220,474555844,224354,,
2026-07-24,6749060816,1,8354,8354,8354,8354,244956375,1662244,,
2026-07-24,6801595469,1,630,630,630,630,61145190,141625,,
2026-07-24,7018190066,1,24492,24492,24492,24492,6454952098,6024348,,
2026-07-24,7058980030,1,5984,5984,5984,5984,560400575,937560,,
2026-07-24,7082244450,1,826,826,826,826,25095378,104742,,
2026-07-24,7082423811,1,3656,3656,3656,3656,276702078,1555406,,
2026-07-24,7094518649,1,12839,12839,12839,12839,328126196,795597,,
2026-07-24,7127084123,1,3750,3750,3750,3750,144119402,308623,,
2026-07-24,7128163167,1,3477,3477,3477,3477,69389048,117242,,
2026-07-24,7208219743,1,2656,2656,2656,2656,2475172,46286,,
2026-07-24,7219654364,1,57399,57399,57399,57399,1405245763,14435927,,
2026-07-24,7332711118,1,3861,3861,3861,3861,1861374992,2455414,,
2026-07-24,7368125255,1,4686,4686,4686,4686,,,,
2026-07-24,7383133134,1,1370,1370,1370,1370,101521662,749010,,
2026-07-24,7436755782,1,40193,40193,40193,40193,35764642892,11331807,,
2026-07-24,7450124099,1,2775,2775,2775,2775,127493936,715101,,
2026-07-24,7613921865,1,180301,180301,180301,180301,213228185,106918,,
2026-07-24,7690412163,1,1299,1299,1299,1299,84101339,199813,,
2026-07-24,7709344486,1,171631,171631,171631,171631,71768614433,28784561,,
2026-07-24,7719766419,1,834,834,834,834,29532663,256872,,
2026-07-24,7798947148,1,2912,2912,2912,2912,136185379,296244,,
2026-07-24,7856039629,1,3212,3212,3212,3212,4242637,252365,,
2026-07-24,7891669427,1,2347,2347,2347,2347,33483191,818487,,
2026-07-24,8014099969,1,1669,1669,1669,1669,143368544,240673,,
2026-07-24,8291789996,1,3552,3552,3552,3552,,,,
2026-07-24,8316902627,1,3484,3484,3484,3484,4677329950,1972033,,
2026-07-24,8356066619,1,7204,7204,7204,7204,77592169,48099,,
2026-07-24,8401518398,1,3782,3782,3782,3782,71129095,52469,,
2026-07-24,8504461817,2,3094,3094,3047,3142,180720835,92871,,
2026-07-24,8539298853,1,11542,11542,11542,11542,1240971737,1683928,,
2026-07-24,8696670616,1,2886,2886,2886,2886,,,,
2026-07-24,8759966530,1,3558,3558,3558,3558,112192447,379232,,
2026-07-24,8786713187,1,1479,1479,1479,1479,114437809,279259,,
2026-07-24,8791358380,1,7323,7323,7323,7323,406362513,12009687,,
2026-07-24,8950496606,1,4201,4201,4201,4201,167354405,420518,,
2026-07-24,9077534770,1,1230,1230,1230,1230,57985725,179298,,
2026-07-24,9098570654,1,11180,11180,11180,11180,207126701,323206,,
2026-07-24,9122463229,1,9014,9014,9014,9014,,,,
2026-07-24,9129640671,1,11028,11028,11028,11028,,,,
2026-07-24,9141743926,1,16553,16553,16553,16553,406435409,578622,,
2026-07-24,9145063979,1,8588,8588,8588,8588,521153498,516522,,
2026-07-24,9145282410,1,992,992,992,992,37419958,271363,,
2026-07-24,9177208241,1,3500,3500,3500,3500,69551776,378024,,
2026-07-24,9219116196,1,3276,3276,3276,3276,85689510,220290,,
2026-07-24,9231693026,1,2948,2948,2948,2948,,,,
2026-07-24,9296042754,1,4582,4582,4582,4582,50047186,241027,,
2026-07-24,9315472782,1,1046,1046,1046,1046,21594899,126294,,
2026-07-24,9315739469,1,1358,1358,1358,1358,78989544,82585,,
2026-07-24,9348272796,1,50020,50020,50020,50020,606830002,560222,,
2026-07-24,9362896961,1,4564,4564,4564,4564,142345582,214261,,
2026-07-24,9363735110,1,7619,7619,7619,7619,5670803348,2026483,,
2026-07-24,9409870130,1,905,905,905,905,18987099,237937,,
2026-07-24,9411563986,1,1413,1413,1413,1413,81604433,142455,,
2026-07-24,9481391333,1,2037,2037,2037,2037,11236443,367844,,
2026-07-24,9494058490,1,12312,12312,12312,12312,,,,
2026-07-24,9513686983,1,5259,5259,5259,5259,403519877,13170384,,
2026-07-24,9526307912,2,4080,4080,3819,4341,86052691,148016,,
2026-07-24,9561553764,1,12341,12341,12341,12341,85152775,80303,,
2026-07-24,9584852943,1,275413,275413,275413,275413,3490248011,4559562,,
2026-07-24,9660713566,1,2740,2740,2740,2740,90393201,5535595,,
2026-07-24,9741799896,1,3767,3767,3767,3767,52833618,2831485,,
2026-07-24,9752499561,1,2378,2378,2378,2378,37494810,64268,,
2026-07-24,9758688665,1,2771,2771,2771,2771,97967313,5056359,,
2026-07-24,9859536675,1,2754,2754,2754,2754,,,,
2026-07-24,9930466428,1,1001,1001,1001,1001,33153242,132075,,
2026-07-24,9940725596,1,1083,1083,1083,1083,,,,
2026-07-24,9940812243,1,3311,3311,3311,3311,4965887,100414,,
2026-07-24,9953328866,1,3602,3602,3602,3602,40671699,45625,,
2026-07-24,9963622286,1,10491,10491,10491,10491,90956779,2664883,,
2026-07-24,9998576154,1,4063,4063,4063,4063,87087755,5570561,,
2026-07-24,10004244222,1,59008,59008,59008,59008,1511193307,23523293,,
2026-07-24,10051853469,1,4086,4086,4086,4086,102462706,2250966,,
2026-07-24,10065013948,1,4826,4826,4826,4826,42562232,64788,,
2026-07-24,10086454767,1,1567,1567,1567,1567,16794807,47332,,
2026-07-24,10127090395,1,19333,19333,19333,19333,79724605,3971425,,
2026-07-24,10144280947,1,26965,26965,26965,26965,56996349,2209471,,
2026-07-24,10144587520,1,13408,13408,13408,13408,23272338,884069,,
2026-07-24,10148434559,1,3205,3205,3205,3205,65117993,426260,,
2026-07-24,10149910491,1,3896,3896,3896,3896,25637772,37853,,
2026-07-24,10149964044,1,6407,6407,6407,6407,,,,
2026-07-24,10153098880,1,9640,9640,9640,9640,6369629,52248,,
2026-07-24,10156435104,1,10357,10357,10357,10357,29594814,50376,,
2026-07-24,10184247393,1,9447,9447,9447,9447,44404576,1387301,,
2026-07-24,10189601764,1,7701,7701,7701,7701,22269565,28253,,
2026-07-24,10196660716,1,8937,8937,8937,8937,16899452,1337601,,
2026-07-24,10199301628,1,40842,40842,40842,40842,250635538,1393490,,
2026-07-24,10200291205,1,4111,4111,4111,4111,26323007,838360,,
2026-07-24,10200395747,1,473284,473284,473284,473284,1387132801,624674,,
2026-07-24,10204207151,1,5910,5910,5910,5910,7829547,29747,,
2026-07-24,10210407309,1,3513,3513,3513,3513,21641888,1131617,,
2026-07-24,10230921598,1,10205,10205,10205,10205,124251068,8222209,,
2026-07-24,10233180411,1,1479,1479,1479,1479,2813353,6521,,
2026-07-24,10244001346,1,5040,5040,5040,5040,65493769,66096,,
2026-07-24,10247797619,1,8027,8027,8027,8027,38739109,124952,,
2026-07-24,10253235584,1,20896,20896,20896,20896,8454315,127549,,
2026-07-24,10253841135,1,3460,3460,3460,3460,9204318,21842,,
2026-07-24,10270331748,1,2174,2174,2174,2174,20167632,194567,,
2026-07-24,10272236945,1,7633,7633,7633,7633,4838301,6677,,
2026-07-24,10274447949,1,5456,5456,5456,5456,19098355,1467370,,
2026-07-24,10314520237,1,11389,11389,11389,11389,,,,
2026-07-24,10321202755,1,14246,14246,14246,14246,29283543,341093,,
2026-07-24,10334632168,1,1349,1349,1349,1349,4547629,17033,,
2026-07-24,10342857565,1,6686,6686,6686,6686,7639227,10903,,
2026-07-24,10350558449,1,8800,8800,8800,8800,4328829,114521,,
2026-07-24,10356701370,1,20472,20472,20472,20472,23555758,161315,,
2026-07-24,10426376134,1,13503,13503,13503,13503,,,,
2026-07-24,10455462279,1,9281,9281,9281,9281,8172732,429539,,
2026-07-24,10456832990,1,28545,28545,28545,28545,11514940,21297,,
2026-07-24,10502841145,1,22557,22557,22557,22557,15382646,25595,,
2026-07-25,31970568,1,6684,6684,6684,6684,1594021568,6061648,,
2026-07-25,66654135,1,668137,668137,668137,668137,27745347055,23042276,,
2026-07-25,605887098,1,4239,4239,4239,4239,2510651354,3692067,,
2026-07-25,903807016,1,4824,4824,4824,4824,1547050620,2814653,,
2026-07-25,1053132402,1,2752,2752,2752,2752,562921976,968113,,
2026-07-25,1198533421,1,1083,1083,1083,1083,178847796,723928,,
2026-07-25,1214576306,1,3614,3614,3614,3614,1637563228,4287051,,
2026-07-25,1430007363,1,3262,3262,3262,3262,895954429,2290276,,
2026-07-25,1489026993,2,7172,7172,6985,7359,2650774721,4316785,,
2026-07-25,1526814825,1,9957,9957,9957,9957,1075832254,4288468,,
2026-07-25,1637284552,1,1016,1016,1016,1016,,,,
2026-07-25,1795206523,1,1435,1435,1435,1435,947671275,927534,,
2026-07-25,1831550657,1,33842,33842,33842,33842,2123391342,10710399,,
2026-07-25,1998835206,1,2814,2814,2814,2814,581121572,1167243,,
2026-07-25,2049551477,2,3726,3726,2841,4612,1456599591,1906792,,
2026-07-25,2165551367,1,902,902,902,902,666647886,2414427,,
2026-07-25,2247578975,2,4142,4142,3508,4776,1205326803,14925335,,
2026-07-25,2274830359,1,7887,7887,7887,7887,2954213624,1985688,,
2026-07-25,2294168059,1,7728,7728,7728,7728,1230431848,3314824,,
2026-07-25,2369077151,1,9893,9893,9893,9893,387906953,10537561,,
2026-07-25,2440500124,1,19794,19794,19794,19794,7525700886,7973963,,
2026-07-25,2491559356,1,706,706,706,706,79074582,164788,,
2026-07-25,2655478023,2,3836,3836,3283,4388,1002360530,3479120,,
2026-07-25,2788648141,1,3835,3835,3835,3835,994178449,2023247,,
2026-07-25,2821905072,1,3994,3994,3994,3994,256438044,5389042,,
2026-07-25,2827951974,1,1098,1098,1098,1098,808177767,678874,,
2026-07-25,2921237723,1,2182,2182,2182,2182,136645280,752663,,
2026-07-25,2992873140,1,16336,16336,16336,16336,1362431417,997088,,
2026-07-25,3034836582,1,834,834,834,834,501422308,1912219,,
2026-07-25,3079618996,1,14791,14791,14791,14791,770731198,838604,,
2026-07-25,3088609243,1,4256,4256,4256,4256,728158327,591860,,
2026-07-25,3164075108,1,3147,3147,3147,3147,275505090,724389,,
2026-07-25,3187874989,1,4312,4312,4312,4312,161589654,223501,,
2026-07-25,3191268194,1,3697,3697,3697,3697,1349004068,5387753,,
2026-07-25,3274669156,1,758,758,758,758,67266927,652177,,
2026-07-25,3310460039,1,21177,21177,21177,21177,4545624428,105121036,,
2026-07-25,3346892457,1,2390,2390,2390,2390,435814640,171279,,
2026-07-25,3472976893,1,4993,4993,4993,4993,159056902,2668390,,
2026-07-25,3502524667,1,2062,2062,2062,2062,750390304,3678200,,
2026-07-25,3551414857,1,2592,2592,2592,2592,627035584,1315310,,
2026-07-25,3647333358,1,54241,54241,54241,54241,8907412256,8045588,,
2026-07-25,3754482795,1,6539,6539,6539,6539,1252604606,4428286,,
2026-07-25,3759884822,1,3769,3769,3769,3769,126645673,106878,,
2026-07-25,3841172115,1,2527,2527,2527,2527,145953404,675678,,
2026-07-25,4028801234,1,1406,1406,1406,1406,231664773,12318148,,
2026-07-25,4071487712,1,997,997,997,997,27592255,116104,,
2026-07-25,4283416256,1,654,654,654,654,20722475,124884,,
2026-07-25,4348829796,1,14521,14521,14521,14521,2585697596,10858765,,
2026-07-25,4518160318,1,6954,6954,6954,6954,628889143,1128338,,
2026-07-25,4595016786,1,3584,3584,3584,3584,591368089,726857,,
2026-07-25,4599924264,1,2774,2774,2774,2774,705855773,273599,,
2026-07-25,4673599750,1,3037,3037,3037,3037,501640827,458338,,
2026-07-25,4720386144,1,2799,2799,2799,2799,113122382,573818,,
2026-07-25,4793836769,1,5819,5819,5819,5819,287807956,6102183,,
2026-07-25,4925331346,1,5116,5116,5116,5116,303974017,467430,,
2026-07-25,4944984948,1,5406,5406,5406,5406,244751283,117452,,
2026-07-25,5195168716,1,1714,1714,1714,1714,94703442,623949,,
2026-07-25,5207621753,1,3043,3043,3043,3043,85780785,73035,,
2026-07-25,5361032378,1,41600,41600,41600,41600,2026398473,983819,,
2026-07-25,5508238359,1,5489,5489,5489,5489,82997874,1583844,,
2026-07-25,5578556129,1,9608,9608,9608,9608,1999912751,1974442,,
2026-07-25,5668114043,1,1782,1782,1782,1782,236156764,730322,,
2026-07-25,5750914919,1,63632,63632,63632,63632,4698273385,3537395,,
2026-07-25,6072944764,1,901,901,901,901,52737089,58858,,
2026-07-25,6247557414,1,1002,1002,1002,1002,195756355,2268005,,
2026-07-25,6314664695,1,778,778,778,778,59837229,2804875,,
2026-07-25,6329693946,1,2901,2901,2901,2901,73800574,217609,,
2026-07-25,6409513651,1,4792,4792,4792,4792,90683431,828145,,
2026-07-25,6682487255,1,9421,9421,9421,9421,475326746,224536,,
2026-07-25,6749060816,1,10531,10531,10531,10531,245791736,1666354,,
2026-07-25,7018190066,1,20683,20683,20683,20683,6457005698,6025595,,
2026-07-25,7058980030,1,5714,5714,5714,5714,561524263,939236,,
2026-07-25,7082244450,1,1695,1695,1695,1695,25322615,105465,,
2026-07-25,7082423811,1,4337,4337,4337,4337,277081720,1555862,,
2026-07-25,7094518649,1,13715,13715,13715,13715,328932126,797335,,
2026-07-25,7127084123,1,3594,3594,3594,3594,144389769,309116,,
2026-07-25,7128163167,1,2954,2954,2954,2954,69701823,117649,,
2026-07-25,7208219743,1,3121,3121,3121,3121,2729183,49658,,
2026-07-25,7219654364,1,54368,54368,54368,54368,1411639470,14473799,,
2026-07-25,7332711118,1,4321,4321,4321,4321,1861799565,2455852,,
2026-07-25,7368125255,1,4686,4686,4686,4686,,,,
2026-07-25,7383133134,1,1328,1328,1328,1328,101713529,750536,,
2026-07-25,7435020231,1,1429,1429,1429,1429,32524250,116501,,
2026-07-25,7436755782,1,42682,42682,42682,42682,35768086859,11333202,,
2026-07-25,7450124099,1,2676,2676,2676,2676,127710437,716076,,
2026-07-25,7613921865,1,199723,199723,199723,199723,237432845,115689,,
2026-07-25,7690412163,1,1097,1097,1097,1097,84198691,200113,,
2026-07-25,7709344486,1,180882,180882,180882,180882,71804378144,28792665,,
2026-07-25,7719766419,1,852,852,852,852,29628200,257245,,
2026-07-25,7798947148,1,2921,2921,2921,2921,136516183,296771,,
2026-07-25,7856039629,1,3332,3332,3332,3332,4674219,273522,,
2026-07-25,7891669427,1,1845,1845,1845,1845,33665663,821563,,
2026-07-25,8014099969,1,1410,1410,1410,1410,143539247,240870,,
2026-07-25,8291789996,1,3552,3552,3552,3552,,,,
2026-07-25,8316902627,1,3689,3689,3689,3689,4677822788,1972345,,
2026-07-25,8356066619,1,6543,6543,6543,6543,77797024,48194,,
2026-07-25,8401518398,1,3679,3679,3679,3679,71722091,53000,,
2026-07-25,8504461817,2,4218,4218,4129,4307,181328808,93320,,
2026-07-25,8539298853,1,10404,10404,10404,10404,1242091803,1685760,,
2026-07-25,8696670616,1,2886,2886,2886,2886,,,,
2026-07-25,8759966530,1,2353,2353,2353,2353,112596505,380067,,
2026-07-25,8786713187,1,1292,1292,1292,1292,114563900,279459,,
2026-07-25,8791358380,1,7827,7827,7827,7827,407243530,12041491,,
2026-07-25,8950496606,1,3769,3769,3769,3769,167641260,421069,,
2026-07-25,9077534770,1,1058,1058,1058,1058,58107302,179595,,
2026-07-25,9098570654,1,12049,12049,12049,12049,207950111,324549,,
2026-07-25,9122463229,1,9014,9014,9014,9014,,,,
2026-07-25,9129640671,1,11028,11028,11028,11028,,,,
2026-07-25,9141743926,1,14173,14173,14173,14173,407916188,579387,,
2026-07-25,9145063979,1,8120,8120,8120,8120,522400511,518007,,
2026-07-25,9145282410,1,926,926,926,926,37511162,271937,,
2026-07-25,9177208241,1,2763,2763,2763,2763,69881494,379049,,
2026-07-25,9219116196,1,2988,2988,2988,2988,86006154,221355,,
2026-07-25,9231693026,1,2948,2948,2948,2948,,,,
2026-07-25,9296042754,1,4961,4961,4961,4961,50526513,243344,,
2026-07-25,9315472782,1,1093,1093,1093,1093,21719581,126899,,
2026-07-25,9315739469,1,833,833,833,833,79134720,82734,,
2026-07-25,9348272796,1,53540,53540,53540,53540,612204077,564933,,
2026-07-25,9362896961,1,4674,4674,4674,4674,142572052,214394,,
2026-07-25,9363735110,1,7531,7531,7531,7531,5671794105,2027148,,
2026-07-25,9409870130,1,696,696,696,696,19069548,238882,,
2026-07-25,9411563986,1,1374,1374,1374,1374,81788847,142718,,
2026-07-25,9481391333,1,2165,2165,2165,2165,11439318,371854,,
2026-07-25,9494058490,1,12312,12312,12312,12312,,,,
2026-07-25,9501409571,1,935,935,935,935,37908073,186619,,
2026-07-25,9513686983,1,5400,5400,5400,5400,404237378,13199988,,
2026-07-25,9526307912,1,2342,2342,2342,2342,86414173,148597,,
2026-07-25,9561553764,1,11525,11525,11525,11525,87323858,81872,,
2026-07-25,9584852943,1,571568,571568,571568,571568,3553902842,4621678,,
2026-07-25,9639553972,1,3837,3837,3837,3837,31354397,167232,,
2026-07-25,9660713566,1,2868,2868,2868,2868,90816424,5557352,,
2026-07-25,9741799896,1,3544,3544,3544,3544,53595620,2872963,,
2026-07-25,9752499561,1,2323,2323,2323,2323,37764918,64599,,
2026-07-25,9758688665,1,3293,3293,3293,3293,98321509,5075463,,
2026-07-25,9859536675,1,2754,2754,2754,2754,,,,
2026-07-25,9930466428,1,997,997,997,997,33298283,132293,,
2026-07-25,9940725596,1,1111,1111,1111,1111,30114203,39304,,
2026-07-25,9940812243,1,3360,3360,3360,3360,5122093,102147,,
2026-07-25,9953328866,1,3245,3245,3245,3245,41154775,46158,,
2026-07-25,9963622286,1,9158,9158,9158,9158,92206416,2665943,,
2026-07-25,9998576154,1,3904,3904,3904,3904,87614809,5600805,,
2026-07-25,10004244222,1,64261,64261,64261,64261,1518989225,23582552,,
2026-07-25,10051853469,1,4192,4192,4192,4192,103041510,2260672,,
2026-07-25,10065013948,1,3966,3966,3966,3966,43136253,65522,,
2026-07-25,10086454767,1,1723,1723,1723,1723,16929141,47577,,
2026-07-25,10127090395,1,17122,17122,17122,17122,84263314,4155643,,
2026-07-25,10144280947,1,32102,32102,32102,32102,60762945,2309788,,
2026-07-25,10144587520,1,14960,14960,14960,14960,24080037,904209,,
2026-07-25,10148434559,1,3210,3210,3210,3210,65425855,428347,,
2026-07-25,10149910491,1,4024,4024,4024,4024,26019301,38278,,
2026-07-25,10149964044,1,6407,6407,6407,6407,,,,
2026-07-25,10153098880,1,10058,10058,10058,10058,6974648,59139,,
2026-07-25,10156435104,1,11225,11225,11225,11225,30635457,52187,,
2026-07-25,10184247393,1,8889,8889,8889,8889,45534534,1413444,,
2026-07-25,10189601764,1,5802,5802,5802,5802,22826288,28729,,
2026-07-25,10196660716,1,7388,7388,7388,7388,18001374,1422651,,
2026-07-25,10199301628,1,41419,41419,41419,41419,255687489,1414008,,
2026-07-25,10200291205,1,3496,3496,3496,3496,27662183,875302,,
2026-07-25,10200395747,1,441557,441557,441557,441557,1400654107,627193,,
2026-07-25,10204207151,1,7119,7119,7119,7119,8388277,31186,,
2026-07-25,10230921598,1,7366,7366,7366,7366,125656443,8305343,,
2026-07-25,10233180411,1,1977,1977,1977,1977,2980599,6809,,
2026-07-25,10244001346,1,4931,4931,4931,4931,66404061,66929,,
2026-07-25,10247797619,1,7494,7494,7494,7494,39723354,126977,,
2026-07-25,10253235584,1,24667,24667,24667,24667,9752952,147655,,
2026-07-25,10253841135,1,2906,2906,2906,2906,9561684,22432,,
2026-07-25,10270331748,1,1880,1880,1880,1880,20477614,196780,,
2026-07-25,10272236945,1,8479,8479,8479,8479,5878758,8223,,
2026-07-25,10274447949,1,7866,7866,7866,7866,20091741,1546374,,
2026-07-25,10314520237,1,11389,11389,11389,11389,,,,
2026-07-25,10321202755,1,15580,15580,15580,15580,29972299,344542,,
2026-07-25,10334632168,1,712,712,712,712,4703553,17420,,
2026-07-25,10342857565,1,5563,5563,5563,5563,8789426,12300,,
2026-07-25,10350558449,1,13566,13566,13566,13566,5528673,148149,,
2026-07-25,10356701370,1,18788,18788,18788,18788,26229346,176374,,
2026-07-25,10426376134,1,13503,13503,13503,13503,,,,
2026-07-25,10455462279,1,8619,8619,8619,8619,9308164,480586,,
2026-07-25,10456786408,1,2903,2903,2903,2903,2071713,173080,,
2026-07-25,10456832990,1,27829,27829,27829,27829,14199470,25493,,
2026-07-25,10502841145,1,22329,22329,22329,22329,16684008,16133,,
2026-07-26,31970568,1,7074,7074,7074,7074,1594499864,6062234,,
2026-07-26,66654135,1,766155,766155,766155,766155,27803319315,23062156,,
2026-07-26,605887098,1,3931,3931,3931,3931,2511106348,3692759,,
2026-07-26,903807016,1,5131,5131,5131,5131,1547845929,2815306,,
2026-07-26,1053132402,1,2919,2919,2919,2919,563109218,968495,,
2026-07-26,1198533421,1,912,912,912,912,178921338,724072,,
2026-07-26,1214576306,1,3779,3779,3779,3779,1637818640,4287382,,
2026-07-26,1430007363,1,3916,3916,3916,3916,896429401,2292611,,
2026-07-26,1489026993,2,7842,7842,7741,7944,2651589388,4318143,,
2026-07-26,1526814825,1,10000,10000,10000,10000,1076524220,4291089,,
2026-07-26,1637284552,1,1016,1016,1016,1016,,,,
2026-07-26,1795206523,1,1478,1478,1478,1478,947960059,927678,,
2026-07-26,1831550657,1,28227,28227,28227,28227,2125449481,10719963,,
2026-07-26,1998835206,1,2770,2770,2770,2770,581357362,1167474,,
2026-07-26,2049551477,2,4396,4396,3043,5749,1457196608,1907441,,
2026-07-26,2165551367,1,997,997,997,997,666796981,2414983,,
2026-07-26,2247578975,2,5107,5107,4748,5466,1205977838,14925710,,
2026-07-26,2274830359,1,9801,9801,9801,9801,2955663350,1986780,,
2026-07-26,2294168059,1,6556,6556,6556,6556,1231015046,3316153,,
2026-07-26,2369077151,1,10802,10802,10802,10802,389051561,10558169,,
2026-07-26,2440500124,1,24159,24159,24159,24159,7528291140,7976903,,
2026-07-26,2491559356,1,671,671,671,671,79141125,165110,,
2026-07-26,2655478023,2,4512,4512,3921,5102,1003042766,3479624,,
2026-07-26,2788648141,1,3947,3947,3947,3947,994503938,2027115,,
2026-07-26,2821905072,1,3787,3787,3787,3787,256858202,5396041,,
2026-07-26,2827951974,1,1257,1257,1257,1257,808333640,679084,,
2026-07-26,2921237723,1,2150,2150,2150,2150,136903339,753389,,
2026-07-26,2992873140,1,17550,17550,17550,17550,1363765258,997904,,
2026-07-26,3034836582,1,939,939,939,939,501524613,1912325,,
2026-07-26,3079618996,1,12823,12823,12823,12823,771970052,848709,,
2026-07-26,3088609243,1,3198,3198,3198,3198,728792765,592562,,
2026-07-26,3164075108,1,3103,3103,3103,3103,275737148,724807,,
2026-07-26,3187874989,1,4910,4910,4910,4910,162033749,223940,,
2026-07-26,3191268194,1,3628,3628,3628,3628,1349350882,5392564,,
2026-07-26,3274669156,1,792,792,792,792,67318205,652706,,
2026-07-26,3310460039,1,23877,23877,23877,23877,4548874416,105122395,,
2026-07-26,3346892457,1,3105,3105,3105,3105,436184614,171603,,
2026-07-26,3472976893,1,5298,5298,5298,5298,159929157,2695406,,
2026-07-26,3502524667,1,2228,2228,2228,2228,750746965,3678425,,
2026-07-26,3551414857,1,3114,3114,3114,3114,627274200,1315627,,
2026-07-26,3647333358,1,54298,54298,54298,54298,8913775017,8050236,,
2026-07-26,3754482795,1,7124,7124,7124,7124,1253525739,4431751,,
2026-07-26,3759884822,1,3614,3614,3614,3614,126903679,107142,,
2026-07-26,3841172115,1,2971,2971,2971,2971,146236356,676526,,
2026-07-26,4028801234,1,1487,1487,1487,1487,231825702,12327102,,
2026-07-26,4071487712,1,1300,1300,1300,1300,27670934,116510,,
2026-07-26,4348829796,1,16320,16320,16320,16320,2587742695,10869694,,
2026-07-26,4420562665,1,6842,6842,6842,6842,55686360,121071,,
2026-07-26,4457060041,1,2781,2781,2781,2781,131518696,216618,,
2026-07-26,4497460596,1,3319,3319,3319,3319,169530233,139072,,
2026-07-26,4518160318,1,7333,7333,7333,7333,629388395,1129584,,
2026-07-26,4595016786,1,3922,3922,3922,3922,591861184,727628,,
2026-07-26,4599924264,1,2892,2892,2892,2892,706341885,273927,,
2026-07-26,4673599750,1,3131,3131,3131,3131,502462150,459105,,
2026-07-26,4720386144,1,2349,2349,2349,2349,113327206,574675,,
2026-07-26,4793836769,1,5663,5663,5663,5663,288319717,6112538,,
2026-07-26,4925331346,1,5229,5229,5229,5229,304415229,468374,,
2026-07-26,4944984948,1,7144,7144,7144,7144,245806606,118150,,
2026-07-26,5195168716,1,2074,2074,2074,2074,94881600,624782,,
2026-07-26,5207621753,1,3010,3010,3010,3010,86079941,73221,,
2026-07-26,5361032378,1,35503,35503,35503,35503,2028252941,984644,,
2026-07-26,5508238359,1,8010,8010,8010,8010,83575883,1592298,,
2026-07-26,5578556129,1,7794,7794,7794,7794,2000261125,1974933,,
2026-07-26,5668114043,1,2219,2219,2219,2219,236359862,730762,,
2026-07-26,5698013839,1,709,709,709,709,69897344,274881,,
2026-07-26,5750914919,1,75139,75139,75139,75139,4703924392,3539977,,
2026-07-26,6072944764,1,1101,1101,1101,1101,52832754,59050,,
2026-07-26,6247557414,1,1323,1323,1323,1323,195901306,2269867,,
2026-07-26,6329693946,1,3182,3182,3182,3182,73983962,217944,,
2026-07-26,6409513651,1,6974,6974,6974,6974,91085314,828601,,
2026-07-26,6646518350,1,655,655,655,655,254211431,349334,,
2026-07-26,6682487255,1,8836,8836,8836,8836,476144663,225062,,
2026-07-26,6749060816,1,10821,10821,10821,10821,246591913,1670860,,
2026-07-26,6801595469,1,706,706,706,706,61360235,141942,,
2026-07-26,7018190066,1,24361,24361,24361,24361,6459155543,6027072,,
2026-07-26,7058980030,1,7207,7207,7207,7207,562631593,940833,,
2026-07-26,7082244450,1,1833,1833,1833,1833,25667406,106928,,
2026-07-26,7082423811,1,3826,3826,3826,3826,277497610,1556323,,
2026-07-26,7094518649,1,14249,14249,14249,14249,329696008,799101,,
2026-07-26,7113705633,1,723,723,723,723,17008049,399464,,
2026-07-26,7127084123,1,3604,3604,3604,3604,144650505,309593,,
2026-07-26,7128163167,1,3540,3540,3540,3540,70053595,118222,,
2026-07-26,7208219743,1,3081,3081,3081,3081,2981493,52505,,
2026-07-26,7219654364,1,61855,61855,61855,61855,1418489912,14512228,,
2026-07-26,7332711118,1,5506,5506,5506,5506,1862419229,2456567,,
2026-07-26,7368125255,1,4686,4686,4686,4686,,,,
2026-07-26,7383133134,1,1906,1906,1906,1906,101950761,752463,,
2026-07-26,7435020231,1,830,830,830,830,32587429,116560,,
2026-07-26,7436755782,1,47293,47293,47293,47293,35772695808,11335391,,
2026-07-26,7450124099,1,2880,2880,2880,2880,127955910,717067,,
2026-07-26,7613921865,1,324349,324349,324349,324349,267496552,124407,,
2026-07-26,7690412163,1,1339,1339,1339,1339,84297022,200399,,
2026-07-26,7709344486,1,201243,201243,201243,201243,71858068566,28805436,,
2026-07-26,7719766419,1,834,834,834,834,29718845,257549,,
2026-07-26,7798947148,1,4167,4167,4167,4167,137026163,297398,,
2026-07-26,7856039629,1,4353,4353,4353,4353,5129025,296563,,
2026-07-26,7891669427,1,2119,2119,2119,2119,33835406,823957,,
2026-07-26,8014099969,1,1867,1867,1867,1867,143719109,241297,,
2026-07-26,8291789996,1,3552,3552,3552,3552,,,,
2026-07-26,8316902627,1,4570,4570,4570,4570,4678536100,1973768,,
2026-07-26,8356066619,1,5074,5074,5074,5074,77976963,48251,,
2026-07-26,8401518398,1,3955,3955,3955,3955,72285671,53441,,
2026-07-26,8497987845,1,2941,2941,2941,2941,12386163,78417,,
2026-07-26,8504461817,2,3902,3902,3381,4422,181949676,93945,,
2026-07-26,8539298853,1,12173,12173,12173,12173,1243246163,1687671,,
2026-07-26,8696670616,1,2886,2886,2886,2886,,,,
2026-07-26,8759966530,1,3510,3510,3510,3510,112987010,381148,,
2026-07-26,8786713187,1,1663,1663,1663,1663,114697427,279810,,
2026-07-26,8791358380,1,9264,9264,9264,9264,408195125,12075543,,
2026-07-26,8950496606,1,4324,4324,4324,4324,167959980,422844,,
2026-07-26,9073513091,1,3817,3817,3817,3817,121468311,157602,,
2026-07-26,9077534770,1,1340,1340,1340,1340,58241473,179922,,
2026-07-26,9098570654,1,13217,13217,13217,13217,208878954,326034,,
2026-07-26,9122463229,1,9014,9014,9014,9014,,,,
2026-07-26,9129640671,1,11028,11028,11028,11028,,,,
2026-07-26,9141743926,1,14116,14116,14116,14116,409348594,580059,,
2026-07-26,9145063979,1,10344,10344,10344,10344,523607815,519332,,
2026-07-26,9145282410,1,713,713,713,713,37583154,272282,,
2026-07-26,9177208241,1,3418,3418,3418,3418,70215959,380061,,
2026-07-26,9219116196,1,2969,2969,2969,2969,86314241,222230,,
2026-07-26,9231693026,1,2948,2948,2948,2948,,,,
2026-07-26,9296042754,1,5543,5543,5543,5543,51042765,245575,,
2026-07-26,9315472782,1,1045,1045,1045,1045,21854911,127563,,
2026-07-26,9315739469,1,1252,1252,1252,1252,79280988,82856,,
2026-07-26,9348272796,1,52080,52080,52080,52080,617442189,569226,,
2026-07-26,9362896961,1,4711,4711,4711,4711,142821880,214518,,
2026-07-26,9363735110,1,8889,8889,8889,8889,5673209761,2027862,,
2026-07-26,9409870130,1,751,751,751,751,19150778,239774,,
2026-07-26,9411563986,1,1515,1515,1515,1515,81974228,142983,,
2026-07-26,9481391333,1,2959,2959,2959,2959,11682638,376610,,
2026-07-26,9494058490,1,12312,12312,12312,12312,,,,
2026-07-26,9501409571,1,1031,1031,1031,1031,38043008,187289,,
2026-07-26,9513686983,1,5552,5552,5552,5552,,,,
2026-07-26,9526307912,2,2806,2806,2678,2933,86805716,149144,,
2026-07-26,9561553764,1,13950,13950,13950,13950,89543552,83462,,
2026-07-26,9584852943,1,515448,515448,515448,515448,3700781087,4701293,,
2026-07-26,9639553972,1,2994,2994,2994,2994,31666902,168908,,
2026-07-26,9660713566,1,2852,2852,2852,2852,91243768,5578443,,
2026-07-26,9752499561,1,2035,2035,2035,2035,38010621,64929,,
2026-07-26,9758688665,1,2817,2817,2817,2817,98699789,5094401,,
2026-07-26,9859536675,1,2754,2754,2754,2754,,,,
2026-07-26,9930466428,1,1249,1249,1249,1249,33475129,132600,,
2026-07-26,9940725596,1,1085,1085,1085,1085,30310318,39504,,
2026-07-26,9940812243,1,3187,3187,3187,3187,5302798,103921,,
2026-07-26,9953328866,1,4609,4609,4609,4609,41794208,46679,,
2026-07-26,9963622286,1,10221,10221,10221,10221,93528449,2666883,,
2026-07-26,9998576154,1,3335,3335,3335,3335,88077751,5626050,,
2026-07-26,10004244222,1,65788,65788,65788,65788,1531689141,23655619,,
2026-07-26,10051853469,1,3481,3481,3481,3481,103494411,2269160,,
2026-07-26,10065013948,1,3977,3977,3977,3977,43610630,66068,,
2026-07-26,10086454767,1,1487,1487,1487,1487,17062273,47804,,
2026-07-26,10127090395,1,13714,13714,13714,13714,87378556,4270631,,
2026-07-26,10144280947,1,29018,29018,29018,29018,63816499,2390207,,
2026-07-26,10144587520,1,17843,17843,17843,17843,25129246,925129,,
2026-07-26,10148434559,1,3026,3026,3026,3026,65854571,430698,,
2026-07-26,10149910491,1,4565,4565,4565,4565,26393060,38649,,
2026-07-26,10149964044,1,6407,6407,6407,6407,,,,
2026-07-26,10153098880,1,9330,9330,9330,9330,7728626,68428,,
2026-07-26,10156435104,1,13039,13039,13039,13039,31919965,54143,,
2026-07-26,10184247393,1,8849,8849,8849,8849,46652760,1435109,,
2026-07-26,10189601764,1,6021,6021,6021,6021,23419627,29138,,
2026-07-26,10196660716,1,6383,6383,6383,6383,18887138,1481799,,
2026-07-26,10199301628,1,41575,41575,41575,41575,261242694,1436230,,
2026-07-26,10200291205,1,2622,2622,2622,2622,28690276,903018,,
2026-07-26,10200395747,1,454597,454597,454597,454597,1416134022,629768,,
2026-07-26,10204207151,1,9746,9746,9746,9746,9288904,33225,,
2026-07-26,10230921598,1,5732,5732,5732,5732,126631289,8352978,,
2026-07-26,10233180411,1,1044,1044,1044,1044,3135256,7018,,
2026-07-26,10244001346,1,5333,5333,5333,5333,67251471,67778,,
2026-07-26,10247797619,1,6447,6447,6447,6447,40545556,128527,,
2026-07-26,10253235584,1,24362,24362,24362,24362,11228469,162024,,
2026-07-26,10270331748,1,1905,1905,1905,1905,20748967,198736,,
2026-07-26,10272236945,1,8470,8470,8470,8470,6993023,9775,,
2026-07-26,10274447949,1,7913,7913,7913,7913,21245669,1632617,,
2026-07-26,10314520237,1,11389,11389,11389,11389,,,,
2026-07-26,10321202755,1,15893,15893,15893,15893,30854536,348259,,
2026-07-26,10334632168,1,865,865,865,865,4817947,17753,,
2026-07-26,10342857565,1,4640,4640,4640,4640,9650914,13306,,
2026-07-26,10350558449,1,10600,10600,10600,10600,6786364,177355,,
2026-07-26,10356701370,1,17628,17628,17628,17628,28862675,186248,,
2026-07-26,10426376134,1,13503,13503,13503,13503,,,,
2026-07-26,10455462279,1,13418,13418,13418,13418,10617446,536736,,
2026-07-26,10456832990,1,27010,27010,27010,27010,17013152,28946,,
2026-07-26,10502841145,2,25792,25792,25353,26232,18678640,19586,,
2026-07-27,31970568,1,7276,7276,7276,7276,1595000399,6062868,,
2026-07-27,66654135,1,850553,850553,850553,850553,27862127813,23082439,,
2026-07-27,605887098,1,3565,3565,3565,3565,2511513988,3693388,,
2026-07-27,903807016,1,5323,5323,5323,5323,1548677888,2815933,,
2026-07-27,1198533421,1,896,896,896,896,178990107,724191,,
2026-07-27,1214576306,1,3827,3827,3827,3827,1638091551,4287739,,
2026-07-27,1430007363,1,3743,3743,3743,3743,896862591,2294775,,
2026-07-27,1489026993,2,6994,6994,6991,6996,2652288138,4319056,,
2026-07-27,1526814825,1,9684,9684,9684,9684,1077215350,4292909,,
2026-07-27,1637284552,1,1016,1016,1016,1016,,,,
2026-07-27,1795206523,1,1533,1533,1533,1533,948249061,927845,,
2026-07-27,1831550657,1,36150,36150,36150,36150,2127519013,10734306,,
2026-07-27,1998835206,1,2782,2782,2782,2782,581583701,1167657,,
2026-07-27,2049551477,2,3905,3905,2792,5018,1457759017,1908035,,
2026-07-27,2165551367,1,1018,1018,1018,1018,666940843,2415552,,
2026-07-27,2247578975,2,3920,3920,3455,4384,1206536887,14926065,,
2026-07-27,2274830359,1,9641,9641,9641,9641,2957199258,1988028,,
2026-07-27,2294168059,1,6364,6364,6364,6364,1231531018,3317437,,
2026-07-27,2369077151,1,8925,8925,8925,8925,390115330,10576457,,
2026-07-27,2440500124,1,23271,23271,23271,23271,7530890057,7979519,,
2026-07-27,2655478023,2,3697,3697,3126,4268,1003628405,3480089,,
2026-07-27,2788648141,1,3604,3604,3604,3604,994840967,2031448,,
2026-07-27,2821905072,1,3532,3532,3532,3532,257229548,5401929,,
2026-07-27,2827951974,1,1030,1030,1030,1030,808473710,679259,,
2026-07-27,2921237723,1,2192,2192,2192,2192,137146511,754134,,
2026-07-27,2992873140,1,18601,18601,18601,18601,1365219273,998553,,
2026-07-27,3034836582,1,960,960,960,960,501624270,1912453,,
2026-07-27,3079618996,1,11447,11447,11447,11447,773080275,857332,,
2026-07-27,3088609243,1,3061,3061,3061,3061,729297042,593054,,
2026-07-27,3164075108,1,3022,3022,3022,3022,275968729,725187,,
2026-07-27,3187874989,1,4491,4491,4491,4491,162422872,224305,,
2026-07-27,3191268194,1,3539,3539,3539,3539,1349680271,5396831,,
2026-07-27,3274669156,1,802,802,802,802,67369496,653220,,
2026-07-27,3310460039,1,19979,19979,19979,19979,4551898581,105123517,,
2026-07-27,3346892457,1,2642,2642,2642,2642,436519116,171917,,
2026-07-27,3472976893,1,5030,5030,5030,5030,160609889,2714487,,
2026-07-27,3502524667,1,1928,1928,1928,1928,751067699,3678643,,
2026-07-27,3551414857,1,2719,2719,2719,2719,627521754,1315960,,
2026-07-27,3647333358,1,52518,52518,52518,52518,8919525111,8054166,,
2026-07-27,3754482795,1,6166,6166,6166,6166,1254396246,4434862,,
2026-07-27,3759884822,1,3916,3916,3916,3916,127143781,107419,,
2026-07-27,3841172115,1,2725,2725,2725,2725,146533708,677359,,
2026-07-27,4028801234,1,1772,1772,1772,1772,231982707,12336124,,
2026-07-27,4071487712,1,1088,1088,1088,1088,27748804,116816,,
2026-07-27,4283416256,1,702,702,702,702,20827860,125348,,
2026-07-27,4348829796,1,16496,16496,16496,16496,2589877389,10879588,,
2026-07-27,4420562665,1,5511,5511,5511,5511,56523062,122143,,
2026-07-27,4457060041,1,2884,2884,2884,2884,131753138,216889,,
2026-07-27,4497460596,1,2293,2293,2293,2293,169760220,139392,,
2026-07-27,4518160318,1,6348,6348,6348,6348,629852472,1130649,,
2026-07-27,4595016786,1,3755,3755,3755,3755,592336035,728450,,
2026-07-27,4599924264,1,3697,3697,3697,3697,706835172,274259,,
2026-07-27,4673599750,1,3214,3214,3214,3214,503289722,459919,,
2026-07-27,4720386144,1,2753,2753,2753,2753,113515999,575484,,
2026-07-27,4793836769,1,5541,5541,5541,5541,288766838,6121217,,
2026-07-27,4925331346,1,5054,5054,5054,5054,304829867,469194,,
2026-07-27,4944984948,1,5213,5213,5213,5213,246937983,118977,,
2026-07-27,5195168716,1,2160,2160,2160,2160,95088762,625847,,
2026-07-27,5207621753,1,2691,2691,2691,2691,86322361,73347,,
2026-07-27,5361032378,1,35864,35864,35864,35864,2030099222,985085,,
2026-07-27,5508238359,1,6937,6937,6937,6937,84133061,1599814,,
2026-07-27,5578556129,1,8230,8230,8230,8230,2000565508,1975180,,
2026-07-27,5668114043,1,2303,2303,2303,2303,236567908,731294,,
2026-07-27,5750914919,1,67561,67561,67561,67561,4707746348,3541425,,
2026-07-27,6072944764,1,929,929,929,929,52926652,59216,,
2026-07-27,6247557414,1,1214,1214,1214,1214,196042431,2271542,,
2026-07-27,6329693946,1,3539,3539,3539,3539,74176656,218233,,
2026-07-27,6409513651,1,6355,6355,6355,6355,91384579,828765,,
2026-07-27,6682487255,1,8815,8815,8815,8815,476943249,225160,,
2026-07-27,6749060816,1,9948,9948,9948,9948,247330002,1674895,,
2026-07-27,6801595469,1,647,647,647,647,61491115,142165,,
2026-07-27,7018190066,1,23309,23309,23309,23309,6461212849,6028489,,
2026-07-27,7058980030,1,6214,6214,6214,6214,563932522,942768,,
2026-07-27,7082244450,1,2518,2518,2518,2518,26043182,108240,,
2026-07-27,7082423811,1,3315,3315,3315,3315,277809064,1556686,,
2026-07-27,7094518649,1,14303,14303,14303,14303,330475655,800663,,
2026-07-27,7113705633,1,1630,1630,1630,1630,17144812,401819,,
2026-07-27,7127084123,1,3401,3401,3401,3401,144905718,310071,,
2026-07-27,7128163167,1,3618,3618,3618,3618,70389980,118753,,
2026-07-27,7208219743,1,2760,2760,2760,2760,3228902,55146,,
2026-07-27,7219654364,1,58307,58307,58307,58307,1424872056,14547358,,
2026-07-27,7332711118,1,4661,4661,4661,4661,1862945803,2457071,,
2026-07-27,7368125255,1,4686,4686,4686,4686,,,,
2026-07-27,7383133134,1,1321,1321,1321,1321,102164866,754084,,
2026-07-27,7436755782,1,43904,43904,43904,43904,35776230301,11336888,,
2026-07-27,7613921865,1,275516,275516,275516,275516,304171911,132331,,
2026-07-27,7690412163,1,1001,1001,1001,1001,84398355,200705,,
2026-07-27,7709344486,1,167312,167312,167312,167312,71899080158,28813604,,
2026-07-27,7719766419,1,730,730,730,730,29801488,257866,,
2026-07-27,7798947148,1,3161,3161,3161,3161,137461597,298049,,
2026-07-27,7856039629,1,4002,4002,4002,4002,5620526,320880,,
2026-07-27,7891669427,1,1861,1861,1861,1861,33993892,826022,,
2026-07-27,7997703002,1,1317,1317,1317,1317,10734632,71843,,
2026-07-27,8014099969,1,1417,1417,1417,1417,143879642,241519,,
2026-07-27,8291789996,1,3552,3552,3552,3552,,,,
2026-07-27,8316902627,1,4343,4343,4343,4343,4679078039,1974093,,
2026-07-27,8356066619,1,10020,10020,10020,10020,78295145,48351,,
2026-07-27,8401518398,1,4029,4029,4029,4029,72818300,53859,,
2026-07-27,8504461817,2,3730,3730,3266,4195,182441988,94322,,
2026-07-27,8539298853,1,11267,11267,11267,11267,1244353253,1689880,,
2026-07-27,8696670616,1,2886,2886,2886,2886,,,,
2026-07-27,8759966530,1,3434,3434,3434,3434,113458311,382492,,
2026-07-27,8786713187,1,1706,1706,1706,1706,114843805,280187,,
2026-07-27,8791358380,1,9972,9972,9972,9972,409233516,12112369,,
2026-07-27,8950496606,1,3785,3785,3785,3785,168269190,424336,,
2026-07-27,9073513091,1,3393,3393,3393,3393,121831992,157900,,
2026-07-27,9077534770,1,1055,1055,1055,1055,,,,
2026-07-27,9098570654,1,11289,11289,11289,11289,209721417,327771,,
2026-07-27,9122463229,1,9014,9014,9014,9014,,,,
2026-07-27,9129640671,1,11028,11028,11028,11028,,,,
2026-07-27,9141743926,1,13636,13636,13636,13636,410650780,580725,,
2026-07-27,9145063979,1,8232,8232,8232,8232,524784547,520655,,
2026-07-27,9145282410,1,876,876,876,876,37651601,272645,,
2026-07-27,9177208241,1,2779,2779,2779,2779,70556926,381350,,
2026-07-27,9219116196,1,3838,3838,3838,3838,86622042,223222,,
2026-07-27,9231693026,1,2948,2948,2948,2948,,,,
2026-07-27,9296042754,1,5003,5003,5003,5003,51563438,248040,,
2026-07-27,9315472782,1,795,795,795,795,21972886,128139,,
2026-07-27,9315739469,1,1275,1275,1275,1275,79436892,83019,,
2026-07-27,9348272796,1,50841,50841,50841,50841,622460938,573432,,
2026-07-27,9362896961,1,4471,4471,4471,4471,143055257,214619,,
2026-07-27,9363735110,1,7446,7446,7446,7446,5674247204,2028404,,
2026-07-27,9409870130,1,974,974,974,974,19229585,240631,,
2026-07-27,9411563986,1,1499,1499,1499,1499,82163017,143248,,
2026-07-27,9481391333,1,2296,2296,2296,2296,11924339,381407,,
2026-07-27,9494058490,1,12312,12312,12312,12312,,,,
2026-07-27,9501409571,1,667,667,667,667,38160549,187869,,
2026-07-27,9513686983,1,5167,5167,5167,5167,405728379,13261668,,
2026-07-27,9526307912,1,2735,2735,2735,2735,87149960,149585,,
2026-07-27,9561553764,1,13431,13431,13431,13431,91769697,85002,,
2026-07-27,9584852943,1,566264,566264,566264,566264,3776434210,4748651,,
2026-07-27,9660713566,1,2884,2884,2884,2884,91631813,5597386,,
2026-07-27,9752499561,1,1829,1829,1829,1829,38215893,65207,,
2026-07-27,9758688665,1,2871,2871,2871,2871,99003150,5107386,,
2026-07-27,9859536675,1,2754,2754,2754,2754,,,,
2026-07-27,9930466428,1,1015,1015,1015,1015,33625579,132826,,
2026-07-27,9940725596,1,992,992,992,992,30463943,39676,,
2026-07-27,9940812243,1,2820,2820,2820,2820,5447634,104753,,
2026-07-27,9953328866,1,3441,3441,3441,3441,42213287,47083,,
2026-07-27,9963622286,1,9032,9032,9032,9032,94555080,2667713,,
2026-07-27,9998576154,1,2777,2777,2777,2777,88439826,5644526,,
2026-07-27,10004244222,1,59964,59964,59964,59964,1539287891,23714750,,
2026-07-27,10051853469,1,3516,3516,3516,3516,103841532,2276558,,
2026-07-27,10065013948,1,3491,3491,3491,3491,44060700,66593,,
2026-07-27,10086454767,1,1139,1139,1139,1139,17161269,47963,,
2026-07-27,10127090395,1,12167,12167,12167,12167,89977162,4368676,,
2026-07-27,10138661961,1,3301,3301,3301,3301,43722358,102794,,
2026-07-27,10144280947,1,27316,27316,27316,27316,66729596,2471646,,
2026-07-27,10144587520,1,18626,18626,18626,18626,25999395,942997,,
2026-07-27,10148434559,1,2703,2703,2703,2703,66111268,432263,,
2026-07-27,10149910491,1,3973,3973,3973,3973,26755488,39015,,
2026-07-27,10149964044,1,6407,6407,6407,6407,,,,
2026-07-27,10153098880,1,9911,9911,9911,9911,8374223,74968,,
2026-07-27,10156435104,1,10577,10577,10577,10577,33077384,56068,,
2026-07-27,10184247393,1,8275,8275,8275,8275,47508638,1455213,,
2026-07-27,10189601764,1,6275,6275,6275,6275,23906214,29540,,
2026-07-27,10196660716,1,5041,5041,5041,5041,19620746,1526529,,
2026-07-27,10199301628,1,38042,38042,38042,38042,265593827,1453227,,
2026-07-27,10200395747,1,455768,455768,455768,455768,1431534871,630530,,
2026-07-27,10204207151,1,6859,6859,6859,6859,9930548,34584,,
2026-07-27,10230921598,1,5665,5665,5665,5665,127447274,8395076,,
2026-07-27,10233180411,1,1035,1035,1035,1035,3250939,7182,,
2026-07-27,10244001346,1,4312,4312,4312,4312,68057562,68660,,
2026-07-27,10247797619,1,5366,5366,5366,5366,,,,
2026-07-27,10253235584,1,25339,25339,25339,25339,12522363,173579,,
2026-07-27,10270331748,1,2028,2028,2028,2028,21007987,200644,,
2026-07-27,10272236945,1,8105,8105,8105,8105,8155863,11555,,
2026-07-27,10274447949,1,6432,6432,6432,6432,22222014,1693300,,
2026-07-27,10314520237,1,11389,11389,11389,11389,,,,
2026-07-27,10321202755,1,14575,14575,14575,14575,31620403,351539,,
2026-07-27,10342857565,1,5975,5975,5975,5975,10398624,14046,,
2026-07-27,10350558449,1,11561,11561,11561,11561,7939671,199465,,
2026-07-27,10356701370,1,14843,14843,14843,14843,31214405,195364,,
2026-07-27,10374499973,1,6583,6583,6583,6583,7531791,537495,,
2026-07-27,10406853972,1,9559,9559,9559,9559,5103422,550985,,
2026-07-27,10409732219,1,6897,6897,6897,6897,6643059,631931,,
2026-07-27,10426376134,1,13503,13503,13503,13503,,,,
2026-07-27,10455462279,1,11557,11557,11557,11557,12025172,597718,,
2026-07-27,10456786408,1,3124,3124,3124,3124,2740453,224249,,
2026-07-27,10456832990,1,24115,24115,24115,24115,19071351,31611,,
2026-07-27,10502841145,2,22766,22766,21725,23808,20025063,21283,,
2026-07-28,31970568,1,7101,7101,7101,7101,1595488717,6063487,,
2026-07-28,66654135,1,791361,791361,791361,791361,27921438016,23102047,,
2026-07-28,605887098,1,3362,3362,3362,3362,2511873285,3693949,,
2026-07-28,903807016,1,5027,5027,5027,5027,1549500043,2816556,,
2026-07-28,1198533421,1,888,888,888,888,179058712,724330,,
2026-07-28,1214576306,1,3874,3874,3874,3874,1638356400,4288105,,
2026-07-28,1430007363,1,3607,3607,3607,3607,897265358,2296777,,
2026-07-28,1489026993,2,6754,6754,6497,7010,2652924760,4319733,,
2026-07-28,1526814825,1,9330,9330,9330,9330,1077855164,4294169,,
2026-07-28,1637284552,1,1016,1016,1016,1016,,,,
2026-07-28,1795206523,1,1517,1517,1517,1517,948531128,927989,,
2026-07-28,1831550657,1,33098,33098,33098,33098,2129565618,10746413,,
2026-07-28,1998835206,1,2659,2659,2659,2659,581804010,1167825,,
2026-07-28,2049551477,2,3817,3817,2655,4979,1458277287,1908603,,
2026-07-28,2165551367,1,1016,1016,1016,1016,667088909,2416278,,
2026-07-28,2247578975,2,3820,3820,3377,4264,1207031471,14926349,,
2026-07-28,2274830359,1,8732,8732,8732,8732,2958609269,1989208,,
2026-07-28,2294168059,1,6661,6661,6661,6661,1232051220,3318858,,
2026-07-28,2369077151,1,7482,7482,7482,7482,390933903,10589033,,
2026-07-28,2440500124,1,24123,24123,24123,24123,7533434445,7982006,,
2026-07-28,2491559356,1,705,705,705,705,79263148,165289,,
2026-07-28,2655478023,2,3770,3770,3052,4489,1004206352,3480507,,
2026-07-28,2788648141,1,2823,2823,2823,2823,995081738,2033837,,
2026-07-28,2821905072,1,3485,3485,3485,3485,257572688,5407459,,
2026-07-28,2827951974,1,1045,1045,1045,1045,808596711,679426,,
2026-07-28,2921237723,1,2008,2008,2008,2008,137402739,755015,,
2026-07-28,2992873140,1,17611,17611,17611,17611,1366573201,999107,,
2026-07-28,3034836582,1,1014,1014,1014,1014,501721577,1912570,,
2026-07-28,3079618996,1,14455,14455,14455,14455,774319781,866783,,
2026-07-28,3088609243,1,3750,3750,3750,3750,729796375,593679,,
2026-07-28,3164075108,1,2991,2991,2991,2991,276180843,725544,,
2026-07-28,3187874989,1,4635,4635,4635,4635,162820667,224677,,
2026-07-28,3191268194,1,3569,3569,3569,3569,1349999649,5401221,,
2026-07-28,3274669156,1,836,836,836,836,67420461,653746,,
2026-07-28,3310460039,1,20412,20412,20412,20412,4554618497,105124694,,
2026-07-28,3346892457,1,2805,2805,2805,2805,436814105,172240,,
2026-07-28,3472976893,1,4936,4936,4936,4936,161237246,2733926,,
2026-07-28,3502524667,1,2115,2115,2115,2115,751381614,3678902,,
2026-07-28,3551414857,1,2843,2843,2843,2843,627789938,1316383,,
2026-07-28,3647333358,1,52489,52489,52489,52489,8925139427,8057846,,
2026-07-28,3754482795,1,6219,6219,6219,6219,1255210157,4437815,,
2026-07-28,3759884822,1,3802,3802,3802,3802,127375966,107697,,
2026-07-28,3841172115,1,2883,2883,2883,2883,146816486,678184,,
2026-07-28,4028801234,1,1972,1972,1972,1972,232169495,12347335,,
2026-07-28,4071487712,1,1066,1066,1066,1066,27815219,117052,,
2026-07-28,4283416256,1,689,689,689,689,20884289,125635,,
2026-07-28,4348829796,1,17075,17075,17075,17075,2592099366,10889494,,
2026-07-28,4497460596,1,2267,2267,2267,2267,169964807,139646,,
2026-07-28,4518160318,1,7209,7209,7209,7209,630307019,1131828,,
2026-07-28,4595016786,1,3386,3386,3386,3386,592735941,729039,,
2026-07-28,4599924264,1,2973,2973,2973,2973,707334019,274602,,
2026-07-28,4673599750,1,3316,3316,3316,3316,504137360,460746,,
2026-07-28,4720386144,1,2756,2756,2756,2756,113724936,576532,,
2026-07-28,4793836769,1,5575,5575,5575,5575,289222337,6131191,,
2026-07-28,4925331346,1,5243,5243,5243,5243,305233984,470000,,
2026-07-28,4944984948,1,5117,5117,5117,5117,247816506,119618,,
2026-07-28,5195168716,1,1985,1985,1985,1985,95272306,626775,,
2026-07-28,5207621753,1,3042,3042,3042,3042,86570038,73469,,
2026-07-28,5361032378,1,35899,35899,35899,35899,2032073046,985459,,
2026-07-28,5508238359,1,7119,7119,7119,7119,84653094,1606822,,
2026-07-28,5578556129,1,24917,24917,24917,24917,2001731772,1975430,,
2026-07-28,5668114043,1,2194,2194,2194,2194,236779433,731814,,
2026-07-28,5698013839,1,694,694,694,694,70008837,275264,,
2026-07-28,5750914919,1,62653,62653,62653,62653,4711074351,3542581,,
2026-07-28,6072944764,1,1066,1066,1066,1066,53011015,59376,,
2026-07-28,6247557414,1,1204,1204,1204,1204,196195627,2273565,,
2026-07-28,6329693946,1,7648,7648,7648,7648,74433891,218810,,
2026-07-28,6409513651,1,6066,6066,6066,6066,91642368,827256,,
2026-07-28,6682487255,1,8416,8416,8416,8416,477690289,225251,,
2026-07-28,6749060816,1,8856,8856,8856,8856,248004768,1678693,,
2026-07-28,7018190066,1,22610,22610,22610,22610,6463141339,6029721,,
2026-07-28,7058980030,1,5671,5671,5671,5671,564984645,944301,,
2026-07-28,7082244450,1,3500,3500,3500,3500,26626728,110141,,
2026-07-28,7082423811,1,3092,3092,3092,3092,278081410,1556963,,
2026-07-28,7094518649,1,13924,13924,13924,13924,331214370,802204,,
2026-07-28,7113705633,1,756,756,756,756,17195343,402726,,
2026-07-28,7127084123,1,2971,2971,2971,2971,145116594,310388,,
2026-07-28,7128163167,1,3886,3886,3886,3886,70744681,119254,,
2026-07-28,7208219743,1,2525,2525,2525,2525,3436162,57131,,
2026-07-28,7219654364,1,57402,57402,57402,57402,1431200419,14579186,,
2026-07-28,7332711118,1,4451,4451,4451,4451,1863383961,2457468,,
2026-07-28,7368125255,1,4686,4686,4686,4686,,,,
2026-07-28,7383133134,1,1549,1549,1549,1549,102340443,755421,,
2026-07-28,7436755782,1,40422,40422,40422,40422,35779335983,11338129,,
2026-07-28,7613921865,1,238455,238455,238455,238455,333082614,137702,,
2026-07-28,7690412163,1,1222,1222,1222,1222,84486935,201028,,
2026-07-28,7709344486,1,181607,181607,181607,181607,71933208190,28820182,,
2026-07-28,7719766419,1,692,692,692,692,29874405,258127,,
2026-07-28,7798947148,1,3942,3942,3942,3942,138022896,298864,,
2026-07-28,7856039629,1,4195,4195,4195,4195,6121682,343859,,
2026-07-28,7891669427,1,1900,1900,1900,1900,34152579,828108,,
2026-07-28,8014099969,1,1340,1340,1340,1340,144004837,241650,,
2026-07-28,8291789996,1,3552,3552,3552,3552,,,,
2026-07-28,8316902627,1,3773,3773,3773,3773,4679549658,1974337,,
2026-07-28,8356066619,1,10264,10264,10264,10264,78659830,48343,,
2026-07-28,8401518398,1,5052,5052,5052,5052,73457715,54427,,
2026-07-28,8504461817,2,3190,3190,3138,3242,182896408,94652,,
2026-07-28,8539298853,1,12606,12606,12606,12606,1245562944,1692881,,
2026-07-28,8696670616,1,2886,2886,2886,2886,,,,
2026-07-28,8759966530,1,3443,3443,3443,3443,113859724,383237,,
2026-07-28,8786713187,1,1747,1747,1747,1747,114992469,280556,,
2026-07-28,8791358380,1,9530,9530,9530,9530,410196646,12146870,,
2026-07-28,8950496606,1,3856,3856,3856,3856,168558401,425188,,
2026-07-28,9073513091,1,2886,2886,2886,2886,122151207,158123,,
2026-07-28,9077534770,1,1228,1228,1228,1228,58518567,180735,,
2026-07-28,9098570654,1,10711,10711,10711,10711,210437122,328923,,
2026-07-28,9122463229,1,9014,9014,9014,9014,,,,
2026-07-28,9129640671,1,11028,11028,11028,11028,,,,
2026-07-28,9141743926,1,11951,11951,11951,11951,411866388,581319,,
2026-07-28,9145063979,1,8103,8103,8103,8103,525867004,521941,,
2026-07-28,9145282410,1,946,946,946,946,37727459,273052,,
2026-07-28,9177208241,1,2898,2898,2898,2898,70851140,382204,,
2026-07-28,9219116196,1,3762,3762,3762,3762,86960651,224482,,
2026-07-28,9231693026,1,2948,2948,2948,2948,,,,
2026-07-28,9296042754,1,4932,4932,4932,4932,52027025,250218,,
2026-07-28,9315472782,1,909,909,909,909,22084661,128668,,
2026-07-28,9315739469,1,1215,1215,1215,1215,79605469,83194,,
2026-07-28,9348272796,1,50223,50223,50223,50223,627339214,577796,,
2026-07-28,9362896961,1,4343,4343,4343,4343,143271057,214718,,
2026-07-28,9363735110,1,6786,6786,6786,6786,5675105991,2028916,,
2026-07-28,9409870130,1,1095,1095,1095,1095,19324318,241638,,
2026-07-28,9411563986,1,1521,1521,1521,1521,82355575,143578,,
2026-07-28,9452898647,1,2884,2884,2884,2884,111831261,4658740,,
2026-07-28,9481391333,1,2166,2166,2166,2166,12110725,384022,,
2026-07-28,9494058490,1,12312,12312,12312,12312,,,,
2026-07-28,9501409571,1,697,697,697,697,38255496,188312,,
2026-07-28,9513686983,1,4935,4935,4935,4935,406388051,13288481,,
2026-07-28,9526307912,1,2593,2593,2593,2593,87507529,150145,,
2026-07-28,9561553764,1,12817,12817,12817,12817,93754594,86388,,
2026-07-28,9584852943,1,327389,327389,327389,327389,3832228040,4787165,,
2026-07-28,9859536675,1,2754,2754,2754,2754,,,,
2026-07-28,9930466428,1,919,919,919,919,33774221,133089,,
2026-07-28,9940725596,1,996,996,996,996,30612603,39850,,
2026-07-28,9940812243,1,2815,2815,2815,2815,5581785,105827,,
2026-07-28,9953328866,1,2341,2341,2341,2341,42522330,47369,,
2026-07-28,9963622286,1,8913,8913,8913,8913,95546008,2668564,,
2026-07-28,9969095451,1,2747,2747,2747,2747,30455730,1248758,,
2026-07-28,9998576154,1,3194,3194,3194,3194,88769009,5662978,,
2026-07-28,10004244222,1,53605,53605,53605,53605,1545796013,23767649,,
2026-07-28,10051853469,1,3653,3653,3653,3653,104199075,2285142,,
2026-07-28,10065013948,1,2831,2831,2831,2831,44409977,66984,,
2026-07-28,10086454767,1,1166,1166,1166,1166,17262514,48129,,
2026-07-28,10127090395,1,11878,11878,11878,11878,92448273,4458980,,
2026-07-28,10144280947,1,27640,27640,27640,27640,69665445,2559563,,
2026-07-28,10144587520,1,20049,20049,20049,20049,26922533,961952,,
2026-07-28,10149910491,1,3791,3791,3791,3791,27082142,39367,,
2026-07-28,10149964044,1,6407,6407,6407,6407,,,,
2026-07-28,10153098880,1,10082,10082,10082,10082,8966319,79313,,
2026-07-28,10156435104,1,9119,9119,9119,9119,33948499,57383,,
2026-07-28,10184247393,1,7143,7143,7143,7143,48212783,1470060,,
2026-07-28,10189601764,1,5447,5447,5447,5447,24327725,29850,,
2026-07-28,10196660716,1,4706,4706,4706,4706,20211489,1563354,,
2026-07-28,10199301628,1,38535,38535,38535,38535,269796431,1470128,,
2026-07-28,10200395747,1,478377,478377,478377,478377,1445996202,632468,,
2026-07-28,10204207151,1,6135,6135,6135,6135,10482595,36014,,
2026-07-28,10230921598,1,4568,4568,4568,4568,128148439,8430509,,
2026-07-28,10233180411,1,892,892,892,892,3377813,7376,,
2026-07-28,10244001346,1,4477,4477,4477,4477,68816530,69304,,
2026-07-28,10247797619,1,6475,6475,6475,6475,41883124,131202,,
2026-07-28,10253235584,1,27161,27161,27161,27161,13844594,187461,,
2026-07-28,10253841135,1,2809,2809,2809,2809,10450232,23588,,
2026-07-28,10270331748,1,2144,2144,2144,2144,21281003,202716,,
2026-07-28,10272236945,1,8178,8178,8178,8178,9251290,13315,,
2026-07-28,10274447949,1,5856,5856,5856,5856,23022542,1742320,,
2026-07-28,10314520237,1,11389,11389,11389,11389,,,,
2026-07-28,10321202755,1,13657,13657,13657,13657,32324034,354866,,
2026-07-28,10342857565,1,5623,5623,5623,5623,11287455,15100,,
2026-07-28,10350558449,1,9885,9885,9885,9885,8937953,214903,,
2026-07-28,10356701370,1,14111,14111,14111,14111,33311277,203123,,
2026-07-28,10374499973,1,5546,5546,5546,5546,8371642,595689,,
2026-07-28,10375105020,1,6180,6180,6180,6180,4082334,9225,,
2026-07-28,10406853972,1,10162,10162,10162,10162,5956667,627479,,
2026-07-28,10409732219,1,10145,10145,10145,10145,8494502,821347,,
2026-07-28,10426376134,1,13503,13503,13503,13503,,,,
2026-07-28,10455462279,1,9603,9603,9603,9603,13103007,639570,,
2026-07-28,10456786408,1,2989,2989,2989,2989,3078001,247694,,
2026-07-28,10456832990,1,31606,31606,31606,31606,21761750,35284,,
2026-07-28,10502841145,2,21659,21659,20891,22427,21284126,22972,,
2026-07-28,10514488908,1,12639,12639,12639,12639,3207628,8919,,
2026-07-29,31970568,1,7110,7110,7110,7110,1595983673,6064073,,
2026-07-29,66654135,1,653101,653101,653101,653101,27979418822,23121270,,
2026-07-29,605887098,1,3215,3215,3215,3215,2512226589,3694447,,
2026-07-29,903807016,1,4846,4846,4846,4846,1550327090,2817136,,
2026-07-29,1198533421,1,862,862,862,862,179125793,724461,,
2026-07-29,1214576306,1,3957,3957,3957,3957,1638629909,4288485,,
2026-07-29,1430007363,1,3660,3660,3660,3660,897681887,2298983,,
2026-07-29,1489026993,2,6596,6596,6406,6787,2653570640,4320497,,
2026-07-29,1526814825,1,9253,9253,9253,9253,1078490015,4295566,,
2026-07-29,1637284552,1,1016,1016,1016,1016,,,,
2026-07-29,1795206523,1,1425,1425,1425,1425,948808990,928113,,
2026-07-29,1831550657,1,32619,32619,32619,32619,2131441470,10754875,,
2026-07-29,1998835206,1,2564,2564,2564,2564,582022124,1168003,,
2026-07-29,2049551477,1,4537,4537,4537,4537,1458794062,1909227,,
2026-07-29,2165551367,1,981,981,981,981,667231814,2416862,,
2026-07-29,2247578975,2,3522,3522,3247,3797,1207511453,14926616,,
2026-07-29,2274830359,1,8111,8111,8111,8111,2959910919,1990306,,
2026-07-29,2294168059,1,6310,6310,6310,6310,1232562106,3320159,,
2026-07-29,2369077151,1,9231,9231,9231,9231,391851363,10606055,,
2026-07-29,2440500124,1,23106,23106,23106,23106,7536033736,7984576,,
2026-07-29,2491559356,1,708,708,708,708,79326664,165433,,
2026-07-29,2655478023,2,3762,3762,3166,4357,1004806817,3480959,,
2026-07-29,2788648141,1,2811,2811,2811,2811,995307786,2036159,,
2026-07-29,2821905072,1,3856,3856,3856,3856,257943461,5413920,,
2026-07-29,2827951974,1,1031,1031,1031,1031,808721899,679602,,
2026-07-29,2921237723,1,1914,1914,1914,1914,137622443,755694,,
2026-07-29,2992873140,1,17233,17233,17233,17233,1367910197,999693,,
2026-07-29,3034836582,1,833,833,833,833,501821358,1912679,,
2026-07-29,3079618996,1,12744,12744,12744,12744,775683367,877066,,
2026-07-29,3088609243,1,3869,3869,3869,3869,730365712,594302,,
2026-07-29,3164075108,1,2975,2975,2975,2975,276392172,725905,,
2026-07-29,3187874989,1,4384,4384,4384,4384,163234744,225080,,
2026-07-29,3191268194,1,3694,3694,3694,3694,1350337769,5405953,,
2026-07-29,3274669156,1,779,779,779,779,67478883,654484,,
2026-07-29,3310460039,1,19798,19798,19798,19798,4557444613,105125955,,
2026-07-29,3346892457,1,2204,2204,2204,2204,437110318,172549,,
2026-07-29,3472976893,1,5233,5233,5233,5233,161854171,2753594,,
2026-07-29,3502524667,1,1893,1893,1893,1893,751686972,3679114,,
2026-07-29,3551414857,1,2274,2274,2274,2274,628016986,1316735,,
2026-07-29,3647333358,1,50442,50442,50442,50442,8931393757,8061915,,
2026-07-29,3754482795,1,6291,6291,6291,6291,1256051661,4440962,,
2026-07-29,3759884822,1,3850,3850,3850,3850,127617424,107979,,
2026-07-29,3841172115,1,2087,2087,2087,2087,147084494,678940,,
2026-07-29,4028801234,1,1900,1900,1900,1900,232373322,12359242,,
2026-07-29,4071487712,1,977,977,977,977,27878399,117280,,
2026-07-29,4283416256,1,656,656,656,656,20940269,125911,,
2026-07-29,4343544885,1,2829,2829,2829,2829,114804300,2596769,,
2026-07-29,4348829796,1,16742,16742,16742,16742,2594258104,10899476,,
2026-07-29,4457060041,1,2927,2927,2927,2927,132171821,217338,,
2026-07-29,4497460596,1,2282,2282,2282,2282,170173871,139976,,
2026-07-29,4518160318,1,6913,6913,6913,6913,630779176,1132960,,
2026-07-29,4595016786,1,3171,3171,3171,3171,593117114,729596,,
2026-07-29,4673599750,1,3428,3428,3428,3428,504988427,461490,,
2026-07-29,4720386144,1,2742,2742,2742,2742,113928611,577469,,
2026-07-29,4793836769,1,5137,5137,5137,5137,289650784,6138987,,
2026-07-29,4925331346,1,5190,5190,5190,5190,305654687,470783,,
2026-07-29,4944984948,1,4881,4881,4881,4881,248762112,120413,,
2026-07-29,5195168716,1,2005,2005,2005,2005,95465193,627829,,
2026-07-29,5207621753,1,2980,2980,2980,2980,86827409,73570,,
2026-07-29,5361032378,1,35447,35447,35447,35447,2033528047,985843,,
2026-07-29,5508238359,1,7180,7180,7180,7180,85187710,1613833,,
2026-07-29,5578556129,1,21271,21271,21271,21271,2003004860,1975565,,
2026-07-29,5668114043,1,2035,2035,2035,2035,236967265,732224,,
2026-07-29,5750914919,1,61391,61391,61391,61391,4714319405,3543741,,
2026-07-29,5927446137,1,741,741,741,741,44252349,579015,,
2026-07-29,5993969021,1,689,689,689,689,15558349,55380,,
2026-07-29,6072944764,1,1041,1041,1041,1041,53097835,59533,,
2026-07-29,6247557414,1,1333,1333,1333,1333,196353865,2275634,,
2026-07-29,6314664695,1,666,666,666,666,60050885,2813349,,
2026-07-29,6329693946,1,10675,10675,10675,10675,74882790,219651,,
2026-07-29,6409513651,1,5742,5742,5742,5742,91890954,827099,,
2026-07-29,6682487255,1,8307,8307,8307,8307,478437205,225367,,
2026-07-29,6749060816,1,8688,8688,8688,8688,248657083,1682734,,
2026-07-29,7018190066,1,21976,21976,21976,21976,6465028352,6030938,,
2026-07-29,7058980030,1,5951,5951,5951,5951,566008735,945817,,
2026-07-29,7082244450,1,3735,3735,3735,3735,27524295,113703,,
2026-07-29,7082423811,1,3351,3351,3351,3351,278368480,1557258,,
2026-07-29,7094518649,1,14017,14017,14017,14017,331963924,803850,,
2026-07-29,7127084123,1,3089,3089,3089,3089,145326357,310725,,
2026-07-29,7128163167,1,3483,3483,3483,3483,71083747,119717,,
2026-07-29,7208219743,1,2218,2218,2218,2218,3634089,59340,,
2026-07-29,7219654364,1,55520,55520,55520,55520,1437586581,14612982,,
2026-07-29,7332711118,1,4288,4288,4288,4288,1863890982,2457946,,
2026-07-29,7368125255,1,4686,4686,4686,4686,,,,
2026-07-29,7383133134,1,1671,1671,1671,1671,102524535,756938,,
2026-07-29,7436755782,1,41162,41162,41162,41162,35782462209,11339397,,
2026-07-29,7613921865,1,220790,220790,220790,220790,360661642,143043,,
2026-07-29,7690412163,1,1410,1410,1410,1410,84590221,201457,,
2026-07-29,7709344486,1,145518,145518,145518,145518,71980939208,28830181,,
2026-07-29,7719766419,1,1263,1263,1263,1263,29980972,258656,,
2026-07-29,7720654467,1,2967,2967,2967,2967,72155039,205430,,
2026-07-29,7798947148,1,3317,3317,3317,3317,138496319,299555,,
2026-07-29,7856039629,1,4571,4571,4571,4571,6655327,368294,,
2026-07-29,7891669427,1,2184,2184,2184,2184,34321345,830590,,
2026-07-29,8014099969,1,1695,1695,1695,1695,144147386,241870,,
2026-07-29,8291789996,1,3552,3552,3552,3552,,,,
2026-07-29,8316902627,1,3771,3771,3771,3771,4680017688,1974632,,
2026-07-29,8356066619,1,9572,9572,9572,9572,78974860,48449,,
2026-07-29,8401518398,1,4674,4674,4674,4674,74170769,55109,,
2026-07-29,8504461817,2,2836,2836,2546,3126,183309249,94999,,
2026-07-29,8539298853,1,10376,10376,10376,10376,1246590974,1694713,,
2026-07-29,8696670616,1,2886,2886,2886,2886,,,,
2026-07-29,8759966530,1,3149,3149,3149,3149,114231165,384027,,
2026-07-29,8786713187,1,1535,1535,1535,1535,115138345,280926,,
2026-07-29,8791358380,1,8864,8864,8864,8864,411118818,12173709,,
2026-07-29,8950496606,1,3904,3904,3904,3904,168849395,426357,,
2026-07-29,9077534770,1,1114,1114,1114,1114,58632843,181062,,
2026-07-29,9098570654,1,11610,11610,11610,11610,211179780,330365,,
2026-07-29,9122463229,1,9014,9014,9014,9014,,,,
2026-07-29,9129640671,1,11028,11028,11028,11028,,,,
2026-07-29,9141743926,1,11301,11301,11301,11301,413026273,581804,,
2026-07-29,9145063979,1,8297,8297,8297,8297,527075298,523395,,
2026-07-29,9145282410,1,1188,1188,1188,1188,37827985,273792,,
2026-07-29,9177208241,1,2954,2954,2954,2954,71142376,383152,,
2026-07-29,9219116196,1,3849,3849,3849,3849,87304796,225863,,
2026-07-29,9231693026,1,2948,2948,2948,2948,,,,
2026-07-29,9296042754,1,4581,4581,4581,4581,52502625,252331,,
2026-07-29,9315472782,1,1045,1045,1045,1045,22197064,129270,,
2026-07-29,9315739469,1,993,993,993,993,79744730,83327,,
2026-07-29,9348272796,1,45255,45255,45255,45255,632089873,581965,,
2026-07-29,9362896961,1,4260,4260,4260,4260,143488444,214788,,
2026-07-29,9363735110,1,6552,6552,6552,6552,5675929142,2029359,,
2026-07-29,9409870130,1,871,871,871,871,19423620,242805,,
2026-07-29,9411563986,1,1580,1580,1580,1580,82535990,143868,,
2026-07-29,9481391333,1,3114,3114,3114,3114,12365018,389527,,
2026-07-29,9494058490,1,12312,12312,12312,12312,,,,
2026-07-29,9501409571,1,717,717,717,717,38352516,188770,,
2026-07-29,9513686983,1,4658,4658,4658,4658,407030326,13313260,,
2026-07-29,9526307912,1,2609,2609,2609,2609,87821934,150608,,
2026-07-29,9561553764,1,12921,12921,12921,12921,95593260,87632,,
2026-07-29,9584852943,1,309404,309404,309404,309404,3882730644,4824741,,
2026-07-29,9723617424,1,3323,3323,3323,3323,31383663,41289,,
2026-07-29,9830725726,1,2810,2810,2810,2810,32525160,33696,,
2026-07-29,9859536675,1,2754,2754,2754,2754,,,,
2026-07-29,9930466428,1,873,873,873,873,33910467,133317,,
2026-07-29,9940725596,1,1016,1016,1016,1016,30753816,40026,,
2026-07-29,9953328866,1,2507,2507,2507,2507,42820086,47662,,
2026-07-29,9963622286,1,9409,9409,9409,9409,96533171,2669385,,
2026-07-29,9969095451,1,3065,3065,3065,3065,30710632,1257122,,
2026-07-29,9998576154,1,3607,3607,3607,3607,89134896,5684234,,
2026-07-29,10004244222,1,52488,52488,52488,52488,1552005166,23817127,,
2026-07-29,10051853469,1,3464,3464,3464,3464,104561964,2293504,,
2026-07-29,10065013948,1,3180,3180,3180,3180,44741979,67363,,
2026-07-29,10086454767,1,1139,1139,1139,1139,17349036,48306,,
2026-07-29,10127090395,1,9954,9954,9954,9954,94690787,4536131,,
2026-07-29,10144280947,1,28421,28421,28421,28421,72482930,2630424,,
2026-07-29,10144587520,1,20335,20335,20335,20335,27925193,981834,,
2026-07-29,10149910491,1,3974,3974,3974,3974,27425146,39771,,
2026-07-29,10149964044,1,6407,6407,6407,6407,,,,
2026-07-29,10153098880,1,8642,8642,8642,8642,9565672,83884,,
2026-07-29,10156435104,1,7036,7036,7036,7036,34732652,58457,,
2026-07-29,10184247393,1,7512,7512,7512,7512,48902800,1485451,,
2026-07-29,10189601764,1,6205,6205,6205,6205,24743334,30180,,
2026-07-29,10196660716,1,5071,5071,5071,5071,,,,
2026-07-29,10199301628,1,35747,35747,35747,35747,274039786,1486284,,
2026-07-29,10200395747,1,499496,499496,499496,499496,1461087545,634486,,
2026-07-29,10204207151,1,5565,5565,5565,5565,10950007,37104,,
2026-07-29,10230921598,1,4055,4055,4055,4055,128807999,8463111,,
2026-07-29,10233180411,1,816,816,816,816,3471340,7505,,
2026-07-29,10244001346,1,4948,4948,4948,4948,69612129,70048,,
2026-07-29,10247797619,1,6671,6671,6671,6671,42651723,132893,,
2026-07-29,10253235584,1,28731,28731,28731,28731,15372167,205498,,
2026-07-29,10270331748,1,1865,1865,1865,1865,21523844,204663,,
2026-07-29,10272236945,1,6777,6777,6777,6777,10232960,14667,,
2026-07-29,10274447949,1,6615,6615,6615,6615,23914898,1803573,,
2026-07-29,10283025251,1,3234,3234,3234,3234,10611373,552510,,
2026-07-29,10291450669,1,2964,2964,2964,2964,1164999,135065,,
2026-07-29,10314520237,1,11389,11389,11389,11389,,,,
2026-07-29,10321202755,1,12313,12313,12313,12313,32992522,358011,,
2026-07-29,10342857565,1,4523,4523,4523,4523,12112752,16058,,
2026-07-29,10350558449,1,8292,8292,8292,8292,9856069,228224,,
2026-07-29,10356701370,1,15392,15392,15392,15392,35363533,210802,,
2026-07-29,10374499973,1,2994,2994,2994,2994,8973428,633867,,
2026-07-29,10375105020,1,10308,10308,10308,10308,4866767,10795,,
2026-07-29,10406853972,1,11700,11700,11700,11700,6910424,717341,,
2026-07-29,10409732219,1,10306,10306,10306,10306,10519604,1012329,,
2026-07-29,10426376134,1,13503,13503,13503,13503,,,,
2026-07-29,10455462279,1,11666,11666,11666,11666,14416643,697718,,
2026-07-29,10456786408,1,3186,3186,3186,3186,3419945,270624,,
2026-07-29,10456832990,1,22333,22333,22333,22333,24223329,38633,,
2026-07-29,10502841145,1,25215,25215,25215,25215,22296214,24176,,
2026-07-29,10514488908,1,6862,6862,6862,6862,4315614,12554,,
2026-07-30,31970568,1,7054,7054,7054,7054,1596467533,6064666,,
2026-07-30,66654135,1,671605,671605,671605,671605,28039221273,23141750,,
2026-07-30,605887098,1,3455,3455,3455,3455,2512583149,3695065,,
2026-07-30,903807016,1,4944,4944,4944,4944,1551137644,2817648,,
2026-07-30,1053132402,1,2822,2822,2822,2822,563796542,969109,,
2026-07-30,1198533421,1,996,996,996,996,179192832,724539,,
2026-07-30,1214576306,1,3831,3831,3831,3831,1638918467,4288909,,
2026-07-30,1430007363,1,3657,3657,3657,3657,898096637,2301124,,
2026-07-30,1489026993,2,7208,7208,6950,7467,2654248599,4321418,,
2026-07-30,1526814825,1,9378,9378,9378,9378,1079107573,4296941,,
2026-07-30,1637284552,1,1016,1016,1016,1016,,,,
2026-07-30,1795206523,1,1578,1578,1578,1578,949096255,928237,,
2026-07-30,1831550657,1,30643,30643,30643,30643,2133248693,10762134,,
2026-07-30,1998835206,1,2766,2766,2766,2766,582232896,1168145,,
2026-07-30,2049551477,2,4362,4362,3351,5374,1459348353,1909902,,
2026-07-30,2165551367,1,1254,1254,1254,1254,667397410,2417469,,
2026-07-30,2247578975,2,4053,4053,3540,4566,1207995873,14926950,,
2026-07-30,2274830359,1,6811,6811,6811,6811,2961010688,1991268,,
2026-07-30,2294168059,1,6477,6477,6477,6477,1233068169,3321829,,
2026-07-30,2369077151,1,8430,8430,8430,8430,392953527,10628659,,
2026-07-30,2440500124,1,24995,24995,24995,24995,7538717012,7987219,,
2026-07-30,2491559356,1,681,681,681,681,79388177,165561,,
2026-07-30,2655478023,2,3734,3734,3123,4346,1005399756,3481424,,
2026-07-30,2788648141,1,2926,2926,2926,2926,995538123,2038901,,
2026-07-30,2821905072,1,3952,3952,3952,3952,258326277,5420312,,
2026-07-30,2827951974,1,1036,1036,1036,1036,808851441,679781,,
2026-07-30,2921237723,1,2020,2020,2020,2020,137848224,756461,,
2026-07-30,2992873140,1,17494,17494,17494,17494,1369226704,1000332,,
2026-07-30,3034836582,1,829,829,829,829,501914183,1912815,,
2026-07-30,3079618996,1,11151,11151,11151,11151,776809388,884675,,
2026-07-30,3088609243,1,4324,4324,4324,4324,730988303,595027,,
2026-07-30,3164075108,1,2964,2964,2964,2964,276588803,726233,,
2026-07-30,3187874989,1,4430,4430,4430,4430,163627075,225495,,
2026-07-30,3191268194,1,3959,3959,3959,3959,1350721140,5412030,,
2026-07-30,3274669156,1,789,789,789,789,67526866,654923,,
2026-07-30,3310460039,1,20682,20682,20682,20682,4560124120,105127301,,
2026-07-30,3346892457,1,2044,2044,2044,2044,437372080,172801,,
2026-07-30,3472976893,1,5394,5394,5394,5394,162593127,2778412,,
2026-07-30,3502524667,1,2089,2089,2089,2089,751995502,3679388,,
2026-07-30,3551414857,1,2521,2521,2521,2521,628229268,1317060,,
2026-07-30,3647333358,1,52469,52469,52469,52469,8937846831,8066388,,
2026-07-30,3746418487,1,2715,2715,2715,2715,314146622,378775,,
2026-07-30,3754482795,1,6004,6004,6004,6004,1256821239,4443876,,
2026-07-30,3759884822,1,3809,3809,3809,3809,127851917,108274,,
2026-07-30,3841172115,1,2361,2361,2361,2361,147335837,679674,,
2026-07-30,4028801234,1,1222,1222,1222,1222,232571175,12370354,,
2026-07-30,4071487712,1,1098,1098,1098,1098,27944927,117512,,
2026-07-30,4348829796,1,18381,18381,18381,18381,2596487205,10909521,,
2026-07-30,4518160318,1,7257,7257,7257,7257,631275716,1134354,,
2026-07-30,4595016786,1,3208,3208,3208,3208,593535392,730244,,
2026-07-30,4599924264,1,2966,2966,2966,2966,708238757,275229,,
2026-07-30,4673599750,1,3692,3692,3692,3692,505859487,462317,,
2026-07-30,4720386144,1,2468,2468,2468,2468,114130269,578359,,
2026-07-30,4793836769,1,5452,5452,5452,5452,290076813,6146999,,
2026-07-30,4925331346,1,5665,5665,5665,5665,306128422,471798,,
2026-07-30,4944984948,1,5562,5562,5562,5562,249924273,121368,,
2026-07-30,5195168716,1,1953,1953,1953,1953,95661733,629036,,
2026-07-30,5207621753,1,2885,2885,2885,2885,87082354,73720,,
2026-07-30,5361032378,1,35402,35402,35402,35402,2035253797,986285,,
2026-07-30,5508238359,1,7408,7408,7408,7408,85752689,1621143,,
2026-07-30,5578556129,1,20129,20129,20129,20129,2004063575,1975729,,
2026-07-30,5668114043,1,2172,2172,2172,2172,237154992,732587,,
2026-07-30,5750914919,1,59240,59240,59240,59240,4717415450,3545097,,
2026-07-30,6072944764,1,1138,1138,1138,1138,53187110,59719,,
2026-07-30,6247557414,1,1162,1162,1162,1162,196512157,2277680,,
2026-07-30,6329693946,1,11620,11620,11620,11620,75393835,220370,,
2026-07-30,6409513651,1,5363,5363,5363,5363,92125936,827203,,
2026-07-30,6646518350,1,962,962,962,962,254797141,349515,,
2026-07-30,6682487255,1,8141,8141,8141,8141,479165528,225515,,
2026-07-30,6749060816,1,8980,8980,8980,8980,249318280,1687087,,
2026-07-30,7018190066,1,24324,24324,24324,24324,6466909325,6032240,,
2026-07-30,7058980030,1,6469,6469,6469,6469,566960715,947281,,
2026-07-30,7082244450,1,3950,3950,3950,3950,28265702,115973,,
2026-07-30,7082423811,1,3948,3948,3948,3948,278696809,1557606,,
2026-07-30,7094518649,1,14036,14036,14036,14036,332717984,805613,,
2026-07-30,7127084123,1,3096,3096,3096,3096,145556236,311195,,
2026-07-30,7128163167,1,3393,3393,3393,3393,71408320,120185,,
2026-07-30,7208219743,1,1764,1764,1764,1764,3801658,60755,,
2026-07-30,7219654364,1,62717,62717,62717,62717,1444164760,14644356,,
2026-07-30,7332711118,1,3898,3898,3898,3898,1864298658,2458338,,
2026-07-30,7368125255,1,4686,4686,4686,4686,,,,
2026-07-30,7383133134,1,1296,1296,1296,1296,102730116,758670,,
2026-07-30,7436755782,1,40161,40161,40161,40161,35785865241,11341005,,
2026-07-30,7613921865,1,202324,202324,202324,202324,386313968,147306,,
2026-07-30,7690412163,1,1250,1250,1250,1250,84703524,202042,,
2026-07-30,7709344486,1,129953,129953,129953,129953,72011309712,28836975,,
2026-07-30,7719766419,1,691,691,691,691,30145424,259831,,
2026-07-30,7798947148,1,2826,2826,2826,2826,138866390,300021,,
2026-07-30,7856039629,1,5788,5788,5788,5788,7249556,395304,,
2026-07-30,7891669427,1,2321,2321,2321,2321,34519380,833771,,
2026-07-30,8014099969,1,1545,1545,1545,1545,144294883,242088,,
2026-07-30,8291789996,1,3552,3552,3552,3552,,,,
2026-07-30,8316902627,1,3405,3405,3405,3405,4680447915,1974996,,
2026-07-30,8356066619,1,8622,8622,8622,8622,79245613,48517,,
2026-07-30,8401518398,1,3903,3903,3903,3903,74792023,55699,,
2026-07-30,8504461817,2,2824,2824,2548,3101,183708548,95358,,
2026-07-30,8539298853,1,11197,11197,11197,11197,1247749673,1697047,,
2026-07-30,8696670616,1,2886,2886,2886,2886,,,,
2026-07-30,8759966530,1,3126,3126,3126,3126,114589851,384748,,
2026-07-30,8786713187,1,1694,1694,1694,1694,115288509,281321,,
2026-07-30,8791358380,1,9669,9669,9669,9669,412049699,12201653,,
2026-07-30,8950496606,1,3952,3952,3952,3952,169138047,427535,,
2026-07-30,9077534770,1,804,804,804,804,58748726,181443,,
2026-07-30,9098570654,1,11909,11909,11909,11909,211926989,331716,,
2026-07-30,9122463229,1,9014,9014,9014,9014,,,,
2026-07-30,9129640671,1,11028,11028,11028,11028,,,,
2026-07-30,9141743926,1,10755,10755,10755,10755,414126718,582396,,
2026-07-30,9145063979,1,7034,7034,7034,7034,528024571,524562,,
2026-07-30,9145282410,1,815,815,815,815,37939031,274701,,
2026-07-30,9177208241,1,2695,2695,2695,2695,71474117,384719,,
2026-07-30,9219116196,1,3587,3587,3587,3587,87681071,227476,,
2026-07-30,9231693026,1,2948,2948,2948,2948,,,,
2026-07-30,9296042754,1,5117,5117,5117,5117,53014934,254652,,
2026-07-30,9315472782,1,789,789,789,789,22322095,130029,,
2026-07-30,9315739469,1,1032,1032,1032,1032,79882857,83468,,
2026-07-30,9348272796,1,45601,45601,45601,45601,636461812,585766,,
2026-07-30,9362896961,1,4093,4093,4093,4093,143700427,214871,,
2026-07-30,9363735110,1,7691,7691,7691,7691,5677040368,2029917,,
2026-07-30,9409870130,1,964,964,964,964,19517685,243750,,
2026-07-30,9411563986,1,1471,1471,1471,1471,82723917,144124,,
2026-07-30,9481391333,1,2644,2644,2644,2644,12645095,395027,,
2026-07-30,9494058490,1,12312,12312,12312,12312,,,,
2026-07-30,9513686983,1,4045,4045,4045,4045,407567837,13331386,,
2026-07-30,9526307912,1,2224,2224,2224,2224,88132074,151124,,
2026-07-30,9561553764,1,15967,15967,15967,15967,97423771,89145,,
2026-07-30,9584852943,1,276551,276551,276551,276551,3932789754,4862619,,
2026-07-30,9639553972,1,3192,3192,3192,3192,32526844,172969,,
2026-07-30,9723617424,1,2885,2885,2885,2885,31694974,41554,,
2026-07-30,9758688665,1,3621,3621,3621,3621,99908459,5147188,,
2026-07-30,9859536675,1,2754,2754,2754,2754,,,,
2026-07-30,9930466428,1,886,886,886,886,34034553,133487,,
2026-07-30,9940725596,1,891,891,891,891,30905272,40208,,
2026-07-30,9953328866,1,4588,4588,4588,4588,43180644,48074,,
2026-07-30,9963622286,1,8968,8968,8968,8968,97570960,2670340,,
2026-07-30,9969095451,1,3654,3654,3654,3654,30976679,1265541,,
2026-07-30,9998576154,1,3697,3697,3697,3697,89580810,5711076,,
2026-07-30,10004244222,1,50746,50746,50746,50746,1558022040,23866452,,
2026-07-30,10037267577,1,2812,2812,2812,2812,1078158,81682,,
2026-07-30,10051853469,1,3438,3438,3438,3438,104904692,2301509,,
2026-07-30,10065013948,1,4416,4416,4416,4416,45160256,67937,,
2026-07-30,10086454767,1,956,956,956,956,17428750,48477,,
2026-07-30,10127090395,1,10741,10741,10741,10741,96715802,4601383,,
2026-07-30,10144280947,1,37273,37273,37273,37273,75907642,2739982,,
2026-07-30,10144587520,1,22051,22051,22051,22051,29050873,1005079,,
2026-07-30,10149910491,1,4085,4085,4085,4085,27777505,40217,,
2026-07-30,10149964044,1,6407,6407,6407,6407,,,,
2026-07-30,10153098880,1,8559,8559,8559,8559,10144686,88990,,
2026-07-30,10156435104,1,8891,8891,8891,8891,35448339,59522,,
2026-07-30,10184247393,1,10912,10912,10912,10912,49717730,1506697,,
2026-07-30,10189601764,1,7209,7209,7209,7209,25333436,30676,,
2026-07-30,10196660716,1,4992,4992,4992,4992,21524146,1647542,,
2026-07-30,10199301628,1,40253,40253,40253,40253,278100701,1501881,,
2026-07-30,10200395747,1,566770,566770,566770,566770,1477259311,636485,,
2026-07-30,10204207151,1,4800,4800,4800,4800,11378839,37839,,
2026-07-30,10230921598,1,4695,4695,4695,4695,129412094,8492995,,
2026-07-30,10233180411,1,740,740,740,740,3562789,7658,,
2026-07-30,10244001346,1,4791,4791,4791,4791,70426379,70969,,
2026-07-30,10247712813,1,2762,2762,2762,2762,27197121,41881,,
2026-07-30,10247797619,1,6294,6294,6294,6294,43393034,134755,,
2026-07-30,10253235584,1,30759,30759,30759,30759,16968592,223778,,
2026-07-30,10270331748,1,1770,1770,1770,1770,21753251,206350,,
2026-07-30,10272236945,1,5426,5426,5426,5426,11089079,15829,,
2026-07-30,10274447949,1,7532,7532,7532,7532,25138793,1896352,,
2026-07-30,10291450669,1,3333,3333,3333,3333,1576897,181375,,
2026-07-30,10314520237,1,11389,11389,11389,11389,,,,
2026-07-30,10321202755,1,11360,11360,11360,11360,33592507,360341,,
2026-07-30,10342857565,1,5182,5182,5182,5182,13101911,17376,,
2026-07-30,10350558449,1,8325,8325,8325,8325,10622420,237922,,
2026-07-30,10356701370,1,16603,16603,16603,16603,37756567,220467,,
2026-07-30,10375105020,1,9249,9249,9249,9249,5825411,12794,,
2026-07-30,10406853972,1,9443,9443,9443,9443,7683804,779416,,
2026-07-30,10409732219,1,10717,10717,10717,10717,12658132,1195979,,
2026-07-30,10426376134,1,13503,13503,13503,13503,,,,
2026-07-30,10455462279,1,7323,7323,7323,7323,15503077,741825,,
2026-07-30,10456832990,1,25420,25420,25420,25420,26293203,41592,,
2026-07-30,10502841145,1,23377,23377,23377,23377,23731761,26069,,
2026-07-30,10514488908,1,6430,6430,6430,6430,4935643,14713,,
2026-07-31,31970568,1,6891,6891,6891,6891,1596969751,6065319,,
2026-07-31,66654135,1,645843,645843,645843,645843,28105933417,23161829,,
2026-07-31,605887098,1,3344,3344,3344,3344,2512953666,3695753,,
2026-07-31,903807016,1,4913,4913,4913,4913,1551951073,2818301,,
2026-07-31,1053132402,1,2832,2832,2832,2832,563972228,969263,,
2026-07-31,1198533421,1,935,935,935,935,179261978,724644,,
2026-07-31,1214576306,1,4219,4219,4219,4219,1639202490,4289325,,
2026-07-31,1430007363,1,3729,3729,3729,3729,898499262,2303182,,
2026-07-31,1489026993,2,7340,7340,7110,7571,2654999803,4322461,,
2026-07-31,1526814825,1,9339,9339,9339,9339,1079755445,4298582,,
2026-07-31,1637284552,1,1016,1016,1016,1016,,,,
2026-07-31,1795206523,1,1680,1680,1680,1680,949399885,928397,,
2026-07-31,1831550657,1,31300,31300,31300,31300,2135046813,10770214,,
2026-07-31,1998835206,1,2683,2683,2683,2683,582455504,1168308,,
2026-07-31,2049551477,2,4216,4216,3237,5195,1459961133,1910609,,
2026-07-31,2165551367,1,1180,1180,1180,1180,667581967,2418052,,
2026-07-31,2247578975,2,3890,3890,3445,4335,1208523880,14927339,,
2026-07-31,2274830359,1,7524,7524,7524,7524,2962064712,1992179,,
2026-07-31,2294168059,1,7079,7079,7079,7079,1233596792,3323371,,
2026-07-31,2369077151,1,10921,10921,10921,10921,394008008,10649570,,
2026-07-31,2440500124,1,24740,24740,24740,24740,7541533108,7989888,,
2026-07-31,2491559356,1,790,790,790,790,79449540,165685,,
2026-07-31,2655478023,2,3676,3676,3240,4112,1005997085,3481977,,
2026-07-31,2821905072,1,4131,4131,4131,4131,258717701,5427146,,
2026-07-31,2827951974,1,954,954,954,954,,,,
2026-07-31,2921237723,1,1815,1815,1815,1815,138073430,757062,,
2026-07-31,2992873140,1,17372,17372,17372,17372,1370573876,1001009,,
2026-07-31,3034836582,1,854,854,854,854,502007316,1912929,,
2026-07-31,3079618996,1,11891,11891,11891,11891,777917283,892409,,
2026-07-31,3088609243,1,4085,4085,4085,4085,731617949,595771,,
2026-07-31,3164075108,1,2913,2913,2913,2913,276796148,726621,,
2026-07-31,3187874989,1,4715,4715,4715,4715,164030746,225874,,
2026-07-31,3191268194,1,3677,3677,3677,3677,1351098574,5417717,,
2026-07-31,3274669156,1,884,884,884,884,67581091,655374,,
2026-07-31,3310460039,1,19857,19857,19857,19857,4562957685,105128735,,
2026-07-31,3346892457,1,2355,2355,2355,2355,437646281,173083,,
2026-07-31,3472976893,1,6718,6718,6718,6718,163446813,2810909,,
2026-07-31,3502524667,1,2055,2055,2055,2055,752331150,3679658,,
2026-07-31,3551414857,1,3093,3093,3093,3093,628463017,1317405,,
2026-07-31,3647333358,1,52310,52310,52310,52310,8944610809,8071059,,
2026-07-31,3754482795,1,5752,5752,5752,5752,1257594913,4446802,,
2026-07-31,3759884822,1,4763,4763,4763,4763,128121620,108621,,
2026-07-31,3841172115,1,2174,2174,2174,2174,147585425,680414,,
2026-07-31,4028801234,1,1197,1197,1197,1197,232712060,12377478,,
2026-07-31,4071487712,1,1050,1050,1050,1050,28015916,117767,,
2026-07-31,4283416256,1,682,682,682,682,21044998,126359,,
2026-07-31,4343544885,1,3062,3062,3062,3062,115241106,2603949,,
2026-07-31,4348829796,1,18257,18257,18257,18257,2598951572,10921465,,
2026-07-31,4457060041,1,2932,2932,2932,2932,132599086,217814,,
2026-07-31,4518160318,1,7273,7273,7273,7273,631779584,1135689,,
2026-07-31,4595016786,1,3077,3077,3077,3077,593930448,730865,,
2026-07-31,4599924264,1,2780,2780,2780,2780,708699434,275540,,
2026-07-31,4673599750,1,3646,3646,3646,3646,506762097,463115,,
2026-07-31,4720386144,1,3103,3103,3103,3103,114358971,579316,,
2026-07-31,4793836769,1,5269,5269,5269,5269,290533113,6156325,,
2026-07-31,4925331346,1,6757,6757,6757,6757,306628316,472785,,
2026-07-31,4944984948,1,5765,5765,5765,5765,250920808,122176,,
2026-07-31,5195168716,1,2061,2061,2061,2061,95853110,629972,,
2026-07-31,5207621753,1,3149,3149,3149,3149,87345820,73857,,
2026-07-31,5361032378,1,35490,35490,35490,35490,2037140036,986688,,
2026-07-31,5508238359,1,7998,7998,7998,7998,86376308,1629778,,
2026-07-31,5578556129,1,18368,18368,18368,18368,2005004195,1975924,,
2026-07-31,5668114043,1,2213,2213,2213,2213,237366635,733028,,
2026-07-31,5698013839,1,702,702,702,702,70170912,275783,,
2026-07-31,5750914919,1,58106,58106,58106,58106,4720514979,3546398,,
2026-07-31,6072944764,1,1194,1194,1194,1194,53282166,59880,,
2026-07-31,6247557414,1,937,937,937,937,,,,
2026-07-31,6329693946,1,12566,12566,12566,12566,75949063,221179,,
2026-07-31,6409513651,1,5077,5077,5077,5077,92348210,827301,,
2026-07-31,6646518350,1,817,817,817,817,254986539,349594,,
2026-07-31,6682487255,1,8200,8200,8200,8200,479890014,225692,,
2026-07-31,6749060816,1,8635,8635,8635,8635,249990308,1691319,,
2026-07-31,7018190066,1,26234,26234,26234,26234,6468953379,6033688,,
2026-07-31,7058980030,1,6669,6669,6669,6669,568115252,948945,,
2026-07-31,7082244450,1,3666,3666,3666,3666,29005918,117942,,
2026-07-31,7082423811,1,3903,3903,3903,3903,279057370,1557991,,
2026-07-31,7094518649,1,14267,14267,14267,14267,333489780,807354,,
2026-07-31,7127084123,1,3387,3387,3387,3387,145780345,311633,,
2026-07-31,7128163167,1,3996,3996,3996,3996,71720700,120678,,
2026-07-31,7208219743,1,2284,2284,2284,2284,4006126,62314,,
2026-07-31,7219654364,1,66359,66359,66359,66359,1451046647,14678956,,
2026-07-31,7332711118,1,3797,3797,3797,3797,1864695861,2458698,,
2026-07-31,7368125255,1,4686,4686,4686,4686,,,,
2026-07-31,7383133134,1,1508,1508,1508,1508,102918570,760018,,
2026-07-31,7434179990,1,3028,3028,3028,3028,223979180,7879211,,
2026-07-31,7435020231,1,729,729,729,729,32784527,116853,,
2026-07-31,7436755782,1,42078,42078,42078,42078,35789186361,11342745,,
2026-07-31,7450124099,1,17455,17455,17455,17455,130081847,732366,,
2026-07-31,7613921865,1,196886,196886,196886,196886,410872534,151773,,
2026-07-31,7690412163,1,1391,1391,1391,1391,84804279,202349,,
2026-07-31,7709344486,1,120583,120583,120583,120583,72041006326,28844573,,
2026-07-31,7720654467,1,3233,3233,3233,3233,73133997,207305,,
2026-07-31,7760134732,1,2757,2757,2757,2757,29550880,840752,,
2026-07-31,7856039629,1,5334,5334,5334,5334,7880730,423218,,
2026-07-31,7891669427,1,2175,2175,2175,2175,34714472,836660,,
2026-07-31,8014099969,1,1766,1766,1766,1766,144456070,242344,,
2026-07-31,8291789996,1,3552,3552,3552,3552,,,,
2026-07-31,8316902627,1,3738,3738,3738,3738,4680883403,1975458,,
2026-07-31,8356066619,1,7813,7813,7813,7813,79493365,48605,,
2026-07-31,8401518398,1,5558,5558,5558,5558,75392248,56315,,
2026-07-31,8504461817,2,3290,3290,3057,3523,184157212,95715,,
2026-07-31,8539298853,1,10512,10512,10512,10512,1248860721,1699014,,
2026-07-31,8696670616,1,2886,2886,2886,2886,,,,
2026-07-31,8759966530,1,2826,2826,2826,2826,114923225,385398,,
2026-07-31,8786713187,1,1750,1750,1750,1750,115441425,281771,,
2026-07-31,8791358380,1,9401,9401,9401,9401,413066081,12234550,,
2026-07-31,8950496606,1,4102,4102,4102,4102,169445951,428699,,
2026-07-31,9098570654,1,11290,11290,11290,11290,212729528,333213,,
2026-07-31,9122463229,1,9014,9014,9014,9014,,,,
2026-07-31,9129640671,1,11028,11028,11028,11028,,,,
2026-07-31,9141743926,1,14457,14457,14457,14457,415402115,583046,,
2026-07-31,9145063979,1,7161,7161,7161,7161,528909372,525547,,
2026-07-31,9145282410,1,733,733,733,733,38008688,275002,,
2026-07-31,9177208241,1,2840,2840,2840,2840,71774948,385575,,
2026-07-31,9219116196,1,4244,4244,4244,4244,88063122,228973,,
2026-07-31,9231693026,1,2948,2948,2948,2948,,,,
2026-07-31,9296042754,1,4980,4980,4980,4980,53522084,256944,,
2026-07-31,9315472782,1,852,852,852,852,22436547,130516,,
2026-07-31,9315739469,1,1248,1248,1248,1248,80038424,83648,,
2026-07-31,9348272796,1,43196,43196,43196,43196,640872052,589546,,
2026-07-31,9362896961,1,4104,4104,4104,4104,143911408,214954,,
2026-07-31,9363735110,1,6825,6825,6825,6825,5677947719,2030408,,
2026-07-31,9409870130,1,839,839,839,839,19605570,244667,,
2026-07-31,9411563986,1,1818,1818,1818,1818,82929908,144435,,
2026-07-31,9481391333,1,2619,2619,2619,2619,12888001,398846,,
2026-07-31,9494058490,1,12312,12312,12312,12312,,,,
2026-07-31,9501409571,1,684,684,684,684,38532730,189802,,
2026-07-31,9513686983,1,4320,4320,4320,4320,408143537,13352312,,
2026-07-31,9526307912,1,2000,2000,2000,2000,88404680,151536,,
2026-07-31,9561553764,1,15222,15222,15222,15222,99625259,90814,,
2026-07-31,9584852943,1,258464,258464,258464,258464,3983849252,4898508,,
2026-07-31,9639553972,1,3672,3672,3672,3672,32866587,174725,,
2026-07-31,9758688665,1,3891,3891,3891,3891,100315275,5168441,,
2026-07-31,9859536675,1,2754,2754,2754,2754,,,,
2026-07-31,9930466428,1,835,835,835,835,34154147,133964,,
2026-07-31,9940725596,1,973,973,973,973,31057466,40371,,
2026-07-31,9953328866,1,3260,3260,3260,3260,43627006,48601,,
2026-07-31,9963622286,1,7873,7873,7873,7873,98562519,2671236,,
2026-07-31,9969095451,1,3644,3644,3644,3644,31315930,1277023,,
2026-07-31,9998576154,1,5815,5815,5815,5815,90050771,5738450,,
2026-07-31,10004244222,1,50295,50295,50295,50295,1564423654,23922039,,
2026-07-31,10037267577,1,5144,5144,5144,5144,1499383,115705,,
2026-07-31,10051853469,1,4626,4626,4626,4626,105271126,2309549,,
2026-07-31,10065013948,1,4620,4620,4620,4620,45675078,68708,,
2026-07-31,10083552936,1,752,752,752,752,8251741,356943,,
2026-07-31,10086454767,1,852,852,852,852,17503345,48601,,
2026-07-31,10127090395,1,12969,12969,12969,12969,99129328,4690679,,
2026-07-31,10144280947,1,45055,45055,45055,45055,80755413,2916146,,
2026-07-31,10144587520,1,23436,23436,23436,23436,30208012,1036332,,
2026-07-31,10149910491,1,4195,4195,4195,4195,28140597,40589,,
2026-07-31,10149964044,1,6407,6407,6407,6407,,,,
2026-07-31,10153098880,1,8163,8163,8163,8163,10773547,94858,,
2026-07-31,10156435104,1,10294,10294,10294,10294,36316019,60891,,
2026-07-31,10162859180,1,2962,2962,2962,2962,1986859,28928,,
2026-07-31,10184247393,1,12587,12587,12587,12587,50839656,1536928,,
2026-07-31,10189601764,1,5109,5109,5109,5109,25835648,31074,,
2026-07-31,10196660716,1,4183,4183,4183,4183,22151496,1684680,,
2026-07-31,10199301628,1,43762,43762,43762,43762,282766391,1521548,,
2026-07-31,10200395747,1,513292,513292,513292,513292,1493589857,638378,,
2026-07-31,10204207151,1,4896,4896,4896,4896,11779676,38728,,
2026-07-31,10230921598,1,4308,4308,4308,4308,130020319,8522878,,
2026-07-31,10244001346,1,4629,4629,4629,4629,71222209,71740,,
2026-07-31,10247797619,1,4985,4985,4985,4985,44043475,136209,,
2026-07-31,10253235584,1,31214,31214,31214,31214,18688033,243741,,
2026-07-31,10253841135,1,2803,2803,2803,2803,11287304,24902,,
2026-07-31,10270331748,1,1793,1793,1793,1793,21976941,208054,,
2026-07-31,10272236945,1,4947,4947,4947,4947,11809400,16690,,
2026-07-31,10274447949,1,6078,6078,6078,6078,26167979,1962265,,
2026-07-31,10291450669,1,4888,4888,4888,4888,2061246,235144,,
2026-07-31,10314520237,1,11389,11389,11389,11389,,,,
2026-07-31,10321202755,1,11035,11035,11035,11035,34161467,362382,,
2026-07-31,10342857565,1,5851,5851,5851,5851,13997616,18447,,
2026-07-31,10350558449,1,9853,9853,9853,9853,11401665,250731,,
2026-07-31,10356701370,1,20814,20814,20814,20814,40336991,231068,,
2026-07-31,10375105020,1,4903,4903,4903,4903,6571141,14010,,
2026-07-31,10406853972,1,12430,12430,12430,12430,8607128,867994,,
2026-07-31,10409732219,1,14524,14524,14524,14524,15159071,1400215,,
2026-07-31,10426376134,1,13503,13503,13503,13503,,,,
2026-07-31,10455462279,1,6851,6851,6851,6851,16365460,776852,,
2026-07-31,10456832990,1,23192,23192,23192,23192,28776055,45561,,
2026-07-31,10502841145,1,21982,21982,21982,21982,25090466,28179,,
2026-07-31,10514488908,1,6564,6564,6564,6564,5530025,16180,,
2026-07-31,10516060568,1,2857,2857,2857,2857,1428200,4475,,
2026-07-31,10536401008,1,2970,2970,2970,2970,4279538,367810,,
