date,universe_id,n,median,mean,min,max,visits,favorites,up,down
2026-10-01,2471084,1,11698,11698,11698,11698,1327446460,4643302,,
2026-10-01,31970568,1,3884,3884,3884,3884,1620253970,6097114,,
2026-10-01,66654135,1,184544,184544,184544,184544,30957336036,24302814,,
2026-10-01,371263894,1,6629,6629,6629,6629,1465285243,2697707,,
2026-10-01,605887098,1,2798,2798,2798,2798,2530299197,3723970,,
2026-10-01,903807016,1,8473,8473,8473,8473,1592833370,2848615,,
2026-10-01,1430007363,1,1440,1440,1440,1440,919845500,2417881,,
2026-10-01,1489026993,2,3148,3148,2540,3756,2690015956,4367232,,
2026-10-01,1526814825,1,10457,10457,10457,10457,1120383679,4411461,,
2026-10-01,1637284552,1,1016,1016,1016,1016,,,,
2026-10-01,1831550657,1,19721,19721,19721,19721,2240243198,11248018,,
2026-10-01,1998835206,1,1433,1433,1433,1433,593536931,1177583,,
2026-10-01,2049551477,1,1583,1583,1583,1583,1484136013,1943500,,
2026-10-01,2247578975,1,1635,1635,1635,1635,1234903428,14948966,,
2026-10-01,2274830359,1,5215,5215,5215,5215,3034830123,2066921,,
2026-10-01,2294168059,1,1883,1883,1883,1883,1257363252,3395558,,
2026-10-01,2369077151,1,3605,3605,3605,3605,427174357,11310500,,
2026-10-01,2440500124,1,34881,34881,34881,34881,7799418525,8219661,,
2026-10-01,2655478023,1,1700,1700,1700,1700,1035465248,3516385,,
2026-10-01,2992873140,1,14059,14059,14059,14059,1434753566,1033493,,
2026-10-01,3079618996,1,4543,4543,4543,4543,813346524,1146222,,
2026-10-01,3164075108,1,3018,3018,3018,3018,288237023,747417,,
2026-10-01,3187874989,1,3006,3006,3006,3006,187116964,250349,,
2026-10-01,3310460039,1,15069,15069,15069,15069,4711194084,105220297,,
2026-10-01,3346892457,1,1161,1161,1161,1161,454258362,196361,,
2026-10-01,3472976893,1,914,914,914,914,191692792,3622561,,
2026-10-01,3502524667,1,715,715,715,715,766557904,3695624,,
2026-10-01,3551414857,1,1106,1106,1106,1106,638218057,1333103,,
2026-10-01,3647333358,1,19867,19867,19867,19867,9244966168,8279926,,
2026-10-01,3746418487,1,3116,3116,3116,3116,333812893,410270,,
2026-10-01,3754482795,1,3122,3122,3122,3122,1296875352,4606764,,
2026-10-01,3841172115,1,1199,1199,1199,1199,159002958,715949,,
2026-10-01,4348829796,1,7454,7454,7454,7454,2707534814,11557654,,
2026-10-01,4457060041,1,3787,3787,3787,3787,144277166,231966,,
2026-10-01,4518160318,1,5788,5788,5788,5788,655982760,1199086,,
2026-10-01,4673599750,1,1695,1695,1695,1695,555885550,508073,,
2026-10-01,4720386144,1,649,649,649,649,124017921,627976,,
2026-10-01,4793836769,1,3568,3568,3568,3568,314847682,6625016,,
2026-10-01,4925331346,1,3908,3908,3908,3908,327670810,513719,,
2026-10-01,4944984948,1,4270,4270,4270,4270,302447185,176542,,
2026-10-01,4998493959,1,4299,4299,4299,4299,,,,
2026-10-01,5361032378,1,36831,36831,36831,36831,2203674626,1021731,,
2026-10-01,5508238359,1,2850,2850,2850,2850,116563165,1984165,,
2026-10-01,5578556129,1,16726,16726,16726,16726,2056024659,1994678,,
2026-10-01,5668114043,1,759,759,759,759,247962177,756274,,
2026-10-01,5750914919,1,64358,64358,64358,64358,4963140891,3653451,,
2026-10-01,6015491985,1,3100,3100,3100,3100,377180550,228475,,
2026-10-01,6072944764,1,1025,1025,1025,1025,59798476,73206,,
2026-10-01,6100103590,1,1779,1779,1779,1779,2059542,33421,,
2026-10-01,6635513269,1,5022,5022,5022,5022,6144276,44331,,
2026-10-01,6682487255,1,5284,5284,5284,5284,518511714,231901,,
2026-10-01,6749060816,1,5024,5024,5024,5024,290053677,1904017,,
2026-10-01,7018190066,1,11477,11477,11477,11477,6585385233,6120339,,
2026-10-01,7058980030,1,3475,3475,3475,3475,629062626,1050719,,
2026-10-01,7094518649,1,10419,10419,10419,10419,372360284,895943,,
2026-10-01,7127084123,1,4592,4592,4592,4592,159036709,339603,,
2026-10-01,7128163167,1,1114,1114,1114,1114,81863516,138275,,
2026-10-01,7208219743,1,1543,1543,1543,1543,12536995,140413,,
2026-10-01,7219654364,1,62244,62244,62244,62244,1851996650,16699787,,
2026-10-01,7339682753,1,988,988,988,988,77786915,5827805,,
2026-10-01,7434179990,1,3697,3697,3697,3697,253829752,8879322,,
2026-10-01,7436755782,1,17635,17635,17635,17635,35949915415,11432383,,
2026-10-01,7577791613,1,728,728,728,728,112722337,605742,,
2026-10-01,7613921865,1,6307,6307,6307,6307,799408555,212427,,
2026-10-01,7709344486,1,92560,92560,92560,92560,73752691219,29457557,,
2026-10-01,7856039629,1,6882,6882,6882,6882,71388322,2088119,,
2026-10-01,8204806107,1,714,714,714,714,55163731,140130,,
2026-10-01,8356066619,1,4092,4092,4092,4092,89022855,47098,,
2026-10-01,8401518398,1,8965,8965,8965,8965,114868182,101059,,
2026-10-01,8504461817,1,1067,1067,1067,1067,200383181,113696,,
2026-10-01,8539298853,1,3371,3371,3371,3371,1297787572,1824922,,
2026-10-01,8759966530,1,690,690,690,690,128312539,415411,,
2026-10-01,8791358380,1,4573,4573,4573,4573,462042390,13920376,,
2026-10-01,8950496606,1,977,977,977,977,180334002,453409,,
2026-10-01,9098570654,1,8258,8258,8258,8258,266736098,449016,,
2026-10-01,9141743926,1,2864,2864,2864,2864,457232371,602204,,
2026-10-01,9145063979,1,6127,6127,6127,6127,586806485,607231,,
2026-10-01,9219116196,1,655,655,655,655,102351640,285635,,
2026-10-01,9296042754,1,6368,6368,6368,6368,84100595,397912,,
2026-10-01,9348272796,1,4562,4562,4562,4562,743593715,685121,,
2026-10-01,9362896961,1,3379,3379,3379,3379,157248828,222157,,
2026-10-01,9363735110,1,4335,4335,4335,4335,5725145089,2062525,,
2026-10-01,9442472087,1,790,790,790,790,10910631,277903,,
2026-10-01,9481391333,1,2816,2816,2816,2816,36033546,742466,,
2026-10-01,9491545867,1,6701,6701,6701,6701,123896748,1217916,,
2026-10-01,9561553764,1,10015,10015,10015,10015,256276769,216792,,
2026-10-01,9582986239,1,3966,3966,3966,3966,15649839,70631,,
2026-10-01,9584852943,1,128040,128040,128040,128040,6210785517,6854089,,
2026-10-01,9592387369,1,9440,9440,9440,9440,58213230,183313,,
2026-10-01,9812090239,1,1236,1236,1236,1236,44132474,1052040,,
2026-10-01,9889811676,1,691,691,691,691,30268876,207319,,
2026-10-01,9940812243,1,2750,2750,2750,2750,14902150,163013,,
2026-10-01,9963622286,1,2589,2589,2589,2589,116462942,2689167,,
2026-10-01,9998576154,1,2815,2815,2815,2815,129484507,8115738,,
2026-10-01,10004244222,1,19112,19112,19112,19112,1888050787,26376741,,
2026-10-01,10065013948,1,3990,3990,3990,3990,74018911,115795,,
2026-10-01,10144280947,1,10539,10539,10539,10539,619408609,11831834,,
2026-10-01,10144587520,1,6425,6425,6425,6425,81028028,2083659,,
2026-10-01,10199301628,1,8200,8200,8200,8200,432889232,2043898,,
2026-10-01,10200395747,1,3337,3337,3337,3337,1675056728,663243,,
2026-10-01,10226701629,1,1372,1372,1372,1372,95481906,348954,,
2026-10-01,10244001346,1,4315,4315,4315,4315,118240741,125430,,
2026-10-01,10298144467,1,3366,3366,3366,3366,39482094,42148,,
2026-10-01,10321202755,1,7352,7352,7352,7352,52296784,481487,,
2026-10-01,10338952197,1,6093,6093,6093,6093,114421338,7217912,,
2026-10-01,10371406677,1,13888,13888,13888,13888,12453888,54870,,
2026-10-01,10376944238,1,2226,2226,2226,2226,57692902,316161,,
2026-10-01,10387635049,1,3610,3610,3610,3610,7584866,382497,,
2026-10-01,10399136326,1,14430,14430,14430,14430,100282573,161823,,
2026-10-01,10415694629,1,7898,7898,7898,7898,21305080,103081,,
2026-10-01,10431718987,1,2931,2931,2931,2931,41552501,104134,,
2026-10-01,10455462279,1,4103,4103,4103,4103,59519888,2246480,,
2026-10-01,10466601694,1,3202,3202,3202,3202,1328970,12730,,
2026-10-01,10471583973,1,2721,2721,2721,2721,31357966,99572,,
2026-10-01,10502841145,1,13282,13282,13282,13282,100084134,124475,,
2026-10-01,10550257968,1,15923,15923,15923,15923,16025584,600271,,
2026-10-01,10551595617,1,4546,4546,4546,4546,,,,
2026-10-01,10552240401,1,5470,5470,5470,5470,5032293,95843,,
2026-10-01,10563114921,1,1327414,1327414,1327414,1327414,6191356221,6360947,,
2026-10-01,10577682617,1,7634,7634,7634,7634,33369335,80530,,
2026-10-01,10604772590,1,3977,3977,3977,3977,29105989,55664,,
2026-10-01,10605467256,1,5785,5785,5785,5785,,,,
2026-10-01,10612017628,1,6478,6478,6478,6478,8784958,416585,,
2026-10-01,10642022844,1,666,666,666,666,6302837,65250,,
2026-10-01,10675117523,1,14979,14979,14979,14979,8655015,92553,,
2026-10-01,10681914462,1,25931,25931,25931,25931,88027193,240693,,
2026-10-01,10682099418,1,2867,2867,2867,2867,25384156,1211308,,
2026-10-01,10683945170,1,1086,1086,1086,1086,21219346,1117046,,
2026-10-01,10694549945,1,2755,2755,2755,2755,19136507,29545,,
2026-10-01,10696894951,1,7734,7734,7734,7734,11443430,15422,,
2026-10-01,10708913337,1,74976,74976,74976,74976,52599130,115377,,
2026-10-01,10718240577,1,4107,4107,4107,4107,21766227,186651,,
2026-10-01,10724269636,1,5810,5810,5810,5810,11528545,23828,,
2026-10-01,10737231383,1,4331,4331,4331,4331,,,,
2026-10-01,10753751277,1,18954,18954,18954,18954,9798046,1013780,,
2026-10-01,10757498504,1,4974,4974,4974,4974,10718907,31568,,
2026-10-01,10758397570,1,4853,4853,4853,4853,10649492,22697,,
2026-10-01,10762388019,1,9150,9150,9150,9150,17051166,75779,,
2026-10-01,10764926550,1,15702,15702,15702,15702,,,,
2026-10-01,10765288803,1,30178,30178,30178,30178,6046085,58309,,
2026-10-01,10765481558,1,2990,2990,2990,2990,3584140,5501,,
2026-10-01,10765686447,1,6125,6125,6125,6125,1776581,11455,,
2026-10-02,47545,4,5062,5045,4858,5200,5607931979,13602064,3451364,263573
2026-10-02,65241,4,8688,8715,8636,8847,4495238583,11880246,4393712,446183
2026-10-02,2471084,5,10553,10797,9818,12728,1328600415,4644407,2025501,284322
2026-10-02,8726258,4,378,382,369,403,630412163,2389615,453721,154196
2026-10-02,16680835,4,3152,3120,2949,3226,548965780,2782420,598970,48262
2026-10-02,21164849,4,5244,5252,4779,5742,802384840,1877663,875159,63311
2026-10-02,21449357,4,964,987,875,1146,140408272,498033,156826,28152
2026-10-02,31874888,1,246,246,246,246,119739693,363653,67112,14325
2026-10-02,31970568,5,4446,4460,4283,4613,1620513039,6097438,2082883,256847
2026-10-02,32211175,4,448,434,378,459,94774120,6514016,27896,8806
2026-10-02,52494682,4,436,433,415,444,171185006,519173,176506,28266
2026-10-02,52547718,4,575,575,575,575,,,2294,848
2026-10-02,63951305,4,408,409,386,434,890459280,3839038,1152985,144184
2026-10-02,66654135,4,238216,237918,227831,247411,30982309515,24315984,10607016,1070090
2026-10-02,73754455,4,1064,1063,1006,1116,1836656125,4032500,1016647,117517
2026-10-02,73885730,4,7356,7366,7343,7408,3040343316,6004993,1537940,270311
2026-10-02,78084559,4,540,540,523,559,40418246,102091,35637,8199
2026-10-02,79301772,4,4923,4906,4838,4942,503127845,1998457,400192,98892
2026-10-02,79609758,4,1414,1409,1338,1470,939671469,1680426,365903,183451
2026-10-02,83148140,4,1468,1456,1403,1485,425685777,354015,109085,32047
2026-10-02,83858907,4,1996,1990,1903,2066,1751626945,4566326,1039045,369427
2026-10-02,88070565,4,20082,20046,19558,20463,10114735320,14002767,5636160,733828
2026-10-02,93740418,4,1974,1954,1775,2093,3421321742,6949453,987794,96228
2026-10-02,97314177,4,1050,1048,1040,1054,583793127,1260340,424388,49919
2026-10-02,98839997,4,590,598,533,676,336331942,1340324,452575,109487
2026-10-02,98929893,4,2158,2162,2137,2197,988710924,2118768,639628,67196
2026-10-02,102815652,4,390,388,365,408,61898931,364963,114962,14267
2026-10-02,106086152,4,316,316,298,333,207293351,348296,85768,20647
2026-10-02,107172930,4,1554,1543,1503,1563,721744587,1983420,742855,207077
2026-10-02,110181652,4,2584,2592,2531,2668,2356454721,8602633,2270982,236065
2026-10-02,110988953,4,338,344,316,384,701401085,1925322,445142,63689
2026-10-02,111958650,4,3464,3470,3424,3529,6309301231,11519153,5124830,665334
2026-10-02,113491250,4,2392,2369,2282,2411,1800535277,5986255,2463736,251219
2026-10-02,114070244,4,748,746,718,769,353645590,1220610,276198,57366
2026-10-02,115797356,4,1108,1106,1047,1159,1238214825,2843460,936819,201745
2026-10-02,117644499,1,289,289,289,289,169548732,340087,58645,10715
2026-10-02,123956318,4,476,471,429,504,33485900,344618,78682,17759
2026-10-02,124283622,4,726,719,684,738,793132214,671462,256044,86650
2026-10-02,140733710,4,2249,2240,2145,2315,412724905,1219231,275074,38985
2026-10-02,143384880,4,364,360,334,375,382446232,1686592,347155,87596
2026-10-02,147332621,4,738,731,684,765,208099078,554683,195021,47723
2026-10-02,169302362,4,826,824,780,866,217692154,1857378,686300,30356
2026-10-02,170247232,4,392,396,381,417,473136078,2123272,749673,243757
2026-10-02,184199275,4,10601,10416,8293,12169,986861452,1915842,567560,61798
2026-10-02,188736399,4,395,394,372,412,53871976,551835,118834,33347
2026-10-02,210851291,4,15008,15102,14017,16373,5214506968,8533746,3646824,258478
2026-10-02,212154879,4,443,444,425,463,156040737,1220559,421768,59238
2026-10-02,228573408,4,707,716,677,774,2484521759,15003616,748365,169207
2026-10-02,245662005,4,8648,8639,8410,8849,8062773421,18674311,5798087,811279
2026-10-02,274816972,4,2672,2678,2356,3013,1368758463,7120503,1979721,138355
2026-10-02,279565647,4,866,857,743,951,1728792607,8394120,764080,274032
2026-10-02,280343502,1,263,263,263,263,402727024,1667143,476257,83471
2026-10-02,300039023,4,462,469,420,532,129721636,421031,175384,28999
2026-10-02,301252049,4,348,352,330,380,300328404,1042569,440304,109015
2026-10-02,321279858,4,375,373,341,402,1664797925,5124313,1625733,187623
2026-10-02,321778215,4,11783,11758,11619,11847,10459253593,13327127,3263428,534998
2026-10-02,323675642,4,412,414,395,435,598364352,2220747,544325,123358
2026-10-02,341654025,4,2129,2106,1955,2211,3207059899,5419763,859234,257749
2026-10-02,358276974,4,2688,2696,2655,2752,194985806,1007817,257463,41663
2026-10-02,371112664,4,503,506,480,536,101348514,1787316,311438,29353
2026-10-02,371263894,5,9292,8840,7091,9430,1466033717,2698336,1059546,146307
2026-10-02,372226183,4,26880,26826,25724,27821,6044340987,9711992,2799705,240309
2026-10-02,380704901,4,338,342,326,363,1048700452,2101908,840694,88269
2026-10-02,383310974,4,184518,184336,178586,189724,44907226783,29686064,9458542,1511643
2026-10-02,465016798,4,1336,1336,1229,1443,129052059,417552,97317,17736
2026-10-02,484789923,4,621,623,613,637,667229735,2128362,613945,97940
2026-10-02,485929611,4,830,828,785,866,648071883,1438421,351119,43811
2026-10-02,504035427,4,387,386,376,393,1699285623,5962521,1370203,82477
2026-10-02,533435040,4,622,638,615,694,868677515,2278528,614351,53783
2026-10-02,537476076,3,313,306,283,323,212537687,257318,52806,6170
2026-10-02,540382210,4,1574,1561,1464,1631,360686956,1048456,493799,26609
2026-10-02,547524060,4,7713,7742,7682,7858,1465692526,2282390,468836,42778
2026-10-02,568307879,4,534,528,467,579,528509490,555303,99138,109905
2026-10-02,571251690,4,989,982,926,1022,105457019,1054169,54272,11304
2026-10-02,578392296,4,18726,18642,18080,19036,1339459054,1002650,513319,122631
2026-10-02,601130232,4,25260,25195,24940,25319,4587034782,6541391,3031653,139829
2026-10-02,605887098,5,2872,2922,2718,3285,2530594495,3724563,1529495,116617
2026-10-02,616165168,4,2409,2414,2113,2727,149600935,1219982,80108,15314
2026-10-02,625764726,4,536,538,484,595,25365026,199222,47510,9601
2026-10-02,648454481,4,22268,22260,22010,22494,1320463552,1509586,1072509,121485
2026-10-02,703124385,4,26092,26067,20530,31552,29038453621,12018426,4360874,1564437
2026-10-02,708100196,2,298,298,293,304,338862307,1297399,304983,41251
2026-10-02,725056461,2,296,296,282,309,19587748,42827,10561,3040
2026-10-02,757291724,4,1330,1335,1221,1461,248746520,462224,77731,17130
2026-10-02,767752328,4,340,340,329,352,255496865,1375649,414990,144501
2026-10-02,770538576,4,424,426,408,450,548097604,1236776,376619,45491
2026-10-02,807930589,4,852,852,817,887,343419312,1630936,625578,89220
2026-10-02,833209132,4,362,367,328,418,100595825,898996,256894,27872
2026-10-02,847722000,4,409,402,365,423,203807245,2237172,579607,45133
2026-10-02,850110028,4,3274,3260,2998,3496,187530405,701247,377489,36819
2026-10-02,873703865,4,732,733,721,748,453109683,1475618,526899,80548
2026-10-02,892043755,4,4608,4605,4584,4619,1251622684,3320242,1055410,136798
2026-10-02,903807016,5,11953,11366,8732,12187,1593720326,2849271,1184630,119589
2026-10-02,905198065,4,852,843,749,918,499614427,807956,340327,86355
2026-10-02,905954377,4,384,388,371,412,165251045,426679,102819,17165
2026-10-02,911750776,4,3944,3892,3610,4071,1524977651,4478153,1403710,185871
2026-10-02,918677693,4,2122,2124,2096,2158,311212635,651711,267919,39326
2026-10-02,943733974,4,370,370,345,398,213553431,860256,563151,52261
2026-10-02,952510115,4,695,690,613,756,28427752,432457,45654,14984
2026-10-02,972475338,4,2330,2340,2235,2467,714181971,1887811,502445,81910
2026-10-02,985731078,4,1858,1849,1792,1888,450736958,2275238,933719,52046
2026-10-02,994732206,4,220702,221205,213842,229573,64777690945,20015114,12731612,1064411
2026-10-02,1000233041,4,8648,8738,8289,9368,3312617392,5801261,2003922,180483
2026-10-02,1001911915,4,1534,1532,1402,1660,241612237,688431,274202,35904
2026-10-02,1003981402,4,1006,1014,912,1131,32148860,238886,54006,4693
2026-10-02,1008451066,4,3553,3538,3448,3596,2952903490,3006965,1297151,542539
2026-10-02,1016936714,4,9640,9605,8513,10625,2261993243,1967689,1449565,181634
2026-10-02,1024564064,4,1270,1269,1136,1402,461013804,842602,239054,37805
2026-10-02,1037979853,4,356,356,327,386,496536815,1866876,834234,71106
2026-10-02,1053132402,4,1302,1297,1233,1352,572333250,976354,298055,71405
2026-10-02,1054526971,4,4382,4380,4130,4628,629417440,1713500,617221,67670
2026-10-02,1072353049,4,3190,3196,3150,3252,606271514,1323082,415848,37046
2026-10-02,1073273083,4,454,454,437,472,662470128,1723777,511697,111500
2026-10-02,1087859240,4,788,788,764,814,385049050,345049,118536,23290
2026-10-02,1091907805,4,474,474,468,480,273548883,1089118,381871,37701
2026-10-02,1111698561,4,367,375,344,422,698777920,1096573,334365,96303
2026-10-02,1119466531,4,376,384,369,412,1943992128,3792111,1139257,103223
2026-10-02,1125307892,2,311,311,309,313,73491154,5718167,400214,14090
2026-10-02,1147304238,4,780,774,736,799,612682762,1275416,469294,45964
2026-10-02,1160789089,4,1069,1068,1040,1095,856631935,6347583,499206,65932
2026-10-02,1165835263,4,460,460,446,476,91818206,264370,114272,18197
2026-10-02,1171251167,4,2161,2192,2129,2318,290264225,6084991,20487,3201
2026-10-02,1175471394,4,361,362,305,419,202307085,142894,46482,18982
2026-10-02,1176784616,4,16960,16907,16331,17376,4995794567,3513620,2075570,129006
2026-10-02,1177208440,4,1251,1241,1181,1281,87483846,202750,98751,27150
2026-10-02,1180269832,4,689,692,677,711,155202301,882562,370643,30639
2026-10-02,1187091887,4,514,506,480,517,236777701,505505,172160,50556
2026-10-02,1198533421,4,786,778,741,799,184243020,733842,256323,28964
2026-10-02,1200145783,1,253,253,253,253,17449510,102370,31890,6473
2026-10-02,1202096104,4,23902,23818,23041,24428,3329646275,31773860,2533846,190350
2026-10-02,1214576306,4,1538,1535,1447,1616,1650228628,4304555,1342097,99957
2026-10-02,1230230722,4,4108,4098,3963,4213,2834172761,3426886,944607,93950
2026-10-02,1235188606,4,7250,7525,6709,8891,1727217805,14548082,1116412,78641
2026-10-02,1247231049,4,352,352,337,367,53505605,704838,76294,11176
2026-10-02,1247975681,4,418,426,409,456,1870048046,5077004,2156038,379538
2026-10-02,1267991351,4,441,434,371,481,120097885,379995,126008,6090
2026-10-02,1268927906,4,5805,5865,5644,6205,2307760885,2605930,1163584,155186
2026-10-02,1269441040,4,326,334,317,365,288527076,755938,145009,65484
2026-10-02,1271059807,4,2570,2581,2457,2726,75722122,388101,88953,8579
2026-10-02,1278035280,4,8390,8275,7881,8439,780258680,1513377,500362,37223
2026-10-02,1281592938,4,4100,4098,3956,4236,312416960,2574512,468483,39474
2026-10-02,1284180886,3,327,314,246,368,476915172,664447,102717,26874
2026-10-02,1310079979,4,320,325,293,366,651717152,556349,102870,34783
2026-10-02,1312971993,4,1560,1562,1535,1593,644378075,2032663,570431,90781
2026-10-02,1315450727,4,384,380,362,387,544851493,1042536,169392,27524
2026-10-02,1315966725,4,546,546,503,587,762933876,17658191,156506,125667
2026-10-02,1316421563,3,371,362,340,376,332852791,464067,172978,18015
2026-10-02,1318971886,4,2048,2036,1974,2074,3015810120,4158867,1099198,121786
2026-10-02,1325411718,4,1382,1384,1274,1499,399793392,439825,248591,32658
2026-10-02,1335695570,4,612,612,593,629,2160899485,4716257,1621691,131096
2026-10-02,1358133289,4,949,927,775,1036,1541838181,1592221,282351,46563
2026-10-02,1359546589,4,554,558,519,604,773748757,1234884,580335,88221
2026-10-02,1359573625,4,3880,3876,3842,3902,1640552379,1040787,412794,65540
2026-10-02,1374118848,4,367,366,343,386,70429235,380201,155750,21443
2026-10-02,1390601379,4,1993,2000,1932,2081,1452210988,2370010,1366118,271029
2026-10-02,1393178180,4,1243,1277,981,1641,100915469,192362,92527,15609
2026-10-02,1404342734,1,261,261,261,261,75251106,292733,116887,22410
2026-10-02,1415710834,4,1344,1331,1255,1381,843871074,2006317,515183,65738
2026-10-02,1424449565,4,482,481,453,507,256636877,988024,317292,80360
2026-10-02,1430007363,4,1649,1666,1626,1741,920093524,2419166,142242,29613
2026-10-02,1434220026,4,313,316,298,339,888663827,2678681,1087436,99193
2026-10-02,1451439645,4,4592,4610,4524,4735,4061063769,2771202,1695271,158030
2026-10-02,1452258989,4,908,926,893,992,1976910616,20670986,1264608,307778
2026-10-02,1480782352,4,1450,1442,1385,1480,1953092266,2744924,1421414,83475
2026-10-02,1489026993,5,3522,3705,3251,4683,2690449593,4367789,1025058,110738
2026-10-02,1494262959,4,2425,2346,2015,2520,365589537,824912,370030,121948
2026-10-02,1511883870,4,3776,3772,3718,3816,2729874556,3077555,2243067,145885
2026-10-02,1516533665,4,33939,33909,33700,34059,14385732363,12252371,4042976,433873
2026-10-02,1525626450,4,4224,4280,4133,4538,337083454,880860,393670,22269
2026-10-02,1526814825,5,10231,10259,9049,11889,1121153305,4413553,1106916,105820
2026-10-02,1527252839,4,710,707,687,722,604769283,2868412,82690,23571
2026-10-02,1531130248,4,902,902,875,926,531029718,858732,363433,43639
2026-10-02,1536694921,4,382,388,377,412,480096502,1469666,228032,28120
2026-10-02,1617287243,4,756,762,728,808,625770452,933753,190361,38642
2026-10-02,1637284552,4,1016,1016,1016,1016,,,22117,7953
2026-10-02,1638323641,4,1484,1482,1448,1512,354006279,1384681,330564,44108
2026-10-02,1640395061,2,296,296,285,308,16574096,15283,2607,1003
2026-10-02,1648467492,4,1391,1390,1376,1404,57882188,65682,17433,7998
2026-10-02,1648496580,4,3248,3252,3225,3285,237283734,275183,72955,16880
2026-10-02,1650291138,4,656,654,645,661,1001330668,1514892,825286,131719
2026-10-02,1654971928,4,520,517,472,556,32660952,72168,26202,4908
2026-10-02,1659645941,4,662,665,639,696,2358234578,3408266,1242088,140784
2026-10-02,1668992109,4,2844,2821,2699,2897,813280698,1044620,323662,66188
2026-10-02,1673554668,4,1203,1199,1004,1387,109692008,223479,54382,12123
2026-10-02,1686885941,4,439931,440250,422254,458882,88159911938,30283619,8604269,1412439
2026-10-02,1699553764,4,392,391,375,404,298591785,709818,190959,49797
2026-10-02,1701332290,4,1496,1479,1427,1498,1278754327,1821259,347801,98977
2026-10-02,1701518532,4,1086,1081,842,1309,123987023,2085916,43229,6187
2026-10-02,1701623492,4,510,518,506,547,4040216088,2817286,765889,212141
2026-10-02,1707552920,4,422,412,345,460,298868162,934784,288639,40321
2026-10-02,1709832923,4,634,637,615,666,1254453987,3579053,1051402,53722
2026-10-02,1709917610,4,1596,1583,1469,1672,263892906,1072259,406096,45172
2026-10-02,1718755273,4,758,763,717,818,86354566,321783,136378,45197
2026-10-02,1719305066,4,732,727,620,824,154107269,376201,133658,13777
2026-10-02,1720936166,4,1872,1889,1828,1983,7932238803,2319600,1494595,129150
2026-10-02,1733898268,3,364,354,329,369,51420694,327169,63669,4275
2026-10-02,1742264997,4,2212,2190,2083,2251,507076254,1292420,675724,73398
2026-10-02,1743990973,4,457,448,389,490,263144704,155712,75500,26964
2026-10-02,1751760283,3,301,300,280,320,285988804,1162259,417217,50434
2026-10-02,1769712451,4,859,860,846,876,781077480,1763792,741757,81116
2026-10-02,1775919872,4,520,522,506,541,135702326,522030,227891,18975
2026-10-02,1776914212,4,3396,3424,3336,3565,3005773643,2991468,642145,218639
2026-10-02,1782832995,4,1475,1482,1465,1515,992100482,1415755,909887,147221
2026-10-02,1784051919,4,450,449,430,467,232151036,2119811,354844,20958
2026-10-02,1787711941,4,1253,1278,1221,1383,98487734,246289,91025,27762
2026-10-02,1794056685,4,1048,1051,974,1133,139162464,604222,27908,6253
2026-10-02,1795206523,4,770,770,704,838,962429290,933624,264708,83579
2026-10-02,1802622907,4,1588,1574,1390,1730,1305799786,1317894,641145,104277
2026-10-02,1802741133,4,3324,3328,3102,3564,437530169,1122149,403126,30691
2026-10-02,1831550657,5,28779,28191,23946,31500,2241960780,11254224,1413155,115884
2026-10-02,1836146838,4,2693,2695,2666,2728,505214093,1365048,348245,65887
2026-10-02,1840897362,1,280,280,280,280,331021519,832334,246747,26390
2026-10-02,1851087906,4,1603,1604,1596,1614,120134522,434996,125669,49877
2026-10-02,1852226622,4,13252,13241,13117,13343,2996260499,2744523,729272,198579
2026-10-02,1859597048,2,280,280,270,290,636019389,629466,185002,29436
2026-10-02,1860435730,4,362,364,339,392,104223505,1772594,34377,8357
2026-10-02,1871172282,4,630,635,614,666,101839231,355054,175622,51296
2026-10-02,1871908106,4,752,743,688,778,393711743,1090273,281090,49312
2026-10-02,1888174103,4,528,529,501,557,414634151,397557,56067,20063
2026-10-02,1892760830,4,820,826,790,874,608869844,1083038,160693,45924
2026-10-02,1921509404,4,1585,1627,1085,2253,257583785,174581,41493,12777
2026-10-02,1930696602,4,378,379,371,391,75344801,171937,60876,18709
2026-10-02,1946714362,4,2556,2549,2476,2610,61828215,163987,44321,9908
2026-10-02,1952819680,4,438,444,423,477,77080586,1956224,16443,7871
2026-10-02,1953956112,4,350,357,342,385,62410114,885236,45142,5242
2026-10-02,1954152886,4,2698,2693,2629,2746,168506545,249530,63800,9079
2026-10-02,1998835206,4,2168,2154,2065,2217,593678107,1177715,514017,77517
2026-10-02,1999874107,4,2603,2603,2603,2603,,,13308,516
2026-10-02,2007050448,4,2372,2345,2071,2565,204190342,329801,125607,19537
2026-10-02,2017809925,4,1583,1566,1480,1617,738067638,15863769,111349,52809
2026-10-02,2020908522,4,972,968,844,1084,545926882,593232,106418,20158
2026-10-02,2023680558,4,2929,2944,2856,3062,1582600961,1823413,401997,78870
2026-10-02,2026574412,4,445,443,417,464,120416948,1080055,175699,4859
2026-10-02,2029776337,1,294,294,294,294,262142254,471306,78360,21452
2026-10-02,2049551477,4,2271,2270,2149,2391,1484395680,1943894,453900,69434
2026-10-02,2065706268,4,516,510,473,536,162761512,415620,73749,17834
2026-10-02,2073329983,4,1944,1971,1630,2365,245609238,4770600,506411,34628
2026-10-02,2080556531,4,348,346,339,351,110716245,115703,38003,5054
2026-10-02,2082205150,4,745,727,668,750,185387767,558129,191469,11899
2026-10-02,2087494287,4,1290,1290,1209,1369,691163401,552339,67917,19343
2026-10-02,2092410051,4,1564,1579,1499,1688,338631631,1409512,514528,67696
2026-10-02,2113323331,4,1570,1571,1538,1605,892377143,919878,150214,41781
2026-10-02,2114144926,4,383,384,376,394,1111619222,532862,439166,32469
2026-10-02,2126386806,4,1519,1514,1442,1576,2678596997,2599138,1055262,191436
2026-10-02,2132866904,4,344,336,302,356,211673467,1669100,471233,70547
2026-10-02,2137105308,4,818,809,646,955,54769408,170474,39178,13272
2026-10-02,2149444938,4,510,510,452,568,98355834,436801,72658,14342
2026-10-02,2152417643,4,848,827,746,868,92131894,177697,58338,27079
2026-10-02,2153167977,4,1200,1198,1075,1317,164990569,366855,135788,19115
2026-10-02,2157233282,4,1052,1038,947,1103,37645550,3387276,9591,2663
2026-10-02,2157872230,4,3374,3345,3232,3398,1293974416,2177222,633133,171459
2026-10-02,2160907981,4,362,365,345,391,1322260651,2112456,518533,107949
2026-10-02,2165551367,4,433,434,405,467,677557374,2458371,131266,22425
2026-10-02,2171758161,4,564,563,512,612,242307204,95420,15925,11958
2026-10-02,2176187244,4,1574,1566,1463,1652,315111729,241055,48489,15481
2026-10-02,2195939586,4,630,635,609,671,244633179,749357,200140,49681
2026-10-02,2198666251,4,336,324,275,347,82235701,50846,11609,2732
2026-10-02,2200020629,4,446,461,425,527,102482969,209877,74102,23772
2026-10-02,2220495353,4,1878,1859,1707,1973,1166200689,1446754,314950,57840
2026-10-02,2233937689,4,2508,2495,2416,2550,76790242,153738,56961,8595
2026-10-02,2236455574,4,998,1007,988,1042,827461360,694296,175930,80074
2026-10-02,2239430935,4,1174,1176,1110,1247,360905336,1135095,236933,19998
2026-10-02,2247578975,5,2154,2274,2055,2797,1235224561,14949269,119428,94770
2026-10-02,2251388500,4,2554,2554,2481,2627,192788527,557415,215714,23032
2026-10-02,2263267302,4,348,348,345,352,29742238,178329,57223,5467
2026-10-02,2273199208,1,281,281,281,281,612860249,571632,80556,14628
2026-10-02,2274830359,5,6858,6893,6664,7238,3035854048,2068154,311008,103990
2026-10-02,2278167893,4,345,350,272,436,148665228,190306,33273,14753
2026-10-02,2281570018,2,560,560,489,632,133978321,116804,59914,13986
2026-10-02,2283649692,4,994,993,953,1031,110106658,259321,78503,29575
2026-10-02,2294168059,4,2758,2757,2700,2813,1257636419,3396403,1130035,125323
2026-10-02,2297891297,2,314,314,301,327,39238279,54279,20937,5083
2026-10-02,2305929206,4,2088,2108,2082,2174,256943851,1657098,175608,11750
2026-10-02,2309918273,4,1240,1231,1155,1291,54025731,529646,205152,22276
2026-10-02,2316994223,4,530,527,469,580,8992059879,5968978,4219704,395231
2026-10-02,2324018757,4,388,386,374,395,74650208,231865,118351,18287
2026-10-02,2324662457,4,1718,1720,1710,1736,1333838444,1566512,1151435,86909
2026-10-02,2327461601,4,743,745,707,787,381537008,491825,114522,24734
2026-10-02,2327642508,4,525,526,495,557,510082267,1632814,489629,62409
2026-10-02,2350840700,4,1802,1808,1668,1959,72151735,403508,146871,12847
2026-10-02,2355999843,4,8086,8086,8086,8086,,,301496,35463
2026-10-02,2360092394,4,3068,3110,2929,3373,343373886,9009269,147099,15734
2026-10-02,2366560560,4,2827,2827,2715,2938,979707354,2347465,257787,44617
2026-10-02,2369077151,5,4183,4215,4069,4458,427672170,11320905,455056,18377
2026-10-02,2380077519,4,10402,10393,10286,10483,3649260195,4657707,1957029,317244
2026-10-02,2383988292,4,321,320,296,344,497181972,908387,226950,19794
2026-10-02,2393639258,4,372,371,339,401,31810623,84649,31581,10544
2026-10-02,2401478287,4,433,431,360,498,107626516,412487,193124,28026
2026-10-02,2402796421,4,874,874,874,874,,,58621,45161
2026-10-02,2404080894,4,2892,2885,2813,2943,2018453935,4116240,1974671,215007
2026-10-02,2406494408,4,454,455,438,474,429094613,431058,97647,42041
2026-10-02,2408700413,4,644,643,611,674,306510242,667498,255225,77360
2026-10-02,2426874309,4,328,331,301,368,222550384,682699,216683,34038
2026-10-02,2435789930,4,4708,4746,4565,5001,2940453098,2332338,875255,106491
2026-10-02,2440500124,4,122436,123441,110407,138485,7806914484,8224419,4711527,354097
2026-10-02,2443177453,4,1867,1876,1787,1982,697756787,1211418,448727,53383
2026-10-02,2491559356,4,898,899,851,949,88732405,180324,60510,17542
2026-10-02,2492481398,4,520,512,476,533,414323632,1297062,600661,47896
2026-10-02,2516044547,4,423,425,394,459,641310854,1640306,719543,160519
2026-10-02,2520686564,4,960,960,952,970,88278464,139003,33520,5125
2026-10-02,2527789729,4,3218,3207,3097,3295,116733806,371219,97583,26621
2026-10-02,2528641125,4,548,538,484,570,121105741,266222,87619,12470
2026-10-02,2538086639,4,718,720,649,794,655568180,278862,40998,21776
2026-10-02,2544016903,4,826,803,724,838,29832201,55649,10490,1230
2026-10-02,2544520106,4,518,521,492,556,289079754,540233,334951,35304
2026-10-02,2548183080,4,473,474,469,479,79248496,291109,149893,13001
2026-10-02,2549475383,4,2528,2546,2337,2793,5500100804,57519200,1332418,150718
2026-10-02,2564505263,4,684,704,621,825,1655780254,2748435,778303,60680
2026-10-02,2577700536,4,425,429,416,451,72913459,169102,268296,19121
2026-10-02,2583564222,4,3120,3136,3031,3275,1118177723,4125659,362348,85606
2026-10-02,2589957623,4,3070,3068,2890,3241,635861820,8959227,122885,19035
2026-10-02,2605831977,4,328,326,313,338,492076306,4373902,264102,38106
2026-10-02,2619619496,4,27984,27695,25826,28986,11739605725,4629625,2477632,533476
2026-10-02,2621511041,4,2660,2640,2374,2869,75296576,278845,64825,26470
2026-10-02,2626227051,4,3185,3180,3115,3234,1106448394,1068819,499600,80510
2026-10-02,2628404708,4,400,398,391,404,1016314475,2105927,621313,66611
2026-10-02,2640407187,4,1574,1588,1395,1809,541483133,428738,167116,26286
2026-10-02,2643072291,4,1655,1652,1518,1779,98198293,1004489,108038,22292
2026-10-02,2644656496,4,1086,1088,1073,1108,306981401,4464121,1799402,42607
2026-10-02,2652888345,4,2424,2434,2308,2583,264067270,126790,21277,5887
2026-10-02,2655311011,3,307,307,288,325,1427177330,3270892,2312811,60505
2026-10-02,2655478023,5,2338,2429,2192,2978,1035850085,3516941,105042,124761
2026-10-02,2668101271,4,24393,24676,22946,26971,3583136817,2570810,946325,231207
2026-10-02,2682938349,4,7874,7799,7395,8054,680183198,660494,252221,21244
2026-10-02,2711375305,4,71856,71931,71741,72272,8015134165,5876111,3016940,202404
2026-10-02,2717209656,2,278,278,264,291,27401350,79678,13982,5303
2026-10-02,2719766208,4,427,423,405,434,74100354,351868,137136,15560
2026-10-02,2727447177,4,978,978,960,995,515722948,1900794,567569,30027
2026-10-02,2729513759,4,2346,2334,2215,2426,1715830351,2314282,493560,77342
2026-10-02,2754593977,4,3167,3170,3048,3298,753519359,997708,210356,34012
2026-10-02,2765784373,4,5288,5259,5019,5441,89763338,533754,210478,13802
2026-10-02,2783797267,4,11206,11118,10022,12037,707329961,8034451,373956,44792
2026-10-02,2788648141,4,2283,2301,2170,2468,1010280420,2162614,1281137,120658
2026-10-02,2802559498,4,580,587,559,631,355895663,880049,339716,38874
2026-10-02,2805713501,4,324,323,292,354,797536173,805722,190359,42180
2026-10-02,2820580801,4,441,439,422,453,329103777,408106,398504,50627
2026-10-02,2821905072,4,2521,2522,2483,2565,279734939,5784487,218152,8017
2026-10-02,2822776643,4,4373,4387,4210,4593,141331187,235045,155307,14783
2026-10-02,2826640183,4,335,330,297,353,770232984,690709,188264,44622
2026-10-02,2827951974,4,536,534,502,562,816139062,691292,118604,28635
2026-10-02,2839156349,4,316,312,290,327,15358734,24967,5908,2039
2026-10-02,2851381018,4,7924,7868,7040,8586,860668197,1437710,667213,45007
2026-10-02,2862098693,4,5261,5256,4959,5543,156802972,447464,94396,27349
2026-10-02,2872881913,4,1406,1402,1360,1437,378494535,1130259,156161,24452
2026-10-02,2916593387,4,1048,1045,1004,1079,183424940,496881,190526,38254
2026-10-02,2921237723,4,366,365,338,389,144003094,774797,144923,36857
2026-10-02,2936053166,4,13881,13930,13060,14899,2262512002,1855449,1513424,101088
2026-10-02,2943850166,4,2396,2407,2329,2506,139121660,95845,57822,4492
2026-10-02,2949408954,2,288,288,274,302,114533584,171040,26210,3998
2026-10-02,2954818192,4,2434,2424,2308,2520,444677593,8666461,70896,11642
2026-10-02,2955322961,4,441,443,435,456,1029755054,1162632,1216793,104519
2026-10-02,2979369058,4,3204,3214,3165,3282,180040657,282014,92349,19718
2026-10-02,2992873140,5,12802,12136,9440,13987,1435766276,1033971,493783,82544
2026-10-02,3012965062,4,5571,5598,5324,5927,678350256,6419590,562317,53462
2026-10-02,3013715655,4,631,640,620,680,330778356,2671116,196402,18308
2026-10-02,3034836582,4,386,388,361,416,507262277,1921783,87563,61128
2026-10-02,3047037061,4,1937,1910,1628,2137,153172281,156082,84319,13103
2026-10-02,3056160040,4,1145,1129,1052,1175,984399126,1421106,459791,94971
2026-10-02,3060525991,4,462,464,455,478,70285612,82977,23708,11183
2026-10-02,3064619271,1,318,318,318,318,19532407,93885,41185,6005
2026-10-02,3079618996,5,3992,4209,3392,5808,813905708,1149603,305029,41489
2026-10-02,3085257211,4,6697,6694,6421,6959,5130297252,3863200,1536519,303620
2026-10-02,3088609243,4,1655,1666,1565,1790,751647537,621684,107286,35767
2026-10-02,3097803944,4,1383,1370,1291,1422,378296240,188281,34952,20963
2026-10-02,3108473052,4,425,424,407,438,334701371,1081630,483098,30194
2026-10-02,3110388936,4,2982,2973,2922,3004,91863161,304778,179071,19213
2026-10-02,3114128441,4,354,354,265,441,119434218,141095,60194,19758
2026-10-02,3116863918,4,634,641,591,703,19115340,38142,10735,2232
2026-10-02,3124818385,4,911,915,859,980,90905439,274407,69865,5940
2026-10-02,3149100453,4,760,771,699,866,245185296,1329604,184900,54524
2026-10-02,3150475059,4,1635,1635,1635,1635,,,655257,125511
2026-10-02,3164075108,5,3218,3210,3139,3255,288470150,747840,498440,28154
2026-10-02,3168615253,4,1927,1926,1873,1976,546751313,738810,448422,113747
2026-10-02,3170483284,4,892,892,807,978,71795186,208271,54974,15461
2026-10-02,3171190217,4,606,600,577,611,238773180,884991,251501,12245
2026-10-02,3177453609,4,426,433,388,492,216491667,512591,110562,11898
2026-10-02,3183403065,4,2152,2140,2068,2190,2512101806,1394705,723137,65254
2026-10-02,3183742847,4,340,337,321,348,631331525,517377,178558,74294
2026-10-02,3187874989,4,2970,2963,2886,3025,187416258,250651,85635,14454
2026-10-02,3191268194,4,1458,1464,1433,1506,1363721267,5583319,1053547,48552
2026-10-02,3195917432,4,344,344,330,358,68007228,122356,52015,7344
2026-10-02,3198546127,4,492,500,449,570,81708335,146744,27876,3375
2026-10-02,3204175584,4,3490,3502,3446,3580,1209032873,1047181,225254,36697
2026-10-02,3210778402,4,946,938,865,996,121242099,107087,10847,3669
2026-10-02,3218272328,4,452,458,444,485,85664564,264669,35120,7627
2026-10-02,3219620210,4,788,788,762,815,38068713,79973,19297,4207
2026-10-02,3227754471,4,489,496,460,544,76936907,159315,35333,6618
2026-10-02,3240075297,4,44216,43975,43182,44287,8796403694,3642823,1136781,184688
2026-10-02,3256689155,4,374,372,365,376,326835707,291757,160629,41289
2026-10-02,3258251641,4,330,330,312,348,106966629,162315,91437,17904
2026-10-02,3258873704,4,1268,1266,1224,1302,430803774,284694,143373,49594
2026-10-02,3261058889,4,518,516,504,524,16390553,72999,18494,3350
2026-10-02,3262314006,4,682,685,672,704,548904874,854784,555977,38180
2026-10-02,3264293423,4,366,366,351,379,235029834,685775,173632,18146
2026-10-02,3264581003,4,1192,1193,1177,1212,120074963,196869,103153,25978
2026-10-02,3267012194,4,1338,1337,1304,1366,327399944,1087989,266179,40274
2026-10-02,3274669156,4,384,392,378,420,70490631,681487,87110,14267
2026-10-02,3289847355,4,458,456,422,487,31425585,43241,15893,3673
2026-10-02,3293514480,4,878,876,851,896,210333616,599394,190038,40200
2026-10-02,3308103880,4,8249,8209,7953,8386,1833407661,2105787,492493,77123
2026-10-02,3310460039,5,12541,13599,11652,18544,4713602400,105222250,404523,263160
2026-10-02,3311164447,4,372,379,347,427,41925241,19106,4118,1593
2026-10-02,3317064564,4,589,583,543,612,79364099,625328,230369,19870
2026-10-02,3317679266,4,3090,3095,3014,3188,5241110102,4435591,3695229,278827
2026-10-02,3317771874,4,28664,28690,28350,29083,2655806062,2200027,3068064,170350
2026-10-02,3322582746,4,382,384,371,403,72672224,90692,29101,13640
2026-10-02,3332494509,4,354,354,324,387,268273304,414902,119557,14082
2026-10-02,3344795851,4,492,505,470,564,448094688,275731,47017,33314
2026-10-02,3346892457,4,1318,1331,1281,1406,454485302,196731,25181,10917
2026-10-02,3347455347,4,704,707,680,741,67608913,316045,122244,19551
2026-10-02,3349588628,4,322,320,304,332,59054176,1233346,39299,6477
2026-10-02,3354479870,4,766,764,707,817,166029356,290839,94265,16950
2026-10-02,3359505957,4,3237,3228,3190,3246,210206297,328852,126437,9911
2026-10-02,3360454744,4,426,426,426,426,,,27515,1831
2026-10-02,3365661357,4,880,917,797,1112,498452616,733375,404661,53527
2026-10-02,3371147486,2,318,318,311,326,207578183,192540,36056,13438
2026-10-02,3384187191,4,492,492,415,570,67226878,72991,29718,8231
2026-10-02,3405618667,4,4425,4426,4338,4516,1533481120,3287840,1592491,137706
2026-10-02,3408154779,4,409,406,391,413,101405421,178152,69588,11421
2026-10-02,3417194043,4,2046,2052,2034,2083,6411902,28817,6929,9511
2026-10-02,3419284255,4,3047,3046,3015,3077,419365155,864845,456142,45890
2026-10-02,3420059569,4,1297,1284,1191,1349,969398658,27490615,96967,96014
2026-10-02,3421408084,4,490,489,471,505,616533780,635051,354905,81296
2026-10-02,3426175130,4,1173,1178,1157,1207,256546284,108756,24992,11078
2026-10-02,3441153192,1,289,289,289,289,30124011,26951,4840,4679
2026-10-02,3448264866,4,3230,3214,2999,3398,69869885,354211,130840,6923
2026-10-02,3457700596,4,2630,2631,2558,2706,1071880870,1008201,1136662,129833
2026-10-02,3472652814,4,466,484,386,619,42451761,73204,20876,3392
2026-10-02,3472976893,4,1214,1227,1182,1298,191965165,3629982,63805,14570
2026-10-02,3475191052,4,436,442,407,487,401582195,692982,267002,25164
2026-10-02,3476371299,4,462,472,453,510,978324415,1364302,1569952,63812
2026-10-02,3494556606,4,342,340,330,347,521399261,1990636,881907,32588
2026-10-02,3502524667,4,836,830,774,873,766694586,3695836,80215,47734
2026-10-02,3508322461,4,155820,155038,151360,157153,7451882663,3059727,2613367,418033
2026-10-02,3512256796,4,1610,1608,1598,1615,41401377,341239,182527,6197
2026-10-02,3515267380,4,1113,1113,1096,1129,182860093,439358,123740,41007
2026-10-02,3531364646,1,275,275,275,275,122589288,7213120,23532,11190
2026-10-02,3539082945,5,577,1138,567,3392,71619689,856542,27476,5747
2026-10-02,3541611379,4,7377,7495,6977,8250,413788031,336834,333181,20093
2026-10-02,3551414857,4,1272,1284,1236,1355,638319801,1333305,547254,68898
2026-10-02,3560583071,4,1224,1228,1191,1272,315004011,255790,54924,16445
2026-10-02,3569141441,2,272,272,238,307,54292778,310641,75652,15030
2026-10-02,3608594708,4,1733,1731,1605,1852,424490947,673566,1020113,37053
2026-10-02,3613478757,4,407,407,407,407,,,13382,9322
2026-10-02,3615728730,4,930,923,893,941,27057594,515176,129152,13961
2026-10-02,3620011279,4,616,616,606,626,216284600,723717,422808,37685
2026-10-02,3623695803,4,664,686,531,886,70205009,66108,33034,3248
2026-10-02,3624423521,4,2308,2298,2201,2374,933132764,626491,372746,53858
2026-10-02,3634139746,4,640,634,594,663,164211738,98472,50587,19989
2026-10-02,3645347821,3,314,311,291,327,389733886,665747,381085,76181
2026-10-02,3647333358,4,27382,27423,25440,29488,9249141152,8282899,3234539,210430
2026-10-02,3649378258,4,571,571,571,571,,,33343,9367
2026-10-02,3661343497,4,1645,1677,1598,1819,201718216,252682,72427,6211
2026-10-02,3666294218,4,743,740,720,752,60357960,421602,120736,15468
2026-10-02,3704826615,4,1294,1300,1256,1358,12793254,55795,16805,10792
2026-10-02,3706757136,4,691,692,618,767,38861364,115983,48924,7062
2026-10-02,3715101004,4,779,779,779,779,,,30135,3927
2026-10-02,3717250353,4,797,793,653,925,182741724,563999,218191,32904
2026-10-02,3717264063,4,314,318,309,332,631304482,2223410,759757,66469
2026-10-02,3725528263,4,721,732,717,767,107247269,138752,33629,14845
2026-10-02,3730079862,4,5701,5699,5589,5806,57878058,485251,159828,13886
2026-10-02,3734304510,4,1843,1799,1557,1953,440525325,462204,277823,50554
2026-10-02,3741075732,4,501,499,483,511,54150304,445298,105135,16218
2026-10-02,3746418487,5,3082,3235,2769,4164,334261429,411197,71049,15737
2026-10-02,3747388906,4,2477,2459,2254,2627,47973184,282986,46583,8156
2026-10-02,3749444437,3,313,318,283,358,80077512,10095520,15687,2871
2026-10-02,3754482795,5,3926,4119,3824,5056,1297434398,4609251,353621,44213
2026-10-02,3756501373,4,1440,1460,1436,1525,717274982,441773,416530,32936
2026-10-02,3759884822,4,911,907,836,970,140088453,126080,45938,4069
2026-10-02,3761186887,4,870,872,856,889,437009888,2333793,589250,51624
2026-10-02,3764631130,4,1388,1402,1369,1463,37582356,64713,9072,2461
2026-10-02,3781225418,4,456,454,419,487,57982862,116413,44074,7410
2026-10-02,3802391897,4,312,312,304,319,75703785,280877,31625,9469
2026-10-02,3808081382,4,51582,51416,50633,51868,19334929439,7677197,5310167,1028022
2026-10-02,3808223175,4,1622,1623,1612,1636,722942827,3266161,1837302,60379
2026-10-02,3825332406,4,324,323,314,330,254142856,382426,238829,16211
2026-10-02,3826087550,4,572,584,506,686,34802432,140332,43320,14569
2026-10-02,3827505494,4,394,395,389,403,30666702,51588,15347,6284
2026-10-02,3835375262,4,586,589,470,712,249409645,236094,36018,5806
2026-10-02,3837114739,4,494,498,476,526,43478184,153455,43410,4134
2026-10-02,3841172115,4,1140,1153,1124,1209,159121144,716364,98392,11351
2026-10-02,3846592040,4,642,644,627,664,135893887,183573,63648,17430
2026-10-02,3854678859,3,349,336,307,351,402771798,191195,34757,11835
2026-10-02,3864279452,4,1424,1426,1417,1442,531190677,666712,320967,108011
2026-10-02,3869462497,4,1804,1786,1661,1874,349700563,289704,46886,19652
2026-10-02,3873871110,4,1936,1943,1929,1971,37942367,476216,36805,7792
2026-10-02,3876150506,4,2006,2023,1884,2194,504272781,6761591,613484,41832
2026-10-02,3878727131,4,386,386,379,392,117588480,186883,88045,8577
2026-10-02,3882062045,4,962,956,929,970,186931733,267020,104659,8952
2026-10-02,3887521769,4,1026,1029,993,1072,148679449,8654488,10565,6766
2026-10-02,3891658292,4,496,486,443,512,400485591,14488533,109119,26359
2026-10-02,3913007563,4,2468,2445,2368,2477,142498343,314056,182907,33332
2026-10-02,3916548970,4,447,434,390,450,142726288,264827,143592,9870
2026-10-02,3918560032,4,518,530,507,577,85049861,279131,77573,16536
2026-10-02,3934054182,4,328,330,314,350,63160089,1121035,184216,11283
2026-10-02,3936365689,4,962,962,947,977,73169560,348549,202749,15327
2026-10-02,3945578236,4,5196,5236,4482,6069,106839753,99152,27066,12114
2026-10-02,3951147015,4,1240,1239,1214,1260,139915781,191639,93928,13870
2026-10-02,3954883335,1,317,317,317,317,13202015,4111,2225,755
2026-10-02,3962631979,4,554,557,548,573,151767578,1106603,8689,6419
2026-10-02,3983828495,4,642,644,609,681,219960828,163260,100725,24530
2026-10-02,3989768869,4,568,567,543,587,334117237,875673,291030,62549
2026-10-02,3989869156,4,418,416,396,434,95409151,1588393,69100,8251
2026-10-02,3990106548,4,6100,6062,5509,6536,1869026486,6411429,477800,96134
2026-10-02,3992524315,4,350,354,341,374,92059085,101611,34657,23512
2026-10-02,3993508361,4,331,332,324,344,106040444,865884,116829,15378
2026-10-02,4007686136,4,1234,1234,1197,1269,169441765,94927,44110,14978
2026-10-02,4018794732,4,1006,1014,970,1072,294241525,277001,33050,9068
2026-10-02,4019583467,4,2116,2075,1923,2145,385859387,795290,640275,49549
2026-10-02,4028801234,4,402,406,389,431,239218751,12754000,29238,22997
2026-10-02,4044579438,4,1339,1334,1260,1398,349066428,22322973,16898,11130
2026-10-02,4049246711,4,21512,21414,19904,22727,920496022,613988,225560,123821
2026-10-02,4053293514,4,3103,3093,3028,3138,332072123,884255,237089,14163
2026-10-02,4071487712,4,616,612,597,619,31076427,126911,37079,3598
2026-10-02,4075802159,4,402,404,385,426,261090914,89123,7283,2953
2026-10-02,4079077350,4,530,530,513,546,7437819,70514,19023,2277
2026-10-02,4107809076,4,758,758,713,802,310960128,118101,16609,11824
2026-10-02,4130569984,4,1588,1597,1549,1663,256451717,393418,199858,24105
2026-10-02,4139766490,4,727,720,691,734,422064587,501339,270121,559857
2026-10-02,4142544848,4,526,534,522,563,30499998,25226,18198,3313
2026-10-02,4147392742,4,490,490,462,518,518048216,8832695,812289,43277
2026-10-02,4153755477,4,2344,2348,2336,2366,931187029,598585,541064,96167
2026-10-02,4154513353,4,981,1000,955,1084,267380755,532359,192092,43953
2026-10-02,4161745937,4,354,352,334,369,89891734,293212,89787,20782
2026-10-02,4165164803,4,9058,8965,8286,9458,564380334,567390,182437,56791
2026-10-02,4170977322,4,3754,3782,3375,4242,315673696,15831905,358061,30842
2026-10-02,4181957649,4,2706,2706,2612,2800,722625941,1116727,410135,85619
2026-10-02,4186374809,4,406,406,377,436,20398242,31614,8964,1300
2026-10-02,4187559009,4,951,942,878,988,132134523,2641537,110387,15485
2026-10-02,4193032947,4,1096,1108,1051,1191,355383733,2403473,517074,21094
2026-10-02,4197966812,4,2205,2224,2093,2392,557112990,24222282,79655,7948
2026-10-02,4201418016,2,149,149,1,297,148998199,285659,144816,13322
2026-10-02,4221956550,4,1450,1434,1281,1552,137184419,833718,179039,24264
2026-10-02,4228233498,4,758,759,718,802,147015271,483068,98844,20939
2026-10-02,4234745929,4,544,543,488,598,353614621,4030165,208061,53169
2026-10-02,4252393983,4,488,489,456,526,281633641,3022645,121733,24002
2026-10-02,4257969255,1,280,280,280,280,86239131,261791,206751,12783
2026-10-02,4260784961,3,1809,1280,169,1863,23882126,77437,27804,5043
2026-10-02,4263371487,4,1158,1157,1095,1216,124084881,225848,82201,13303
2026-10-02,4263576532,4,1190,1187,1066,1303,190286113,489884,516688,36193
2026-10-02,4267277633,4,1854,1889,1819,2027,610557363,15887573,28514,32378
2026-10-02,4268443739,1,297,297,297,297,135524131,2109703,30074,9241
2026-10-02,4275891591,4,442,437,408,457,55677062,101074,31704,10505
2026-10-02,4281211770,1,293,293,293,293,273108197,205908,61419,20260
2026-10-02,4282689669,4,324,320,301,332,41311059,968367,24026,6349
2026-10-02,4283416256,4,648,642,594,680,24292674,139283,38400,8706
2026-10-02,4293374620,4,12656,12612,12360,12779,1569502180,1100167,460173,105071
2026-10-02,4319996251,4,1744,1744,1744,1744,,,122456,10140
2026-10-02,4330936850,4,436,436,414,458,74021118,115849,54019,14503
2026-10-02,4342047058,4,5856,5884,5775,6050,603430501,1322623,522744,32599
2026-10-02,4343544885,4,1395,1381,1293,1440,129892630,2827861,395524,10712
2026-10-02,4346424098,4,391,396,357,443,104547346,174327,42458,9377
2026-10-02,4348829796,4,10268,10308,9921,10775,2708836504,11565903,569941,105347
2026-10-02,4362587875,4,2100,2104,1974,2243,589592376,733984,207176,45946
2026-10-02,4362771421,4,617,618,591,646,401482974,499820,173451,30900
2026-10-02,4365819446,4,2041,2019,1906,2088,551073751,21444455,134414,14741
2026-10-02,4367208330,4,1412,1414,1354,1478,490009717,1646415,729310,111518
2026-10-02,4391829435,4,1924,1923,1848,1996,389984152,4254594,349203,21243
2026-10-02,4403361086,1,303,303,303,303,185082132,953217,319419,18632
2026-10-02,4408288935,4,1018,1016,993,1033,55432735,283634,75889,6889
2026-10-02,4415513621,4,330,321,281,343,14160972,147285,50437,5707
2026-10-02,4419888429,4,420,409,373,423,26880021,53779,14681,3870
2026-10-02,4420562665,4,8842,8803,8604,8924,88117636,341737,76596,7848
2026-10-02,4429851038,4,537,535,500,566,357222712,11593682,122101,11869
2026-10-02,4430449940,4,556,552,503,592,315598213,528176,465461,38527
2026-10-02,4434528807,4,1941,1940,1874,2006,795311805,721702,250834,43944
2026-10-02,4434803478,4,450,458,422,507,1031296954,43280339,708324,56561
2026-10-02,4444526080,4,642,626,557,663,163548129,601418,164425,39759
2026-10-02,4452297356,4,10560,10540,10065,10974,769983691,870956,258732,28384
2026-10-02,4457060041,5,2457,2479,1825,3481,144581693,232272,95665,13717
2026-10-02,4491246195,4,1368,1387,1347,1465,460547069,688193,213726,22485
2026-10-02,4497460596,4,1280,1268,1212,1300,182567033,159768,94178,15104
2026-10-02,4507116437,4,510,506,473,530,29924853,50939,7161,1433
2026-10-02,4511892440,1,304,304,304,304,41272742,102392,4361,840
2026-10-02,4512331818,2,332,332,317,348,26818935,82681,24388,8020
2026-10-02,4518152312,4,1020,1021,986,1057,316817575,14774024,12464,11059
2026-10-02,4518160318,5,4610,4751,4097,6033,656465231,1200466,720434,21947
2026-10-02,4523856444,4,4111,4078,3974,4118,1362836266,1735959,1632796,180003
2026-10-02,4535642329,4,407,410,361,463,31783442,598363,110124,14543
2026-10-02,4540138978,4,9528,9548,9121,10016,2368995439,67241829,328253,49917
2026-10-02,4540494160,4,443,444,435,455,268452197,360842,505170,22277
2026-10-02,4542048826,3,430,489,368,670,93812026,173449,70243,6820
2026-10-02,4543855070,4,590,587,532,637,230736251,287952,83296,13061
2026-10-02,4557322431,4,2941,2937,2864,3002,58925556,208643,95484,9147
2026-10-02,4563062026,4,342,344,318,373,94412881,148750,38058,4452
2026-10-02,4568630521,4,6296,6278,6134,6385,1744327834,1619107,1131625,191588
2026-10-02,4571439504,4,1112,1134,1078,1236,103653756,249187,170784,31589
2026-10-02,4576226059,4,635,633,622,639,269760161,233973,41657,7389
2026-10-02,4579085368,4,1448,1441,1362,1505,191163594,1076548,197826,16980
2026-10-02,4582358979,4,1642,1657,1631,1713,1321002876,1027276,1243351,67299
2026-10-02,4590309504,4,342,339,323,351,24374942,23694,14311,4682
2026-10-02,4592676978,4,2050,2046,1876,2208,32179388,94198,20780,19224
2026-10-02,4595016786,5,2685,2724,2635,2920,613702289,767939,103631,14515
2026-10-02,4599924264,4,1718,1718,1510,1924,732569162,296178,40256,38361
2026-10-02,4601145322,4,720,719,705,731,106125384,8647054,94598,14582
2026-10-02,4610249460,4,406,404,370,431,264672509,131152,13474,7776
2026-10-02,4627714100,3,300,303,292,316,158247798,2007500,59300,15454
2026-10-02,4642134795,3,296,296,286,305,448842743,27859310,136779,33043
2026-10-02,4652005960,4,434,437,429,451,58070864,88168,27594,4958
2026-10-02,4652129092,4,457,457,457,457,,,38069,2192
2026-10-02,4654951132,4,346,335,295,355,14778315,15261,8243,1327
2026-10-02,4658598196,4,14079,14056,13919,14145,1147913217,1497477,1418020,59474
2026-10-02,4659996100,4,524,520,499,533,98846242,58965,11110,8055
2026-10-02,4666164093,4,430,446,393,529,61241088,41593,8266,2423
2026-10-02,4669328522,4,3055,3051,2888,3206,396788107,218761,44362,13954
2026-10-02,4669435504,4,466,471,454,497,378841671,558267,219287,34727
2026-10-02,4673599750,4,1436,1452,1361,1576,556397759,508603,191602,28506
2026-10-02,4676287985,4,710,716,701,741,78002944,316248,121367,11162
2026-10-02,4679222104,4,518,516,474,555,115781179,120036,38067,20325
2026-10-02,4686994428,4,2682,2684,2546,2825,203519535,6608486,43995,6206
2026-10-02,4689722433,4,3568,3579,3453,3726,623476351,764997,237559,23317
2026-10-02,4712109542,4,605,608,526,698,36084278,307372,81625,14123
2026-10-02,4712126054,4,506,501,444,548,61417859,397397,170293,8296
2026-10-02,4720386144,4,1214,1225,1100,1372,124123186,628571,125828,11853
2026-10-02,4723764956,4,13859,13728,12340,14856,592370665,928357,519001,34872
2026-10-02,4724071612,4,320,316,275,352,465920803,670257,409040,105808
2026-10-02,4730278139,4,7126,7126,7023,7229,1452592317,1365159,1395345,206983
2026-10-02,4734880740,2,381,381,326,436,15932633,372783,17743,2227
2026-10-02,4743794878,4,3260,3285,3053,3566,111244112,36454,25992,4811
2026-10-02,4750561026,4,12492,12486,11793,13170,46640160,310859,181636,21185
2026-10-02,4753878751,4,355,351,332,363,542164745,4548077,315467,23161
2026-10-02,4760747038,4,342,346,333,368,37995119,400784,204088,28272
2026-10-02,4772345874,4,2697,2694,2649,2735,40412270,39305,7860,1218
2026-10-02,4777817887,4,20314,20432,19334,21766,6463291412,12977645,8419634,585650
2026-10-02,4778845442,4,3185,3203,3074,3368,6189661497,1540201,1346106,227194
2026-10-02,4785126950,4,770,762,706,803,33459751,237992,67910,13507
2026-10-02,4785982047,4,1478,1480,1449,1512,224307507,3119034,1657186,27054
2026-10-02,4793836769,4,3930,3911,3771,4015,315142276,6628881,983953,25037
2026-10-02,4795326392,4,698,696,667,723,404233870,646707,1382838,38428
2026-10-02,4807308814,4,1695,1717,1662,1816,1040950759,876263,346115,56131
2026-10-02,4826476142,4,426,428,386,477,105617179,554519,169811,22931
2026-10-02,4833468691,4,386,389,343,441,100831944,215688,35939,16352
2026-10-02,4835576249,2,360,360,321,398,298054747,281917,65295,9167
2026-10-02,4836254499,4,2660,2689,2617,2819,36019781,123545,47864,12407
2026-10-02,4839802560,4,39758,39780,39608,39998,3996888197,15723260,942215,100071
2026-10-02,4849157113,4,337,340,317,368,35762858,177383,35813,8233
2026-10-02,4850044287,4,5743,5750,5575,5940,719818953,1459620,188122,32236
2026-10-02,4851783408,4,590,581,536,608,248105931,237840,134046,26053
2026-10-02,4858558391,4,761,772,743,825,68092704,566766,105063,13766
2026-10-02,4862269388,4,949,952,937,973,142396312,149380,35665,16790
2026-10-02,4864117649,4,1510,1512,1470,1557,439267244,959529,650291,69925
2026-10-02,4871329703,4,788,786,762,806,818332210,555015,398260,98334
2026-10-02,4877714411,1,277,277,277,277,318619063,1064932,203719,26460
2026-10-02,4885171702,4,426,422,370,467,115154762,8398861,34846,19909
2026-10-02,4894729602,2,341,341,339,343,101157923,4253488,74056,6173
2026-10-02,4901806610,4,687,684,666,696,449447890,409144,307912,52237
2026-10-02,4908792642,4,1244,1254,1144,1385,1945220215,8518144,947522,293430
2026-10-02,4917368083,4,1861,1861,1861,1861,,,16625,4833
2026-10-02,4919010625,2,290,290,270,311,137421955,241419,113839,13926
2026-10-02,4924789901,4,4854,4852,4774,4926,118162757,172655,37310,5355
2026-10-02,4925010421,4,988,990,868,1115,92596440,903171,192141,16047
2026-10-02,4925331346,5,3508,3502,3338,3771,327965729,514231,235395,9663
2026-10-02,4931927012,4,3587,3608,3316,3944,766870658,693975,663888,105408
2026-10-02,4931991343,4,344,354,332,398,75580700,3246655,5989,4789
2026-10-02,4933348430,4,440,440,440,440,,,19015,6911
2026-10-02,4938220315,4,1192,1191,1083,1298,480650049,754500,189062,15660
2026-10-02,4944984948,5,4423,4573,4008,5749,303348913,177674,8669,4042
2026-10-02,4948814458,4,939,940,876,1007,356362930,22999577,47367,15026
2026-10-02,4949420752,4,29846,29879,29479,30343,1678186148,797309,490606,89493
2026-10-02,4956911744,4,665,658,623,681,172613927,23245883,10748,5133
2026-10-02,4960950398,4,502,516,480,582,75718326,170996,97083,11213
2026-10-02,4981761600,4,716,711,687,726,35849384,481246,112413,5554
2026-10-02,4983034985,4,17800,17966,15827,20437,286576129,854175,118379,27766
2026-10-02,4987467534,4,1322,1313,1224,1385,211705427,562676,145850,13615
2026-10-02,4987856151,4,4967,4989,4698,5325,125014284,521947,371629,12111
2026-10-02,4990825012,2,316,316,305,327,204813362,8846809,13693,6309
2026-10-02,4990998060,4,518,510,446,557,436060669,20796026,310113,22076
2026-10-02,4991126644,4,2132,2126,2054,2189,3953187,11023,7466,818
2026-10-02,4991821731,4,1156,1176,1106,1285,651572739,931734,101387,19491
2026-10-02,4994161230,4,1463,1463,1463,1463,,,3799,437
2026-10-02,4998493959,5,3201,3423,2774,5094,260117220,19505654,6254,4296
2026-10-02,4998613478,4,541,560,488,668,186004151,347086,163870,7627
2026-10-02,5012222382,4,792,797,774,829,1046022955,1824700,695165,96532
2026-10-02,5012919657,4,468,461,425,484,45636580,61693,24616,2966
2026-10-02,5026122481,4,3114,3100,3032,3140,270973748,888314,165253,17205
2026-10-02,5026970880,4,3079,3075,3040,3103,391142547,6392113,317029,35743
2026-10-02,5027504417,4,528,521,451,576,6558751,57220,20556,2695
2026-10-02,5031482529,4,713,722,648,813,523487297,32100180,18779,14866
2026-10-02,5039839070,4,8890,8846,8116,9489,353053710,519387,303948,40772
2026-10-02,5045757922,2,302,302,292,311,212581420,8737691,7183,2402
2026-10-02,5049569843,4,380,379,373,383,135157985,533027,146081,7069
2026-10-02,5056259915,4,635,646,599,717,59321357,228168,74045,6685
2026-10-02,5074882778,4,734,723,603,819,82248091,86229,15354,4468
2026-10-02,5080118977,4,482,482,395,568,33100084,85806,27569,4110
2026-10-02,5091490171,4,2784,2758,2549,2917,91197357,311417,106986,11703
2026-10-02,5092535555,4,622,622,596,650,74163827,333283,47909,4996
2026-10-02,5096440156,4,910,910,860,958,551651405,664221,145615,30893
2026-10-02,5108158764,4,1132,1130,1110,1148,13428528,192020,57508,4516
2026-10-02,5111507958,4,1035,1033,965,1098,155759645,7726058,111304,9229
2026-10-02,5112244393,4,2770,2745,2658,2783,402471285,2897644,200786,47426
2026-10-02,5114328099,4,496,497,463,534,127422607,99220,61760,6421
2026-10-02,5117983607,4,1938,1950,1918,2008,229530428,183875,114873,17743
2026-10-02,5137182603,4,344,344,344,344,,,151431,9868
2026-10-02,5147512977,2,322,322,303,340,134586215,6103570,10076,2638
2026-10-02,5148099079,4,660,657,616,692,627297270,2126346,363584,143412
2026-10-02,5153268250,4,366,366,352,379,111264156,181244,27165,6501
2026-10-02,5156590883,4,326,320,293,336,75134513,242145,112309,10439
2026-10-02,5166944221,4,6091,6127,5833,6494,1632861530,1767444,2978739,121342
2026-10-02,5174979552,4,894,912,809,1048,91738310,5560347,337631,12477
2026-10-02,5190405772,4,378,380,357,404,109292216,5083637,14398,10341
2026-10-02,5195168716,4,918,906,763,1028,103154290,665726,149337,41184
2026-10-02,5195680485,4,358,358,349,367,73649513,150192,46262,6381
2026-10-02,5200655965,4,682,684,665,707,328683605,443692,241205,71158
2026-10-02,5203828273,4,73381,72935,69128,75849,11088055458,7516608,3984894,414999
2026-10-02,5206433511,4,348,351,339,369,145836531,1914282,260152,48085
2026-10-02,5207621753,4,1022,1026,969,1090,101135824,81592,171132,4664
2026-10-02,5208051158,4,576,579,569,596,171675197,2060349,116733,16589
2026-10-02,5216419122,4,1098,1079,1002,1117,318738071,8980257,200469,42596
2026-10-02,5239362765,4,3168,3159,3095,3203,396167091,500781,169925,69676
2026-10-02,5244979723,4,675,673,535,806,23470277,237082,14952,3337
2026-10-02,5252919404,3,365,350,284,400,118256213,76910,40440,6454
2026-10-02,5254920366,4,3282,3292,3260,3342,1152112531,1037586,294371,50858
2026-10-02,5265857965,4,4259,4260,4175,4346,507113352,5738710,475021,72408
2026-10-02,5265950669,4,1865,1877,1768,2011,302934816,203956,112650,14646
2026-10-02,5269058522,4,476,467,423,492,41349733,185267,49786,7722
2026-10-02,5270259419,4,595,592,543,635,123313376,119033,56936,35376
2026-10-02,5272606478,4,2370,2396,2323,2520,134430577,8850224,227994,18111
2026-10-02,5283219861,4,6268,6298,6116,6538,359928057,288107,75038,10365
2026-10-02,5286749994,2,302,302,299,305,56961448,684852,140671,29129
2026-10-02,5289155961,3,287,296,265,337,114115225,167863,129085,17458
2026-10-02,5295169598,4,709,716,699,746,255450741,2260958,489136,12428
2026-10-02,5326310507,4,432,432,378,487,138491929,7871768,60210,8141
2026-10-02,5329077236,4,424,430,413,459,738854023,1772288,499541,37381
2026-10-02,5329644515,4,466,463,439,482,64523014,86228,7926,1243
2026-10-02,5351168809,4,3174,3153,3070,3195,97884568,97223,8656,2449
2026-10-02,5351931175,4,1687,1662,1574,1698,25552156,330784,89311,4930
2026-10-02,5354625397,2,301,301,293,309,32779634,144256,54918,8441
2026-10-02,5359468080,4,404,403,366,437,210873214,165466,21183,5530
2026-10-02,5361032378,5,34693,34791,34238,35815,2206460782,1022090,1422315,133958
2026-10-02,5365966699,4,1216,1219,1150,1294,121936204,145060,46373,6023
2026-10-02,5367389312,4,3980,3962,3900,3989,401751181,2067226,167985,14454
2026-10-02,5369242581,4,343,346,334,364,77087050,1146304,52046,15459
2026-10-02,5371127625,4,701,701,686,717,93536037,32392,42534,5180
2026-10-02,5371687033,4,744,738,713,754,9082383,108774,28786,14773
2026-10-02,5385674359,4,2180,2168,2073,2240,524535667,376040,270516,103018
2026-10-02,5403859973,2,308,308,300,317,28255916,260481,62369,8142
2026-10-02,5407131262,4,1318,1317,1283,1347,259413182,751925,175468,32861
2026-10-02,5421899973,4,1407,1396,1329,1441,388361225,14178982,372210,28509
2026-10-02,5422546686,4,3552,3498,3259,3631,368254049,2248826,485186,21924
2026-10-02,5432177771,4,318,318,284,352,48593902,44525,22373,10913
2026-10-02,5451143054,4,4102,4116,3808,4450,254036422,3570899,261392,55276
2026-10-02,5455619189,4,712,717,661,783,73344012,189777,93959,18341
2026-10-02,5456952508,4,2196,2181,2092,2239,112073170,209200,84499,23495
2026-10-02,5479285260,2,354,354,336,373,58196886,10315969,4993,2527
2026-10-02,5479908441,2,328,328,319,338,755651356,393960,497998,27530
2026-10-02,5484165112,4,553,537,482,561,219492673,12947076,115008,10809
2026-10-02,5485660832,4,463,462,439,482,124639813,69372,11242,2982
2026-10-02,5488708927,4,386,383,365,395,7481429,21550,5852,978
2026-10-02,5492723512,4,721,714,689,727,86552660,1834599,56403,18454
2026-10-02,5493012775,4,656,666,644,708,100242558,1687745,106571,42162
2026-10-02,5508238359,4,3114,3116,3064,3169,116847157,1986814,65583,20523
2026-10-02,5518683179,4,592,590,576,600,108714342,466704,230401,8176
2026-10-02,5526272622,4,334,330,303,347,72336805,52154,19408,6200
2026-10-02,5544551093,4,1368,1361,1318,1390,246152776,507119,260981,22972
2026-10-02,5549835355,4,672,663,604,704,115406317,247099,287053,7075
2026-10-02,5550530788,4,693,692,672,709,535841527,188300,68059,21605
2026-10-02,5554050692,3,307,302,272,328,30020533,45805,18347,4294
2026-10-02,5568657754,4,1116,1117,1064,1172,49956987,97285,30603,5487
2026-10-02,5569032992,4,379800,385777,339126,444382,7481875458,4666426,1697596,256082
2026-10-02,5576890130,4,1204,1202,1078,1321,171497458,7463808,21976,10311
2026-10-02,5576955991,4,1510,1518,1437,1613,92838316,232947,198479,7108
2026-10-02,5578556129,5,15797,16026,15721,17064,2056802009,1995028,2588290,87362
2026-10-02,5580972377,4,3471,3469,3253,3681,147042859,611942,690980,24973
2026-10-02,5582285009,4,530,530,530,530,,,77285,18462
2026-10-02,5595353122,4,123828,123473,121769,124465,90423792,468902,893351,17964
2026-10-02,5597371866,4,322,325,296,362,38011668,96443,232773,10695
2026-10-02,5599532653,4,388,391,377,411,97832362,105049,48216,9007
2026-10-02,5611522097,4,393,393,383,402,70564063,1401663,65903,17210
2026-10-02,5615055859,4,2229,2229,2229,2229,,,24570,4279
2026-10-02,5617259335,4,471,476,469,495,8736749,29271,8279,1427
2026-10-02,5620182793,4,1076,1064,963,1139,598812211,2387832,232224,51930
2026-10-02,5620725145,4,533,537,486,595,67425477,86127,23492,10111
2026-10-02,5625220213,4,776,796,763,872,76015756,43003,26957,18501
2026-10-02,5633615594,4,728,724,679,764,27180102,145027,28222,4727
2026-10-02,5650396773,4,9988,9978,9089,10849,2571382304,2312169,2029214,223793
2026-10-02,5654670037,1,286,286,286,286,183007000,821910,129667,24692
2026-10-02,5665943560,4,2242,2241,2062,2417,144835978,17290560,18225,3633
2026-10-02,5665954430,4,547,544,506,577,93150575,933928,217267,15839
2026-10-02,5666473198,4,6484,6447,6125,6694,440270862,141652,105686,18904
2026-10-02,5668114043,4,998,1000,946,1058,248082693,756566,171455,25250
2026-10-02,5668874170,4,466,461,443,470,26344313,42163,17316,8076
2026-10-02,5677613211,4,2308,2295,2202,2361,629434794,28226674,1101875,61280
2026-10-02,5678284602,4,760,760,744,774,153126328,886137,477435,24736
2026-10-02,5683563195,4,663,664,599,729,169162979,251087,168095,13307
2026-10-02,5688684783,4,1253,1267,1236,1325,143855714,13459641,29446,6283
2026-10-02,5698013839,4,360,355,321,380,72461410,284644,153999,10339
2026-10-02,5700160823,4,306,314,285,361,56604343,3486069,11109,3665
2026-10-02,5709370512,4,299,306,297,328,387501516,594319,64276,27739
2026-10-02,5720553711,4,8608,8549,8257,8723,762891612,3148218,241538,22427
2026-10-02,5728147388,4,1320,1323,1222,1432,295923765,343715,114907,18350
2026-10-02,5731967654,4,816,816,761,873,188935791,333947,95362,22834
2026-10-02,5747152246,4,396,395,370,417,60781711,1766986,16907,4292
2026-10-02,5750914919,5,66225,67501,65426,73583,4966848989,3655093,3033405,308955
2026-10-02,5753515186,4,404,396,327,449,64432663,345137,69851,26302
2026-10-02,5782268341,4,740,748,648,866,46198461,435744,70104,7248
2026-10-02,5795519964,4,1022,1024,949,1102,160314582,67975,12260,5542
2026-10-02,5803199989,3,312,312,293,332,161711777,639885,55330,16060
2026-10-02,5805053299,4,1098,1111,1087,1159,136470407,326658,84235,9073
2026-10-02,5806843156,4,1680,1689,1664,1731,176522167,209549,49816,11546
2026-10-02,5807622548,4,2139,2125,1904,2317,323011285,408680,199807,14486
2026-10-02,5812546130,4,546,563,534,626,25793449,65233,22472,5764
2026-10-02,5819738730,4,316,315,304,323,25449543,176133,116550,7896
2026-10-02,5822068820,4,2035,2014,1941,2045,171371788,438228,105028,9027
2026-10-02,5827120940,1,285,285,285,285,197342679,3789981,359471,11248
2026-10-02,5829613337,4,2580,2596,2496,2726,370529932,890388,359647,28641
2026-10-02,5830262966,4,1080,1059,902,1174,304551343,1216531,246487,17290
2026-10-02,5835368537,4,684,685,658,715,158477447,139599,111946,16357
2026-10-02,5841858050,2,302,302,281,323,39546832,163461,37234,4305
2026-10-02,5844427042,4,1784,1763,1568,1916,84837386,2220913,42755,9832
2026-10-02,5845755850,4,536,533,510,549,125762434,3400701,43056,10094
2026-10-02,5851294352,4,654,653,648,656,8160047,119568,27508,760
2026-10-02,5866227438,4,1182,1181,1167,1194,369489227,10659087,650377,18313
2026-10-02,5866486371,4,314,314,313,318,15732473,65700,25204,1936
2026-10-02,5867087288,1,291,291,291,291,46572515,50196,7120,2679
2026-10-02,5877971206,4,390,379,329,408,65104578,207315,74029,10937
2026-10-02,5885971085,4,1089,1089,1089,1089,,,35218,8688
2026-10-02,5887211857,4,3014,2994,2827,3120,304305904,215619,40221,5603
2026-10-02,5896294411,2,334,334,319,350,158589038,319158,42400,10303
2026-10-02,5903289376,4,1313,1319,1181,1470,91611921,212416,34048,4269
2026-10-02,5905501282,2,340,340,334,346,84785954,1756494,108210,25750
2026-10-02,5910910774,4,470,465,427,493,120281427,180672,130464,10727
2026-10-02,5927446137,4,523,534,506,583,47691800,617630,48459,11158
2026-10-02,5939817752,4,351,356,317,404,72362086,383199,120291,13521
2026-10-02,5944821008,4,1942,1948,1790,2117,60195485,419018,16380,6724
2026-10-02,5972059550,4,2356,2349,2261,2423,830476799,3946574,1111433,40369
2026-10-02,5974510967,4,354,355,326,385,16516935,156038,63765,3809
2026-10-02,5974860429,4,1134,1139,1124,1166,151686955,127671,76887,9308
2026-10-02,5995470825,4,25102,25024,24252,25642,1322573352,21860907,1859821,108607
2026-10-02,6010232141,4,5099,5073,4944,5151,382509665,356248,99640,30372
2026-10-02,6011188518,4,524,522,506,533,46690183,230148,136163,8961
2026-10-02,6015491985,5,2253,2372,1827,3415,377739317,229067,88819,11625
2026-10-02,6017624138,4,2756,2769,1991,3574,131211984,805483,40942,4150
2026-10-02,6019027471,4,2634,2611,2495,2682,352678913,11249853,52281,7337
2026-10-02,6026405541,4,1104,1090,1003,1148,57482142,133924,40901,6045
2026-10-02,6035872082,4,158162,157759,154876,159834,18483699479,93591644,10683868,719527
2026-10-02,6048923315,4,1080,1088,1073,1118,107091997,219701,195371,14420
2026-10-02,6049736902,4,1469,1468,1406,1527,85422452,114204,66518,7651
2026-10-02,6061766680,4,3649,3741,3382,4283,567374118,602251,313260,81059
2026-10-02,6069634717,4,2048,2044,1984,2096,192073420,259455,407310,11633
2026-10-02,6072944764,4,1281,1288,1273,1315,59917504,73414,36655,4601
2026-10-02,6083162964,4,970,985,940,1061,52483428,121904,46313,4875
2026-10-02,6097519616,4,857,852,828,867,126254598,531518,328901,32287
2026-10-02,6100103590,4,2097,2088,1954,2204,2525325,37990,7187,794
2026-10-02,6102954168,2,311,311,285,337,13445293,1788924,27283,13628
2026-10-02,6113928308,4,1515,1524,1498,1570,89637518,472242,136325,10667
2026-10-02,6118645803,4,560,564,550,587,24006268,190841,17510,3622
2026-10-02,6119928106,4,448,456,433,495,31808391,77775,12392,3591
2026-10-02,6128091457,4,2985,2979,2870,3077,396375293,43957901,156730,11374
2026-10-02,6136243726,4,2699,2702,2527,2884,295024591,182254,25284,13012
2026-10-02,6144216261,4,328,330,305,358,41306208,70663,36255,1994
2026-10-02,6146194050,1,278,278,278,278,106985915,320178,82547,19158
2026-10-02,6149186864,4,779,782,775,795,31907155,258931,124603,32184
2026-10-02,6153964325,4,1179,1166,1060,1245,191701911,536721,52872,18402
2026-10-02,6154386310,4,812,807,777,826,48446545,212711,54206,15383
2026-10-02,6155282395,4,610,606,570,634,91548099,2849425,37423,12446
2026-10-02,6161049307,4,2108,2122,2063,2210,237340871,984438,758953,24974
2026-10-02,6163740913,4,475,474,438,509,259529980,5523321,268216,47964
2026-10-02,6163884815,4,1587,1590,1528,1660,166484621,19889153,2181,1181
2026-10-02,6164853651,4,1164,1148,1062,1199,272732698,225245,45407,11384
2026-10-02,6167925365,4,1392,1392,1392,1392,,,25974,2031
2026-10-02,6170013953,4,396,404,384,441,154594812,1448864,83157,36904
2026-10-02,6170143659,4,4372,4358,4221,4467,870645929,1236110,350287,16048
2026-10-02,6174994284,4,3756,3781,3720,3892,208662488,351197,298658,19594
2026-10-02,6176333237,4,428,428,382,475,116662667,42561,8673,970
2026-10-02,6190071862,4,2234,2220,2137,2272,68866642,230637,82953,11499
2026-10-02,6190248755,4,911,907,876,930,80824609,65668,3950,2137
2026-10-02,6190384723,4,458,454,435,466,103213021,554402,33940,5460
2026-10-02,6200551119,2,292,292,278,307,26043109,842997,64937,17105
2026-10-02,6215464786,4,1540,1545,1535,1565,437788237,10581472,140619,27748
2026-10-02,6215986499,4,1038,1040,1028,1055,10798813,752931,271165,4386
2026-10-02,6216142007,4,594,593,550,635,58755490,197012,67983,11859
2026-10-02,6216468795,4,334,335,323,350,156385646,235547,551487,15077
2026-10-02,6221848978,4,344,342,271,409,47510814,451655,93001,16713
2026-10-02,6229706789,4,1248,1248,1248,1248,,,2789,522
2026-10-02,6231868526,4,357,356,341,368,7140835,38128,12516,2423
2026-10-02,6236162143,4,386,386,386,386,,,47973,8845
2026-10-02,6238541028,4,572,578,558,609,108831417,94976,29679,18016
2026-10-02,6239989165,4,346,348,333,369,45578242,64379,29361,3842
2026-10-02,6247557414,4,446,451,435,476,201478496,2341699,86886,20957
2026-10-02,6268803418,4,814,838,784,941,79682355,167767,42027,26960
2026-10-02,6275120808,4,1883,1870,1814,1899,269724721,386499,244852,71626
2026-10-02,6280758286,4,1188,1203,994,1443,55982324,42855,35130,4947
2026-10-02,6283720248,4,556,558,531,587,60679594,145647,70763,8802
2026-10-02,6289989379,4,320,320,299,341,158487036,22947698,22926,11812
2026-10-02,6317476162,4,941,940,924,952,119870811,145242,125105,7742
2026-10-02,6318887244,4,897,908,756,1083,155426710,1142865,181975,6449
2026-10-02,6324644175,4,5192,5191,5080,5299,65160330,351851,150650,19719
2026-10-02,6325068386,4,18346,18343,17878,18803,4976336442,6273420,10227013,356573
2026-10-02,6329693946,4,1404,1405,1253,1557,89071967,239561,113229,10448
2026-10-02,6331902150,4,55466,55384,53612,56993,5767664200,3223347,2386543,439631
2026-10-02,6332376065,4,1445,1430,1377,1451,55147236,2228194,7161,1262
2026-10-02,6332490386,2,315,315,304,326,59231967,39412,3713,1707
2026-10-02,6336741296,4,3713,3670,3317,3935,128631857,7252831,345946,13386
2026-10-02,6353751159,4,4012,4021,3946,4114,134754403,224703,105150,5338
2026-10-02,6369934270,4,4578,4495,3896,4926,805507794,9674417,373692,59232
2026-10-02,6371309794,4,2830,2902,2623,3325,757392658,482934,220778,63835
2026-10-02,6375110339,4,2240,2237,2137,2332,153143339,105331,70376,6161
2026-10-02,6389489439,4,492,495,488,508,162372042,20107215,7474,2367
2026-10-02,6399835454,2,306,306,305,307,32712233,285939,31745,2348
2026-10-02,6413074235,4,1476,1496,1364,1667,164946756,353342,101587,13087
2026-10-02,6417098982,4,373,373,373,373,,,47007,4274
2026-10-02,6417564879,4,3179,3151,3012,3235,430556905,414005,134841,24943
2026-10-02,6421358579,4,1354,1359,1230,1498,83912367,91724,43183,5317
2026-10-02,6421821251,4,686,711,628,842,108748603,5299892,280321,7972
2026-10-02,6431828693,4,1075,1098,1061,1181,139256155,443849,131684,5789
2026-10-02,6443367640,4,7494,7511,6942,8114,712683234,6948247,254339,20551
2026-10-02,6451948378,4,1053,1056,1022,1098,138259349,963176,68261,15367
2026-10-02,6466404775,4,1980,1984,1962,2014,77896526,141132,251990,11972
2026-10-02,6466802953,2,251,251,225,277,77485135,588343,47092,5951
2026-10-02,6467516221,2,299,299,298,300,65969045,2567445,28483,5253
2026-10-02,6487579144,4,1209,1196,1049,1319,30873918,54966,14302,3465
2026-10-02,6491900489,4,1060,1051,1006,1079,577849173,451451,60575,21171
2026-10-02,6495484417,4,1079,1069,929,1189,150872483,10997998,29126,6628
2026-10-02,6500439907,4,494,494,449,539,48492906,159096,48001,13268
2026-10-02,6500938341,4,1171,1170,1058,1281,75519277,1334043,220932,4656
2026-10-02,6504986360,4,5234,5236,5206,5273,608309123,291671,494331,16369
2026-10-02,6505212049,4,440,425,363,458,195359049,463305,299970,16628
2026-10-02,6505338302,4,2853,2788,2205,3239,132941264,97203,69643,10767
2026-10-02,6508759464,4,1626,1624,1541,1702,456522163,1056132,500032,37556
2026-10-02,6521100398,4,19314,19240,18950,19380,339690166,573172,262427,13656
2026-10-02,6530766336,4,800,794,738,839,92029314,45554,7179,2398
2026-10-02,6535370051,3,315,315,290,341,45096176,5203164,24446,2141
2026-10-02,6568417585,4,2868,2848,2685,2971,223539826,1067599,173510,12951
2026-10-02,6579282112,4,839,834,774,884,119991346,8645704,10158,2433
2026-10-02,6583326485,4,2822,2808,2616,2970,138230193,218891,90733,22614
2026-10-02,6593208232,4,338,340,309,376,44582569,53168,42632,11034
2026-10-02,6593476325,4,2928,2908,2807,2968,171044495,305426,228973,23138
2026-10-02,6594435384,4,1082,1106,975,1282,684686722,2924992,1553163,36247
2026-10-02,6595926329,4,352,352,352,352,,,38256,4735
2026-10-02,6596627293,4,524,522,477,562,43002671,1184613,80346,5847
2026-10-02,6599600818,4,1213,1219,1158,1291,121405977,4070372,207688,5935
2026-10-02,6601115643,4,1748,1762,1667,1887,178211582,3631785,237760,10508
2026-10-02,6619936488,4,2120,2142,2032,2297,40665225,121541,39041,6349
2026-10-02,6621384161,4,358,355,325,379,86307587,2827209,78599,4066
2026-10-02,6623153829,3,347,301,207,350,131684522,175898,57495,8693
2026-10-02,6628327758,4,698,696,670,717,30091548,40622,30386,2849
2026-10-02,6635513269,4,6262,6285,5788,6828,6891503,49770,69870,2085
2026-10-02,6638489184,4,650,646,604,682,25497645,698922,3037,1327
2026-10-02,6646518350,4,374,377,341,420,262843866,354573,33609,5824
2026-10-02,6649845578,4,854,841,786,872,57008994,4329077,101165,5736
2026-10-02,6651302260,4,1970,1962,1886,2021,430868931,3463779,250822,20507
2026-10-02,6651491108,4,552,561,536,606,69623195,104894,147655,11801
2026-10-02,6657933195,4,1232,1253,1090,1458,288624913,1063786,369363,27358
2026-10-02,6671012142,4,429,428,393,463,18555691,449699,35033,5506
2026-10-02,6676099788,4,816,809,776,830,67260954,86585,47233,4856
2026-10-02,6676452674,4,614,615,590,642,137452502,153893,127043,10447
2026-10-02,6682487255,5,5750,6073,5410,7503,519077874,232019,426020,10867
2026-10-02,6683166603,4,398,409,378,464,35465331,2028315,24915,1425
2026-10-02,6688157118,4,2996,2985,2861,3086,531237090,1705063,63515,30397
2026-10-02,6690355795,4,1318,1318,1288,1349,32145346,414291,69486,2053
2026-10-02,6691764291,4,639,639,639,639,,,48221,7090
2026-10-02,6696082534,4,611,611,611,611,,,4043,681
2026-10-02,6701277882,4,74638,74588,74203,74872,4763542101,1292073,1344414,278247
2026-10-02,6707924214,4,916,918,901,938,181806583,3456117,367300,8673
2026-10-02,6709042729,2,285,285,267,303,46957165,417382,28355,7225
2026-10-02,6710993025,4,365,365,343,388,60293693,1588957,7328,2065
2026-10-02,6714256816,4,558,564,552,585,64243017,138429,125042,7039
2026-10-02,6717464085,4,414,414,386,441,44793723,327730,81081,13238
2026-10-02,6725604380,4,506,513,444,596,4524841,17673,6418,5636
2026-10-02,6726637224,4,3038,3040,2966,3116,173648301,1642713,167653,25041
2026-10-02,6736482454,4,485,480,446,506,227223775,3807161,965543,40238
2026-10-02,6738135827,4,784,789,763,824,69357433,379329,70716,21713
2026-10-02,6739698191,4,28928,29000,25876,32266,1519787496,1637867,758728,55463
2026-10-02,6745933496,4,1029,1053,960,1193,42273656,127106,34186,12778
2026-10-02,6749060816,4,6088,6110,6021,6246,290568081,1906482,301831,60371
2026-10-02,6751400610,4,924,940,810,1099,319227232,7550531,66872,19894
2026-10-02,6751447237,4,2556,2529,2332,2673,155121620,348858,261498,8938
2026-10-02,6752499006,2,306,306,298,314,5582732,449525,1043,911
2026-10-02,6759889410,4,1032,1030,1000,1055,68098687,79621,43159,3783
2026-10-02,6760085372,4,6059,6059,6024,6093,125517369,209790,221841,10895
2026-10-02,6765805766,4,22545,22564,22091,23074,1266435168,986696,275865,75335
2026-10-02,6770632849,4,618,621,585,663,141709179,488719,516277,36417
2026-10-02,6774320049,4,18206,18132,17864,18254,271195530,947876,84444,11530
2026-10-02,6777528662,4,490,501,481,544,61467725,515226,183340,14033
2026-10-02,6780150139,2,317,317,307,327,23525436,161459,109618,12544
2026-10-02,6786784563,4,1412,1407,1357,1448,33197392,646483,132796,3982
2026-10-02,6787216875,4,1152,1147,1066,1218,211520116,131112,63756,15802
2026-10-02,6787644864,4,1908,1914,1862,1979,115920504,189710,52079,5029
2026-10-02,6795084137,3,317,304,270,325,137828522,9914663,59711,4961
2026-10-02,6797677834,4,474,472,418,521,115677486,16434645,4320,1099
2026-10-02,6805295218,4,404,415,402,449,35415019,129221,19776,3749
2026-10-02,6818915584,4,1246,1252,1170,1345,497952329,44583379,37526,10204
2026-10-02,6824865908,4,486,486,486,486,,,7315,4516
2026-10-02,6845400164,4,566,568,549,590,69437477,584727,35526,9100
2026-10-02,6858584271,4,1406,1396,1232,1540,44811296,64535,35694,4975
2026-10-02,6862378638,2,327,327,320,334,3193440,78553,17315,2115
2026-10-02,6920090082,4,374,376,343,416,29383749,708878,336341,17435
2026-10-02,6931042565,4,41552,41592,41450,41811,3909812175,5381514,2561432,129148
2026-10-02,6935083490,4,926,930,910,960,103026766,315367,664220,20610
2026-10-02,6936784768,4,1644,1623,1481,1722,67771175,3384145,68889,17173
2026-10-02,6937137675,4,1590,1605,1541,1701,109159781,153521,23793,4364
2026-10-02,6940206974,4,1784,1769,1693,1816,46959434,3490665,11836,2717
2026-10-02,6945584306,4,13410,13434,12856,14057,581743466,651300,1610624,53451
2026-10-02,6961334611,4,675,664,622,683,96728337,304186,160231,4520
2026-10-02,6964415405,4,434,431,417,438,50694109,148040,43863,14959
2026-10-02,6983536246,4,958,949,875,1007,59554509,203070,55557,4622
2026-10-02,6996253752,4,470,462,422,487,17180911,113028,51026,2198
2026-10-02,7000924848,2,282,282,260,304,172647918,178991,41368,2986
2026-10-02,7005891584,4,1458,1458,1449,1467,286599667,21632332,138589,10543
2026-10-02,7008097940,4,12127,12054,11768,12193,3338574431,22367396,1245600,326692
2026-10-02,7009714292,4,372,368,333,394,86825429,457301,95982,11817
2026-10-02,7015341259,4,2416,2412,2355,2459,44068553,31349,19761,3905
2026-10-02,7018190066,4,14620,14605,14504,14676,6586585817,6121392,3346610,268493
2026-10-02,7023305701,4,474,473,429,516,525494236,36164605,397371,47350
2026-10-02,7028566528,4,7298,7301,7226,7382,1144217440,2231320,7111744,124014
2026-10-02,7030416430,4,348,348,300,395,94660383,7757331,544767,68664
2026-10-02,7037673488,4,534,534,521,548,4939005,5759,5208,976
2026-10-02,7037902226,4,870,866,843,882,20736557,121775,48932,5929
2026-10-02,7058980030,5,5056,4990,4576,5231,629765703,1052085,676622,34316
2026-10-02,7069852763,4,1736,1767,1470,2126,126384003,202170,68949,13222
2026-10-02,7072674902,4,384,387,277,503,41030831,243031,54610,9472
2026-10-02,7073604286,4,1812,1816,1715,1928,429828039,444418,39771,32488
2026-10-02,7076793942,4,400,402,376,434,87982284,215771,523501,16345
2026-10-02,7079152534,4,321,325,295,362,75639018,4121935,88784,12763
2026-10-02,7081611770,4,669,654,604,672,236483988,5216990,24441,7435
2026-10-02,7082244450,4,482,486,473,506,46600684,185381,39184,5415
2026-10-02,7082423811,4,1315,1320,1211,1441,300821050,1589019,328605,16803
2026-10-02,7084172542,4,354,350,338,355,1874848,39333,12069,1192
2026-10-02,7089588429,4,2786,2783,2650,2910,614193026,3074291,190511,8640
2026-10-02,7091353712,3,288,293,287,305,18168087,49769,12903,4666
2026-10-02,7091388561,4,654,633,559,665,133302682,118299,166407,14142
2026-10-02,7094518649,5,11202,11760,10338,15294,373022920,897164,390182,19234
2026-10-02,7101140819,4,736,742,720,776,32428544,117721,60005,9190
2026-10-02,7108384194,4,12122,12052,11110,12857,393453026,711946,133121,22442
2026-10-02,7113705633,4,352,357,340,385,19556410,472056,360663,8322
2026-10-02,7114126212,1,280,280,280,280,72079520,2025125,58429,5058
2026-10-02,7114667385,4,1316,1321,1292,1360,79695608,64941,6383,1483
2026-10-02,7115773109,4,1542,1527,1437,1589,282214528,1034699,635625,37213
2026-10-02,7118588325,4,312,312,302,325,78655724,284806,211364,15704
2026-10-02,7120911607,4,1059,1060,946,1176,81107684,526235,109939,6354
2026-10-02,7127084123,5,4291,4457,3864,5820,159472262,340557,155956,15193
2026-10-02,7128163167,4,1168,1174,1152,1208,81989387,138505,33576,4465
2026-10-02,7128251171,4,805,814,720,926,102367168,234928,197320,16967
2026-10-02,7139435866,4,572,569,550,583,43458115,2805621,4355,1830
2026-10-02,7139547730,3,325,321,310,329,54196346,902598,90542,6165
2026-10-02,7141367886,4,701,701,701,701,,,15732,4587
2026-10-02,7143545906,4,708,704,656,742,88871468,212579,260027,17036
2026-10-02,7145230420,4,418,430,382,504,51598617,1042330,6121,4419
2026-10-02,7155018773,4,3106,3085,2949,3179,175984534,3914019,24200,5409
2026-10-02,7178032757,4,6783,6786,6599,6978,244616903,152378,232087,5900
2026-10-02,7191432947,1,293,293,293,293,77763622,441451,109722,8240
2026-10-02,7208219743,4,1700,1697,1672,1716,12639891,141364,23050,5672
2026-10-02,7212930772,4,1024,1026,1004,1050,192972241,147955,132572,12442
2026-10-02,7219654364,4,67164,66827,63177,69803,1856890765,16700858,262319,38348
2026-10-02,7229780065,4,611,607,543,662,152469327,778734,115461,21697
2026-10-02,7232697205,4,346,351,331,382,95848029,128857,39777,12212
2026-10-02,7243236309,4,844,842,830,852,68531404,594304,51625,18628
2026-10-02,7247232515,4,499,497,467,522,27168549,1084154,16866,2300
2026-10-02,7258574494,1,269,269,269,269,23049815,14798,5637,1044
2026-10-02,7261493599,4,426,435,419,470,225301449,306765,325522,19715
2026-10-02,7264587281,4,4326,4335,4247,4440,404131806,1990149,126740,38555
2026-10-02,7265339759,4,1037,1033,1002,1055,66505998,358492,142136,15059
2026-10-02,7265977477,4,1602,1612,1490,1754,120411407,8899579,92589,4810
2026-10-02,7266261686,4,385,377,326,413,23647544,49558,13390,4684
2026-10-02,7267853694,4,370,375,359,400,8549594,42022,4911,1486
2026-10-02,7274244096,4,4600,4596,4412,4774,154980907,938206,90964,8341
2026-10-02,7283491781,4,1558,1555,1522,1582,61072133,125117,55927,9313
2026-10-02,7284582661,4,395,398,385,417,148853289,382487,75116,15493
2026-10-02,7289427971,4,312,298,243,327,200074878,1516676,80033,32822
2026-10-02,7290225649,4,512,516,504,537,74827086,7700958,4573,1692
2026-10-02,7294208165,4,300,293,265,305,211903144,310999,242023,21034
2026-10-02,7307246329,4,455,454,440,468,206305631,2348518,265194,45591
2026-10-02,7317454210,4,838,837,787,886,68458456,69944,37950,16769
2026-10-02,7325821778,4,364,372,350,408,23196106,153523,40050,4275
2026-10-02,7326934954,4,148466,148636,140279,157334,29814515130,9724116,5418458,569629
2026-10-02,7332711118,4,1834,1903,1813,2131,1887023833,2479679,1977757,65372
2026-10-02,7339682753,4,940,941,908,974,77906507,5836837,20202,3188
2026-10-02,7344582593,4,2155,2154,2125,2182,337917892,657203,377065,55134
2026-10-02,7346697338,4,478,468,429,485,127214418,96073,93657,20878
2026-10-02,7350402084,4,636,642,626,667,14443768,23424,8530,1352
2026-10-02,7356195012,4,808,798,730,847,178899095,4878760,245081,42156
2026-10-02,7359962123,4,3234,3224,3182,3248,57301872,273006,87913,5213
2026-10-02,7364297396,4,2356,2350,2272,2414,463612047,680105,107053,16501
2026-10-02,7372152033,4,784,798,768,859,33532711,58844,17004,6340
2026-10-02,7373459570,4,449,444,397,483,166902605,3618218,315135,5836
2026-10-02,7373989866,1,283,283,283,283,186863165,140895,102182,4224
2026-10-02,7374930268,4,486,486,420,551,6466286,282045,3059,569
2026-10-02,7378605382,4,776,770,734,793,74411871,81905,34508,16255
2026-10-02,7381952833,4,735,738,695,789,113429091,229878,30534,7730
2026-10-02,7383133134,4,524,537,494,604,116854559,877956,34951,4984
2026-10-02,7391615616,4,394,394,372,416,23774300,1392454,129713,5720
2026-10-02,7395930870,4,14078,14120,13827,14496,464977426,496667,355212,20148
2026-10-02,7396511690,4,484,484,444,524,41094205,1418666,94665,15275
2026-10-02,7398552394,4,14196,14259,12432,16211,255759999,396888,130264,15406
2026-10-02,7407722254,3,320,340,293,408,36799060,48213,7619,1526
2026-10-02,7411615879,4,1098,1094,1049,1130,39628567,53669,21842,1590
2026-10-02,7414497778,4,2775,2782,2456,3121,78088776,198679,71094,13797
2026-10-02,7429689898,4,368,367,308,424,512354554,819005,1433328,79421
2026-10-02,7434179990,5,4277,4376,3961,5112,254276686,8893547,388111,13237
2026-10-02,7435020231,4,390,394,367,428,34367083,120274,72207,6932
2026-10-02,7436755782,5,14807,16044,14589,20692,35951664870,11433332,9423882,1053476
2026-10-02,7447878628,4,1580,1584,1548,1626,68552590,152432,40473,4545
2026-10-02,7448595637,4,534,534,508,562,41557059,1399309,7758,3171
2026-10-02,7450124099,4,1010,1011,924,1100,143223863,806830,85046,11950
2026-10-02,7450497506,4,3974,4030,3901,4271,225296493,1622092,215094,13255
2026-10-02,7453941040,4,1574,1579,1536,1632,205091295,366281,59224,13435
2026-10-02,7462622504,4,403,397,322,460,44885069,78375,19378,4280
2026-10-02,7468338447,4,422,426,375,483,342896950,2562286,295912,13803
2026-10-02,7473164424,2,274,274,258,290,50302666,856818,116609,14875
2026-10-02,7474367816,4,4424,4448,4208,4736,1116004460,1429672,1299757,36585
2026-10-02,7483856345,4,840,853,828,906,105891751,5411817,43632,17673
2026-10-02,7488668004,4,6725,6734,6604,6882,347246134,448325,139237,11576
2026-10-02,7497471789,4,3964,3920,3712,4041,92928622,303341,148551,5057
2026-10-02,7497802350,4,932,926,842,998,101368074,148890,136075,12343
2026-10-02,7498898979,4,1589,1571,1487,1620,78717026,280295,63318,6979
2026-10-02,7510907928,4,380,377,323,423,30173454,129056,38737,11497
2026-10-02,7518216173,1,290,290,290,290,73922145,65252,51532,4682
2026-10-02,7521520342,4,1130,1104,1004,1151,275595373,257693,119589,27131
2026-10-02,7528417535,4,1988,1960,1831,2034,60746724,1551596,24987,5955
2026-10-02,7534782259,4,556,554,505,596,112531029,53620,39373,10713
2026-10-02,7541395924,4,870,880,829,953,189587542,3568490,377506,16771
2026-10-02,7546582051,4,638,632,593,657,284905517,496500,269523,10289
2026-10-02,7547226895,4,340,340,340,340,,,38467,1653
2026-10-02,7554119808,4,16412,16393,15949,16798,436435777,5469371,156165,15304
2026-10-02,7557272025,4,1062,1064,935,1197,51583445,352754,50946,10250
2026-10-02,7561154969,4,478,476,439,507,60360226,118359,36932,10122
2026-10-02,7569509385,4,946,949,884,1021,95253454,542192,109898,15683
2026-10-02,7577791613,4,935,919,838,968,112855283,606128,59445,23032
2026-10-02,7585140258,4,16850,17090,15911,18748,135831106,635668,384923,15264
2026-10-02,7599404611,4,456,459,442,480,13744042,114009,33275,1907
2026-10-02,7613921865,5,5353,5417,5293,5763,799925521,212490,271224,12049
2026-10-02,7613970129,4,1041,1037,945,1120,65894362,169221,70373,6117
2026-10-02,7623259179,4,3701,3700,3626,3772,86324943,292749,123072,8149
2026-10-02,7628118889,4,1996,1990,1926,2043,295925977,779189,125889,18406
2026-10-02,7629331599,4,5129,5155,5067,5296,265882756,477379,334738,12438
2026-10-02,7633926880,4,7772,7809,6447,9245,283675082,927381,611373,34260
2026-10-02,7641240255,4,570,570,557,585,36807975,2558634,3250,834
2026-10-02,7646154613,4,1408,1419,1359,1499,312361088,244016,68675,21842
2026-10-02,7651243549,4,396,386,346,409,139362747,9297206,55410,4204
2026-10-02,7656769029,4,420,423,414,439,6027192,78739,28221,2398
2026-10-02,7658304545,4,734,732,712,749,71352385,360657,340355,9590
2026-10-02,7658676858,4,888,897,839,974,368538981,27195154,989497,71780
2026-10-02,7658839393,4,358,357,351,360,75023123,1671276,255889,6331
2026-10-02,7661378108,4,898,864,704,956,6160061,13335,2242,784
2026-10-02,7661385356,4,537,543,518,581,53358731,213890,62417,9949
2026-10-02,7663926977,4,339,339,337,342,43121550,2406513,101311,8057
2026-10-02,7665084235,4,624,620,592,642,24067458,313672,56450,5630
2026-10-02,7671049560,4,1708,1713,1650,1785,1031693081,1035235,1564493,92091
2026-10-02,7673659635,4,3023,3028,2855,3210,141386467,336088,173732,30013
2026-10-02,7677035096,4,382,377,344,400,6132999,79032,5408,1701
2026-10-02,7685678300,4,6543,6451,5591,7126,284056717,758384,332916,20417
2026-10-02,7687524641,4,1328,1314,1217,1385,42327376,113160,39504,5776
2026-10-02,7690412163,2,306,306,303,310,87339498,210876,49047,5062
2026-10-02,7691800287,2,314,314,286,341,100781147,3133119,52670,15397
2026-10-02,7703544118,4,366,363,304,415,85290060,1514470,1072217,17600
2026-10-02,7703614594,4,3702,3712,3686,3759,807211732,482245,1427252,25814
2026-10-02,7706951053,4,448,444,400,479,74093061,748496,51371,14434
2026-10-02,7707504980,4,684,722,640,882,35043708,1496302,58613,2990
2026-10-02,7709344486,5,95504,92665,87340,96603,73767501126,29464014,15442218,2686987
2026-10-02,7720654467,5,2734,2717,2574,2875,97120930,258599,39969,4887
2026-10-02,7721537973,4,613,618,588,659,98747129,85028,11340,3481
2026-10-02,7729029844,4,356,349,322,363,12803848,58728,15922,4243
2026-10-02,7735580090,4,316,311,286,326,171044812,12289850,19037,10815
2026-10-02,7738524573,4,3348,3354,3327,3391,174821677,167433,105527,9576
2026-10-02,7738927312,4,727,728,714,743,79072570,277462,148979,7819
2026-10-02,7746026531,4,644,640,602,671,36790867,51483,21369,4226
2026-10-02,7747782974,4,1544,1534,1489,1557,120911651,8682220,28041,3582
2026-10-02,7750955984,4,884,886,883,895,717306500,920192,811839,37993
2026-10-02,7760134732,4,876,872,836,898,41110400,1145856,60563,2875
2026-10-02,7778848023,4,479,475,445,498,68757144,5045666,15927,1470
2026-10-02,7780208150,4,542,540,499,578,53770091,107247,39428,55501
2026-10-02,7780633647,4,3452,3440,2924,3931,429588589,335664,95784,19076
2026-10-02,7787359931,4,4709,4721,4617,4849,147482599,159385,98240,8386
2026-10-02,7794218964,4,456,454,442,464,35719749,262389,75958,3209
2026-10-02,7798947148,4,1299,1302,1289,1322,153736788,316663,805649,11971
2026-10-02,7800961209,4,580,583,550,623,76026618,128909,23154,2747
2026-10-02,7812848099,4,1235,1243,1187,1315,217750836,221764,82882,7056
2026-10-02,7818137963,1,292,292,292,292,24990738,2327440,23847,1504
2026-10-02,7822444776,4,4600,4617,4101,5169,761416860,492195,203551,34737
2026-10-02,7823137182,4,1936,1926,1839,1993,395595826,557640,131184,22093
2026-10-02,7835102410,3,322,314,287,334,144206205,9025212,12171,2888
2026-10-02,7843413523,4,2818,2814,2637,2982,149726185,587602,167250,10655
2026-10-02,7848646653,4,380,373,325,407,132762528,345719,929077,14344
2026-10-02,7856039629,4,8084,8066,7913,8183,72476520,2115681,40483,5007
2026-10-02,7856508689,4,345,328,270,354,76348671,3159011,196526,10202
2026-10-02,7857274278,4,348,352,347,366,114102463,11678788,765027,44818
2026-10-02,7872343282,4,586,586,575,597,62062054,1171385,178327,21212
2026-10-02,7874651625,4,1540,1548,1447,1664,132463061,291264,56614,4754
2026-10-02,7877723741,4,1446,1446,1419,1476,211319343,215582,82485,47674
2026-10-02,7882829745,4,378,378,375,380,360928376,984576,481457,9386
2026-10-02,7883776681,4,5386,5411,5186,5687,569220726,4715461,1201811,64058
2026-10-02,7884563721,4,828,819,761,859,139700233,869701,238055,28384
2026-10-02,7886873133,2,601,601,414,788,37379853,193229,37585,3015
2026-10-02,7891669427,4,768,772,711,841,42804005,941326,7884,2017
2026-10-02,7911332924,4,1662,1677,1497,1886,56211566,71288,15084,2360
2026-10-02,7917550094,4,2508,2506,2342,2665,184731255,159361,33645,5594
2026-10-02,7921879545,4,1556,1553,1249,1851,52573524,89816,44532,4611
2026-10-02,7934320560,4,2395,2395,2376,2413,109778231,136448,164059,8062
2026-10-02,7935634976,4,2394,2430,2085,2846,87408876,216710,78192,16742
2026-10-02,7938992417,4,724,733,708,777,98730961,243790,32119,15618
2026-10-02,7939389895,4,548,543,484,594,83805063,1915445,62696,4353
2026-10-02,7943133183,4,917,916,874,954,33186835,1109560,74894,1740
2026-10-02,7948426536,4,6305,6304,6151,6457,54024357,106172,12895,1611
2026-10-02,7957168819,1,284,284,284,284,35613860,115845,177157,2653
2026-10-02,7959448908,2,360,360,330,389,29555429,23070,15555,4299
2026-10-02,7960300951,4,3125,3134,2936,3349,200320929,7752239,373744,17218
2026-10-02,7964539330,4,556,548,498,584,213058200,13255717,145603,16492
2026-10-02,7968055762,1,302,302,302,302,8879185,24052,9681,989
2026-10-02,7970033072,4,1838,1843,1829,1866,7041055,102386,150310,3713
2026-10-02,7972256224,4,440,442,427,461,3862927,45705,15754,884
2026-10-02,7983308985,4,986,994,957,1047,136421631,237012,490170,20086
2026-10-02,7990186056,4,951,944,880,992,409998840,381932,285586,18361
2026-10-02,7996365376,4,7214,7173,6951,7314,444275510,485808,205162,27899
2026-10-02,8000413855,4,410,406,372,431,96016920,78933,87047,8839
2026-10-02,8006379851,4,1508,1515,1420,1623,127803806,6966421,7057,3294
2026-10-02,8014099969,4,742,745,729,767,151843752,255200,141677,12408
2026-10-02,8017401632,4,1451,1453,1425,1484,64770866,154896,53276,3600
2026-10-02,8041232013,4,817,817,817,817,,,6923,2110
2026-10-02,8051653879,4,400,398,353,441,18485825,20495,7432,4217
2026-10-02,8058628992,4,576,567,528,588,177254481,584395,75203,6619
2026-10-02,8066283370,4,1586,1584,1573,1594,529076382,3065300,434397,16486
2026-10-02,8079278639,4,391,390,372,407,2397631,26436,7552,1004
2026-10-02,8080493298,4,1916,1905,1842,1947,259384906,305347,89258,15221
2026-10-02,8080863905,4,1134,1144,1127,1179,114582291,106456,145432,20887
2026-10-02,8081472583,4,428,432,405,467,180784816,17001350,264842,23799
2026-10-02,8087030587,4,499,512,489,560,59222802,4975400,6886,1036
2026-10-02,8093473699,4,356,357,326,389,25988761,92585,22764,4092
2026-10-02,8095834523,4,808,796,731,840,23553274,60587,24029,3530
2026-10-02,8104504677,4,890,902,834,991,62448347,279845,199081,12996
2026-10-02,8123308765,4,305,307,298,320,27804975,26679,6090,1862
2026-10-02,8140627455,3,308,303,287,313,96689196,99691,107995,8362
2026-10-02,8156973419,4,1195,1196,1152,1241,155577463,5078884,90347,9944
2026-10-02,8160348242,4,6352,6342,6271,6390,207391443,4658324,141818,14995
2026-10-02,8178086002,4,9830,9836,9774,9913,70193278,211428,58463,3901
2026-10-02,8178650215,2,310,310,177,442,32371552,2377114,91689,3032
2026-10-02,8181391950,4,1749,1800,1667,2033,240268148,4558974,261599,26949
2026-10-02,8198412649,4,1267,1270,1244,1302,53816263,94573,70577,8508
2026-10-02,8203127178,4,905,905,896,913,17651307,41002,30228,4036
2026-10-02,8203580812,4,384,380,335,419,29434041,382662,21390,11144
2026-10-02,8204806107,4,1090,1095,1082,1116,55250119,140335,36419,3284
2026-10-02,8212026736,4,472,484,448,541,47152882,290817,96054,3535
2026-10-02,8214054500,4,603,594,493,677,145044045,430107,1088276,27666
2026-10-02,8223345519,4,952,947,919,964,41525552,93660,27454,2689
2026-10-02,8228371304,4,468,454,408,474,82752865,62724,7095,2223
2026-10-02,8232540509,1,275,275,275,275,44394493,58974,27282,4973
2026-10-02,8237105425,4,1815,1827,1754,1923,43483262,921385,343758,7883
2026-10-02,8238748429,4,390,387,355,415,63945192,121262,231435,9096
2026-10-02,8238863102,4,1777,1774,1731,1809,321462582,2292253,215019,10723
2026-10-02,8243724761,4,416,416,384,447,51006033,272548,79052,2929
2026-10-02,8246907060,4,2142,2142,2108,2177,116324549,292274,188159,18604
2026-10-02,8269273068,4,575,574,551,597,41111142,267002,283976,12286
2026-10-02,8279887603,4,574,560,476,619,103205432,386853,67806,8057
2026-10-02,8294794009,4,403,406,399,420,74976539,114331,23638,5560
2026-10-02,8296765616,4,2168,2181,2041,2348,34407340,73566,46245,2404
2026-10-02,8307114974,4,6380,6386,6193,6590,394052137,252993,99735,16297
2026-10-02,8309394444,2,304,304,298,309,23297946,1666643,18688,1522
2026-10-02,8313824597,4,548,553,533,583,26177758,39506,26147,3535
2026-10-02,8316902627,5,2342,2361,2153,2591,4710780489,1999865,3026076,166464
2026-10-02,8321616508,4,615,614,599,629,51091968,53101,89113,5267
2026-10-02,8322865535,4,2243,2246,2181,2315,36049294,1944282,10576,1417
2026-10-02,8342498724,4,3025,3040,3006,3106,53384618,107688,79235,3155
2026-10-02,8343243056,4,633,634,584,687,242048796,1691140,306953,8082
2026-10-02,8353962342,4,568,563,547,570,226348577,8344564,190600,10887
2026-10-02,8356066619,5,3547,3580,3494,3784,89140301,47160,88274,4507
2026-10-02,8365871374,4,990,987,923,1045,256304780,20466967,194769,10195
2026-10-02,8366716517,4,776,773,749,792,77266288,992824,176779,18767
2026-10-02,8374113155,4,960,970,921,1038,273817722,221078,111383,6027
2026-10-02,8375166760,4,867,867,860,874,56100646,66353,17255,5073
2026-10-02,8401518398,5,8994,8958,8041,10110,116054314,102549,20161,7979
2026-10-02,8420907710,4,1756,1782,1700,1916,75106871,5824066,199196,39632
2026-10-02,8430503828,4,1174,1184,1149,1237,131357417,768614,34425,7254
2026-10-02,8438027136,4,385,411,270,605,23838156,21985,6256,2724
2026-10-02,8438735581,4,506,514,466,580,11069822,23116,7768,1414
2026-10-02,8446266018,4,765,772,727,829,81456543,67612,66991,15406
2026-10-02,8450202664,4,1032,1011,712,1267,18264282,46752,40689,3082
2026-10-02,8450472355,4,1056,1050,972,1116,133558664,167121,135294,16720
2026-10-02,8472682462,4,958,952,876,1015,78043072,66981,10672,1449
2026-10-02,8473646150,4,391,394,367,427,10349165,46979,85091,2101
2026-10-02,8475779172,4,486,500,453,575,32432753,51946,26949,2051
2026-10-02,8485482226,4,324,328,312,352,23640447,182457,45135,3569
2026-10-02,8488806742,4,708,707,658,752,45733522,87953,41030,7730
2026-10-02,8494484575,3,338,319,271,348,78400650,3291061,126037,2769
2026-10-02,8497987845,4,1260,1259,1236,1280,24695133,137101,75053,6399
2026-10-02,8504461817,5,1849,1974,1720,2664,200701212,114062,43519,3713
2026-10-02,8507699752,1,278,278,278,278,114960535,10239168,53648,5475
2026-10-02,8520148363,4,5044,5080,5028,5202,263531664,3315340,677351,79214
2026-10-02,8524572339,4,2239,2235,2171,2291,95246175,138222,81137,22210
2026-10-02,8539298853,4,5528,5536,5173,5918,1298288287,1825812,382686,43102
2026-10-02,8546873728,4,1620,1622,1596,1655,32524039,698758,15895,2027
2026-10-02,8562618273,3,325,328,301,357,107871027,90176,105029,4233
2026-10-02,8572854650,2,390,390,369,411,130037244,885357,476814,10643
2026-10-02,8600977079,4,704,700,671,721,89513392,87878,18006,5323
2026-10-02,8601956127,4,354,365,348,402,28153982,118214,123153,5148
2026-10-02,8613176669,4,1632,1632,1632,1632,,,1587,765
2026-10-02,8615117785,4,348,348,318,378,2004306,22459,5614,3000
2026-10-02,8618660961,4,1101,1105,1077,1142,42298257,131535,53018,6765
2026-10-02,8641602265,4,1726,1709,1422,1961,77398846,210895,137109,8002
2026-10-02,8646185650,4,354,355,344,366,30569927,49348,35369,1609
2026-10-02,8646444640,4,1327,1322,1287,1345,12275846,44496,26024,3819
2026-10-02,8659262047,4,1173,1186,1134,1265,127283731,1268764,512273,10454
2026-10-02,8662243497,4,2225,2208,1990,2391,269823467,281450,56696,7004
2026-10-02,8669550197,4,2126,2129,2067,2199,109785580,136009,75995,3668
2026-10-02,8675480462,1,257,257,257,257,7631283,28074,7473,1776
2026-10-02,8705454731,4,760,769,752,804,79516085,525807,131693,12366
2026-10-02,8719555347,4,21454,21466,21314,21643,429002893,626166,221634,17663
2026-10-02,8722889197,2,282,282,259,305,150582577,5294717,111561,6217
2026-10-02,8723526551,4,356,362,344,391,16882252,558203,41710,3471
2026-10-02,8724785394,4,1541,1542,1502,1584,7546966,336981,10872,536
2026-10-02,8744978097,4,516,523,341,719,18521443,50480,69583,4025
2026-10-02,8751492147,4,381,382,369,395,117054740,114383,32198,9064
2026-10-02,8752324161,4,3302,3305,3134,3483,233670755,132073,21969,10361
2026-10-02,8759966530,4,920,899,819,935,128392745,415603,85040,9227
2026-10-02,8776018564,4,319,319,318,320,79334051,160026,133524,5118
2026-10-02,8786713187,4,1102,1115,1065,1191,120234621,294295,653988,12549
2026-10-02,8791358380,5,3397,3690,3193,5113,462703267,13949550,296054,15759
2026-10-02,8794536584,4,459,470,415,548,14353917,88192,38847,4823
2026-10-02,8795154789,4,1988,1967,1841,2052,484571060,394304,354877,27071
2026-10-02,8799094487,4,910,918,881,971,33203928,74289,21864,2865
2026-10-02,8813969120,4,5396,5411,5173,5680,42587580,122951,91566,3077
2026-10-02,8828612659,4,500,498,445,547,150881065,163851,240250,4583
2026-10-02,8832884753,4,572,573,562,585,69586154,744181,85265,3360
2026-10-02,8834587397,2,297,297,294,300,577088034,14058020,517582,42756
2026-10-02,8836568224,4,2158,2155,2128,2177,128884424,118676,139399,2980
2026-10-02,8836631593,4,542,536,480,581,42805352,50805,17310,8387
2026-10-02,8841437826,4,1920,1932,1870,2019,55070272,817390,93285,2812
2026-10-02,8846911260,4,554,551,516,579,75384900,211025,65230,3450
2026-10-02,8847904177,4,394,396,377,418,31118184,4249449,9503,1524
2026-10-02,8851542818,4,1678,1674,1583,1759,60021208,372992,91270,4232
2026-10-02,8869088870,4,1341,1353,1263,1468,49175156,2621006,139373,3007
2026-10-02,8881105040,4,563,562,537,584,54682146,105516,167694,3013
2026-10-02,8881302585,4,1580,1608,1574,1699,88774598,172064,136802,24871
2026-10-02,8883775493,4,1521,1495,1291,1647,134805639,392983,47016,10486
2026-10-02,8887260140,2,286,286,283,290,13092589,40155,36094,2078
2026-10-02,8890288888,4,634,657,547,814,116907347,80493,15918,6242
2026-10-02,8901905971,4,41969,41969,41969,41969,,,17518,5000
2026-10-02,8902327228,3,317,313,303,319,110735853,124703,72450,10432
2026-10-02,8925924444,4,1760,1774,1755,1824,109406188,145843,146387,11058
2026-10-02,8935993972,4,534,537,523,555,14042631,104732,102969,3799
2026-10-02,8937254139,4,912,913,887,941,230007474,1821529,497821,8403
2026-10-02,8946565814,4,788,797,774,837,26878561,27237,33459,2218
2026-10-02,8950496606,4,1168,1171,1139,1209,180447301,453837,147904,9235
2026-10-02,8957522683,2,260,260,245,276,96285240,49414,6521,2542
2026-10-02,8959257868,4,676,675,658,688,13937367,49485,22242,2182
2026-10-02,8965717730,4,717,712,671,742,17768036,789624,4155,1185
2026-10-02,8993151589,2,289,289,273,305,9304986,124259,11169,1502
2026-10-02,8997131346,4,390,387,346,423,10883289,22989,6903,1968
2026-10-02,8997725599,4,462,460,438,476,9057018,40614,54127,5510
2026-10-02,9001634416,4,518,523,505,551,3844335,21788,5463,2716
2026-10-02,9029936173,4,1282,1288,1266,1322,38522292,3773852,10563,2965
2026-10-02,9043900837,4,324,330,299,376,5917167,88485,18234,1409
2026-10-02,9050667716,4,634,644,624,682,62060543,87084,43347,10854
2026-10-02,9051406594,4,8460,8462,8201,8729,387479661,7585849,2030959,75742
2026-10-02,9058303084,4,446,449,419,485,97017844,63313,21691,10512
2026-10-02,9065022692,4,418,434,326,575,11563676,429041,4950,902
2026-10-02,9073513091,4,1783,1785,1728,1846,143718085,178391,163787,8008
2026-10-02,9076692567,4,417,434,400,500,34150595,154880,41395,8726
2026-10-02,9077534770,1,298,298,298,298,63848072,196529,25383,6596
2026-10-02,9081083593,1,290,290,290,290,23035206,332003,23079,5650
2026-10-02,9084112733,4,943,938,876,988,84215759,186674,18267,4888
2026-10-02,9091133975,4,1640,1644,1628,1667,462652552,1288163,1230902,24613
2026-10-02,9098570654,5,6632,7241,6388,9832,267244291,449938,192572,12052
2026-10-02,9100068452,2,308,308,297,319,64022488,2796969,234896,14525
2026-10-02,9101545371,2,315,315,314,316,13169540,92310,25532,2042
2026-10-02,9102566780,2,296,296,288,305,7309634,39128,72489,4910
2026-10-02,9104763985,4,474,480,432,538,88668312,7158750,150887,2623
2026-10-02,9105075853,4,453,456,447,469,15953573,78507,164635,5692
2026-10-02,9112256336,4,649,648,601,695,9370449,19749,8378,1568
2026-10-02,9119782663,4,1296,1281,1215,1317,97036522,2629882,62522,9821
2026-10-02,9125259344,4,2528,2523,2490,2546,132563411,257954,52415,15700
2026-10-02,9137416017,4,298,300,293,313,76656097,39493,22899,9981
2026-10-02,9141743926,4,3953,3951,3909,3988,457623234,602347,535658,11892
2026-10-02,9142917248,4,2118,2137,1986,2324,64129975,4654683,44366,4149
2026-10-02,9145063979,5,7207,7414,6647,8872,587911436,608926,1123703,25491
2026-10-02,9145282410,2,308,308,289,327,40589974,290834,39513,7343
2026-10-02,9150731899,4,1724,1724,1564,1884,17009161,85059,18780,5069
2026-10-02,9150975254,3,299,294,268,315,55098621,1510585,61330,5961
2026-10-02,9155036056,4,1140,1142,1076,1209,110386946,266317,410016,5685
2026-10-02,9156711629,4,1158,1140,1079,1165,49808312,394854,115264,3812
2026-10-02,9162763535,4,2303,2296,2252,2327,74441271,92714,24702,7122
2026-10-02,9167377564,4,12484,12456,11829,13030,377051924,8888102,654935,19326
2026-10-02,9169166771,4,1219,1226,1131,1335,70844785,64203,18909,5458
2026-10-02,9175015027,4,547,556,532,599,58393239,4974204,26478,3766
2026-10-02,9177208241,2,318,318,306,329,79765130,411376,38916,16876
2026-10-02,9186719164,4,1434,1434,1428,1440,1596887927,843307,1244161,52589
2026-10-02,9198323655,4,533,529,506,544,120856480,83246,38957,3597
2026-10-02,9199655655,4,9190,9164,8740,9536,257669171,740312,495595,62540
2026-10-02,9209811415,4,736,735,626,842,51991804,124041,18771,1837
2026-10-02,9210599831,4,1667,1659,1588,1713,18498274,493982,92325,3875
2026-10-02,9216313546,4,2175,2175,2175,2175,,,12138,870
2026-10-02,9219116196,4,1060,1063,1014,1118,102448094,286008,43781,6030
2026-10-02,9226697658,4,666,664,629,695,3943595,42960,88672,1417
2026-10-02,9229146348,4,707,705,645,762,10261490,38954,16798,4124
2026-10-02,9232634201,4,565,559,507,599,89136914,98502,26969,4609
2026-10-02,9237297311,4,800,802,768,842,1737378,16072,2520,648
2026-10-02,9237322219,4,436,444,424,479,18148634,44043,29195,2316
2026-10-02,9255588637,4,884,903,860,983,157678389,11220803,55256,19218
2026-10-02,9257800423,4,1800,1791,1727,1838,38311901,377853,157888,9580
2026-10-02,9271890694,4,330,330,322,338,11271278,159373,194272,4806
2026-10-02,9272395657,4,2200,2179,2061,2255,7291757,10356,5030,2290
2026-10-02,9272693470,4,908,894,728,1029,273606629,182434,127734,8700
2026-10-02,9273584416,4,352,364,316,435,14549547,591848,14469,6789
2026-10-02,9276049439,4,1218,1217,1204,1230,58225079,206756,69605,2882
2026-10-02,9282371706,4,376,373,345,397,27785425,264334,13415,3201
2026-10-02,9286558970,4,1576,1564,1497,1608,21408385,82285,31130,12209
2026-10-02,9293574407,4,746,769,640,943,58834628,4177626,45548,3414
2026-10-02,9294074907,4,16418,16474,15517,17542,569433412,634237,217091,29706
2026-10-02,9294646427,4,1364,1360,1243,1468,110639016,281339,519666,13849
2026-10-02,9296042754,5,5207,5438,4683,6925,84829134,401441,182968,4271
2026-10-02,9296252245,4,6801,6806,6572,7051,241028602,14849206,241198,11966
2026-10-02,9297902951,4,640,645,609,691,29458389,406532,154862,22605
2026-10-02,9298096434,4,444,450,409,502,13279402,150764,53094,5249
2026-10-02,9303771057,4,1192,1191,1149,1231,102089215,1915961,32162,11170
2026-10-02,9312646406,4,4002,3952,3594,4209,201072619,983108,173249,12194
2026-10-02,9312746495,4,1060,1058,1012,1099,18966447,118167,16471,1737
2026-10-02,9315472782,4,314,308,250,356,26529755,150733,24380,1671
2026-10-02,9315739469,4,851,829,714,899,89208372,96471,14466,4795
2026-10-02,9317784977,4,1532,1562,1368,1815,142156785,1290195,147191,19964
2026-10-02,9320470390,4,993,1007,896,1146,193633802,255419,102673,9110
2026-10-02,9324506782,4,440,443,420,472,16030187,88740,60018,5587
2026-10-02,9328305853,4,874,878,855,908,35652979,805273,76257,4206
2026-10-02,9330730057,4,769,777,768,802,298802186,275219,219336,11556
2026-10-02,9338511689,4,622,628,513,758,36226243,10360,11357,1968
2026-10-02,9344307274,4,760,784,738,878,589055617,418718,685896,43058
2026-10-02,9344916045,4,1621,1604,1456,1718,84190188,217625,47161,3328
2026-10-02,9348272796,5,4588,4881,4436,6219,744370442,685945,440970,21119
2026-10-02,9352840896,2,335,335,314,356,36614101,1004618,21501,5241
2026-10-02,9354709602,4,475,479,466,500,60514967,818646,294422,6226
2026-10-02,9357218675,4,478,478,441,513,44432276,3451515,34034,1156
2026-10-02,9362896961,5,3486,3478,3456,3493,157450561,222250,597814,9215
2026-10-02,9363735110,5,3898,4184,3740,5248,5725866595,2063154,1941412,393503
2026-10-02,9364041968,4,2216,2218,2180,2259,64570970,564826,26973,5729
2026-10-02,9372077571,1,220,220,220,220,15608357,69488,36081,2241
2026-10-02,9382839773,4,3650,3643,3578,3694,35079697,87587,283569,3289
2026-10-02,9384605736,4,1268,1250,1140,1323,1048778830,17261667,2720468,110801
2026-10-02,9395278151,4,1518,1530,1450,1634,35165475,1635664,12666,2391
2026-10-02,9399884981,4,823,817,772,851,204001546,1044993,67334,4433
2026-10-02,9403708294,4,539,535,492,569,95560346,73971,41873,14777
2026-10-02,9404155369,4,436,429,368,477,48777459,3153823,49891,2065
2026-10-02,9409870130,4,326,332,302,375,23601312,287956,27540,3206
2026-10-02,9416689400,4,554,551,535,560,1815838,5085,1528,775
2026-10-02,9419242500,1,274,274,274,274,28538812,490874,122136,2286
2026-10-02,9442472087,4,673,675,669,684,10966029,278636,30490,2385
2026-10-02,9449993534,4,3714,3698,3507,3858,53432410,74252,17519,8280
2026-10-02,9452898647,4,296,295,278,309,125914565,5367848,46387,5502
2026-10-02,9456449045,4,312,312,291,332,12266384,17731,5366,964
2026-10-02,9459951439,2,313,313,300,326,8698801,162128,12943,718
2026-10-02,9463334671,4,348,348,343,351,8399374,56219,18179,2214
2026-10-02,9472441390,4,6226,6266,5776,6836,287484690,274085,213290,9022
2026-10-02,9480281767,4,5474,5415,5003,5709,27867316,134981,18176,4510
2026-10-02,9481391333,4,3234,3243,3196,3307,36337228,746158,11200,3523
2026-10-02,9485131494,4,1066,1053,1010,1070,92262788,451755,361326,7331
2026-10-02,9490116046,4,5400,5391,5343,5421,143379055,6427839,10111,5414
2026-10-02,9491545867,5,4564,5098,3960,7653,124610387,1225871,28717,6413
2026-10-02,9496852407,4,1016,1008,953,1050,123571350,106302,61337,9337
2026-10-02,9497278040,2,288,288,287,289,81924627,246360,57159,3282
2026-10-02,9499439936,4,710,711,690,734,100510804,88999,14134,4454
2026-10-02,9501409571,4,408,408,386,431,43645330,223869,119172,2995
2026-10-02,9501701013,4,2238,2248,2127,2389,102707430,151446,29300,11437
2026-10-02,9503696692,4,597,598,562,635,86618045,79943,35644,16450
2026-10-02,9506013695,4,3908,3929,3787,4111,120550496,420879,72785,10649
2026-10-02,9508201896,4,494,494,457,530,11462875,252278,2869,528
2026-10-02,9510573507,4,1750,1744,1710,1769,7343258,331716,2847,1096
2026-10-02,9511365396,4,1134,1130,1058,1195,70208865,90653,11180,4201
2026-10-02,9513407177,4,1284,1232,1018,1345,20487320,15990,23425,2023
2026-10-02,9513686983,4,2259,2264,2218,2320,435519865,14380031,101201,36826
2026-10-02,9517627739,4,1088,1104,975,1265,32738183,97629,73103,8213
2026-10-02,9522015993,4,1187,1186,1142,1227,137145804,245718,50761,25297
2026-10-02,9526307912,4,326,330,305,362,101482666,174723,137864,5825
2026-10-02,9534705677,4,14371,14378,13467,15305,293462573,2766958,278642,25094
2026-10-02,9539483725,4,1102,1091,1005,1156,62618558,81137,10316,2904
2026-10-02,9539768872,2,268,268,260,275,19116835,1053601,24876,6960
2026-10-02,9540040997,4,342,342,312,370,63873120,164947,145299,11542
2026-10-02,9549133757,4,304,304,296,313,27855402,44374,27697,2997
2026-10-02,9549278601,4,2440,2458,2276,2679,9640647,743534,1507,647
2026-10-02,9550141430,4,754,762,743,798,20777227,421210,12225,1369
2026-10-02,9551044479,4,3416,3411,3367,3443,51755506,249385,179163,5072
2026-10-02,9561553764,4,12130,12140,11878,12424,258312394,218178,253586,17030
2026-10-02,9564490170,4,1173,1190,1093,1322,54504064,585954,108472,29643
2026-10-02,9564659718,4,946,944,906,980,125504720,179319,190400,19211
2026-10-02,9564673841,4,1842,1878,1770,2057,173928709,302289,195293,29362
2026-10-02,9569441921,4,551,553,517,593,13407274,98681,25839,25137
2026-10-02,9578994406,4,335,337,330,349,9004664,52596,117650,1951
2026-10-02,9580564449,4,916,920,905,944,9718240,112433,2155,387
2026-10-02,9582986239,5,3947,3955,3931,4003,15905225,70968,36931,1945
2026-10-02,9583356773,4,740,730,673,769,2801767,133558,478,233
2026-10-02,9584852943,5,95906,96524,86179,112279,6230769783,6874651,9873382,315782
2026-10-02,9584946743,4,3568,3553,3477,3598,37821140,287371,124778,2333
2026-10-02,9585346472,4,1870,1876,1842,1924,45164132,458769,44889,5202
2026-10-02,9585571512,3,326,315,285,334,30079741,40903,12236,2528
2026-10-02,9588121608,4,1132,1111,1008,1174,148534707,2904699,53725,10207
2026-10-02,9592387369,5,8071,8138,6938,10155,59597608,186651,80071,18659
2026-10-02,9599808796,4,736,725,679,748,132273040,180532,79601,22545
2026-10-02,9604810345,1,304,304,304,304,46259011,2272280,66231,8222
2026-10-02,9627655329,4,1367,1360,1284,1420,36057126,497781,11561,3159
2026-10-02,9630276723,4,366,367,353,384,50428818,64839,39423,2591
2026-10-02,9639553972,4,828,812,734,858,43699963,218753,142101,12210
2026-10-02,9641502068,4,12734,12805,11517,14236,110489013,213541,266853,17847
2026-10-02,9649298941,4,694,698,649,753,751136231,5564498,1233986,84528
2026-10-02,9655781693,4,1075,1078,1018,1143,17459682,35449,16178,5149
2026-10-02,9655921954,4,1322,1329,1270,1400,47140105,52545,6081,2815
2026-10-02,9656201728,4,2249,2259,2154,2384,30225836,105483,60768,2941
2026-10-02,9660713566,4,1534,1498,1386,1537,109710996,6610985,80307,4375
2026-10-02,9661927199,4,749,750,737,765,134770614,136706,89949,19571
2026-10-02,9662130710,4,2497,2528,2396,2721,15466445,499212,105905,8985
2026-10-02,9663968307,4,2168,2157,2041,2251,164809642,2206864,165945,31990
2026-10-02,9668574764,4,408,408,383,430,21678651,1402100,70366,901
2026-10-02,9671745030,4,598,599,566,633,16793458,108317,25336,2245
2026-10-02,9671940985,4,827,824,782,860,180213652,6028789,133836,8153
2026-10-02,9679514364,4,407,416,397,451,10079570,68387,14618,2682
2026-10-02,9694335093,4,828,812,751,843,20696528,249147,128414,6235
2026-10-02,9697502306,4,1704,1713,1616,1830,112624063,120632,26953,3851
2026-10-02,9701909402,4,960,951,901,982,55428292,123791,52354,2228
2026-10-02,9702840627,2,314,314,310,319,11469849,199470,162446,5591
2026-10-02,9705384247,4,1039,1046,1011,1096,31483959,115888,47518,7870
2026-10-02,9707841805,4,543,541,521,558,9283781,171870,69076,2767
2026-10-02,9710205604,4,370,366,341,381,29053016,496543,76177,4284
2026-10-02,9711289915,4,3267,3244,3110,3330,159942285,1516435,57239,8153
2026-10-02,9711972386,3,301,305,299,314,14380936,27161,12577,2434
2026-10-02,9713717379,2,303,303,296,310,43727194,5928632,17503,2762
2026-10-02,9714537627,4,1170,1171,1135,1209,30049661,71061,25969,56005
2026-10-02,9715999586,4,345,341,323,351,155516907,112934,103861,12662
2026-10-02,9722598100,4,322,327,306,358,38844784,161644,164508,2464
2026-10-02,9723617424,4,448,448,412,484,42250040,67883,12647,2844
2026-10-02,9732080947,4,1054,1061,1008,1127,86552652,266545,63684,11111
2026-10-02,9735583968,4,3443,3464,3373,3597,152075475,419341,119820,9976
2026-10-02,9741874508,4,4232,4276,4120,4518,110749939,5751329,80655,5920
2026-10-02,9747555206,4,582,586,560,620,41510970,124645,32109,6086
2026-10-02,9750361560,4,856,856,757,954,62415642,142501,138675,14517
2026-10-02,9751615286,4,590,591,575,609,14827780,16758,10251,1499
2026-10-02,9753814298,4,655,660,611,717,397617305,337553,173650,37471
2026-10-02,9758027784,4,2205,2212,2154,2286,87977582,127721,58850,12425
2026-10-02,9758688665,4,1334,1345,1248,1464,123695615,6308549,34829,5505
2026-10-02,9759082891,4,3149,3162,2979,3370,26903057,3416874,13389,965
2026-10-02,9759989445,4,524,513,465,540,26245703,69871,27203,3449
2026-10-02,9761700404,4,330,337,302,385,146804363,172257,112017,9867
2026-10-02,9765324104,4,2846,2834,2657,2986,80321895,415554,48448,4531
2026-10-02,9774284077,4,1975,1981,1808,2166,115575552,4124041,23617,4644
2026-10-02,9776222468,4,1830,1815,1692,1906,88695409,176071,48775,8619
2026-10-02,9780429221,4,4158,4127,3951,4242,78538097,1235005,53835,11650
2026-10-02,9781580133,2,336,336,335,338,10504047,43762,32050,8023
2026-10-02,9784759642,4,519,523,468,586,49274844,53215,14799,2709
2026-10-02,9785048253,4,1304,1304,1248,1357,16013679,136229,27466,4255
2026-10-02,9787206684,4,997,992,904,1071,778220135,2986265,765370,41560
2026-10-02,9788139379,4,3760,3760,3734,3785,71419988,175878,116887,14770
2026-10-02,9792551117,4,1792,1760,1496,1963,180461475,544145,43734,18247
2026-10-02,9792947201,4,438,438,434,443,535997223,3520495,814425,19894
2026-10-02,9793308933,4,916,907,832,964,58850490,1416177,289082,3736
2026-10-02,9796643263,4,442,447,434,470,26354985,969247,5480,1505
2026-10-02,9796898051,4,11804,11899,11297,12691,64528614,985142,79650,6532
2026-10-02,9800424118,1,286,286,286,286,15019829,66479,52577,2387
2026-10-02,9801436549,4,404,406,389,425,10609998,13489,2845,1514
2026-10-02,9802644580,4,718,710,666,741,53746762,794378,48169,4794
2026-10-02,9803970239,4,3636,3620,3532,3679,57587720,58735,23014,9576
2026-10-02,9807649116,4,3766,3767,3617,3919,187290723,363915,245241,10011
2026-10-02,9807783902,4,2174,2164,2059,2248,6900411,44730,8513,1984
2026-10-02,9811924734,4,5485,8126,4408,17128,25498392,88849,29914,2813
2026-10-02,9812090239,4,1274,1280,1240,1330,44458340,1058813,59981,1215
2026-10-02,9813946433,4,465,460,438,472,33761382,75573,114626,10433
2026-10-02,9815834699,4,2394,2399,2310,2498,65109064,208841,122239,17232
2026-10-02,9825259729,4,442,444,417,477,20442619,149403,50589,6112
2026-10-02,9826685598,4,348,352,322,390,19752939,24779,6036,2301
2026-10-02,9826885587,4,4103,4100,3995,4197,152386702,358694,305334,8796
2026-10-02,9829910038,4,350,347,328,360,2564201,8828,4571,463
2026-10-02,9830531532,2,220,220,209,230,9732632,20935,12203,779
2026-10-02,9830725726,4,2344,2338,2221,2443,62144759,68899,13541,4272
2026-10-02,9833852980,4,492,484,441,512,8718364,174624,21579,3931
2026-10-02,9836330876,4,1286,1292,1236,1357,22720040,80589,15836,1113
2026-10-02,9837325548,4,2008,2062,1951,2282,57546784,112605,54826,3863
2026-10-02,9837612476,4,9390,9444,9190,9805,348643058,1235786,789168,28628
2026-10-02,9843234816,4,1704,1697,1618,1763,22955032,796040,3503,1192
2026-10-02,9851352969,4,1407,1433,1332,1587,36398993,834448,10310,1484
2026-10-02,9852933243,4,342,351,330,389,9949510,63184,13815,1768
2026-10-02,9855761734,4,11752,11690,10602,12656,208199486,289180,144012,24224
2026-10-02,9857818180,4,370,370,349,390,3746604,8860,5329,2626
2026-10-02,9859948536,4,402,408,399,426,40397933,808525,32252,9325
2026-10-02,9860746424,4,944,926,834,983,32968458,52566,23618,4137
2026-10-02,9866884975,4,398,391,359,409,54901474,3949402,190688,7578
2026-10-02,9868545229,4,654,660,636,694,7530217,34173,8358,958
2026-10-02,9872734936,4,5240,5218,4996,5395,51794612,115705,47439,6110
2026-10-02,9872977974,4,1220,1209,1138,1257,33242893,306141,7388,675
2026-10-02,9874419878,4,572,567,523,600,207194202,486871,120539,18611
2026-10-02,9875383684,4,632,631,567,692,180911999,205326,95306,10741
2026-10-02,9877481048,4,1664,1666,1541,1792,24897789,62741,25039,3029
2026-10-02,9880286438,4,6802,6783,6638,6891,23691200,62759,81484,2401
2026-10-02,9882296644,4,845,832,767,872,12536056,675274,3151,997
2026-10-02,9884025025,2,294,294,275,314,76300121,106955,22438,4470
2026-10-02,9885372266,4,4332,4332,4278,4386,86185878,2500777,147519,10028
2026-10-02,9889811676,4,857,848,803,875,30363900,207734,68656,10934
2026-10-02,9892207761,4,1496,1492,1418,1558,61316786,244260,27123,3819
2026-10-02,9898409899,4,698,699,662,738,40216055,235817,68068,15696
2026-10-02,9900286623,4,1630,1630,1594,1664,20722923,149733,9415,1733
2026-10-02,9903325235,4,576,573,523,616,76452705,94311,37852,6273
2026-10-02,9903482381,4,872,866,827,894,51282334,2859457,12974,3437
2026-10-02,9903685259,4,888,884,847,913,26355595,1863407,40265,5573
2026-10-02,9906154135,4,2184,2176,2025,2314,52236962,54802,16920,2262
2026-10-02,9906378607,4,2145,2131,1998,2236,11482821,393292,57074,1073
2026-10-02,9908641400,4,4000,3965,3356,4504,73181004,57119,35069,7608
2026-10-02,9910245722,4,3417,3446,3294,3658,320110534,1450564,504399,9554
2026-10-02,9911988958,4,810,810,810,810,,,169779,9492
2026-10-02,9912025777,4,2228,2257,2157,2417,217079345,473086,179499,12929
2026-10-02,9918481645,4,342,343,332,356,7421960,5654,3276,756
2026-10-02,9918678725,2,286,286,285,287,100937727,131154,65502,10684
2026-10-02,9926735691,2,282,282,278,287,3285059,12283,4388,783
2026-10-02,9929436407,4,642,638,609,659,15146767,450707,20533,1643
2026-10-02,9929870476,4,332,326,286,352,1358268,32256,7736,450
2026-10-02,9930466428,4,641,646,626,675,40192195,166481,36267,5400
2026-10-02,9931749389,4,8602,8579,8489,8621,146564339,234181,157444,6025
2026-10-02,9933939850,4,1299,1303,1212,1402,59839694,55051,22591,3825
2026-10-02,9934614409,4,468,478,448,528,89260774,145365,112159,7037
2026-10-02,9938429322,4,777,778,769,791,14206615,38728,57373,1911
2026-10-02,9940076108,4,418,422,415,434,28130207,2508280,12185,2586
2026-10-02,9940725596,4,618,616,584,645,40477790,55661,8694,1848
2026-10-02,9940812243,5,2653,2679,2632,2781,15029909,163922,29355,911
2026-10-02,9940944640,4,1257,1214,976,1364,5772280,58655,18739,818
2026-10-02,9942734820,4,1096,1114,1041,1225,34624152,1479610,8300,2928
2026-10-02,9948575164,4,1620,1618,1577,1654,53253883,246836,139635,5797
2026-10-02,9950410865,4,960,960,920,1001,34254279,1690463,18138,3739
2026-10-02,9952351777,4,898,895,880,905,31581761,507179,36644,3987
2026-10-02,9952820791,4,1628,1631,1552,1716,489605,5564,843,506
2026-10-02,9953328866,4,656,652,633,663,61469713,70883,52223,3144
2026-10-02,9954447663,2,312,312,298,326,22136055,1115970,3479,551
2026-10-02,9957338123,4,5958,5921,5722,6047,52619720,66045,6410,2183
2026-10-02,9958694666,4,804,804,750,858,49614893,450112,54278,1663
2026-10-02,9960184903,4,445,458,398,542,26205103,626060,1188,575
2026-10-02,9961389755,4,664,668,637,710,23114778,807202,42294,4130
2026-10-02,9963622286,5,3133,3319,2872,4270,116928061,2689719,53522,7127
2026-10-02,9965411707,4,4230,4224,4179,4259,47414389,76603,73597,2895
2026-10-02,9968527241,4,674,676,599,755,36937371,1112588,8863,2464
2026-10-02,9969095451,4,386,391,334,458,43217345,1703372,21523,2961
2026-10-02,9970645639,4,7962,7983,7895,8111,122960406,753479,533693,7002
2026-10-02,9971895648,4,414,416,401,435,1447360,2399,127,82
2026-10-02,9975893742,4,475,472,443,495,31944945,3137983,45725,3592
2026-10-02,9975944610,3,292,280,237,312,4433730,58460,2937,627
2026-10-02,9978329815,4,15156,15196,15122,15352,498126120,1057188,290257,22323
2026-10-02,9994252654,4,552,568,358,809,4351608,10380,4476,1352
2026-10-02,9994252977,4,566,584,517,690,35572164,215916,82994,7521
2026-10-02,9998576154,5,2193,2407,1973,3502,129868697,8138246,36390,6404
2026-10-02,10000918243,3,339,333,315,344,18775066,204173,76194,3670
2026-10-02,10001039611,4,9284,9284,9284,9284,,,25051,9099
2026-10-02,10004244222,5,14572,15387,12841,21442,1890903317,26417154,1297911,67832
2026-10-02,10004760418,4,1616,1603,1437,1742,128718659,181455,64814,4278
2026-10-02,10007524016,4,392,392,377,405,31073894,5528205,3321,569
2026-10-02,10008450782,4,384,388,370,413,12283386,261340,5534,1588
2026-10-02,10008606756,4,923,930,909,964,21832630,78516,127837,7207
2026-10-02,10008717728,4,492,493,454,536,2549979,8972,4053,312
2026-10-02,10010371086,4,818,809,752,847,43609191,147193,56965,2586
2026-10-02,10011808151,4,630,632,601,666,111118108,3657508,217857,9784
2026-10-02,10013279162,4,4494,4507,4257,4783,59339781,98632,6854,13345
2026-10-02,10020287053,4,744,737,703,759,47794296,201237,34944,3482
2026-10-02,10020612607,4,602,592,539,625,86263394,3418683,114587,2562
2026-10-02,10029297024,4,480,476,436,508,34912405,139299,85652,8748
2026-10-02,10030829154,4,2016,2008,1898,2101,44495907,2599724,77339,2341
2026-10-02,10031505426,4,4132,4162,3857,4525,43797352,1695152,197940,5734
2026-10-02,10035204815,4,121073,121194,116762,125866,249836181,259430,337364,10852
2026-10-02,10039889230,4,3876,3910,3755,4133,3524539,21072,11580,481
2026-10-02,10040497010,4,714,730,657,834,52407862,91421,77306,7338
2026-10-02,10041928466,4,445,446,355,537,5900010,11271,4687,812
2026-10-02,10043030167,4,5734,5734,5734,5734,,,9183,1497
2026-10-02,10045085816,4,410,409,394,423,38916730,56625,38338,1063
2026-10-02,10046786918,4,2478,2479,2456,2504,11769747,30986,5207,1996
2026-10-02,10047813675,4,1068,1074,1044,1116,23682602,2664683,1351,579
2026-10-02,10051853469,1,252,252,252,252,113711003,2483749,307317,6037
2026-10-02,10052184484,4,459,450,405,479,46972057,2890986,24284,2046
2026-10-02,10057343903,4,3204,3174,2933,3355,109923544,4217619,214033,11702
2026-10-02,10057403337,4,9123,9126,8582,9674,228671019,8643875,76644,10936
2026-10-02,10059548251,4,2500,2523,2257,2835,54414650,123832,135617,10124
2026-10-02,10059591740,3,298,303,296,315,26144644,1175101,60732,2860
2026-10-02,10060242820,4,2974,2963,2569,3337,93015763,79208,23437,8170
2026-10-02,10061100187,4,2238,2237,2004,2467,26997106,396985,8799,2091
2026-10-02,10061124506,4,1518,1499,1383,1575,66160486,160350,238053,12804
2026-10-02,10061909806,4,946,936,843,1012,57195697,61823,15913,1886
2026-10-02,10064401653,4,610,610,596,623,11276432,124943,29678,9329
2026-10-02,10065013948,5,2845,2956,2562,3852,74494806,116625,129937,8415
2026-10-02,10065930742,3,324,333,299,377,4772860,327416,1548,525
2026-10-02,10066929248,4,599,595,551,631,29630422,116918,101891,4229
2026-10-02,10067177814,4,408,408,365,450,16704715,19752,3214,735
2026-10-02,10067258922,4,2204,2193,2015,2348,106769254,6745948,397905,4510
2026-10-02,10067540823,4,666,668,649,689,9884739,11913,3438,455
2026-10-02,10067868611,4,466,464,434,489,20586195,34495,25210,1566
2026-10-02,10069043526,4,1814,1824,1746,1919,41144071,934140,59710,5605
2026-10-02,10080411105,4,432,440,429,466,4030375,8870,6256,575
2026-10-02,10081194651,4,432,430,386,473,50609151,192684,509285,5167
2026-10-02,10083552936,4,336,331,299,351,12486995,555902,12465,1672
2026-10-02,10090256806,4,4138,4118,3934,4263,52736272,669235,190807,18521
2026-10-02,10090384240,4,427,428,409,450,5667773,92159,27028,2386
2026-10-02,10091482757,4,778,782,757,815,6873179,23791,25993,607
2026-10-02,10091766471,4,1821,1836,1673,2031,43566485,107697,28630,3052
2026-10-02,10092619788,4,1153,1154,1135,1174,13166630,8539,23846,736
2026-10-02,10094225577,4,1984,1972,1844,2077,60419275,705699,53514,12914
2026-10-02,10096155511,4,3508,3499,3213,3765,65582383,155369,48624,5759
2026-10-02,10098095975,4,666,669,652,692,30818681,1039559,176013,2282
2026-10-02,10101367087,4,438,445,416,487,13493155,394595,7229,1381
2026-10-02,10103595714,4,1196,1197,1175,1220,39172526,142149,108822,7165
2026-10-02,10108046010,4,1787,1787,1718,1856,23235334,57444,12729,1669
2026-10-02,10110316965,4,1974,1972,1892,2047,23130838,679359,10822,3584
2026-10-02,10112019404,4,2822,2836,2745,2955,15315629,219834,21063,5469
2026-10-02,10112435932,4,332,326,295,344,4516445,81652,7912,310
2026-10-02,10113294071,4,318,313,283,333,21888928,128534,225059,2405
2026-10-02,10113997049,4,1254,1254,1184,1323,21414291,228011,44239,6270
2026-10-02,10117986107,4,1267,1268,1227,1311,75924394,566549,14186,4571
2026-10-02,10119624374,4,2988,2988,2988,2988,,,2878,1807
2026-10-02,10123059921,4,4477,4453,4279,4578,193293094,556761,182084,9794
2026-10-02,10124421343,5,3091,3025,2762,3173,21719092,40360,41971,1049
2026-10-02,10127764368,3,281,277,236,313,4756288,132074,1158,308
2026-10-02,10127797448,4,3698,3676,3218,4089,221809550,6006189,48845,8248
2026-10-02,10130749197,4,1052,1072,950,1232,51135472,2728773,7681,3080
2026-10-02,10131390815,4,2255,2257,2221,2297,90357526,144735,191106,4647
2026-10-02,10136067263,4,1980,1974,1919,2020,52204420,2862165,250933,4648
2026-10-02,10138624079,4,6862,6858,6612,7097,123317393,157261,107644,2863
2026-10-02,10138977250,4,334,326,286,350,82902162,1746888,26521,4178
2026-10-02,10138988383,4,338,339,322,357,30284023,61856,51661,2007
2026-10-02,10139325104,4,667,654,591,691,219237980,103149,37041,14521
2026-10-02,10140010190,4,1792,1779,1663,1868,157658765,192391,26970,7434
2026-10-02,10144280947,5,11372,11433,10774,12061,621228824,11857191,2007218,44326
2026-10-02,10144587520,5,4437,4812,4267,6424,81419081,2092319,103611,2673
2026-10-02,10148749921,4,34758,34689,34075,35165,2376168009,3100124,1312099,85321
2026-10-02,10149910491,4,1283,1296,1251,1365,42097832,58001,20930,4918
2026-10-02,10150875031,2,296,296,292,301,26932749,71288,81731,4711
2026-10-02,10152905521,4,2622,2620,2389,2848,85930203,98938,67531,1948
2026-10-02,10153098880,4,2222,2219,2162,2272,35312821,250382,53382,2085
2026-10-02,10155360168,4,58228,58260,58102,58482,119666269,215734,78649,12296
2026-10-02,10156435104,4,1580,1584,1524,1653,63759338,100236,120895,3159
2026-10-02,10160578219,4,752,740,701,756,7347072,27096,8306,5148
2026-10-02,10162859180,5,2054,2295,1747,3646,7273323,96895,19853,1380
2026-10-02,10165276442,4,1096,1095,1071,1119,46830548,551779,24258,6903
2026-10-02,10168229420,4,352,346,304,377,27365086,104474,259034,3621
2026-10-02,10171934713,4,1498,1498,1478,1517,22362082,920903,64685,2892
2026-10-02,10173311467,4,13848,13758,13290,14048,87542436,860294,499334,12169
2026-10-02,10173396939,4,418,430,402,483,17614824,1653600,17142,1484
2026-10-02,10175155684,4,1052,1045,991,1083,8350203,70341,13973,1398
2026-10-02,10176502031,4,423,423,411,435,15354440,484620,141374,2824
2026-10-02,10178802449,4,1536,1542,1403,1693,89860842,3137430,50830,3499
2026-10-02,10179193118,4,492,493,478,509,44235836,4787832,2811,1668
2026-10-02,10181483914,4,930,926,897,946,10065699,314019,4684,1865
2026-10-02,10182049622,4,3450,3446,3125,3758,139850643,4804525,45662,75372
2026-10-02,10183029417,4,740,744,684,813,20492104,1263215,7400,873
2026-10-02,10184247393,5,1786,1976,1732,2803,105212944,2875912,96337,3694
2026-10-02,10187294555,4,1776,1806,1674,2000,145151366,311740,420027,14286
2026-10-02,10187487133,4,806,815,711,937,34350673,65291,24754,4836
2026-10-02,10188144423,4,1430,1423,1392,1438,65346889,77649,23535,2881
2026-10-02,10189601764,4,586,592,557,638,37532737,42010,23951,1128
2026-10-02,10189903609,4,5806,5808,5723,5897,85063028,139722,85421,8008
2026-10-02,10191144118,4,750,764,706,848,75652058,312855,29189,13863
2026-10-02,10192659240,4,517,518,484,556,22806396,33476,10617,1174
2026-10-02,10195997258,4,3914,3920,3725,4126,50647638,123348,76934,3880
2026-10-02,10196660716,4,562,568,517,629,39017788,2815429,21826,2368
2026-10-02,10197758650,4,1685,1697,1617,1801,15402864,339336,14394,910
2026-10-02,10198825880,4,946,947,939,957,12920766,100583,60471,1511
2026-10-02,10199301628,5,8145,8340,7190,10248,434151134,2048707,771727,42447
2026-10-02,10200395747,5,2643,2764,2520,3436,1675383075,663253,719564,99361
2026-10-02,10203815049,4,618,616,597,632,19702584,28780,18209,3030
2026-10-02,10204207151,4,344,344,320,369,25999070,67367,39476,5370
2026-10-02,10204542673,4,1755,1817,1629,2130,37099153,1309759,26491,3221
2026-10-02,10205184118,4,395,398,386,417,20375018,62516,50384,3067
2026-10-02,10205419329,4,759,767,731,819,10038064,24658,5547,2461
2026-10-02,10205485380,4,998,991,949,1021,38335883,51137,42099,5884
2026-10-02,10209534490,4,3804,3810,3568,4065,122729127,396020,1139108,11947
2026-10-02,10211159992,4,2272,2271,2119,2421,42922920,2292997,15179,1490
2026-10-02,10213583516,4,304,302,285,315,19793160,1021442,57186,2134
2026-10-02,10217234318,4,528,531,518,549,58888914,118741,104864,3811
2026-10-02,10224849445,4,546,545,523,567,5969261,47710,20217,2296
2026-10-02,10226701629,4,1906,1920,1878,1990,95580737,349368,142406,11277
2026-10-02,10230942274,4,7770,7794,7397,8240,95853195,205887,233119,17615
2026-10-02,10231871497,4,979,973,932,1001,45131958,87727,165127,2418
2026-10-02,10232373522,4,352,350,331,364,26017212,1217828,64943,7430
2026-10-02,10232686472,4,3179,3132,2814,3357,71891913,350359,61071,6033
2026-10-02,10232922349,4,404,403,392,413,7056524,73825,63316,845
2026-10-02,10236023188,4,1626,1605,1421,1745,122729869,310496,334058,11236
2026-10-02,10241000620,4,2019,2026,1928,2136,15617559,86320,51742,2729
2026-10-02,10241783978,4,754,754,747,763,1966386,103787,48806,1365
2026-10-02,10242984742,4,828,813,721,876,9547517,24772,1926,839
2026-10-02,10244001346,5,3027,3352,2654,5121,118965235,126331,32691,2973
2026-10-02,10246108265,4,3434,3413,3255,3528,20574241,151081,87353,3009
2026-10-02,10246386961,2,303,303,286,320,60426093,1312008,242744,3010
2026-10-02,10246872585,4,887,886,850,922,12147212,11643,5420,1153
2026-10-02,10247712813,4,494,498,449,557,32805985,48823,28468,1326
2026-10-02,10247797619,4,1984,1994,1885,2123,71331108,202180,30961,10234
2026-10-02,10249209189,4,1912,1911,1734,2087,59000711,350294,856781,11302
2026-10-02,10253235584,4,1990,2000,1973,2047,65895896,640488,273594,4192
2026-10-02,10253446435,4,1502,1481,1359,1560,21441315,106527,434962,4386
2026-10-02,10253570298,2,280,280,253,307,1954246,9317,11192,678
2026-10-02,10254680421,4,5797,5811,5742,5907,86340843,2289494,26717,6438
2026-10-02,10255492538,4,420,418,389,442,7932256,19055,25103,911
2026-10-02,10255788071,4,3646,3646,3569,3723,12269781,36897,17029,2387
2026-10-02,10256263771,4,693,707,622,821,24447267,44395,62807,818
2026-10-02,10257007695,1,295,295,295,295,21196468,58667,88915,2243
2026-10-02,10258991999,4,16953,16998,16470,17616,52205184,807937,152229,7212
2026-10-02,10259258713,4,958,952,880,1012,36501618,2457931,97185,2461
2026-10-02,10261267004,4,14779,14675,14303,14840,123993578,367745,123264,7039
2026-10-02,10263732883,4,1472,1475,1451,1503,5729879,36155,10422,1946
2026-10-02,10265803948,4,329,321,292,333,122672736,104651,61925,12192
2026-10-02,10267363348,4,1030,1024,939,1097,143005326,401695,340142,15596
2026-10-02,10267571771,4,1052,1047,983,1103,41529322,658534,8627,1420
2026-10-02,10269820836,4,2432,2451,2125,2817,27773206,9724,11228,1914
2026-10-02,10270331873,4,823,822,805,838,9266253,38603,44580,3686
2026-10-02,10270349664,4,588,600,561,663,52950674,4459665,102293,4128
2026-10-02,10271723279,4,1234,1229,1178,1270,7217349,155537,30915,2035
2026-10-02,10272020404,4,486,487,470,506,34121833,57647,18647,4082
2026-10-02,10272236945,4,762,764,760,771,38964205,57338,20760,2383
2026-10-02,10272975313,4,1224,1221,1191,1245,27371311,60433,45386,3671
2026-10-02,10274447949,5,2632,2642,2263,3175,57729657,4049663,27054,3687
2026-10-02,10275970697,4,614,599,548,619,35519641,237837,33191,5971
2026-10-02,10276281921,4,624,633,608,675,80761292,208041,31407,10235
2026-10-02,10278774552,4,6594,6626,6520,6794,198370619,344491,66455,18308
2026-10-02,10281666052,4,2387,2406,2360,2490,5219900,77875,17545,1596
2026-10-02,10284380969,4,441,450,435,482,12077566,464187,6117,796
2026-10-02,10286150288,4,1330,1344,1199,1517,55032655,58239,16021,5595
2026-10-02,10289201563,4,4526,4520,4261,4767,81709351,177011,17285,4704
2026-10-02,10290366643,4,388,388,371,405,12351101,30544,7469,2345
2026-10-02,10292947079,4,758,760,651,876,19346843,25966,7256,8769
2026-10-02,10297836599,4,2972,2986,2783,3219,18874387,40211,35430,2025
2026-10-02,10298144467,5,3146,3165,3090,3298,39676776,42259,94925,3007
2026-10-02,10299695016,1,284,284,284,284,16587780,688888,72256,2849
2026-10-02,10309128556,4,1017,1089,924,1399,12859105,186145,220569,4026
2026-10-02,10310095331,4,388,388,382,396,3089154,26418,2941,344
2026-10-02,10310563053,4,3966,3967,3899,4036,47247578,73143,71989,17235
2026-10-02,10310999762,4,4027,4048,3883,4254,28494096,43829,39189,1491
2026-10-02,10321202755,5,7050,7134,7034,7420,52519010,483028,170518,2875
2026-10-02,10324001605,4,2738,2766,2643,2947,19361664,469235,95457,2446
2026-10-02,10329213173,4,1446,1423,1265,1536,31078415,40575,37811,2206
2026-10-02,10329489265,4,3612,3588,3455,3673,34075395,2535322,4511,857
2026-10-02,10329995185,4,885,873,795,926,30190365,439233,170458,4633
2026-10-02,10334731049,4,572,570,558,577,59603983,296368,80914,6103
2026-10-02,10335105369,4,740,740,740,740,,,768,329
2026-10-02,10336278580,4,3684,3644,3413,3794,43116481,1160204,313867,3473
2026-10-02,10337069275,4,368,368,338,397,7265322,65208,39641,3542
2026-10-02,10337157761,4,449,452,440,468,20647560,1211827,16690,937
2026-10-02,10338952197,5,5012,5235,4864,6298,114847817,7226014,379137,8376
2026-10-02,10340194375,4,428,431,419,449,20646302,1592166,21390,3276
2026-10-02,10340721921,4,530,535,501,578,10787867,35939,47044,2470
2026-10-02,10341337656,1,292,292,292,292,3756293,19805,3948,1006
2026-10-02,10342857565,4,478,479,426,535,27497913,36130,7801,2783
2026-10-02,10343795685,4,482,480,443,511,22047329,50881,9305,2250
2026-10-02,10346503194,4,370,368,358,374,22631798,94143,55480,1349
2026-10-02,10350558449,4,1342,1336,1309,1349,29297753,611259,22714,2034
2026-10-02,10351246089,4,1198,1201,1069,1340,4222277,82391,8429,2504
2026-10-02,10351850295,5,2541,2599,2184,3313,36369757,1125611,10417,3196
2026-10-02,10352185757,4,698,687,623,728,35674546,201765,56484,5568
2026-10-02,10356701370,4,486,483,446,514,95172487,388507,275548,13704
2026-10-02,10357992717,4,1965,1965,1965,1965,,,54240,2498
2026-10-02,10364552556,4,520,520,518,522,5868899,175690,26738,1143
2026-10-02,10364947962,4,896,900,873,934,14350764,21665,10030,1055
2026-10-02,10368005384,4,1442,1472,1322,1684,37959214,188535,525816,5961
2026-10-02,10370802481,4,4471,4463,4315,4596,110948520,328912,24437,9060
2026-10-02,10371406677,5,11293,11711,9966,15165,13872655,59966,41596,794
2026-10-02,10372351735,4,1297,1312,1184,1472,41390791,91980,166223,3232
2026-10-02,10372466625,4,410,409,372,445,28668474,63039,33607,17463
2026-10-02,10376944238,4,2618,2606,2545,2644,57956936,317284,529079,10686
2026-10-02,10377327838,4,732,732,732,732,,,8623,411
2026-10-02,10378885079,4,1820,1813,1759,1854,79559565,42181,15505,4987
2026-10-02,10381830868,4,536,536,520,549,4636171,20802,5907,418
2026-10-02,10383037602,4,1109,1108,1020,1194,26315161,1656920,7968,1044
2026-10-02,10383973024,4,1848,1849,1654,2046,31453557,1117551,31549,1741
2026-10-02,10384841418,4,838,833,792,864,87756156,2361839,71449,6309
2026-10-02,10384890234,4,786,786,757,815,17712734,31744,6911,1239
2026-10-02,10387635049,5,3884,3839,3627,4032,7945248,395703,10161,1036
2026-10-02,10389353525,4,372,372,339,404,12913615,77263,31029,2180
2026-10-02,10390633859,4,300,306,258,366,17158870,1296138,11407,553
2026-10-02,10391036163,4,2338,2340,2307,2378,7048766,157554,14870,2046
2026-10-02,10391461348,4,2528,2551,2270,2877,10918839,36675,57329,866
2026-10-02,10393438342,4,1462,1466,1386,1553,17707385,15615,15345,1194
2026-10-02,10393620082,4,2309,2311,2208,2417,87425839,177139,140188,9076
2026-10-02,10394064134,4,2802,2806,2775,2844,27436347,2018425,7396,2962
2026-10-02,10397566868,4,1388,1372,1283,1426,178311179,481319,243770,19126
2026-10-02,10399125962,4,7710,7786,7098,8625,120900015,211032,35650,22395
2026-10-02,10399136326,5,13221,13609,12272,16767,102012227,164121,93947,12282
2026-10-02,10399413858,4,2110,2119,1986,2268,17787085,23023,18492,937
2026-10-02,10404293465,4,393,388,359,406,3880143,27395,16022,3643
2026-10-02,10404519332,4,2558,2586,2521,2704,22839585,92633,29524,6050
2026-10-02,10405010493,4,2934,2948,2806,3118,87962875,217845,173279,12859
2026-10-02,10405785379,4,1564,1570,1425,1729,20086476,40108,8461,810
2026-10-02,10406853972,4,700,705,661,757,25233039,2105987,7630,820
2026-10-02,10406956174,4,749,749,749,749,,,5766,3661
2026-10-02,10409732219,4,1278,1292,1257,1356,95982290,5870699,243634,6973
2026-10-02,10410945205,4,4200,4144,3835,4340,74360550,128239,114794,3591
2026-10-02,10411121857,1,302,302,302,302,7353383,54404,17299,2025
2026-10-02,10415694629,5,6743,7082,5970,9320,22202810,107543,18395,2480
2026-10-02,10415845204,4,3788,3782,3722,3829,10612717,771619,66797,1332
2026-10-02,10417857486,4,382,378,360,388,13578832,89746,27678,2239
2026-10-02,10417987249,4,974,980,961,1009,4894882,69969,25163,3680
2026-10-02,10418117926,4,2814,2832,2736,2966,24030915,125414,47441,2551
2026-10-02,10418224975,4,3358,3382,3034,3778,13401791,401015,20309,1003
2026-10-02,10418381226,4,870,868,833,898,11247291,59754,67425,1744
2026-10-02,10419655626,4,861,857,832,873,6712014,145815,3606,439
2026-10-02,10420582875,4,1581,1568,1465,1644,22665793,1301751,55656,3581
2026-10-02,10420832668,2,1020,1020,592,1448,893587,8207,2515,539
2026-10-02,10421154706,4,1034,1032,984,1077,32486682,788198,116935,4275
2026-10-02,10428543942,4,484,478,398,545,4752507,26017,10730,1808
2026-10-02,10430413968,4,1128,1128,1061,1193,29612587,585848,29567,5275
2026-10-02,10431718987,5,3459,3527,3307,4037,41878042,104912,124956,3978
2026-10-02,10435170241,4,748,728,591,824,9661748,32684,12604,1753
2026-10-02,10435851846,4,596,603,524,696,23247820,226997,19309,2745
2026-10-02,10437809977,4,520,510,431,570,15450210,34047,44156,1049
2026-10-02,10438013523,4,1662,1656,1615,1686,58676506,313748,205437,16624
2026-10-02,10439568447,4,2520,2535,2437,2664,21991362,242331,47922,2807
2026-10-02,10440342381,4,4246,4246,4246,4246,,,16224,5746
2026-10-02,10440833423,4,3132,3157,3065,3300,100414483,328124,709503,15273
2026-10-02,10441199872,4,1434,1432,1382,1477,76234927,126606,67739,4172
2026-10-02,10446291786,4,1648,1636,1481,1767,20734579,126186,8469,2320
2026-10-02,10448889633,4,560,560,535,582,7808300,24925,41153,1013
2026-10-02,10450501528,4,322,324,313,339,6702966,32074,8296,2177
2026-10-02,10452740285,4,2690,2692,2604,2781,20299448,103875,255870,3756
2026-10-02,10453281197,4,510,512,455,574,3907320,212602,1669,1771
2026-10-02,10454554751,4,1690,1657,1538,1710,116211663,2266752,312967,10866
2026-10-02,10454932245,4,542,536,481,579,16249815,37442,7241,1476
2026-10-02,10455462279,5,3981,4089,3858,4702,60014210,2257345,23260,7410
2026-10-02,10455741150,4,3256,3260,3144,3384,15567515,31643,13209,4282
2026-10-02,10456511458,4,3886,3946,3559,4454,13871731,27539,12774,1132
2026-10-02,10456832990,4,415,416,376,456,63891793,98426,74370,6755
2026-10-02,10456881513,4,3564,3564,3314,3816,20131851,726183,60888,19394
2026-10-02,10458028403,4,332,333,304,363,4976067,88453,13370,11640
2026-10-02,10458789587,4,1648,1666,1538,1831,16497960,57653,29117,4611
2026-10-02,10460801145,4,14740,14727,14009,15419,199677228,222961,74831,12143
2026-10-02,10461810987,4,1064,1067,1040,1100,35049606,63563,11851,2168
2026-10-02,10463578886,4,932,934,905,965,8646497,22802,41411,921
2026-10-02,10466601694,5,3060,2965,2730,3109,1519674,13800,7641,1110
2026-10-02,10469426282,4,1512,1509,1482,1530,5149155,13565,20221,869
2026-10-02,10471583973,5,2880,2875,2781,2945,31583592,100063,43250,3756
2026-10-02,10475794799,4,4026,4010,3714,4274,121636950,1716613,241884,8726
2026-10-02,10480747190,4,841,841,841,841,,,26529,4915
2026-10-02,10480998942,4,824,807,753,829,16461080,25531,2790,2030
2026-10-02,10482775464,4,1763,1750,1698,1778,33130298,275183,117638,5172
2026-10-02,10482905194,4,1308,1317,1281,1373,15721392,39858,6037,1226
2026-10-02,10485201326,4,1920,1920,1871,1970,17514229,525944,19446,946
2026-10-02,10493730706,4,418,418,390,447,17233355,115442,29387,4086
2026-10-02,10494847029,4,418,427,408,463,7216008,39534,26659,3060
2026-10-02,10495391267,4,1320,1310,1212,1386,4383678,56126,10663,780
2026-10-02,10496981141,1,321,321,321,321,20396265,189416,17656,1250
2026-10-02,10500388554,4,493,493,488,498,17492268,45016,7098,1210
2026-10-02,10501944811,4,2155,2165,2127,2223,6452362,20318,67891,777
2026-10-02,10502841145,5,12442,12436,12186,12783,101072762,125045,37115,1294
2026-10-02,10504837200,4,1681,1690,1567,1832,13583355,693309,70523,1530
2026-10-02,10506207587,4,590,582,520,627,35163273,72927,33431,3091
2026-10-02,10507075860,4,2490,2523,2463,2649,29454151,1352784,22091,2167
2026-10-02,10507650215,4,577,584,555,628,689959,24114,7596,1619
2026-10-02,10514223296,4,5572,5499,5184,5668,21542868,122344,83044,4057
2026-10-02,10514280922,4,1160,1142,1083,1167,16350173,31898,17103,1253
2026-10-02,10514488908,4,692,692,640,744,20463697,50112,6348,6277
2026-10-02,10515406328,4,748,742,624,848,7943967,79214,4790,717
2026-10-02,10516066038,4,9727,9727,9727,9727,,,16429,1573
2026-10-02,10516888336,4,1759,1762,1697,1834,84483513,1485756,321567,6558
2026-10-02,10517428659,4,499,496,469,518,14670668,53235,46076,2027
2026-10-02,10520829450,4,4894,4866,4629,5046,35940032,61220,31623,2001
2026-10-02,10521797740,4,5400,5400,5215,5588,54485099,113605,66380,15146
2026-10-02,10524089399,2,308,308,294,322,4003827,295607,3396,113
2026-10-02,10524813259,4,2120,2119,2104,2131,9621329,43238,19860,2327
2026-10-02,10526166728,4,830,826,791,851,10221069,22551,17993,1332
2026-10-02,10526434002,4,736,737,652,825,30484886,47439,20596,4440
2026-10-02,10526463655,4,7052,6996,6825,7056,9573816,21759,4382,1764
2026-10-02,10526853622,4,5446,5444,5267,5618,6968060,134143,22648,796
2026-10-02,10528250136,4,1414,1420,1391,1461,28823358,1756040,106641,3966
2026-10-02,10529067596,4,1890,1902,1833,1995,19678363,591528,20008,2493
2026-10-02,10529769390,4,9221,9228,8717,9753,21228915,15404,9682,2575
2026-10-02,10530261598,4,2795,2801,2763,2850,153911412,450373,66293,11908
2026-10-02,10531477636,4,574,580,569,600,5039992,25823,31274,596
2026-10-02,10532995815,4,8524,8499,8094,8854,5691925,157102,46975,1229
2026-10-02,10534873486,4,4394,4436,4238,4721,8658351,338145,6234,581
2026-10-02,10535292470,4,420,430,412,469,11345440,24119,11773,545
2026-10-02,10536000210,4,1418,1419,1382,1458,14787678,30755,13940,804
2026-10-02,10536853610,4,362,358,321,389,5062374,14017,18919,2517
2026-10-02,10537172776,4,2012,2030,2005,2090,23340634,57827,20305,2012
2026-10-02,10537346933,4,902,908,897,928,1819135,45867,14445,1042
2026-10-02,10539411000,4,11286,11288,10699,11882,215137167,339136,129835,19580
2026-10-02,10541331578,4,756,748,709,774,2858866,198963,11174,1249
2026-10-02,10544327471,4,2108,2097,1974,2199,35734019,119484,124109,2762
2026-10-02,10545879268,4,561,561,561,561,,,3165,116
2026-10-02,10546705891,4,2250,2240,2094,2367,29715266,114225,55359,5505
2026-10-02,10547918402,4,2214,2231,2185,2309,43406907,86584,113211,2628
2026-10-02,10548618687,4,379,379,367,390,2541774,7345,5692,530
2026-10-02,10549129889,4,425,424,406,440,13953078,52721,19588,2682
2026-10-02,10550257968,5,13309,13621,12316,16057,18299710,657166,7021,2648
2026-10-02,10551595617,5,4546,4546,4546,4546,,,33653,5957
2026-10-02,10551923502,4,974,966,910,1005,27919793,2215900,37813,731
2026-10-02,10552240401,5,4870,4906,4783,5069,5239741,96077,21344,780
2026-10-02,10552540426,4,2404,2428,2356,2548,11812123,378688,240582,3801
2026-10-02,10553704684,4,3726,3766,3686,3927,2732376,125613,16595,1370
2026-10-02,10554316588,4,622,624,601,650,17500999,47112,71265,828
2026-10-02,10561352230,4,1855,1842,1707,1952,44637434,1721824,438094,4653
2026-10-02,10563114921,5,1114247,1235499,1081294,1695743,6340910752,6486641,3072166,251184
2026-10-02,10565445771,4,877,873,835,902,33325906,104598,45860,30167
2026-10-02,10571722689,4,944,941,895,981,12921601,61313,90212,6286
2026-10-02,10575619152,4,1047,1053,1024,1094,7778580,481240,30549,1174
2026-10-02,10576739951,4,1299,1280,1168,1352,36004115,246441,21444,4167
2026-10-02,10577377368,4,780,776,733,811,3480070,6501,2496,670
2026-10-02,10577588270,4,4438,4485,4387,4679,40168368,635074,147689,3547
2026-10-02,10577682617,5,7138,7160,6407,8157,34356984,82418,37721,3778
2026-10-02,10579389074,4,2180,2198,2116,2315,21676257,50405,27478,3000
2026-10-02,10582281852,4,585,585,585,585,,,8990,906
2026-10-02,10583634958,4,1721,1756,1667,1914,20591311,35220,12761,2627
2026-10-02,10586746293,4,4148,4142,3996,4274,11652271,53626,29210,1763
2026-10-02,10587328652,4,1472,1555,1389,1889,14076543,20842,8302,2288
2026-10-02,10588977897,4,886,892,853,944,16472271,49162,41735,2305
2026-10-02,10598641427,4,588,604,556,685,5134819,94897,17796,1361
2026-10-02,10598688389,4,4597,4583,4437,4700,6063450,28370,11218,4010
2026-10-02,10599927450,4,932,934,901,971,5045360,518337,6601,799
2026-10-02,10601155553,4,9112,9057,8700,9303,25225619,153376,101473,4668
2026-10-02,10601447895,4,466,471,442,509,38592890,732707,31752,5791
2026-10-02,10604542637,4,341,341,326,355,5550644,17258,24849,3313
2026-10-02,10604772590,5,3830,3983,3806,4612,29469714,56340,38235,4317
2026-10-02,10605467256,5,5785,5785,5785,5785,,,23920,2673
2026-10-02,10608908197,4,425,419,362,463,4259060,204202,6209,1051
2026-10-02,10612017628,5,5522,5764,4974,7358,9417202,446564,22999,895
2026-10-02,10614082913,4,726,727,713,742,12849148,592209,4323,1268
2026-10-02,10616474341,4,1396,1386,1337,1414,16956280,53079,14963,2656
2026-10-02,10624691669,4,13117,13163,12734,13683,121044231,375327,73252,12548
2026-10-02,10626746750,4,946,942,904,969,965410,18494,3983,1261
2026-10-02,10628526114,4,6512,6484,5940,6974,3860455,14923,12798,278
2026-10-02,10628907188,4,2740,2692,2447,2840,34650464,806100,56968,6699
2026-10-02,10630800860,4,15261,15277,13819,16768,43836313,1441426,5707,5463
2026-10-02,10634461028,4,17600,17790,13674,22285,65367704,82930,42110,5193
2026-10-02,10635348596,4,4210,4208,4091,4322,22375474,127986,16347,2133
2026-10-02,10637513477,4,638,643,593,702,17641417,26631,14732,2367
2026-10-02,10638354731,3,318,319,303,337,6961045,43210,11514,5564
2026-10-02,10640957718,4,468,474,375,583,3409336,9188,3201,2731
2026-10-02,10642022844,4,1252,1227,1043,1363,6423626,65861,2607,735
2026-10-02,10642702105,4,677,672,650,683,3644838,12582,25149,1250
2026-10-02,10643795368,4,4394,4382,4309,4434,10918575,56376,25541,3397
2026-10-02,10647949490,4,2404,2397,2365,2417,14561768,25808,10070,445
2026-10-02,10648820673,4,2582,2610,2559,2717,68822360,1662641,136934,3457
2026-10-02,10649255304,4,5668,5719,5468,6070,43766846,2584276,17188,2391
2026-10-02,10654199482,4,479,473,433,501,8868462,69337,22234,1254
2026-10-02,10662463285,4,606,604,537,664,9085360,40508,16995,2888
2026-10-02,10664667515,4,1604,1597,1562,1618,28818076,451279,15527,1555
2026-10-02,10667357873,4,18298,18292,17282,19288,7718754,121850,19606,1063
2026-10-02,10669713140,4,1514,1530,1478,1613,6635042,14270,2316,351
2026-10-02,10675117523,5,14389,14412,14092,14885,9454685,95986,19919,939
2026-10-02,10677698797,4,3484,3488,3348,3636,5606909,53878,16563,1409
2026-10-02,10680768992,4,1356,1356,1356,1356,,,3557,888
2026-10-02,10681914462,5,19373,20444,18914,25231,91729948,249672,241606,11987
2026-10-02,10682099418,5,2381,2385,2067,2943,25931701,1227294,26009,1830
2026-10-02,10683945170,4,1138,1139,1126,1154,21363769,1120893,15989,3025
2026-10-02,10684750879,4,40898,40849,38502,43096,46400795,2118910,106144,3411
2026-10-02,10685282333,4,36656,36659,34625,38698,60180401,105695,163339,21950
2026-10-02,10690360998,4,5235,5296,4852,5862,99542635,122032,92374,6281
2026-10-02,10690942083,4,3940,3958,3783,4171,8874400,10969,2727,677
2026-10-02,10694549945,5,1843,2117,1783,3303,19462961,29948,31001,1148
2026-10-02,10696894951,5,6044,6630,5641,9444,13128383,17463,2917,1194
2026-10-02,10697889407,4,470,473,460,494,6512615,64119,10094,516
2026-10-02,10699057921,4,714,717,671,767,3832656,50799,10113,1472
2026-10-02,10700505394,4,1828,1841,1777,1931,35658025,116762,154524,7879
2026-10-02,10700618962,4,12938,12968,12869,13126,6649369,191304,19932,316
2026-10-02,10701628624,4,11817,11808,11688,11910,16267936,254106,7109,1731
2026-10-02,10705618167,4,710,715,627,814,6602252,7580,5071,1355
2026-10-02,10708913337,5,64822,66651,64192,74455,56851567,120793,500939,3392
2026-10-02,10714746778,4,6686,6684,6641,6723,13382398,570274,93026,3074
2026-10-02,10715453071,4,10125,10125,10125,10125,,,9169,659
2026-10-02,10717199977,4,4766,4739,4394,5030,11749707,285534,5909,1180
2026-10-02,10718240577,5,3241,3491,3199,4395,22309171,189460,83779,1443
2026-10-02,10724269636,5,5142,5328,4449,7038,12092413,24750,21150,1085
2026-10-02,10727829780,4,1428,1448,1423,1513,8079971,57814,21475,2378
2026-10-02,10732236937,4,17595,17495,16835,17956,28808456,62381,36530,3122
2026-10-02,10737127681,4,638,627,577,654,8065841,47219,25634,2663
2026-10-02,10737231383,5,3158,3198,2702,3958,22299967,596928,19641,1660
2026-10-02,10737256446,4,966,959,909,996,6216786,536261,9540,1183
2026-10-02,10737626980,4,395,395,395,395,,,338,35
2026-10-02,10737656087,4,3150,3164,2966,3388,3885018,11750,7280,482
2026-10-02,10737798435,1,278,278,278,278,4788748,19714,21579,1497
2026-10-02,10739681803,4,564,576,547,632,2576238,47383,977,225
2026-10-02,10741302505,4,2987,2973,2741,3176,3934452,162708,34863,813
2026-10-02,10741654282,4,17890,17800,15840,19578,38956827,984494,213034,4287
2026-10-02,10742019356,4,1400,1411,1294,1550,20902354,33879,8118,1665
2026-10-02,10744310825,4,26381,26262,24769,27515,9191162,667425,3985,1887
2026-10-02,10747920845,4,474,475,446,506,809069,27022,3811,682
2026-10-02,10749831764,4,747,754,683,837,3854323,428434,4342,505
2026-10-02,10751572992,4,550,553,520,591,4289489,15960,8834,1368
2026-10-02,10753487407,4,3802,3780,3637,3882,13752569,70563,18841,1010
2026-10-02,10753751277,5,11430,12127,10046,16894,11652696,1177017,34263,1620
2026-10-02,10755094976,4,598,599,571,630,21564010,74161,7833,1375
2026-10-02,10756011174,4,32286,32207,29650,34604,84676121,201208,333093,14491
2026-10-02,10756847038,2,280,280,271,289,1254820,8214,3332,412
2026-10-02,10757247806,4,1975,1947,1729,2108,517533,6271,3454,128
2026-10-02,10757498504,5,2806,3218,2531,5359,11296347,33114,17178,552
2026-10-02,10757504146,5,1784,1946,1642,2749,18587260,27651,8650,641
2026-10-02,10758397570,5,5036,5345,4891,6756,11363401,24167,12011,304
2026-10-02,10759337137,4,7718,7739,7339,8181,33452274,344801,165950,4851
2026-10-02,10759415852,4,1038,1048,1025,1092,3747427,197653,46943,978
2026-10-02,10759485670,4,696,699,478,924,7949056,32772,4007,576
2026-10-02,10759638075,4,8100,8073,7719,8373,3435609,129533,62851,956
2026-10-02,10759661128,4,821,834,735,959,9689799,43408,5023,2281
2026-10-02,10759860151,4,2254,2257,2161,2359,22491897,38833,27452,3530
2026-10-02,10761115872,4,1002,988,916,1031,8214374,519136,13047,9803
2026-10-02,10761200080,4,2610,2613,2576,2654,4513070,25799,46748,3851
2026-10-02,10761375767,4,1951,1938,1854,1998,4685326,339784,82750,1844
2026-10-02,10761375938,4,3374,3364,3290,3418,7172697,28662,52486,853
2026-10-02,10761687472,4,14694,14706,14311,15123,120866759,428883,91005,12253
2026-10-02,10761884278,3,351,343,326,353,2844372,52525,19937,4126
2026-10-02,10762008472,2,282,282,257,307,1910124,6898,1465,46
2026-10-02,10762388019,5,11695,11422,10780,11961,19104120,82984,163137,12105
2026-10-02,10762757054,4,9060,8928,8369,9225,12209593,46256,15802,3965
2026-10-02,10763714513,4,2192,2188,2159,2208,1961804,10289,2625,156
2026-10-02,10763764817,4,9346,9297,9057,9440,22403639,904060,12637,2279
2026-10-02,10763860058,4,962,968,934,1012,3581123,119419,1230,454
2026-10-02,10764297006,4,7126,7164,6715,7687,26376885,16573,10324,2759
2026-10-02,10764300350,4,2615,2624,2487,2780,2500069,13724,3144,442
2026-10-02,10764328008,4,1498,1496,1467,1522,9775537,71736,64945,1311
2026-10-02,10764479526,4,7168,7203,6619,7858,33055961,354169,271892,5434
2026-10-02,10764533320,4,7631,7594,7006,8108,22533301,69429,57562,6756
2026-10-02,10764640833,4,8223,8279,8047,8623,12593882,40508,8350,2206
2026-10-02,10764839604,4,5161,5179,5077,5318,3129485,19239,13995,365
2026-10-02,10764888929,4,693,694,666,726,1918504,104988,8877,303
2026-10-02,10764897725,4,13403,13336,12888,13652,22538567,1095011,112301,2490
2026-10-02,10764926550,5,15702,15702,15702,15702,,,15460,1443
2026-10-02,10765012427,4,26299,26402,24986,28025,21696226,107370,74479,3952
2026-10-02,10765013362,4,7751,7738,7402,8047,3937375,9018,3273,437
2026-10-02,10765032875,4,3490,3491,3436,3548,4908707,7714,944,180
2026-10-02,10765035506,4,658,653,583,713,3903681,286822,1981,487
2026-10-02,10765061113,4,3138,3138,3105,3168,2062846,3917,1065,350
2026-10-02,10765078176,4,2520,2520,2498,2542,16566587,56995,38656,9291
2026-10-02,10765091041,4,8278,8248,7793,8641,8458527,45386,51274,1348
2026-10-02,10765279487,4,7120,7150,6995,7364,5317454,51148,3750,824
2026-10-02,10765288803,5,30427,33355,28401,46249,9428597,84963,58905,1176
2026-10-02,10765298801,4,22782,22680,22027,23128,6054377,234699,11845,490
2026-10-02,10765332568,4,2214,2220,2163,2289,5311616,12669,6119,312
2026-10-02,10765481558,5,2841,2875,2615,3449,3945457,6035,734,222
2026-10-02,10765529256,4,652,653,629,679,778507,4404,569,97
2026-10-02,10765566974,4,537,531,498,551,1469440,80687,5953,1146
2026-10-02,10765629453,4,4437,4671,3817,5992,3354755,358831,9131,756
2026-10-02,10765686447,5,10804,10912,10740,11362,2767484,17621,6649,405
2026-10-02,10766105412,4,1088,1081,1049,1099,563016,3033,887,207
2026-10-02,10766135603,4,3480,3486,3325,3659,2522012,207323,6236,269
2026-10-02,10766138478,4,10416,10490,9775,11354,10281970,548829,15395,404
2026-10-02,10766239678,4,2352,2352,2352,2352,,,17397,460
2026-10-02,10766426236,4,766,746,658,797,962889,20925,2090,478
2026-10-02,10766456501,4,462,463,458,468,252831670,284472,19139,4305
2026-10-02,10766494202,4,1554,1561,1466,1670,3008565,17437,4868,1701
2026-10-02,10766725034,4,10845,10876,10400,11416,7448104,20116,2910,2269
