date,universe_id,n,median,mean,min,max,visits,favorites,up,down
2026-05-15,31970568,2,6754,6754,6716,6792,1565543974,6023611,,
2026-05-15,605887098,2,7618,7618,7490,7746,2475886373,3640774,,
2026-05-15,903807016,2,10997,10997,10782,11212,1489564598,2769115,,
2026-05-15,1526814825,2,10388,10388,10204,10571,1024578674,4148988,,
2026-05-15,1831550657,2,43887,43887,38281,49493,1967691283,9927466,,
2026-05-15,2274830359,2,5288,5288,5060,5517,2881136016,1922799,,
2026-05-15,2992873140,2,20794,20794,19637,21951,1267070410,939762,,
2026-05-15,3164075108,2,5252,5252,5206,5297,259621586,700740,,
2026-05-15,3310460039,2,13374,13374,12916,13831,4355811858,105041997,,
2026-05-15,5361032378,2,62548,62548,62205,62891,1857780689,942047,,
2026-05-15,5578556129,2,41254,41254,41013,41494,1892987092,1883809,,
2026-05-15,5750914919,2,49241,49241,49099,49383,4449320983,3347624,,
2026-05-15,6409513651,2,36520,36520,36358,36682,6012864,174856,,
2026-05-15,6682487255,2,8036,8036,7660,8412,427958002,208424,,
2026-05-15,7058980030,2,7682,7682,7640,7723,480909844,812388,,
2026-05-15,7094518649,2,14928,14928,14770,15085,271800567,672585,,
2026-05-15,7436755782,2,59512,59512,58514,60511,35341288419,10938162,,
2026-05-15,7585079192,2,12188,12188,12086,12291,15968023,76452,,
2026-05-15,7709344486,2,256483,256483,240175,272791,68493149154,27974366,,
2026-05-15,7798947148,2,7208,7208,5571,8845,106902652,257069,,
2026-05-15,8705454731,2,12222,12222,11833,12611,48697408,469456,,
2026-05-15,9073513091,2,15119,15119,15086,15152,41850297,71952,,
2026-05-15,9098570654,2,23262,23262,22447,24076,117444578,188595,,
2026-05-15,9145063979,2,10155,10155,9914,10396,439284605,413334,,
2026-05-15,9266873836,2,6670,6670,6649,6691,145752245,127569,,
2026-05-15,9348272796,2,43844,43844,42413,45275,154140840,111898,,
2026-05-15,9362896961,2,13462,13462,13365,13558,112987282,192900,,
2026-05-15,9363735110,2,26270,26270,25986,26554,5527127826,1939147,,
2026-05-15,9491545867,2,7412,7412,7169,7656,75625362,897821,,
2026-05-15,9526307912,2,20145,20145,19338,20952,29592182,53408,,
2026-05-15,9550406138,1,7008,7008,7008,7008,86883255,144351,,
2026-05-15,9584852943,2,91110,91110,90972,91248,297863769,669805,,
2026-05-15,9787206684,2,10592,10592,10267,10917,673993038,2751453,,
2026-05-15,9792947201,2,261508,261508,258816,264200,154037056,1393411,,
2026-05-15,9875383684,2,5296,5296,5185,5406,150658015,165515,,
2026-05-15,9898609049,2,8808,8808,8511,9105,13476323,17811,,
2026-05-15,9917678692,2,14163,14163,14084,14242,25659022,27350,,
2026-05-15,9929086116,2,8566,8566,8474,8658,22092330,1936466,,
2026-05-15,9998576154,2,14105,14105,13651,14559,17835830,1367744,,
2026-05-15,10004244222,2,201451,201451,196202,206700,471212930,13001598,,
2026-05-15,10004760418,2,16045,16045,15447,16643,59268036,77970,,
2026-05-15,10015834582,2,14432,14432,14082,14783,24068247,27288,,
2026-05-15,10045085816,2,5778,5778,5579,5976,8541906,14878,,
2026-05-15,10051853469,2,7116,7116,6907,7324,9384791,231213,,
2026-05-16,31970568,5,8024,7621,6199,8251,1565809844,6023963,,
2026-05-16,66654135,2,202022,202022,190760,213284,25649921315,21999370,,
2026-05-16,210851291,1,16744,16744,16744,16744,5002605802,8335739,,
2026-05-16,568307879,2,802,802,737,867,515308270,535666,,
2026-05-16,605887098,6,9430,9193,6650,11675,2476351887,3641577,,
2026-05-16,903807016,6,10522,9837,6557,11269,1490174043,2769618,,
2026-05-16,1053132402,3,3398,3246,2913,3426,552250122,959361,,
2026-05-16,1198533421,2,1848,1848,1764,1931,172831534,713335,,
2026-05-16,1214576306,3,4275,4022,3474,4318,1618275320,4259692,,
2026-05-16,1430007363,2,5143,5143,4943,5343,860599615,2095163,,
2026-05-16,1489026993,7,6756,6513,4771,7362,2599157502,4252896,,
2026-05-16,1526814825,6,12805,12010,8317,13709,1025116708,4150479,,
2026-05-16,1795206523,2,1095,1095,1086,1104,930915182,920024,,
2026-05-16,1831550657,6,46551,44793,33681,49606,1969807733,9936234,,
2026-05-16,1998835206,2,2870,2870,2735,3005,562884960,1151475,,
2026-05-16,2027832238,1,2447,2447,2447,2447,186405263,99982,,
2026-05-16,2049551477,4,4232,4250,3952,4582,1418583717,1857989,,
2026-05-16,2165551367,2,1615,1615,1590,1640,651290155,2327563,,
2026-05-16,2247578975,4,4566,4526,4344,4628,1163024771,14899163,,
2026-05-16,2274830359,6,8182,7674,6381,8336,2881859465,1923326,,
2026-05-16,2294168059,2,5028,5028,4310,5745,1190140623,3221571,,
2026-05-16,2369077151,3,4147,3925,3464,4163,337269021,9528555,,
2026-05-16,2440500124,2,18780,18780,18623,18937,7372959226,7802748,,
2026-05-16,2491559356,1,872,872,872,872,74804819,158999,,
2026-05-16,2492481398,2,2906,2906,2900,2911,402282391,1273977,,
2026-05-16,2655478023,4,4916,4905,4862,4925,962225713,3445957,,
2026-05-16,2788648141,3,4253,4031,3339,4501,978093199,1879855,,
2026-05-16,2821905072,5,7639,7334,6231,7768,227753230,4817996,,
2026-05-16,2827951974,2,1752,1752,1527,1977,796620444,663736,,
2026-05-16,2992873140,5,20326,20289,19697,21032,1267963016,940127,,
2026-05-16,3034836582,2,1076,1076,999,1153,492722907,1900822,,
2026-05-16,3079618996,3,3221,3164,3000,3272,750486839,774315,,
2026-05-16,3164075108,5,6140,5907,4967,6423,259882458,701138,,
2026-05-16,3187874989,2,5508,5508,4287,6730,128740910,189396,,
2026-05-16,3191268194,3,4464,4160,3346,4671,1326331312,5045236,,
2026-05-16,3232181171,2,1322,1322,1291,1354,47625493,174005,,
2026-05-16,3310460039,6,21734,20574,14847,23112,4357805532,105042511,,
2026-05-16,3346892457,2,3026,3026,2642,3409,414051952,149246,,
2026-05-16,3420059569,3,3120,2999,2756,3120,918844214,27468373,,
2026-05-16,3472976893,2,1160,1160,1079,1240,121991887,1450543,,
2026-05-16,3502524667,2,2288,2288,2207,2369,723910453,3656393,,
2026-05-16,3551414857,2,2370,2370,1841,2900,594185969,1258761,,
2026-05-16,3647333358,2,38855,38855,32042,45668,8585046753,7730270,,
2026-05-16,3746418487,3,3559,3454,3131,3672,285928523,340846,,
2026-05-16,3754482795,6,8280,7665,6138,8501,1196880713,4222009,,
2026-05-16,3759884822,3,2680,2736,2625,2902,111608514,88687,,
2026-05-16,3841172115,2,2688,2688,1972,3405,94344936,497871,,
2026-05-16,4028801234,2,1388,1388,1251,1524,218900956,11590712,,
2026-05-16,4283416256,1,685,685,685,685,17284161,107194,,
2026-05-16,4348829796,2,12988,12988,11967,14009,2455437686,10094130,,
2026-05-16,4457060041,2,3906,3906,3887,3924,115822473,195288,,
2026-05-16,4518160318,4,5150,5159,5130,5204,600964998,1060961,,
2026-05-16,4543855070,3,3488,3301,2836,3578,209714614,254905,,
2026-05-16,4595016786,3,4051,3679,2919,4068,566532443,684395,,
2026-05-16,4599924264,2,4570,4570,4523,4617,659806551,239362,,
2026-05-16,4673599750,2,4644,4644,2894,6395,450543458,411296,,
2026-05-16,4720386144,2,3978,3978,3611,4345,95460753,502987,,
2026-05-16,4793836769,2,7878,7878,7413,8342,249039820,5291838,,
2026-05-16,4925331346,3,3704,3539,3168,3745,283193487,427282,,
2026-05-16,4944984948,5,6497,6415,6213,6645,181493512,72864,,
2026-05-16,5195168716,2,2061,2061,1970,2152,83697217,568560,,
2026-05-16,5207621753,3,3868,3741,3475,3881,53332472,49829,,
2026-05-16,5361032378,6,65389,67813,64428,80602,1860372817,943395,,
2026-05-16,5578556129,6,47390,46001,40532,48274,1894591504,1885242,,
2026-05-16,5661020014,2,1492,1492,1477,1506,16599256,393310,,
2026-05-16,5668114043,2,2312,2312,2288,2335,221491703,698995,,
2026-05-16,5678284602,1,12231,12231,12231,12231,135818586,822637,,
2026-05-16,5698013839,2,1240,1240,1165,1316,64659581,254797,,
2026-05-16,5750914919,6,84892,82533,53822,113596,4451770411,3350812,,
2026-05-16,5956634861,2,926,926,920,931,142079514,571017,,
2026-05-16,6015491985,3,4037,3652,2869,4051,319893365,182244,,
2026-05-16,6072944764,2,668,668,652,683,47922744,49711,,
2026-05-16,6247557414,2,908,908,889,926,190475371,2204692,,
2026-05-16,6314664695,2,1015,1015,960,1070,55543798,2636583,,
2026-05-16,6329693946,3,4178,3916,3351,4218,59781010,189794,,
2026-05-16,6375110339,1,3472,3472,3472,3472,113369374,76353,,
2026-05-16,6409513651,6,47752,46280,39368,48879,7105437,197127,,
2026-05-16,6491900489,2,2932,2932,2844,3021,522118912,405497,,
2026-05-16,6508759464,2,4552,4552,4441,4664,419114525,996229,,
2026-05-16,6646518350,2,1934,1934,1589,2278,236746388,341589,,
2026-05-16,6647992437,2,996,996,783,1209,85690926,28464,,
2026-05-16,6682487255,6,9009,8968,8571,9184,428536086,208558,,
2026-05-16,6707924214,3,3813,3668,3327,3863,161051419,3091454,,
2026-05-16,6710779449,2,1088,1088,1068,1107,97868848,331408,,
2026-05-16,6718454990,3,3864,3762,3517,3906,30540767,29999,,
2026-05-16,6749060816,2,12886,12886,12343,13429,195219158,1379957,,
2026-05-16,6765805766,1,20849,20849,20849,20849,901506544,845018,,
2026-05-16,6801595469,2,924,924,784,1063,53349321,126477,,
2026-05-16,6996099240,2,1062,1062,1039,1084,72070973,235965,,
2026-05-16,7018190066,2,39206,39206,38437,39976,6289330233,5722273,,
2026-05-16,7058980030,6,10477,9930,8137,11160,481868994,813903,,
2026-05-16,7073604286,3,3717,3374,2617,3789,385918557,394402,,
2026-05-16,7082423811,5,6266,6093,5630,6357,246890624,1513790,,
2026-05-16,7091388561,2,788,788,757,819,120511742,94236,,
2026-05-16,7094518649,6,17958,16820,11859,19204,272393129,673642,,
2026-05-16,7127084123,2,4680,4680,4623,4736,125275130,266676,,
2026-05-16,7128163167,2,2136,2136,1786,2486,51221483,86269,,
2026-05-16,7143545906,2,2881,2881,2878,2884,70580861,151489,,
2026-05-16,7219654364,2,73820,73820,54387,93254,1009692613,12166142,,
2026-05-16,7320026403,1,961,961,961,961,119012783,203307,,
2026-05-16,7332711118,6,11214,10383,6062,13723,1818282833,2413238,,
2026-05-16,7364297396,2,3760,3760,3729,3792,392819878,587955,,
2026-05-16,7383133134,2,1113,1113,1066,1160,92674811,679526,,
2026-05-16,7434179990,4,6607,6519,6102,6761,201212619,7242944,,
2026-05-16,7435020231,2,1964,1964,1749,2178,27532022,107450,,
2026-05-16,7436755782,6,119189,108446,75213,123287,35347358282,10942439,,
2026-05-16,7450124099,2,4400,4400,4356,4443,109103845,601806,,
2026-05-16,7541395924,1,3088,3088,3088,3088,171450739,3337493,,
2026-05-16,7577791613,2,1330,1330,1242,1417,83355358,530790,,
2026-05-16,7585079192,6,14946,14665,13767,15076,16399888,79115,,
2026-05-16,7613970129,2,3140,3140,3106,3175,40859354,84725,,
2026-05-16,7618444254,3,3315,3097,2614,3363,31079373,569112,,
2026-05-16,7690412163,2,1446,1446,1272,1619,78021671,177598,,
2026-05-16,7703544118,2,2788,2788,2782,2795,74931785,1350206,,
2026-05-16,7709344486,6,223446,238901,203246,304371,68534160002,27986893,,
2026-05-16,7719766419,1,683,683,683,683,22705380,213526,,
2026-05-16,7798947148,6,8707,8465,7103,9271,107819175,258161,,
2026-05-16,7812848099,1,3727,3727,3727,3727,172754873,159708,,
2026-05-16,7822444776,1,8970,8970,8970,8970,625202190,342109,,
2026-05-16,7882829745,3,3547,3410,3134,3549,348191149,959968,,
2026-05-16,7990186056,1,5988,5988,5988,5988,332102615,261988,,
2026-05-16,8006379851,1,2669,2669,2669,2669,88762755,5212490,,
2026-05-16,8014099969,2,3050,3050,2472,3629,127787598,216959,,
2026-05-16,8066283370,1,6080,6080,6080,6080,479141576,2842010,,
2026-05-16,8152539587,1,2638,2638,2638,2638,73384184,8621896,,
2026-05-16,8188414457,1,1039,1039,1039,1039,10019282,1622955,,
2026-05-16,8291789996,2,3552,3552,3552,3552,,,,
2026-05-16,8316902627,5,6795,6785,5745,7546,4636144861,1873022,,
2026-05-16,8343243056,1,2834,2834,2834,2834,223902648,1617224,,
2026-05-16,8504461817,6,5120,4888,3744,5165,148690412,66991,,
2026-05-16,8539298853,2,27674,27674,27174,28173,1092666332,1425312,,
2026-05-16,8550874096,3,3680,3667,3623,3698,10896118,8182,,
2026-05-16,8696670616,2,2886,2886,2886,2886,,,,
2026-05-16,8705454731,6,12972,11739,8573,13702,49353339,470655,,
2026-05-16,8759966530,2,3120,3120,2669,3572,82552730,312729,,
2026-05-16,8791358380,6,10480,9989,8148,10785,343086531,10246475,,
2026-05-16,8881105040,1,2777,2777,2777,2777,38352739,72669,,
2026-05-16,8913675853,2,1360,1360,1346,1374,32160739,39396,,
2026-05-16,8950496606,2,2724,2724,2511,2937,150227536,381348,,
2026-05-16,9029463012,2,1791,1791,1719,1863,100409650,385191,,
2026-05-16,9073513091,6,20212,19363,16087,21443,43658785,74078,,
2026-05-16,9077534770,2,1478,1478,1469,1488,45956559,139038,,
2026-05-16,9078815089,2,3344,3344,3317,3372,22893601,1843868,,
2026-05-16,9098570654,6,49776,47313,27890,62942,119182740,191111,,
2026-05-16,9122463229,4,9014,9014,9014,9014,,,,
2026-05-16,9129640671,4,11028,11028,11028,11028,,,,
2026-05-16,9141743926,2,27632,27632,26580,28684,276447013,468305,,
2026-05-16,9145063979,6,16393,14984,9368,17191,440499623,414777,,
2026-05-16,9145282410,2,1718,1718,1665,1770,31199377,236088,,
2026-05-16,9177208241,2,3562,3562,3536,3587,44153438,270538,,
2026-05-16,9219116196,2,4896,4896,4585,5207,47063984,117560,,
2026-05-16,9231693026,2,2948,2948,2948,2948,,,,
2026-05-16,9260939847,2,2682,2682,2682,2683,85972344,1835549,,
2026-05-16,9266873836,6,7124,7021,6640,7337,145905965,127753,,
2026-05-16,9296042754,5,6980,6780,5922,7159,23773136,116146,,
2026-05-16,9315739469,2,1812,1812,1618,2005,62126874,61772,,
2026-05-16,9316885643,2,1732,1732,956,2507,202903687,6010018,,
2026-05-16,9344307274,4,8556,8196,2684,12988,561774742,386691,,
2026-05-16,9348272796,6,122948,113563,72533,128313,161628898,118465,,
2026-05-16,9362896961,6,13910,13675,12446,14722,113519939,193342,,
2026-05-16,9363735110,6,46614,43823,30780,50869,5530873100,1941197,,
2026-05-16,9411563986,2,3806,3806,3374,4239,55427769,95536,,
2026-05-16,9452898647,4,6696,6573,6122,6779,88200082,3768670,,
2026-05-16,9491545867,6,11107,11132,9953,12425,76478067,904392,,
2026-05-16,9496852407,1,5657,5657,5657,5657,62693568,57660,,
2026-05-16,9501409571,2,4442,4442,4246,4638,20105296,104932,,
2026-05-16,9513686983,5,6964,6772,5926,7106,357910434,11368591,,
2026-05-16,9526307912,8,25082,23694,18172,26223,32317249,57422,,
2026-05-16,9540040997,4,4830,4586,3645,5039,39701918,98808,,
2026-05-16,9556113881,2,2320,2320,2316,2323,25624371,126519,,
2026-05-16,9571037154,2,1042,1042,709,1374,28094044,46521,,
2026-05-16,9584852943,6,152404,141421,110688,160850,309230102,695692,,
2026-05-16,9592052490,1,1536,1536,1536,1536,61145190,110257,,
2026-05-16,9643480573,3,4106,3912,3469,4161,21598793,406636,,
2026-05-16,9649298941,2,2826,2826,2756,2895,717031536,5560769,,
2026-05-16,9660713566,3,4146,3930,3175,4470,58998334,3925456,,
2026-05-16,9671940985,4,3779,3716,3036,4270,146260329,5084356,,
2026-05-16,9723617424,3,3766,3602,3226,3815,8517023,13880,,
2026-05-16,9753814298,3,3946,3797,3433,4013,365931956,295130,,
2026-05-16,9757776682,2,3854,3854,3710,3998,100872832,74269,,
2026-05-16,9758688665,3,3543,3395,3052,3589,72709386,3987777,,
2026-05-16,9761700404,1,2816,2816,2816,2816,130457272,151409,,
2026-05-16,9787206684,6,154972,175623,12759,356140,677354945,2756377,,
2026-05-16,9792947201,5,373053,364239,328607,374120,166987773,1523623,,
2026-05-16,9813375035,2,3096,3096,3053,3139,42451828,1023202,,
2026-05-16,9835089582,2,2462,2462,2398,2525,6079536,13852,,
2026-05-16,9837859228,3,5592,5894,5509,6582,15928002,319496,,
2026-05-16,9859536675,2,11526,11526,11388,11665,7636864,134963,,
2026-05-16,9860746424,2,4494,4494,4439,4548,15510738,18517,,
2026-05-16,9871940535,3,3741,3720,3610,3809,29417086,2405148,,
2026-05-16,9875383684,5,6927,6895,6396,7196,151461494,166327,,
2026-05-16,9898609049,6,15868,13943,8645,16927,14292328,18622,,
2026-05-16,9898970160,3,2985,2945,2819,3032,47488925,103737,,
2026-05-16,9908542703,2,4530,4530,4491,4569,21053831,1659627,,
2026-05-16,9913633503,2,1719,1719,1139,2299,22340585,1823553,,
2026-05-16,9917678692,6,22942,20996,16197,23911,27583882,29327,,
2026-05-16,9926075798,2,5248,5248,5175,5321,10773319,36872,,
2026-05-16,9929086116,6,12477,11764,9351,13311,22978058,2002011,,
2026-05-16,9930318071,5,5965,5857,5419,6227,36202431,37034,,
2026-05-16,9930466428,2,1990,1990,1554,2426,21313979,112846,,
2026-05-16,9934614409,2,4246,4246,4221,4272,61155465,107223,,
2026-05-16,9940725596,2,2325,2325,2096,2554,13784949,18758,,
2026-05-16,9953328866,3,3333,3257,3103,3335,7620405,7745,,
2026-05-16,9955391014,2,1302,1302,1163,1442,642024,15854,,
2026-05-16,9963622286,2,5036,5036,4863,5209,18870049,892441,,
2026-05-16,9969095451,2,4724,4724,4693,4756,13650790,652262,,
2026-05-16,9969687051,3,3527,3551,3524,3601,13123345,1010386,,
2026-05-16,9980122809,1,2907,2907,2907,2907,13512803,18225,,
2026-05-16,9988290343,5,6015,6038,5603,6448,22899978,26678,,
2026-05-16,9998333607,3,3149,3097,2955,3188,1344918,75439,,
2026-05-16,9998576154,6,25480,25214,15999,37417,19643803,1493385,,
2026-05-16,10004244222,6,307646,286842,226812,319436,491841837,13378530,,
2026-05-16,10004760418,6,36010,38577,19197,63865,61664688,80834,,
2026-05-16,10008662615,3,4175,3931,3390,4227,1909637,183786,,
2026-05-16,10015834582,6,22781,21299,14968,24408,25589277,28682,,
2026-05-16,10040497010,1,3576,3576,3576,3576,15732279,31456,,
2026-05-16,10042928447,2,5196,5196,5034,5359,1784047,103048,,
2026-05-16,10045085816,6,12520,12282,9779,13819,9485460,16176,,
2026-05-16,10051853469,6,25362,25789,21299,33391,11358166,291978,,
2026-05-17,31970568,1,6752,6752,6752,6752,1566142540,6024414,,
2026-05-17,66654135,1,208153,208153,208153,208153,25673004504,22011601,,
2026-05-17,568307879,1,784,784,784,784,515424769,535772,,
2026-05-17,605887098,1,7565,7565,7565,7565,2476997765,3642553,,
2026-05-17,903807016,1,6627,6627,6627,6627,1490952365,2770153,,
2026-05-17,1053132402,1,2926,2926,2926,2926,552395993,959437,,
2026-05-17,1198533421,1,1755,1755,1755,1755,172953598,713531,,
2026-05-17,1214576306,1,4016,4016,4016,4016,1618478521,4259951,,
2026-05-17,1430007363,1,5497,5497,5497,5497,861339633,2099347,,
2026-05-17,1489026993,2,5760,5760,5204,6315,2599817570,4253549,,
2026-05-17,1526814825,1,13872,13872,13872,13872,1026046682,4152852,,
2026-05-17,1795206523,1,1079,1079,1079,1079,931131143,920130,,
2026-05-17,1831550657,1,31308,31308,31308,31308,1971939663,9946138,,
2026-05-17,1998835206,1,2918,2918,2918,2918,563101016,1151636,,
2026-05-17,2049551477,1,5410,5410,5410,5410,1419159926,1858723,,
2026-05-17,2165551367,1,1814,1814,1814,1814,651567016,2329164,,
2026-05-17,2247578975,2,4614,4614,4311,4916,1163653715,14899500,,
2026-05-17,2274830359,1,6943,6943,6943,6943,2882718360,1924002,,
2026-05-17,2294168059,1,3754,3754,3754,3754,1190478997,3222141,,
2026-05-17,2369077151,1,4433,4433,4433,4433,337603687,9535347,,
2026-05-17,2440500124,1,20537,20537,20537,20537,7375344062,7805167,,
2026-05-17,2491559356,1,678,678,678,678,74876102,159069,,
2026-05-17,2655478023,2,3776,3776,2976,4575,962979154,3446489,,
2026-05-17,2780345224,1,675,675,675,675,58507013,203584,,
2026-05-17,2788648141,1,3911,3911,3911,3911,978378679,1880169,,
2026-05-17,2821905072,1,5609,5609,5609,5609,228226092,4828302,,
2026-05-17,2827951974,1,1403,1403,1403,1403,796842594,664031,,
2026-05-17,2992873140,1,20607,20607,20607,20607,1269018452,940652,,
2026-05-17,3034836582,1,1173,1173,1173,1173,492865957,1900989,,
2026-05-17,3079618996,1,2941,2941,2941,2941,750711669,774545,,
2026-05-17,3164075108,1,4496,4496,4496,4496,,,,
2026-05-17,3187874989,1,4883,4883,4883,4883,129273694,189896,,
2026-05-17,3191268194,1,3974,3974,3974,3974,1326613801,5050193,,
2026-05-17,3232181171,1,1523,1523,1523,1523,47779839,174649,,
2026-05-17,3310460039,1,21094,21094,21094,21094,4360276642,105043172,,
2026-05-17,3346892457,1,2552,2552,2552,2552,414470505,149627,,
2026-05-17,3420059569,1,3390,3390,3390,3390,919241330,27468491,,
2026-05-17,3472976893,1,1438,1438,1438,1438,122224147,1459246,,
2026-05-17,3502524667,1,2802,2802,2802,2802,724326038,3656723,,
2026-05-17,3551414857,1,3504,3504,3504,3504,594429353,1259198,,
2026-05-17,3647333358,1,31396,31396,31396,31396,8589888591,7734867,,
2026-05-17,3746418487,1,3515,3515,3515,3515,286220828,341155,,
2026-05-17,3754482795,1,7198,7198,7198,7198,1197675566,4224897,,
2026-05-17,3841172115,1,3910,3910,3910,3910,94736669,499246,,
2026-05-17,4028801234,1,1802,1802,1802,1802,219095940,11601996,,
2026-05-17,4348829796,1,13479,13479,13479,13479,2458056830,10107204,,
2026-05-17,4457060041,1,3807,3807,3807,3807,116035036,195531,,
2026-05-17,4518160318,1,5762,5762,5762,5762,601251943,1061705,,
2026-05-17,4543855070,1,3304,3304,3304,3304,209952921,255215,,
2026-05-17,4595016786,1,2825,2825,2825,2825,566794062,684793,,
2026-05-17,4599924264,1,4494,4494,4494,4494,660394395,239670,,
2026-05-17,4673599750,1,2749,2749,2749,2749,451559431,412224,,
2026-05-17,4720386144,1,3152,3152,3152,3152,95741939,504046,,
2026-05-17,4793836769,1,7477,7477,7477,7477,249638906,5305145,,
2026-05-17,4925331346,1,3267,3267,3267,3267,283381616,427605,,
2026-05-17,4944984948,1,6917,6917,6917,6917,182323773,73382,,
2026-05-17,5195168716,1,2002,2002,2002,2002,83870243,569410,,
2026-05-17,5207621753,1,3636,3636,3636,3636,53691671,50272,,
2026-05-17,5361032378,1,67031,67031,67031,67031,1862746996,944549,,
2026-05-17,5578556129,1,43826,43826,43826,43826,1896359594,1886674,,
2026-05-17,5661020014,1,1733,1733,1733,1733,16738668,394938,,
2026-05-17,5668114043,1,2686,2686,2686,2686,221740984,699443,,
2026-05-17,5698013839,1,1630,1630,1630,1630,64789443,255310,,
2026-05-17,5750914919,1,60773,60773,60773,60773,4456040470,3353344,,
2026-05-17,5927446137,1,878,878,878,878,40806516,542544,,
2026-05-17,5956634861,1,962,962,962,962,142210021,571246,,
2026-05-17,6015491985,1,3218,3218,3218,3218,320346575,182574,,
2026-05-17,6247557414,1,966,966,966,966,190600317,2206110,,
2026-05-17,6314664695,1,920,920,920,920,55630297,2639748,,
2026-05-17,6329693946,1,3778,3778,3778,3778,59975194,190090,,
2026-05-17,6409513651,1,46270,46270,46270,46270,8460888,222454,,
2026-05-17,6646518350,1,1465,1465,1465,1465,237165584,341837,,
2026-05-17,6647992437,1,1008,1008,1008,1008,85794399,28596,,
2026-05-17,6682487255,1,8314,8314,8314,8314,429136475,208697,,
2026-05-17,6707924214,1,3897,3897,3897,3897,161264776,3095756,,
2026-05-17,6710779449,1,1107,1107,1107,1107,97990543,332032,,
2026-05-17,6718454990,1,3226,3226,3226,3226,30635589,30070,,
2026-05-17,6749060816,1,12309,12309,12309,12309,196150301,1386986,,
2026-05-17,6996099240,1,819,819,819,819,72269556,236503,,
2026-05-17,7018190066,1,40518,40518,40518,40518,6292770971,5726151,,
2026-05-17,7058980030,1,8826,8826,8826,8826,483057213,815675,,
2026-05-17,7073604286,1,2818,2818,2818,2818,386444837,394943,,
2026-05-17,7082423811,1,5438,5438,5438,5438,247332458,1514509,,
2026-05-17,7091388561,1,959,959,959,959,120635441,94450,,
2026-05-17,7094518649,1,15110,15110,15110,15110,273052115,674792,,
2026-05-17,7127084123,1,3639,3639,3639,3639,125515393,267186,,
2026-05-17,7128163167,1,2103,2103,2103,2103,51437038,86513,,
2026-05-17,7219654364,1,85836,85836,85836,85836,1019851284,12216746,,
2026-05-17,7332711118,1,7255,7255,7255,7255,1819229115,2414035,,
2026-05-17,7364297396,1,2557,2557,2557,2557,393397875,588621,,
2026-05-17,7383133134,1,1172,1172,1172,1172,,,,
2026-05-17,7434179990,1,6427,6427,6427,6427,201671266,7258778,,
2026-05-17,7435020231,1,1569,1569,1569,1569,27635277,107651,,
2026-05-17,7436755782,1,107400,107400,107400,107400,35356628968,10947656,,
2026-05-17,7577791613,1,1624,1624,1624,1624,83602883,531649,,
2026-05-17,7585079192,1,14897,14897,14897,14897,16871276,81583,,
2026-05-17,7613970129,1,3411,3411,3411,3411,41079414,85650,,
2026-05-17,7690412163,1,1567,1567,1567,1567,78170793,178146,,
2026-05-17,7709344486,1,212849,212849,212849,212849,68620433173,28009933,,
2026-05-17,7798947148,1,5245,5245,5245,5245,108481786,259126,,
2026-05-17,7882829745,1,3644,3644,3644,3644,348356347,960688,,
2026-05-17,8014099969,1,2753,2753,2753,2753,128142912,217494,,
2026-05-17,8291789996,1,3552,3552,3552,3552,,,,
2026-05-17,8316902627,1,5485,5485,5485,5485,4637074975,1874531,,
2026-05-17,8504461817,2,3955,3955,3331,4579,149299123,67442,,
2026-05-17,8539298853,1,30099,30099,30099,30099,1095640224,1428296,,
2026-05-17,8550874096,1,3150,3150,3150,3150,11125025,8417,,
2026-05-17,8696670616,1,2886,2886,2886,2886,,,,
2026-05-17,8705454731,1,7943,7943,7943,7943,50134158,472059,,
2026-05-17,8759966530,1,4642,4642,4642,4642,82969458,313810,,
2026-05-17,8791358380,1,10032,10032,10032,10032,344051046,10284195,,
2026-05-17,8913675853,1,1132,1132,1132,1132,,,,
2026-05-17,8950496606,1,2288,2288,2288,2288,150426707,381597,,
2026-05-17,9029463012,1,1981,1981,1981,1981,100583947,385900,,
2026-05-17,9073513091,1,33403,33403,33403,33403,48211040,78434,,
2026-05-17,9077534770,1,1716,1716,1716,1716,46149401,139700,,
2026-05-17,9078815089,1,2710,2710,2710,2710,23266540,1873204,,
2026-05-17,9098570654,1,35103,35103,35103,35103,121481630,194041,,
2026-05-17,9122463229,1,9014,9014,9014,9014,,,,
2026-05-17,9129640671,1,11028,11028,11028,11028,,,,
2026-05-17,9141743926,1,28805,28805,28805,28805,279318431,471701,,
2026-05-17,9145063979,1,14328,14328,14328,14328,441981177,416464,,
2026-05-17,9145282410,1,2242,2242,2242,2242,31367262,236772,,
2026-05-17,9177208241,1,4077,4077,4077,4077,44576799,272249,,
2026-05-17,9219116196,1,5153,5153,5153,5153,47544965,118589,,
2026-05-17,9231693026,1,2948,2948,2948,2948,,,,
2026-05-17,9266873836,1,6809,6809,6809,6809,146086434,127995,,
2026-05-17,9296042754,1,6023,6023,6023,6023,24236487,118511,,
2026-05-17,9315739469,1,1960,1960,1960,1960,62422805,62106,,
2026-05-17,9348272796,1,113726,113726,113726,113726,169329098,124479,,
2026-05-17,9362896961,1,12496,12496,12496,12496,114166956,193943,,
2026-05-17,9363735110,1,37408,37408,37408,37408,5536698013,1943489,,
2026-05-17,9411563986,1,3572,3572,3572,3572,55957108,96564,,
2026-05-17,9452898647,1,5507,5507,5507,5507,88819480,3785876,,
2026-05-17,9491545867,1,10586,10586,10586,10586,77496663,910841,,
2026-05-17,9501409571,1,4264,4264,4264,4264,20629103,107671,,
2026-05-17,9513686983,1,5464,5464,5464,5464,358571689,11394284,,
2026-05-17,9526307912,2,23728,23728,19887,27569,35522921,61927,,
2026-05-17,9540040997,1,3753,3753,3753,3753,40153447,99919,,
2026-05-17,9556113881,1,2781,2781,2781,2781,25818952,127563,,
2026-05-17,9571037154,1,640,640,640,640,28220405,46806,,
2026-05-17,9584852943,1,135343,135343,135343,135343,327039866,727810,,
2026-05-17,9643480573,1,3796,3796,3796,3796,21847175,412639,,
2026-05-17,9660713566,1,2868,2868,2868,2868,59393182,3946392,,
2026-05-17,9671940985,1,3006,3006,3006,3006,146619142,5091617,,
2026-05-17,9723617424,1,3402,3402,3402,3402,8834725,14353,,
2026-05-17,9753814298,1,3035,3035,3035,3035,366408239,295584,,
2026-05-17,9758688665,1,2984,2984,2984,2984,73109555,3999508,,
2026-05-17,9787206684,1,29937,29937,29937,29937,681542374,2762892,,
2026-05-17,9792947201,1,276175,276175,276175,276175,184332080,1615497,,
2026-05-17,9835089582,1,2645,2645,2645,2645,6552470,19504,,
2026-05-17,9837859228,1,3681,3681,3681,3681,16341340,323704,,
2026-05-17,9859536675,1,12218,12218,12218,12218,8757881,147501,,
2026-05-17,9860746424,1,4444,4444,4444,4444,15918903,18913,,
2026-05-17,9871940535,1,2862,2862,2862,2862,29733205,2422223,,
2026-05-17,9875383684,1,5098,5098,5098,5098,152299952,167180,,
2026-05-17,9898609049,1,7534,7534,7534,7534,15029240,19406,,
2026-05-17,9898970160,1,2575,2575,2575,2575,47751087,104319,,
2026-05-17,9908542703,1,4361,4361,4361,4361,21552279,1701108,,
2026-05-17,9913633503,1,1127,1127,1127,1127,22710295,1847160,,
2026-05-17,9917678692,1,13927,13927,13927,13927,29633687,31249,,
2026-05-17,9929086116,1,8961,8961,8961,8961,23946383,2068104,,
2026-05-17,9930318071,1,4873,4873,4873,4873,36585649,37405,,
2026-05-17,9930466428,1,1846,1846,1846,1846,21683918,113451,,
2026-05-17,9934614409,1,3751,3751,3751,3751,61697346,107846,,
2026-05-17,9940725596,1,1884,1884,1884,1884,14128328,19193,,
2026-05-17,9953328866,1,3196,3196,3196,3196,7971115,8074,,
2026-05-17,9955391014,1,1521,1521,1521,1521,858467,21284,,
2026-05-17,9963622286,1,4379,4379,4379,4379,19450981,910852,,
2026-05-17,9969095451,1,4212,4212,4212,4212,14006120,666800,,
2026-05-17,9969687051,1,3703,3703,3703,3703,13410068,1026527,,
2026-05-17,9988290343,1,4328,4328,4328,4328,23330250,27123,,
2026-05-17,9998576154,1,21296,21296,21296,21296,21629852,1626902,,
2026-05-17,10004244222,1,287104,287104,287104,287104,522645013,13824783,,
2026-05-17,10004760418,1,21300,21300,21300,21300,64048857,83538,,
2026-05-17,10008662615,1,2781,2781,2781,2781,2227100,221231,,
2026-05-17,10015834582,1,19232,19232,19232,19232,27782854,30013,,
2026-05-17,10045085816,1,10966,10966,10966,10966,10388820,17439,,
2026-05-17,10051853469,1,27783,27783,27783,27783,13221878,349890,,
2026-05-18,31970568,1,4100,4100,4100,4100,1566522527,6024904,,
2026-05-18,66654135,1,143325,143325,143325,143325,25691583022,22021267,,
2026-05-18,605887098,1,6281,6281,6281,6281,2477672136,3643534,,
2026-05-18,903807016,1,4604,4604,4604,4604,1491835572,2770821,,
2026-05-18,1198533421,1,1348,1348,1348,1348,173055985,713718,,
2026-05-18,1430007363,1,2992,2992,2992,2992,861876292,2102573,,
2026-05-18,1489026993,2,4768,4768,3512,6025,2600329855,4254073,,
2026-05-18,1526814825,1,10131,10131,10131,10131,1026953082,4155127,,
2026-05-18,1795206523,1,776,776,776,776,931306258,920198,,
2026-05-18,1831550657,1,27390,27390,27390,27390,1974207328,9956283,,
2026-05-18,1998835206,1,4770,4770,4770,4770,563312975,1151866,,
2026-05-18,2049551477,1,2897,2897,2897,2897,1419597923,1859332,,
2026-05-18,2165551367,1,1194,1194,1194,1194,651766065,2330353,,
2026-05-18,2247578975,2,2795,2795,2635,2955,1164137115,14899787,,
2026-05-18,2274830359,1,5918,5918,5918,5918,2883664672,1924797,,
2026-05-18,2294168059,1,2376,2376,2376,2376,1190728504,3222575,,
2026-05-18,2440500124,1,11791,11791,11791,11791,7376931481,7806907,,
2026-05-18,2655478023,1,1760,1760,1760,1760,963311726,3446763,,
2026-05-18,2788648141,1,2771,2771,2771,2771,978645132,1880492,,
2026-05-18,2821905072,1,4198,4198,4198,4198,228730270,4839128,,
2026-05-18,2827951974,1,774,774,774,774,797002852,664259,,
2026-05-18,2992873140,1,11813,11813,11813,11813,1270260593,941188,,
2026-05-18,3164075108,1,3839,3839,3839,3839,260550728,702133,,
2026-05-18,3187874989,1,3276,3276,3276,3276,129666222,190320,,
2026-05-18,3310460039,1,15188,15188,15188,15188,4363082328,105044135,,
2026-05-18,3346892457,1,1543,1543,1543,1543,414754482,149919,,
2026-05-18,3472976893,1,989,989,989,989,122421601,1466956,,
2026-05-18,3502524667,1,1662,1662,1662,1662,724651295,3657001,,
2026-05-18,3551414857,1,1529,1529,1529,1529,594611239,1259542,,
2026-05-18,3647333358,1,22329,22329,22329,22329,8593680933,7739116,,
2026-05-18,3746418487,1,3111,3111,3111,3111,286556292,341480,,
2026-05-18,3754482795,1,5117,5117,5117,5117,1198533269,4227988,,
2026-05-18,3841172115,1,2508,2508,2508,2508,95057134,500504,,
2026-05-18,4028801234,1,1053,1053,1053,1053,219228214,11609473,,
2026-05-18,4348829796,1,9759,9759,9759,9759,2459456450,10116749,,
2026-05-18,4518160318,1,3447,3447,3447,3447,601588936,1062492,,
2026-05-18,4543855070,1,2945,2945,2945,2945,,,,
2026-05-18,4599924264,1,3900,3900,3900,3900,661061724,240059,,
2026-05-18,4673599750,1,1708,1708,1708,1708,452246901,412800,,
2026-05-18,4720386144,1,2080,2080,2080,2080,95965954,504987,,
2026-05-18,4793836769,1,5651,5651,5651,5651,250105173,5314883,,
2026-05-18,4944984948,1,3971,3971,3971,3971,183132887,73886,,
2026-05-18,5195168716,1,1354,1354,1354,1354,84000145,570066,,
2026-05-18,5207621753,1,3461,3461,3461,3461,54064785,50761,,
2026-05-18,5361032378,1,62315,62315,62315,62315,1865605279,945758,,
2026-05-18,5578556129,1,29055,29055,29055,29055,1898059227,1888687,,
2026-05-18,5661020014,1,1341,1341,1341,1341,16858778,396575,,
2026-05-18,5668114043,1,1291,1291,1291,1291,221913859,699772,,
2026-05-18,5698013839,1,1081,1081,1081,1081,64899281,255838,,
2026-05-18,5750914919,1,50316,50316,50316,50316,4459305554,3356290,,
2026-05-18,5956634861,1,735,735,735,735,142315307,571427,,
2026-05-18,6015491985,1,3770,3770,3770,3770,320869994,183004,,
2026-05-18,6314664695,1,713,713,713,713,55693928,2642066,,
2026-05-18,6329693946,1,2955,2955,2955,2955,60196955,190384,,
2026-05-18,6409513651,1,35475,35475,35475,35475,10087803,247453,,
2026-05-18,6646518350,1,875,875,875,875,237464836,342024,,
2026-05-18,6682487255,1,7017,7017,7017,7017,429850978,208857,,
2026-05-18,6710779449,1,737,737,737,737,98076389,332496,,
2026-05-18,6749060816,1,8476,8476,8476,8476,196884804,1392214,,
2026-05-18,7018190066,1,21560,21560,21560,21560,6295160166,5729547,,
2026-05-18,7058980030,1,5472,5472,5472,5472,484318920,817629,,
2026-05-18,7082244450,1,4135,4135,4135,4135,8226208,39013,,
2026-05-18,7082423811,1,4317,4317,4317,4317,247853759,1515311,,
2026-05-18,7091388561,1,764,764,764,764,120738772,94647,,
2026-05-18,7094518649,1,11892,11892,11892,11892,273836718,676237,,
2026-05-18,7113705633,1,732,732,732,732,13543703,351962,,
2026-05-18,7128163167,1,1116,1116,1116,1116,51588930,86685,,
2026-05-18,7219654364,1,49228,49228,49228,49228,1026932714,12255600,,
2026-05-18,7332711118,1,5175,5175,5175,5175,1819953010,2414679,,
2026-05-18,7434179990,1,3321,3321,3321,3321,202143835,7274452,,
2026-05-18,7435020231,1,951,951,951,951,27712586,107823,,
2026-05-18,7436755782,1,93894,93894,93894,93894,35364579338,10952463,,
2026-05-18,7577791613,1,952,952,952,952,83789732,532384,,
2026-05-18,7585079192,1,10151,10151,10151,10151,17407220,84077,,
2026-05-18,7690412163,1,735,735,735,735,78270602,178587,,
2026-05-18,7709344486,1,157683,157683,157683,157683,68680266441,28025460,,
2026-05-18,7798947148,1,3458,3458,3458,3458,109041941,259992,,
2026-05-18,7882829745,1,3195,3195,3195,3195,348552924,961462,,
2026-05-18,8014099969,1,1569,1569,1569,1569,128385852,217855,,
2026-05-18,8291789996,1,3552,3552,3552,3552,,,,
2026-05-18,8316902627,1,4340,4340,4340,4340,4637790537,1876482,,
2026-05-18,8504461817,2,2770,2770,1847,3692,149712732,67723,,
2026-05-18,8539298853,1,17029,17029,17029,17029,1098051816,1431545,,
2026-05-18,8696670616,1,2886,2886,2886,2886,,,,
2026-05-18,8705454731,1,7950,7950,7950,7950,51059700,473691,,
2026-05-18,8759966530,1,1954,1954,1954,1954,83289014,314639,,
2026-05-18,8791358380,1,9718,9718,9718,9718,345287462,10333389,,
2026-05-18,8950496606,1,1619,1619,1619,1619,150573202,381833,,
2026-05-18,9029463012,1,1177,1177,1177,1177,100714642,386526,,
2026-05-18,9073513091,1,19514,19514,19514,19514,52183812,82220,,
2026-05-18,9077534770,1,907,907,907,907,46282804,140167,,
2026-05-18,9098570654,1,30436,30436,30436,30436,123404486,196797,,
2026-05-18,9122463229,1,9014,9014,9014,9014,,,,
2026-05-18,9129640671,1,11028,11028,11028,11028,,,,
2026-05-18,9141743926,1,26644,26644,26644,26644,282062007,474096,,
2026-05-18,9145063979,1,8545,8545,8545,8545,443557889,418353,,
2026-05-18,9145282410,1,1076,1076,1076,1076,31478150,237232,,
2026-05-18,9177208241,1,2501,2501,2501,2501,44899269,273693,,
2026-05-18,9219116196,1,2768,2768,2768,2768,47894664,119453,,
2026-05-18,9231693026,1,2948,2948,2948,2948,,,,
2026-05-18,9266873836,1,7795,7795,7795,7795,146413205,128267,,
2026-05-18,9296042754,1,4484,4484,4484,4484,24755782,121171,,
2026-05-18,9315739469,1,1105,1105,1105,1105,62623554,62334,,
2026-05-18,9348272796,1,98551,98551,98551,98551,177593516,131051,,
2026-05-18,9362896961,1,11730,11730,11730,11730,114881972,194611,,
2026-05-18,9363735110,1,26897,26897,26897,26897,5540826974,1945582,,
2026-05-18,9409870130,1,1651,1651,1651,1651,8362332,110043,,
2026-05-18,9411563986,1,2463,2463,2463,2463,56385178,97378,,
2026-05-18,9452898647,1,4464,4464,4464,4464,89422574,3803914,,
2026-05-18,9491545867,1,8677,8677,8677,8677,78542173,917138,,
2026-05-18,9501409571,1,3283,3283,3283,3283,21072795,110399,,
2026-05-18,9513686983,1,4683,4683,4683,4683,359264280,11420215,,
2026-05-18,9526307912,2,15324,15324,15086,15562,37981530,65500,,
2026-05-18,9556113881,1,2090,2090,2090,2090,25992505,128621,,
2026-05-18,9584852943,1,95512,95512,95512,95512,343625620,762428,,
2026-05-18,9643480573,1,3544,3544,3544,3544,22138365,419827,,
2026-05-18,9671940985,1,2737,2737,2737,2737,147013245,5100300,,
2026-05-18,9711972386,1,5684,5684,5684,5684,2445906,7983,,
2026-05-18,9753814298,1,2662,2662,2662,2662,366906677,296118,,
2026-05-18,9757776682,1,2752,2752,2752,2752,101530427,74796,,
2026-05-18,9787206684,1,19045,19045,19045,19045,684851873,2768146,,
2026-05-18,9792947201,1,247719,247719,247719,247719,203050633,1764771,,
2026-05-18,9835089582,1,1010,1010,1010,1010,6798150,22395,,
2026-05-18,9859536675,1,6368,6368,6368,6368,9534781,156355,,
2026-05-18,9860746424,1,3223,3223,3223,3223,16387630,19404,,
2026-05-18,9875383684,1,4023,4023,4023,4023,153194045,168104,,
2026-05-18,9898609049,1,6696,6696,6696,6696,15770497,20253,,
2026-05-18,9908542703,1,3449,3449,3449,3449,22059637,1742026,,
2026-05-18,9917678692,1,12051,12051,12051,12051,31557753,33123,,
2026-05-18,9929086116,1,6446,6446,6446,6446,24975665,2134922,,
2026-05-18,9930318071,1,3273,3273,3273,3273,36976499,37755,,
2026-05-18,9930466428,1,1090,1090,1090,1090,21948309,113893,,
2026-05-18,9940725596,1,1123,1123,1123,1123,14357332,19488,,
2026-05-18,9952351777,1,2966,2966,2966,2966,7830206,37763,,
2026-05-18,9953328866,1,2745,2745,2745,2745,8278596,8383,,
2026-05-18,9969095451,1,3776,3776,3776,3776,14442042,685539,,
2026-05-18,9988290343,1,4916,4916,4916,4916,23943266,27828,,
2026-05-18,9997330188,1,3716,3716,3716,3716,6230362,8075,,
2026-05-18,9998333607,1,3243,3243,3243,3243,1852818,96993,,
2026-05-18,9998576154,1,16424,16424,16424,16424,23853670,1777956,,
2026-05-18,10004244222,1,237464,237464,237464,237464,551136135,14257505,,
2026-05-18,10004760418,1,16497,16497,16497,16497,66485956,86482,,
2026-05-18,10015834582,1,18144,18144,18144,18144,29698349,31568,,
2026-05-18,10045085816,1,9469,9469,9469,9469,11311287,18743,,
2026-05-18,10051853469,1,42279,42279,42279,42279,15704293,417491,,
2026-05-18,10053434203,1,3046,3046,3046,3046,2394001,268194,,
2026-05-18,10064194308,1,9439,9439,9439,9439,3886079,243933,,
2026-05-19,31970568,1,3874,3874,3874,3874,1566780134,6025225,,
2026-05-19,66654135,1,132490,132490,132490,132490,25708582909,22030191,,
2026-05-19,605887098,1,5668,5668,5668,5668,2478141929,3644261,,
2026-05-19,903807016,1,4136,4136,4136,4136,1492459855,2771360,,
2026-05-19,1198533421,1,1222,1222,1222,1222,173146692,713869,,
2026-05-19,1430007363,1,2735,2735,2735,2735,862373610,2105317,,
2026-05-19,1489026993,1,3240,3240,3240,3240,2600841249,4254620,,
2026-05-19,1526814825,1,9614,9614,9614,9614,1027610118,4156510,,
2026-05-19,1795206523,1,684,684,684,684,931461832,920254,,
2026-05-19,1831550657,1,26738,26738,26738,26738,1975892778,9962844,,
2026-05-19,1998835206,1,3973,3973,3973,3973,563628282,1152147,,
2026-05-19,2049551477,1,2294,2294,2294,2294,1419946357,1859791,,
2026-05-19,2165551367,1,1131,1131,1131,1131,651959625,2331397,,
2026-05-19,2247578975,2,2678,2678,2432,2925,1164566857,14900020,,
2026-05-19,2274830359,1,6158,6158,6158,6158,2884351762,1925363,,
2026-05-19,2294168059,1,2108,2108,2108,2108,1190956566,3222984,,
2026-05-19,2440500124,1,10422,10422,10422,10422,7378301211,7808533,,
2026-05-19,2655478023,1,1628,1628,1628,1628,963636341,3447051,,
2026-05-19,2821905072,1,4036,4036,4036,4036,229078400,4846520,,
2026-05-19,2827951974,1,691,691,691,691,797144940,664457,,
2026-05-19,2992873140,1,9304,9304,9304,9304,1271133637,941630,,
2026-05-19,3164075108,1,3399,3399,3399,3399,260796281,702507,,
2026-05-19,3187874989,1,3062,3062,3062,3062,130044527,190700,,
2026-05-19,3310460039,1,14252,14252,14252,14252,4364994066,105044800,,
2026-05-19,3346892457,1,1204,1204,1204,1204,414997972,150187,,
2026-05-19,3472976893,1,863,863,863,863,122603207,1473688,,
2026-05-19,3502524667,1,1352,1352,1352,1352,724938102,3657219,,
2026-05-19,3551414857,1,1554,1554,1554,1554,594755421,1259782,,
2026-05-19,3647333358,1,19063,19063,19063,19063,8597340207,7743534,,
2026-05-19,3746418487,1,2805,2805,2805,2805,286820253,341762,,
2026-05-19,3841172115,1,2061,2061,2061,2061,95309247,501521,,
2026-05-19,4028801234,1,795,795,795,795,219327276,11614870,,
2026-05-19,4348829796,1,9212,9212,9212,9212,2460810827,10126068,,
2026-05-19,4518160318,1,3434,3434,3434,3434,601839079,1063065,,
2026-05-19,4599924264,1,3377,3377,3377,3377,661525859,240366,,
2026-05-19,4673599750,1,1585,1585,1585,1585,452859119,413329,,
2026-05-19,4720386144,1,1898,1898,1898,1898,96167590,505860,,
2026-05-19,4793836769,1,5327,5327,5327,5327,250527004,5323378,,
2026-05-19,4944984948,1,4358,4358,4358,4358,183737526,74267,,
2026-05-19,5195168716,1,1223,1223,1223,1223,84111555,570684,,
2026-05-19,5207621753,1,3427,3427,3427,3427,54351386,51108,,
2026-05-19,5361032378,1,48376,48376,48376,48376,1868132201,946825,,
2026-05-19,5578556129,1,26813,26813,26813,26813,1899189745,1890541,,
2026-05-19,5661020014,1,1110,1110,1110,1110,16958625,398051,,
2026-05-19,5668114043,1,1081,1081,1081,1081,222051974,700054,,
2026-05-19,5698013839,1,889,889,889,889,64983839,256229,,
2026-05-19,5750914919,1,50931,50931,50931,50931,4461860103,3359294,,
2026-05-19,6015491985,1,3051,3051,3051,3051,321257202,183303,,
2026-05-19,6409513651,1,33142,33142,33142,33142,11335097,264922,,
2026-05-19,6646518350,1,863,863,863,863,237743557,342203,,
2026-05-19,6682487255,1,6759,6759,6759,6759,430444366,208998,,
2026-05-19,6749060816,1,7531,7531,7531,7531,197528367,1396511,,
2026-05-19,7018190066,1,18561,18561,18561,18561,6297239155,5732804,,
2026-05-19,7058980030,1,5192,5192,5192,5192,485114160,818875,,
2026-05-19,7082244450,1,3738,3738,3738,3738,8898540,41884,,
2026-05-19,7082423811,1,3761,3761,3761,3761,248214139,1515887,,
2026-05-19,7094518649,1,11168,11168,11168,11168,274416845,677389,,
2026-05-19,7128163167,1,1046,1046,1046,1046,51720599,86846,,
2026-05-19,7219654364,1,45228,45228,45228,45228,1032574528,12290780,,
2026-05-19,7332711118,1,6319,6319,6319,6319,1820474900,2415153,,
2026-05-19,7434179990,1,3153,3153,3153,3153,202424542,7283515,,
2026-05-19,7435020231,1,721,721,721,721,27782747,107967,,
2026-05-19,7436755782,1,81117,81117,81117,81117,35370204714,10956362,,
2026-05-19,7577791613,1,870,870,870,870,83943188,532939,,
2026-05-19,7585079192,1,10872,10872,10872,10872,17844634,86213,,
2026-05-19,7709344486,1,176648,176648,176648,176648,68720227480,28036997,,
2026-05-19,7798947148,1,2986,2986,2986,2986,109378334,260572,,
2026-05-19,7882829745,1,2970,2970,2970,2970,348714062,961984,,
2026-05-19,8014099969,1,1450,1450,1450,1450,128607798,218197,,
2026-05-19,8291789996,1,3552,3552,3552,3552,,,,
2026-05-19,8316902627,1,3851,3851,3851,3851,4638261153,1878395,,
2026-05-19,8504461817,2,2600,2600,1690,3511,150070530,67990,,
2026-05-19,8539298853,1,14159,14159,14159,14159,1099858263,1433765,,
2026-05-19,8696670616,1,2886,2886,2886,2886,,,,
2026-05-19,8705454731,1,4734,4734,4734,4734,51672022,474822,,
2026-05-19,8759966530,1,1911,1911,1911,1911,83530019,315311,,
2026-05-19,8791358380,1,9805,9805,9805,9805,346240654,10372202,,
2026-05-19,8950496606,1,1483,1483,1483,1483,150702977,382134,,
2026-05-19,9029463012,1,801,801,801,801,100806438,386994,,
2026-05-19,9073513091,1,14850,14850,14850,14850,54297624,84064,,
2026-05-19,9077534770,1,779,779,779,779,46394751,140623,,
2026-05-19,9098570654,1,27042,27042,27042,27042,124822954,198764,,
2026-05-19,9122463229,1,9014,9014,9014,9014,,,,
2026-05-19,9129640671,1,11028,11028,11028,11028,,,,
2026-05-19,9141743926,1,22387,22387,22387,22387,284585734,476099,,
2026-05-19,9145063979,1,7901,7901,7901,7901,444551071,419560,,
2026-05-19,9145282410,1,971,971,971,971,31559948,237544,,
2026-05-19,9177208241,1,2048,2048,2048,2048,45141091,274760,,
2026-05-19,9219116196,1,2343,2343,2343,2343,48194571,120184,,
2026-05-19,9231693026,1,2948,2948,2948,2948,,,,
2026-05-19,9296042754,1,4513,4513,4513,4513,25138935,123090,,
2026-05-19,9315739469,1,930,930,930,930,62814509,62587,,
2026-05-19,9348272796,1,147842,147842,147842,147842,186675274,136874,,
2026-05-19,9362896961,1,5105,5105,5105,5105,115503236,195098,,
2026-05-19,9363735110,1,28000,28000,28000,28000,5543582348,1947085,,
2026-05-19,9409870130,1,1278,1278,1278,1278,8516766,112034,,
2026-05-19,9411563986,1,2339,2339,2339,2339,56791948,98121,,
2026-05-19,9452898647,1,4194,4194,4194,4194,89852180,3818174,,
2026-05-19,9491545867,1,9970,9970,9970,9970,79326789,922261,,
2026-05-19,9501409571,1,2883,2883,2883,2883,21475381,112751,,
2026-05-19,9513686983,1,4854,4854,4854,4854,359804450,11443278,,
2026-05-19,9526307912,2,13674,13674,12718,14629,39928398,68318,,
2026-05-19,9556113881,1,1484,1484,1484,1484,26128805,129357,,
2026-05-19,9584852943,1,95409,95409,95409,95409,355575166,788205,,
2026-05-19,9643480573,1,4159,4159,4159,4159,22408641,426417,,
2026-05-19,9671940985,1,2990,2990,2990,2990,147314002,5107494,,
2026-05-19,9711972386,1,5063,5063,5063,5063,2683086,8516,,
2026-05-19,9757776682,1,2922,2922,2922,2922,101799298,75028,,
2026-05-19,9787206684,1,25296,25296,25296,25296,687238886,2771747,,
2026-05-19,9792947201,1,234878,234878,234878,234878,218553236,1868646,,
2026-05-19,9835089582,1,959,959,959,959,6974591,24299,,
2026-05-19,9859536675,1,5289,5289,5289,5289,10097192,162473,,
2026-05-19,9860746424,1,3056,3056,3056,3056,16722400,19727,,
2026-05-19,9875383684,1,4209,4209,4209,4209,153811165,168730,,
2026-05-19,9898609049,1,5330,5330,5330,5330,16227791,20742,,
2026-05-19,9898970160,1,2629,2629,2629,2629,48273885,105402,,
2026-05-19,9908542703,1,3959,3959,3959,3959,22470726,1777017,,
2026-05-19,9913633503,1,749,749,749,749,23226695,1881423,,
2026-05-19,9929086116,1,5658,5658,5658,5658,25648319,2176635,,
2026-05-19,9930318071,1,2749,2749,2749,2749,37207880,38028,,
2026-05-19,9930466428,1,1162,1162,1162,1162,22202172,114295,,
2026-05-19,9934614409,1,2688,2688,2688,2688,62549356,108893,,
2026-05-19,9940725596,1,1012,1012,1012,1012,14554288,19733,,
2026-05-19,9952351777,1,2769,2769,2769,2769,8140708,38584,,
2026-05-19,9958694666,1,13950,13950,13950,13950,5981104,81809,,
2026-05-19,9963622286,1,3374,3374,3374,3374,20389000,938706,,
2026-05-19,9969095451,1,4055,4055,4055,4055,14756802,699198,,
2026-05-19,9969687051,1,3182,3182,3182,3182,13960162,1057791,,
2026-05-19,9988290343,1,5686,5686,5686,5686,24471133,28451,,
2026-05-19,9997330188,1,3034,3034,3034,3034,6569055,8498,,
2026-05-19,9998333607,1,3270,3270,3270,3270,2098060,108205,,
2026-05-19,9998576154,1,13114,13114,13114,13114,25215866,1861726,,
2026-05-19,10004244222,1,225880,225880,225880,225880,572115759,14555656,,
2026-05-19,10004760418,1,17350,17350,17350,17350,68258367,88593,,
2026-05-19,10008662615,1,3134,3134,3134,3134,2755750,280877,,
2026-05-19,10015834582,1,16664,16664,16664,16664,31193208,32835,,
2026-05-19,10045085816,1,8175,8175,8175,8175,11933193,19652,,
2026-05-19,10051853469,1,28902,28902,28902,28902,17705791,469274,,
2026-05-19,10053434203,1,3208,3208,3208,3208,2780948,306414,,
2026-05-19,10064194308,1,9766,9766,9766,9766,4468881,281299,,
2026-05-19,10096577758,1,7517,7517,7517,7517,4358008,6900,,
2026-05-20,31970568,1,4280,4280,4280,4280,1567031030,6025572,,
2026-05-20,66654135,1,124668,124668,124668,124668,25725431124,22039463,,
2026-05-20,605887098,1,5305,5305,5305,5305,2478593980,3644926,,
2026-05-20,903807016,1,4184,4184,4184,4184,1493064329,2771809,,
2026-05-20,1198533421,1,1123,1123,1123,1123,173231277,713992,,
2026-05-20,1430007363,1,2715,2715,2715,2715,862846635,2107824,,
2026-05-20,1489026993,2,4040,4040,3026,5054,2601331625,4255099,,
2026-05-20,1526814825,1,9373,9373,9373,9373,1028238196,4157782,,
2026-05-20,1795206523,1,650,650,650,650,931617220,920293,,
2026-05-20,1831550657,1,24355,24355,24355,24355,1977512733,9969628,,
2026-05-20,1998835206,1,4367,4367,4367,4367,563909105,1152404,,
2026-05-20,2049551477,1,2576,2576,2576,2576,1420297657,1860222,,
2026-05-20,2165551367,1,937,937,937,937,652148651,2332495,,
2026-05-20,2247578975,2,2510,2510,2113,2906,1164974017,14900281,,
2026-05-20,2274830359,1,6037,6037,6037,6037,2885056151,1925968,,
2026-05-20,2294168059,1,2079,2079,2079,2079,1191187626,3223379,,
2026-05-20,2369077151,1,2721,2721,2721,2721,338403647,9549054,,
2026-05-20,2440500124,1,10504,10504,10504,10504,7379653861,7810022,,
2026-05-20,2655478023,1,1569,1569,1569,1569,963950721,3447355,,
2026-05-20,2821905072,1,3804,3804,3804,3804,229404581,4853151,,
2026-05-20,2827951974,1,635,635,635,635,797287217,664621,,
2026-05-20,2992873140,1,12602,12602,12602,12602,1272022499,942054,,
2026-05-20,3164075108,1,3079,3079,3079,3079,261009541,702810,,
2026-05-20,3187874989,1,3167,3167,3167,3167,130447431,191123,,
2026-05-20,3310460039,1,14752,14752,14752,14752,4366875192,105045479,,
2026-05-20,3346892457,1,1291,1291,1291,1291,415256543,150444,,
2026-05-20,3472976893,1,791,791,791,791,122782335,1480282,,
2026-05-20,3502524667,1,1334,1334,1334,1334,725212274,3657437,,
2026-05-20,3551414857,1,1467,1467,1467,1467,594892458,1260062,,
2026-05-20,3647333358,1,18294,18294,18294,18294,8600834377,7747774,,
2026-05-20,3754482795,1,4748,4748,4748,4748,1199671133,4232016,,
2026-05-20,3841172115,1,2020,2020,2020,2020,95549734,502558,,
2026-05-20,4028801234,1,820,820,820,820,219421176,11619781,,
2026-05-20,4348829796,1,9556,9556,9556,9556,2462192401,10135735,,
2026-05-20,4518160318,1,3573,3573,3573,3573,602091251,1063651,,
2026-05-20,4599924264,1,3443,3443,3443,3443,661979729,240663,,
2026-05-20,4673599750,1,1522,1522,1522,1522,453482948,413907,,
2026-05-20,4720386144,1,1912,1912,1912,1912,96358604,506645,,
2026-05-20,4793836769,1,5305,5305,5305,5305,250964288,5333207,,
2026-05-20,4944984948,1,5472,5472,5472,5472,184430406,74711,,
2026-05-20,5195168716,1,1223,1223,1223,1223,84219639,571211,,
2026-05-20,5207621753,1,2993,2993,2993,2993,54650739,51401,,
2026-05-20,5361032378,1,60567,60567,60567,60567,1870500720,947555,,
2026-05-20,5578556129,1,24083,24083,24083,24083,1900230503,1892242,,
2026-05-20,5661020014,1,887,887,887,887,17045542,399229,,
2026-05-20,5668114043,1,1121,1121,1121,1121,222189458,700341,,
2026-05-20,5698013839,1,839,839,839,839,65068274,256642,,
2026-05-20,5750914919,1,48291,48291,48291,48291,4464304388,3361968,,
2026-05-20,6015491985,1,3384,3384,3384,3384,321652968,183610,,
2026-05-20,6409513651,1,31388,31388,31388,31388,12536440,281499,,
2026-05-20,6646518350,1,804,804,804,804,238024997,342394,,
2026-05-20,6682487255,1,6610,6610,6610,6610,431017373,209164,,
2026-05-20,6749060816,1,7098,7098,7098,7098,198129852,1400336,,
2026-05-20,7018190066,1,18265,18265,18265,18265,6299198721,5735977,,
2026-05-20,7058980030,1,5333,5333,5333,5333,485899697,820115,,
2026-05-20,7082244450,1,3269,3269,3269,3269,9789956,45094,,
2026-05-20,7082423811,1,3628,3628,3628,3628,,,,
2026-05-20,7091388561,1,729,729,729,729,120919600,94983,,
2026-05-20,7094518649,1,10658,10658,10658,10658,274972079,678462,,
2026-05-20,7128163167,1,1004,1004,1004,1004,51849649,87005,,
2026-05-20,7219654364,1,48618,48618,48618,48618,1037675914,12321779,,
2026-05-20,7332711118,1,5445,5445,5445,5445,1821111672,2415696,,
2026-05-20,7434179990,1,3350,3350,3350,3350,202698483,7292410,,
2026-05-20,7435020231,1,739,739,739,739,27845032,108091,,
2026-05-20,7436755782,1,75522,75522,75522,75522,35375503146,10959209,,
2026-05-20,7577791613,1,1025,1025,1025,1025,84088360,533520,,
2026-05-20,7585079192,1,11265,11265,11265,11265,18301222,88683,,
2026-05-20,7613970129,1,3319,3319,3319,3319,41787309,88315,,
2026-05-20,7709344486,1,165963,165963,165963,165963,68771574909,28052077,,
2026-05-20,7798947148,1,2852,2852,2852,2852,109673574,261065,,
2026-05-20,7882829745,1,3151,3151,3151,3151,348875192,962154,,
2026-05-20,8014099969,1,1453,1453,1453,1453,128835413,218393,,
2026-05-20,8291789996,1,3552,3552,3552,3552,,,,
2026-05-20,8316902627,1,3761,3761,3761,3761,4638699278,1880072,,
2026-05-20,8504461817,2,2396,2396,1534,3257,150423929,68251,,
2026-05-20,8539298853,1,30925,30925,30925,30925,1101770101,1437647,,
2026-05-20,8696670616,1,2886,2886,2886,2886,,,,
2026-05-20,8705454731,1,4116,4116,4116,4116,52124865,475706,,
2026-05-20,8759966530,1,1836,1836,1836,1836,83751711,315941,,
2026-05-20,8791358380,1,9238,9238,9238,9238,347146775,10402113,,
2026-05-20,8950496606,1,1381,1381,1381,1381,150834479,382574,,
2026-05-20,9073513091,1,13813,13813,13813,13813,56194297,86058,,
2026-05-20,9098570654,1,24462,24462,24462,24462,126199712,200590,,
2026-05-20,9122463229,1,9014,9014,9014,9014,,,,
2026-05-20,9129640671,1,11028,11028,11028,11028,,,,
2026-05-20,9141743926,1,21362,21362,21362,21362,286922457,478380,,
2026-05-20,9145063979,1,8849,8849,8849,8849,445607793,420797,,
2026-05-20,9145282410,1,832,832,832,832,31641446,237888,,
2026-05-20,9177208241,1,2105,2105,2105,2105,45367463,275719,,
2026-05-20,9219116196,1,2379,2379,2379,2379,48471523,120874,,
2026-05-20,9231693026,1,2948,2948,2948,2948,,,,
2026-05-20,9266873836,1,6703,6703,6703,6703,146858517,128674,,
2026-05-20,9296042754,1,4560,4560,4560,4560,25534493,125075,,
2026-05-20,9315739469,1,854,854,854,854,62997725,62817,,
2026-05-20,9348272796,1,143165,143165,143165,143165,196669407,143062,,
2026-05-20,9362896961,1,10873,10873,10873,10873,116053092,195614,,
2026-05-20,9363735110,1,26752,26752,26752,26752,5546273399,1948587,,
2026-05-20,9409870130,1,1418,1418,1418,1418,8662050,113955,,
2026-05-20,9411563986,1,2123,2123,2123,2123,57191120,98883,,
2026-05-20,9452898647,1,4054,4054,4054,4054,90265542,3832283,,
2026-05-20,9491545867,1,8208,8208,8208,8208,80102326,927346,,
2026-05-20,9501409571,1,2910,2910,2910,2910,21868338,114747,,
2026-05-20,9513686983,1,4922,4922,4922,4922,360363383,11466435,,
2026-05-20,9526307912,2,12828,12828,12516,13140,41942453,71304,,
2026-05-20,9556113881,1,1337,1337,1337,1337,26249480,130042,,
2026-05-20,9584852943,1,106103,106103,106103,106103,367925545,814486,,
2026-05-20,9643480573,1,3717,3717,3717,3717,22685033,432600,,
2026-05-20,9711972386,1,4812,4812,4812,4812,2913277,8982,,
2026-05-20,9757776682,1,2748,2748,2748,2748,102057139,75214,,
2026-05-20,9787206684,1,21111,21111,21111,21111,690371272,2776328,,
2026-05-20,9792947201,1,235235,235235,235235,235235,233885391,1973667,,
2026-05-20,9835089582,1,1089,1089,1089,1089,7173793,26298,,
2026-05-20,9837859228,1,2904,2904,2904,2904,17110281,333640,,
2026-05-20,9859536675,1,4635,4635,4635,4635,10561672,167439,,
2026-05-20,9860746424,1,2935,2935,2935,2935,17046376,21215,,
2026-05-20,9875383684,1,4174,4174,4174,4174,154407163,169319,,
2026-05-20,9898609049,1,4004,4004,4004,4004,16608792,21150,,
2026-05-20,9908542703,1,3467,3467,3467,3467,22893645,1813277,,
2026-05-20,9913633503,1,858,858,858,858,23591715,1912008,,
2026-05-20,9917678692,1,5677,5677,5677,5677,33489225,35225,,
2026-05-20,9929086116,1,5363,5363,5363,5363,26299074,2216624,,
2026-05-20,9930318071,1,2673,2673,2673,2673,37428603,38246,,
2026-05-20,9930466428,1,1082,1082,1082,1082,22451693,114710,,
2026-05-20,9940725596,1,1063,1063,1063,1063,14765991,19979,,
2026-05-20,9958694666,1,18658,18658,18658,18658,7219447,97462,,
2026-05-20,9963622286,1,3434,3434,3434,3434,20857937,953817,,
2026-05-20,9969095451,1,4148,4148,4148,4148,15091553,714317,,
2026-05-20,9969687051,1,3713,3713,3713,3713,14234626,1075309,,
2026-05-20,9988290343,1,7421,7421,7421,7421,25026532,29076,,
2026-05-20,9998333607,1,2999,2999,2999,2999,2363639,120071,,
2026-05-20,9998576154,1,13099,13099,13099,13099,26550083,1946743,,
2026-05-20,10004244222,1,230723,230723,230723,230723,592607982,14850944,,
2026-05-20,10004760418,1,14192,14192,14192,14192,70014193,90737,,
2026-05-20,10008662615,1,3049,3049,3049,3049,3035802,312810,,
2026-05-20,10015834582,1,14714,14714,14714,14714,32552003,34012,,
2026-05-20,10045085816,1,7667,7667,7667,7667,12531946,20453,,
2026-05-20,10051853469,1,28035,28035,28035,28035,19738284,521151,,
2026-05-20,10053434203,1,2962,2962,2962,2962,3258553,355228,,
2026-05-20,10064194308,1,9783,9783,9783,9783,5074736,319870,,
2026-05-20,10096577758,1,5446,5446,5446,5446,4946721,7800,,
2026-05-21,31970568,1,3726,3726,3726,3726,1567283322,6025902,,
2026-05-21,66654135,1,134182,134182,134182,134182,25742186797,22048620,,
2026-05-21,605887098,1,5425,5425,5425,5425,2479061450,3645687,,
2026-05-21,903807016,1,3800,3800,3800,3800,,,,
2026-05-21,1198533421,1,1317,1317,1317,1317,173322185,714151,,
2026-05-21,1430007363,1,2679,2679,2679,2679,863281222,2110327,,
2026-05-21,1489026993,2,4408,4408,3218,5599,2601801722,4255544,,
2026-05-21,1526814825,1,9535,9535,9535,9535,1028882582,4159377,,
2026-05-21,1795206523,1,731,731,731,731,931768847,920356,,
2026-05-21,1831550657,1,25393,25393,25393,25393,1979149430,9977061,,
2026-05-21,1998835206,1,4343,4343,4343,4343,564201693,1152642,,
2026-05-21,2049551477,1,2746,2746,2746,2746,1420628889,1860666,,
2026-05-21,2165551367,1,1110,1110,1110,1110,652328490,2333455,,
2026-05-21,2247578975,2,2610,2610,2338,2882,1165365292,14900491,,
2026-05-21,2274830359,1,6406,6406,6406,6406,2885788907,1926627,,
2026-05-21,2294168059,1,2272,2272,2272,2272,1191422228,3223793,,
2026-05-21,2440500124,1,11557,11557,11557,11557,7381007183,7811516,,
2026-05-21,2655478023,1,1748,1748,1748,1748,964260616,3447612,,
2026-05-21,2821905072,1,3692,3692,3692,3692,229742475,4859658,,
2026-05-21,2827951974,1,817,817,817,817,797427969,664793,,
2026-05-21,2992873140,1,10520,10520,10520,10520,1272946295,942545,,
2026-05-21,3164075108,1,3140,3140,3140,3140,261222415,703108,,
2026-05-21,3187874989,1,3268,3268,3268,3268,130843573,191530,,
2026-05-21,3310460039,1,15094,15094,15094,15094,4368856816,105046242,,
2026-05-21,3346892457,1,1513,1513,1513,1513,415521668,150717,,
2026-05-21,3472976893,1,1455,1455,1455,1455,122990070,1489260,,
2026-05-21,3502524667,1,1371,1371,1371,1371,725472498,3657645,,
2026-05-21,3551414857,1,1702,1702,1702,1702,595024721,1260310,,
2026-05-21,3647333358,1,20293,20293,20293,20293,8604471536,7752225,,
2026-05-21,3746418487,1,3185,3185,3185,3185,287322569,342302,,
2026-05-21,3754482795,1,4382,4382,4382,4382,1200231024,4233992,,
2026-05-21,3841172115,1,2950,2950,2950,2950,95818326,503755,,
2026-05-21,4028801234,1,797,797,797,797,219510217,11624389,,
2026-05-21,4348829796,1,10051,10051,10051,10051,2463605910,10146324,,
2026-05-21,4518160318,1,3475,3475,3475,3475,602356997,1064236,,
2026-05-21,4599924264,1,3877,3877,3877,3877,662472348,240968,,
2026-05-21,4673599750,1,1593,1593,1593,1593,454099904,414445,,
2026-05-21,4720386144,1,2217,2217,2217,2217,96556650,507497,,
2026-05-21,4793836769,1,5528,5528,5528,5528,251399048,5343311,,
2026-05-21,4944984948,1,4908,4908,4908,4908,185189242,75235,,
2026-05-21,5195168716,1,1217,1217,1217,1217,84325132,571721,,
2026-05-21,5207621753,1,3325,3325,3325,3325,54949022,51679,,
2026-05-21,5361032378,1,59968,59968,59968,59968,1873113449,948496,,
2026-05-21,5578556129,1,24898,24898,24898,24898,1901235813,1894012,,
2026-05-21,5661020014,1,865,865,865,865,17120201,400234,,
2026-05-21,5668114043,1,1215,1215,1215,1215,222327993,700592,,
2026-05-21,5698013839,1,875,875,875,875,65141049,256971,,
2026-05-21,5750914919,1,48300,48300,48300,48300,4466860954,3364945,,
2026-05-21,6015491985,1,3581,3581,3581,3581,322094926,183985,,
2026-05-21,6314664695,1,658,658,658,658,55858141,2648234,,
2026-05-21,6409513651,1,30077,30077,30077,30077,13716934,296109,,
2026-05-21,6646518350,1,881,881,881,881,238299907,342555,,
2026-05-21,6682487255,1,6625,6625,6625,6625,431606359,209431,,
2026-05-21,6749060816,1,7555,7555,7555,7555,198706498,1404228,,
2026-05-21,7018190066,1,21278,21278,21278,21278,6301229238,5739042,,
2026-05-21,7058980030,1,5293,5293,5293,5293,486754313,821393,,
2026-05-21,7082244450,1,3966,3966,3966,3966,10645178,47848,,
2026-05-21,7082423811,1,3515,3515,3515,3515,248886954,1516826,,
2026-05-21,7091388561,1,822,822,822,822,121030864,95201,,
2026-05-21,7094518649,1,10446,10446,10446,10446,275550321,679708,,
2026-05-21,7128163167,1,1137,1137,1137,1137,51975103,87154,,
2026-05-21,7219654364,1,47261,47261,47261,47261,1042711540,12353441,,
2026-05-21,7332711118,1,5057,5057,5057,5057,1821616891,2416079,,
2026-05-21,7434179990,1,3326,3326,3326,3326,202998691,7302477,,
2026-05-21,7435020231,1,809,809,809,809,27905735,108185,,
2026-05-21,7436755782,1,79159,79159,79159,79159,35381191568,10962993,,
2026-05-21,7577791613,1,1210,1210,1210,1210,84277578,534191,,
2026-05-21,7585079192,1,12666,12666,12666,12666,18792285,91085,,
2026-05-21,7613970129,1,3608,3608,3608,3608,42040448,89228,,
2026-05-21,7709344486,1,173375,173375,173375,173375,68817313750,28064117,,
2026-05-21,7798947148,1,2703,2703,2703,2703,109968301,261724,,
2026-05-21,7882829745,1,3049,3049,3049,3049,349034968,962489,,
2026-05-21,8014099969,1,1524,1524,1524,1524,129046988,218676,,
2026-05-21,8291789996,1,3552,3552,3552,3552,,,,
2026-05-21,8316902627,1,3697,3697,3697,3697,4639147334,1881889,,
2026-05-21,8504461817,2,2586,2586,1627,3545,150776995,68540,,
2026-05-21,8539298853,1,22100,22100,22100,22100,1106442151,1456097,,
2026-05-21,8696670616,1,2886,2886,2886,2886,,,,
2026-05-21,8705454731,1,4350,4350,4350,4350,52604581,476690,,
2026-05-21,8759966530,1,2012,2012,2012,2012,83972363,316514,,
2026-05-21,8791358380,1,8723,8723,8723,8723,348103232,10435480,,
2026-05-21,8950496606,1,1596,1596,1596,1596,150963477,382846,,
2026-05-21,9029463012,1,710,710,710,710,100948744,387668,,
2026-05-21,9073513091,1,11466,11466,11466,11466,57960479,88119,,
2026-05-21,9098570654,1,24977,24977,24977,24977,127572329,202358,,
2026-05-21,9122463229,1,9014,9014,9014,9014,,,,
2026-05-21,9129640671,1,11028,11028,11028,11028,,,,
2026-05-21,9141743926,1,21093,21093,21093,21093,289113647,480337,,
2026-05-21,9145063979,1,8985,8985,8985,8985,446732832,422091,,
2026-05-21,9145282410,1,1206,1206,1206,1206,31732474,238316,,
2026-05-21,9177208241,1,2221,2221,2221,2221,45609108,276792,,
2026-05-21,9219116196,1,2702,2702,2702,2702,48774870,121602,,
2026-05-21,9231693026,1,2948,2948,2948,2948,,,,
2026-05-21,9266873836,1,6671,6671,6671,6671,147055034,128820,,
2026-05-21,9296042754,1,4439,4439,4439,4439,25942786,127051,,
2026-05-21,9315739469,1,1046,1046,1046,1046,63192952,63070,,
2026-05-21,9348272796,1,141370,141370,141370,141370,206725911,149553,,
2026-05-21,9362896961,1,10349,10349,10349,10349,116654966,196140,,
2026-05-21,9363735110,1,24967,24967,24967,24967,5549766330,1950331,,
2026-05-21,9409870130,1,1494,1494,1494,1494,8825268,116204,,
2026-05-21,9411563986,1,2451,2451,2451,2451,57577106,99546,,
2026-05-21,9452898647,1,3829,3829,3829,3829,90658720,3844376,,
2026-05-21,9491545867,1,9639,9639,9639,9639,81036376,932876,,
2026-05-21,9501409571,1,3274,3274,3274,3274,22281530,117001,,
2026-05-21,9513686983,1,5141,5141,5141,5141,360950285,11490137,,
2026-05-21,9526307912,2,12880,12880,12845,12916,43900060,74121,,
2026-05-21,9556113881,1,1550,1550,1550,1550,26381142,130782,,
2026-05-21,9584852943,1,102238,102238,102238,102238,383673248,842632,,
2026-05-21,9643304628,1,3120,3120,3120,3120,11059687,646883,,
2026-05-21,9643480573,1,5551,5551,5551,5551,23003510,441394,,
2026-05-21,9671940985,1,3148,3148,3148,3148,147910761,5121907,,
2026-05-21,9711972386,1,4426,4426,4426,4426,3141351,9391,,
2026-05-21,9723617424,1,2753,2753,2753,2753,9882193,15957,,
2026-05-21,9757776682,1,2911,2911,2911,2911,102422171,75471,,
2026-05-21,9787206684,1,17862,17862,17862,17862,692741238,2780655,,
2026-05-21,9792947201,1,226649,226649,226649,226649,249840329,2084097,,
2026-05-21,9835089582,1,994,994,994,994,7351787,28159,,
2026-05-21,9859536675,1,4749,4749,4749,4749,11050174,172511,,
2026-05-21,9860746424,1,3146,3146,3146,3146,17377872,22074,,
2026-05-21,9875383684,1,4142,4142,4142,4142,155022043,169931,,
2026-05-21,9898609049,1,5285,5285,5285,5285,17037196,21606,,
2026-05-21,9908542703,1,4046,4046,4046,4046,23337882,1851090,,
2026-05-21,9913633503,1,952,952,952,952,23929631,1939269,,
2026-05-21,9917678692,1,4766,4766,4766,4766,34246818,36050,,
2026-05-21,9929086116,1,6533,6533,6533,6533,26997678,2261753,,
2026-05-21,9930466428,1,940,940,940,940,22670098,115062,,
2026-05-21,9934614409,1,2763,2763,2763,2763,63233943,109730,,
2026-05-21,9940725596,1,1138,1138,1138,1138,14969894,20210,,
2026-05-21,9952351777,1,2824,2824,2824,2824,8781535,40363,,
2026-05-21,9958694666,1,21185,21185,21185,21185,8886628,117384,,
2026-05-21,9963622286,1,3411,3411,3411,3411,21390707,971584,,
2026-05-21,9969095451,1,4498,4498,4498,4498,15450162,730742,,
2026-05-21,9969687051,1,3712,3712,3712,3712,14518557,1092242,,
2026-05-21,9988290343,1,8057,8057,8057,8057,25724031,29826,,
2026-05-21,9998333607,1,3175,3175,3175,3175,2616462,130776,,
2026-05-21,9998576154,1,12263,12263,12263,12263,27863869,2026400,,
2026-05-21,10004244222,1,219863,219863,219863,219863,614001666,15160361,,
2026-05-21,10004760418,1,15332,15332,15332,15332,71706601,92826,,
2026-05-21,10008662615,1,3557,3557,3557,3557,3327865,345117,,
2026-05-21,10015834582,1,14576,14576,14576,14576,33856541,35139,,
2026-05-21,10045085816,1,7999,7999,7999,7999,13142879,21305,,
2026-05-21,10051853469,1,29133,29133,29133,29133,21750809,570547,,
2026-05-21,10053434203,1,5053,5053,5053,5053,3903015,423725,,
2026-05-21,10064194308,1,12879,12879,12879,12879,5858326,374179,,
2026-05-21,10096577758,1,4527,4527,4527,4527,5474779,8562,,
2026-05-22,31970568,1,3943,3943,3943,3943,1567540745,6026349,,
2026-05-22,66654135,1,155068,155068,155068,155068,25760186300,22060586,,
2026-05-22,605887098,1,5531,5531,5531,5531,2479545389,3646355,,
2026-05-22,903807016,1,4036,4036,4036,4036,1494283582,2773123,,
2026-05-22,1198533421,1,1377,1377,1377,1377,173427171,714369,,
2026-05-22,1430007363,1,3532,3532,3532,3532,863774184,2113018,,
2026-05-22,1489026993,2,4474,4474,3755,5194,2602311713,4256080,,
2026-05-22,1526814825,1,9437,9437,9437,9437,1029521529,4160965,,
2026-05-22,1795206523,1,859,859,859,859,931931975,920447,,
2026-05-22,1831550657,1,24740,24740,24740,24740,1980783592,9985462,,
2026-05-22,1998835206,1,4883,4883,4883,4883,564499723,1152977,,
2026-05-22,2049551477,1,3705,3705,3705,3705,1421030746,1861262,,
2026-05-22,2165551367,1,1182,1182,1182,1182,652528322,2334604,,
2026-05-22,2247578975,2,3161,3161,2978,3344,1165840928,14900814,,
2026-05-22,2274830359,1,6438,6438,6438,6438,2886558737,1927258,,
2026-05-22,2294168059,1,3022,3022,3022,3022,1191684693,3224342,,
2026-05-22,2369077151,1,2774,2774,2774,2774,338890851,9557696,,
2026-05-22,2440500124,1,14559,14559,14559,14559,7382597209,7813696,,
2026-05-22,2655478023,1,2027,2027,2027,2027,964607108,3447968,,
2026-05-22,2821905072,1,3650,3650,3650,3650,,,,
2026-05-22,2827951974,1,954,954,954,954,797591473,665010,,
2026-05-22,2992873140,1,10680,10680,10680,10680,1273786860,943253,,
2026-05-22,3034836582,1,937,937,937,937,493321160,1901562,,
2026-05-22,3164075108,1,3056,3056,3056,3056,261423775,703432,,
2026-05-22,3187874989,1,3925,3925,3925,3925,131285026,192039,,
2026-05-22,3191268194,1,2694,2694,2694,2694,1327907838,5072323,,
2026-05-22,3232181171,1,806,806,806,806,48218702,176715,,
2026-05-22,3310460039,1,15858,15858,15858,15858,4370948426,105047235,,
2026-05-22,3346892457,1,1598,1598,1598,1598,415798224,151037,,
2026-05-22,3472976893,1,1779,1779,1779,1779,123260612,1501072,,
2026-05-22,3502524667,1,1931,1931,1931,1931,725798491,3658003,,
2026-05-22,3551414857,1,2321,2321,2321,2321,595192136,1260685,,
2026-05-22,3647333358,1,22297,22297,22297,22297,8608396318,7757057,,
2026-05-22,3746418487,1,3354,3354,3354,3354,287619628,342628,,
2026-05-22,3754482795,1,4523,4523,4523,4523,1200780203,4235997,,
2026-05-22,3841172115,1,3653,3653,3653,3653,96177852,505350,,
2026-05-22,4028801234,1,1433,1433,1433,1433,219635293,11630714,,
2026-05-22,4348829796,1,11646,11646,11646,11646,2465154126,10158595,,
2026-05-22,4518160318,1,3597,3597,3597,3597,602622485,1064818,,
2026-05-22,4599924264,1,3563,3563,3563,3563,662997049,241320,,
2026-05-22,4673599750,1,1857,1857,1857,1857,454787997,415102,,
2026-05-22,4720386144,1,2639,2639,2639,2639,96771867,508374,,
2026-05-22,4793836769,1,6095,6095,6095,6095,251909433,5356712,,
2026-05-22,4944984948,1,4704,4704,4704,4704,185911179,75810,,
2026-05-22,5195168716,1,1380,1380,1380,1380,84436130,572315,,
2026-05-22,5207621753,1,3445,3445,3445,3445,55260042,52000,,
2026-05-22,5361032378,1,57790,57790,57790,57790,1875645633,949170,,
2026-05-22,5578556129,1,23214,23214,23214,23214,1902184846,1895675,,
2026-05-22,5661020014,1,806,806,806,806,17196045,401218,,
2026-05-22,5668114043,1,1543,1543,1543,1543,222484242,700928,,
2026-05-22,5698013839,1,855,855,855,855,65216491,257285,,
2026-05-22,5750914919,1,48622,48622,48622,48622,4469341717,3368580,,
2026-05-22,5956634861,1,729,729,729,729,142652024,572008,,
2026-05-22,6015491985,1,3024,3024,3024,3024,322516017,184346,,
2026-05-22,6314664695,1,715,715,715,715,55918749,2650503,,
2026-05-22,6409513651,1,28751,28751,28751,28751,14826224,309014,,
2026-05-22,6646518350,1,1009,1009,1009,1009,238604829,342758,,
2026-05-22,6682487255,1,6343,6343,6343,6343,432173286,209603,,
2026-05-22,6710779449,1,947,947,947,947,98357691,334000,,
2026-05-22,6749060816,1,8585,8585,8585,8585,199326276,1408358,,
2026-05-22,7018190066,1,27720,27720,27720,27720,6303501447,5742898,,
2026-05-22,7058980030,1,5650,5650,5650,5650,487656536,822837,,
2026-05-22,7082244450,1,5470,5470,5470,5470,11593912,51002,,
2026-05-22,7082423811,1,3780,3780,3780,3780,249235132,1517355,,
2026-05-22,7091388561,1,1037,1037,1037,1037,121163792,95455,,
2026-05-22,7094518649,1,10056,10056,10056,10056,276116384,681063,,
2026-05-22,7128163167,1,1101,1101,1101,1101,52098959,87318,,
2026-05-22,7219654364,1,57672,57672,57672,57672,1048116930,12388078,,
2026-05-22,7332711118,1,4793,4793,4793,4793,1822099083,2416546,,
2026-05-22,7383133134,1,747,747,747,747,93340253,685019,,
2026-05-22,7434179990,1,3191,3191,3191,3191,203279066,7311338,,
2026-05-22,7435020231,1,1034,1034,1034,1034,27970275,108330,,
2026-05-22,7436755782,1,75154,75154,75154,75154,35386508537,10967199,,
2026-05-22,7577791613,1,1622,1622,1622,1622,84499669,535012,,
2026-05-22,7585079192,1,15299,15299,15299,15299,19399483,94066,,
2026-05-22,7613970129,1,2984,2984,2984,2984,42308674,90197,,
2026-05-22,7709344486,1,146497,146497,146497,146497,68864028924,28075727,,
2026-05-22,7882829745,1,2798,2798,2798,2798,349186678,962716,,
2026-05-22,8014099969,1,1790,1790,1790,1790,129299600,219068,,
2026-05-22,8291789996,1,3552,3552,3552,3552,,,,
2026-05-22,8316902627,1,3901,3901,3901,3901,4639605109,1883652,,
2026-05-22,8504461817,2,2440,2440,1822,3059,151140092,68824,,
2026-05-22,8539298853,1,23767,23767,23767,23767,1108994123,1459782,,
2026-05-22,8696670616,1,2886,2886,2886,2886,,,,
2026-05-22,8705454731,1,3341,3341,3341,3341,53026080,477549,,
2026-05-22,8759966530,1,2762,2762,2762,2762,84229856,317331,,
2026-05-22,8791358380,1,8534,8534,8534,8534,348974448,10459001,,
2026-05-22,8950496606,1,1899,1899,1899,1899,151107986,383167,,
2026-05-22,9029463012,1,908,908,908,908,101030445,387953,,
2026-05-22,9073513091,1,11844,11844,11844,11844,59528371,90199,,
2026-05-22,9077534770,1,833,833,833,833,46671682,141433,,
2026-05-22,9098570654,1,23745,23745,23745,23745,128922893,204269,,
2026-05-22,9122463229,1,9014,9014,9014,9014,,,,
2026-05-22,9129640671,1,11028,11028,11028,11028,,,,
2026-05-22,9141743926,1,26191,26191,26191,26191,291641635,482827,,
2026-05-22,9145063979,1,8989,8989,8989,8989,447804901,423522,,
2026-05-22,9145282410,1,1148,1148,1148,1148,31822806,238717,,
2026-05-22,9177208241,1,2797,2797,2797,2797,45876312,278066,,
2026-05-22,9219116196,1,3422,3422,3422,3422,49095545,122465,,
2026-05-22,9231693026,1,2948,2948,2948,2948,,,,
2026-05-22,9266873836,1,6647,6647,6647,6647,147257359,128993,,
2026-05-22,9296042754,1,4437,4437,4437,4437,26356083,129059,,
2026-05-22,9315472782,1,701,701,701,701,11265599,71813,,
2026-05-22,9315739469,1,1419,1419,1419,1419,63418855,63424,,
2026-05-22,9348272796,1,141193,141193,141193,141193,216368499,156362,,
2026-05-22,9362896961,1,10277,10277,10277,10277,117248445,196688,,
2026-05-22,9363735110,1,23573,23573,23573,23573,5552392719,1952581,,
2026-05-22,9409870130,1,1609,1609,1609,1609,8981436,118176,,
2026-05-22,9411563986,1,2526,2526,2526,2526,57996772,100409,,
2026-05-22,9452898647,1,3829,3829,3829,3829,91057313,3858211,,
2026-05-22,9491545867,1,7583,7583,7583,7583,81855980,937903,,
2026-05-22,9501409571,1,3633,3633,3633,3633,22738845,119418,,
2026-05-22,9513686983,1,5148,5148,5148,5148,361552294,11514295,,
2026-05-22,9526307912,2,13245,13245,12016,14474,45739625,77320,,
2026-05-22,9556113881,1,2057,2057,2057,2057,26526096,131512,,
2026-05-22,9584852943,1,104947,104947,104947,104947,397712589,876316,,
2026-05-22,9643480573,1,5792,5792,5792,5792,23438299,455850,,
2026-05-22,9671940985,1,2950,2950,2950,2950,148241883,5130742,,
2026-05-22,9711972386,1,4399,4399,4399,4399,3362178,9865,,
2026-05-22,9787206684,1,17733,17733,17733,17733,694885876,2785336,,
2026-05-22,9792947201,1,219739,219739,219739,219739,265133331,2186465,,
2026-05-22,9835089582,1,980,980,980,980,7510282,29768,,
2026-05-22,9859536675,1,6111,6111,6111,6111,11568106,178060,,
2026-05-22,9860746424,1,3021,3021,3021,3021,17707189,22654,,
2026-05-22,9875383684,1,4222,4222,4222,4222,155641333,170765,,
2026-05-22,9898609049,1,4850,4850,4850,4850,17461246,22077,,
2026-05-22,9908542703,1,4508,4508,4508,4508,23837125,1892957,,
2026-05-22,9913633503,1,945,945,945,945,24304817,1969228,,
2026-05-22,9917678692,1,6417,6417,6417,6417,35025858,36781,,
2026-05-22,9929086116,1,5843,5843,5843,5843,27752795,2312178,,
2026-05-22,9930466428,1,1212,1212,1212,1212,22897106,115415,,
2026-05-22,9940725596,1,1637,1637,1637,1637,15240785,20753,,
2026-05-22,9952351777,1,3046,3046,3046,3046,9119492,41529,,
2026-05-22,9958694666,1,20024,20024,20024,20024,10597638,136239,,
2026-05-22,9963622286,1,3029,3029,3029,3029,21867630,986594,,
2026-05-22,9969095451,1,3514,3514,3514,3514,15793879,745500,,
2026-05-22,9969687051,1,3137,3137,3137,3137,14802554,1109228,,
2026-05-22,9988290343,1,7674,7674,7674,7674,26409859,30972,,
2026-05-22,9998333607,1,2683,2683,2683,2683,2880751,142090,,
2026-05-22,9998576154,1,12941,12941,12941,12941,29156949,2106677,,
2026-05-22,10004244222,1,201545,201545,201545,201545,634807105,15469815,,
2026-05-22,10004760418,1,14816,14816,14816,14816,73476718,95456,,
2026-05-22,10008662615,1,2980,2980,2980,2980,3641548,379163,,
2026-05-22,10015834582,1,13757,13757,13757,13757,35106057,36809,,
2026-05-22,10045085816,1,6793,6793,6793,6793,13746722,22142,,
2026-05-22,10051853469,1,41830,41830,41830,41830,23913246,630104,,
2026-05-22,10053434203,1,6431,6431,6431,6431,4665256,501611,,
2026-05-22,10064194308,1,10216,10216,10216,10216,6612763,422407,,
2026-05-22,10096577758,1,10188,10188,10188,10188,6370444,9558,,
2026-05-23,22430683,1,1023,1023,1023,1023,483274689,1789914,,
2026-05-23,31970568,1,5851,5851,5851,5851,1567881113,6027045,,
2026-05-23,66654135,1,178760,178760,178760,178760,25781482007,22075942,,
2026-05-23,568307879,1,776,776,776,776,515894951,536292,,
2026-05-23,605887098,1,6432,6432,6432,6432,2480138215,3647178,,
2026-05-23,903807016,1,5320,5320,5320,5320,1494982047,2774133,,
2026-05-23,1053132402,1,2727,2727,2727,2727,553113268,959895,,
2026-05-23,1198533421,1,1613,1613,1613,1613,173538751,714623,,
2026-05-23,1214576306,1,3149,3149,3149,3149,1619537070,4261476,,
2026-05-23,1430007363,1,4784,4784,4784,4784,864393502,2116635,,
2026-05-23,1489026993,2,5128,5128,4525,5731,2602899933,4256757,,
2026-05-23,1526814825,1,11695,11695,11695,11695,1030310291,4163380,,
2026-05-23,1795206523,1,1049,1049,1049,1049,,,,
2026-05-23,1831550657,1,36915,36915,36915,36915,1983520809,9997874,,
2026-05-23,1998835206,1,6196,6196,6196,6196,564883268,1153372,,
2026-05-23,2049551477,1,4312,4312,4312,4312,1421527564,1862043,,
2026-05-23,2165551367,1,1391,1391,1391,1391,652757554,2336051,,
2026-05-23,2247578975,2,4194,4194,3732,4655,1166399351,14901206,,
2026-05-23,2274830359,1,7653,7653,7653,7653,2887501500,1928263,,
2026-05-23,2294168059,1,4290,4290,4290,4290,1192002103,3224929,,
2026-05-23,2369077151,1,3532,3532,3532,3532,339213773,9563479,,
2026-05-23,2440500124,1,18586,18586,18586,18586,7384695950,7816622,,
2026-05-23,2491559356,1,737,737,737,737,75175887,159299,,
2026-05-23,2655478023,1,2591,2591,2591,2591,965002542,3448375,,
2026-05-23,2788648141,1,2801,2801,2801,2801,979602114,1882049,,
2026-05-23,2821905072,1,4576,4576,4576,4576,230507257,4874611,,
2026-05-23,2827951974,1,1316,1316,1316,1316,797790645,665347,,
2026-05-23,2992873140,1,15300,15300,15300,15300,1274877839,944901,,
2026-05-23,3034836582,1,1199,1199,1199,1199,493463836,1901811,,
2026-05-23,3079618996,1,2756,2756,2756,2756,751971266,776056,,
2026-05-23,3164075108,1,3527,3527,3527,3527,261651110,703922,,
2026-05-23,3187874989,1,4630,4630,4630,4630,131842336,192765,,
2026-05-23,3191268194,1,3555,3555,3555,3555,1328201621,5078139,,
2026-05-23,3232181171,1,1489,1489,1489,1489,48368612,177692,,
2026-05-23,3310460039,1,18624,18624,18624,18624,4373320298,105048545,,
2026-05-23,3346892457,1,2169,2169,2169,2169,416128939,151455,,
2026-05-23,3420059569,1,2965,2965,2965,2965,921350498,27469309,,
2026-05-23,3472976893,1,2534,2534,2534,2534,123611132,1516095,,
2026-05-23,3502524667,1,2658,2658,2658,2658,726185208,3658373,,
2026-05-23,3551414857,1,3667,3667,3667,3667,595424550,1261284,,
2026-05-23,3647333358,1,28508,28508,28508,28508,8613039652,7762693,,
2026-05-23,3746418487,1,3512,3512,3512,3512,287959123,343128,,
2026-05-23,3754482795,1,5723,5723,5723,5723,1201471631,4238716,,
2026-05-23,3841172115,1,6326,6326,6326,6326,96688179,507508,,
2026-05-23,4028801234,1,1937,1937,1937,1937,219820793,11640578,,
2026-05-23,4348829796,1,15309,15309,15309,15309,2467050047,10172414,,
2026-05-23,4518160318,1,5175,5175,5175,5175,602947116,1065761,,
2026-05-23,4595016786,1,2737,2737,2737,2737,568241892,687226,,
2026-05-23,4599924264,1,3382,3382,3382,3382,663516842,241731,,
2026-05-23,4673599750,1,2637,2637,2637,2637,455743826,416060,,
2026-05-23,4720386144,1,3091,3091,3091,3091,97012205,509284,,
2026-05-23,4793836769,1,9715,9715,9715,9715,252579101,5372748,,
2026-05-23,4925331346,1,2949,2949,2949,2949,284557637,429747,,
2026-05-23,4944984948,1,5854,5854,5854,5854,186754495,76571,,
2026-05-23,5195168716,1,1901,1901,1901,1901,84581566,573099,,
2026-05-23,5207621753,1,4932,4932,4932,4932,55773039,52579,,
2026-05-23,5361032378,1,66015,66015,66015,66015,1878573898,950536,,
2026-05-23,5578556129,1,24814,24814,24814,24814,1903108172,1896824,,
2026-05-23,5661020014,1,6556,6556,6556,6556,17283167,402414,,
2026-05-23,5668114043,1,2260,2260,2260,2260,222694490,701375,,
2026-05-23,5698013839,1,1241,1241,1241,1241,65316945,257731,,
2026-05-23,5750914919,1,59883,59883,59883,59883,4472278610,3373229,,
2026-05-23,5927446137,1,695,695,695,695,41069512,545401,,
2026-05-23,5956634861,1,1005,1005,1005,1005,142785417,572233,,
2026-05-23,6015491985,1,3220,3220,3220,3220,323018399,184838,,
2026-05-23,6247557414,1,864,864,864,864,191049855,2211288,,
2026-05-23,6314664695,1,957,957,957,957,55982803,2652807,,
2026-05-23,6409513651,1,39054,39054,39054,39054,16066796,325925,,
2026-05-23,6646518350,1,1212,1212,1212,1212,238942429,342976,,
2026-05-23,6682487255,1,6560,6560,6560,6560,432724519,209881,,
2026-05-23,6707924214,1,2678,2678,2678,2678,162476336,3113296,,
2026-05-23,6710779449,1,877,877,877,877,98453388,334462,,
2026-05-23,6718454990,1,2722,2722,2722,2722,31187053,30345,,
2026-05-23,6749060816,1,12552,12552,12552,12552,200244106,1414475,,
2026-05-23,6801595469,1,968,968,968,968,54204422,128181,,
2026-05-23,7018190066,1,36570,36570,36570,36570,6306424922,5747190,,
2026-05-23,7058980030,1,6978,6978,6978,6978,488760118,824823,,
2026-05-23,7082244450,1,6583,6583,6583,6583,12891756,55378,,
2026-05-23,7082423811,1,4472,4472,4472,4472,249651128,1518207,,
2026-05-23,7091388561,1,1297,1297,1297,1297,121357531,95776,,
2026-05-23,7094518649,1,12790,12790,12790,12790,276845849,682616,,
2026-05-23,7127084123,1,3317,3317,3317,3317,126719221,270021,,
2026-05-23,7128163167,1,1432,1432,1432,1432,52253520,87511,,
2026-05-23,7219654364,1,72485,72485,72485,72485,1054415360,12427914,,
2026-05-23,7332711118,1,6131,6131,6131,6131,1822710318,2417397,,
2026-05-23,7383133134,1,779,779,779,779,93457181,685985,,
2026-05-23,7434179990,1,4701,4701,4701,4701,203670884,7324267,,
2026-05-23,7435020231,1,4350,4350,4350,4350,28079423,108607,,
2026-05-23,7436755782,1,79567,79567,79567,79567,35392436031,10972393,,
2026-05-23,7577791613,1,2230,2230,2230,2230,84798532,535963,,
2026-05-23,7585079192,1,16486,16486,16486,16486,20057823,97130,,
2026-05-23,7613970129,1,2886,2886,2886,2886,42556260,91089,,
2026-05-23,7690412163,1,862,862,862,862,78655454,179877,,
2026-05-23,7709344486,1,183722,183722,183722,183722,68915652860,28091131,,
2026-05-23,7719766419,1,715,715,715,715,23113527,216024,,
2026-05-23,7798947148,1,4970,4970,4970,4970,110843000,263337,,
2026-05-23,7882829745,1,3358,3358,3358,3358,349351312,963061,,
2026-05-23,8014099969,1,2203,2203,2203,2203,129581419,219549,,
2026-05-23,8291789996,1,3552,3552,3552,3552,,,,
2026-05-23,8316902627,1,4976,4976,4976,4976,4640199611,1885741,,
2026-05-23,8343243056,1,3661,3661,3661,3661,,,,
2026-05-23,8504461817,2,3196,3196,2714,3679,151599283,69149,,
2026-05-23,8539298853,1,29379,29379,29379,29379,1111902662,1463837,,
2026-05-23,8696670616,1,2886,2886,2886,2886,,,,
2026-05-23,8705454731,1,2928,2928,2928,2928,53391013,478514,,
2026-05-23,8759966530,1,3248,3248,3248,3248,84554123,318212,,
2026-05-23,8791358380,1,9960,9960,9960,9960,350053596,10495064,,
2026-05-23,8950496606,1,2465,2465,2465,2465,151293088,383519,,
2026-05-23,9029463012,1,1082,1082,1082,1082,101128855,388250,,
2026-05-23,9073513091,1,11712,11712,11712,11712,61239568,92790,,
2026-05-23,9077534770,1,1095,1095,1095,1095,46795261,141802,,
2026-05-23,9098570654,1,25970,25970,25970,25970,130489124,206687,,
2026-05-23,9122463229,1,9014,9014,9014,9014,,,,
2026-05-23,9129640671,1,11028,11028,11028,11028,,,,
2026-05-23,9141743926,1,21628,21628,21628,21628,294147334,485599,,
2026-05-23,9145063979,1,11261,11261,11261,11261,449090491,425257,,
2026-05-23,9145282410,1,1530,1530,1530,1530,31932458,239183,,
2026-05-23,9177208241,1,3542,3542,3542,3542,46210155,279556,,
2026-05-23,9219116196,1,4074,4074,4074,4074,49485833,123481,,
2026-05-23,9231693026,1,2948,2948,2948,2948,,,,
2026-05-23,9266873836,1,7138,7138,7138,7138,147454063,129153,,
2026-05-23,9296042754,1,5107,5107,5107,5107,26815949,131421,,
2026-05-23,9315472782,1,863,863,863,863,11363956,72354,,
2026-05-23,9315739469,1,1352,1352,1352,1352,63653875,63742,,
2026-05-23,9316885643,1,650,650,650,650,204730593,6050979,,
2026-05-23,9344307274,1,3221,3221,3221,3221,563872442,388778,,
2026-05-23,9348272796,1,156509,156509,156509,156509,228980962,166379,,
2026-05-23,9362896961,1,10691,10691,10691,10691,117827111,197410,,
2026-05-23,9363735110,1,27929,27929,27929,27929,5555505447,1956704,,
2026-05-23,9409870130,1,2283,2283,2283,2283,9168610,120581,,
2026-05-23,9411563986,1,3348,3348,3348,3348,58491489,101384,,
2026-05-23,9452898647,1,3734,3734,3734,3734,,,,
2026-05-23,9491545867,1,8177,8177,8177,8177,82793328,944008,,
2026-05-23,9501409571,1,4631,4631,4631,4631,23244798,122007,,
2026-05-23,9513686983,1,5492,5492,5492,5492,362231443,11541402,,
2026-05-23,9526307912,2,14856,14856,12677,17035,47793022,81262,,
2026-05-23,9556113881,1,2526,2526,2526,2526,26723765,132426,,
2026-05-23,9584852943,1,149759,149759,149759,149759,416628575,929662,,
2026-05-23,9643480573,1,6882,6882,6882,6882,23922448,471699,,
2026-05-23,9659404694,1,1980,1980,1980,1980,3401945,545715,,
2026-05-23,9660713566,1,2821,2821,2821,2821,61484800,4057202,,
2026-05-23,9671940985,1,2844,2844,2844,2844,148605496,5139444,,
2026-05-23,9711972386,1,4943,4943,4943,4943,3589305,10294,,
2026-05-23,9723617424,1,2960,2960,2960,2960,10466954,16781,,
2026-05-23,9753814298,1,3306,3306,3306,3306,368812203,298640,,
2026-05-23,9758688665,1,2905,2905,2905,2905,75380343,4069173,,
2026-05-23,9787206684,1,20128,20128,20128,20128,697316307,2792088,,
2026-05-23,9792947201,1,263009,263009,263009,263009,281763907,2317106,,
2026-05-23,9809200157,1,891,891,891,891,1808156,14159,,
2026-05-23,9835089582,1,1049,1049,1049,1049,7698309,31140,,
2026-05-23,9837859228,1,2930,2930,2930,2930,17861593,343219,,
2026-05-23,9859536675,1,7211,7211,7211,7211,12191542,185484,,
2026-05-23,9860746424,1,2829,2829,2829,2829,18017002,23229,,
2026-05-23,9860860377,1,2742,2742,2742,2742,688222,20002,,
2026-05-23,9875383684,1,3813,3813,3813,3813,156364083,172010,,
2026-05-23,9898609049,1,4655,4655,4655,4655,17897884,22663,,
2026-05-23,9908542703,1,4152,4152,4152,4152,24395900,1940981,,
2026-05-23,9913633503,1,1521,1521,1521,1521,24682599,1998709,,
2026-05-23,9917678692,1,5706,5706,5706,5706,35917581,37743,,
2026-05-23,9929086116,1,5009,5009,5009,5009,28437246,2352575,,
2026-05-23,9930318071,1,4430,4430,4430,4430,38245109,39297,,
2026-05-23,9930466428,1,1214,1214,1214,1214,23165999,115846,,
2026-05-23,9940725596,1,2121,2121,2121,2121,15573638,21416,,
2026-05-23,9948413340,1,5939,5939,5939,5939,8643435,12264,,
2026-05-23,9952351777,1,3269,3269,3269,3269,9477854,42622,,
2026-05-23,9953328866,1,3517,3517,3517,3517,9472347,9888,,
2026-05-23,9955391014,1,803,803,803,803,1425195,33426,,
2026-05-23,9958694666,1,22439,22439,22439,22439,12596621,158710,,
2026-05-23,9963622286,1,3412,3412,3412,3412,22359766,1001349,,
2026-05-23,9969095451,1,4089,4089,4089,4089,16161877,760694,,
2026-05-23,9969687051,1,4544,4544,4544,4544,15161151,1133353,,
2026-05-23,9988290343,1,6983,6983,6983,6983,27158211,32979,,
2026-05-23,9998333607,1,2923,2923,2923,2923,3182281,155495,,
2026-05-23,9998576154,1,12103,12103,12103,12103,30518785,2193431,,
2026-05-23,10004244222,1,250925,250925,250925,250925,659056273,15857514,,
2026-05-23,10004760418,1,14350,14350,14350,14350,75326269,98735,,
2026-05-23,10015834582,1,13171,13171,13171,13171,36491000,39351,,
2026-05-23,10045085816,1,7395,7395,7395,7395,14410061,23163,,
2026-05-23,10051853469,1,30490,30490,30490,30490,26374097,694035,,
2026-05-23,10053434203,1,4855,4855,4855,4855,5403087,571949,,
2026-05-23,10057335776,1,3729,3729,3729,3729,2018411,5487,,
2026-05-23,10064194308,1,9457,9457,9457,9457,7407525,473668,,
2026-05-23,10081194651,1,18812,18812,18812,18812,3566413,19211,,
2026-05-23,10096577758,1,7803,7803,7803,7803,7380921,10788,,
2026-05-24,22430683,1,1246,1246,1246,1246,483431273,1790222,,
2026-05-24,31970568,1,6425,6425,6425,6425,1568299381,6027844,,
2026-05-24,66654135,1,203081,203081,203081,203081,25804676458,22091569,,
2026-05-24,568307879,1,749,749,749,749,516011630,536458,,
2026-05-24,605887098,1,7275,7275,7275,7275,2481012174,3648277,,
2026-05-24,903807016,1,5341,5341,5341,5341,1495805915,2775194,,
2026-05-24,1053132402,1,2726,2726,2726,2726,553291756,960024,,
2026-05-24,1198533421,1,2245,2245,2245,2245,173660693,714903,,
2026-05-24,1214576306,1,3381,3381,3381,3381,1619791543,4261865,,
2026-05-24,1430007363,1,5077,5077,5077,5077,865055809,2120649,,
2026-05-24,1489026993,2,5567,5567,5082,6052,2603565807,4257550,,
2026-05-24,1526814825,1,12199,12199,12199,12199,1031231785,4166743,,
2026-05-24,1795206523,1,1161,1161,1161,1161,932346779,920623,,
2026-05-24,1831550657,1,34179,34179,34179,34179,1986487637,10012762,,
2026-05-24,1998835206,1,5797,5797,5797,5797,565286270,1153801,,
2026-05-24,2049551477,1,4906,4906,4906,4906,1422077994,1862848,,
2026-05-24,2165551367,1,1636,1636,1636,1636,652998825,2337608,,
2026-05-24,2247578975,2,4350,4350,4022,4677,1167011050,14901584,,
2026-05-24,2274830359,1,7308,7308,7308,7308,2888665997,1929509,,
2026-05-24,2294168059,1,3988,3988,3988,3988,1192360678,3225638,,
2026-05-24,2369077151,1,3560,3560,3560,3560,339638369,9570918,,
2026-05-24,2440500124,1,20951,20951,20951,20951,7387078059,7819770,,
2026-05-24,2491559356,1,765,765,765,765,75242236,159362,,
2026-05-24,2655478023,1,2757,2757,2757,2757,965422008,3448769,,
2026-05-24,2788648141,1,3400,3400,3400,3400,979910958,1884090,,
2026-05-24,2821905072,1,4269,4269,4269,4269,231054543,4883641,,
2026-05-24,2827951974,1,1302,1302,1302,1302,797999508,665655,,
2026-05-24,2992873140,1,16336,16336,16336,16336,1276070119,946486,,
2026-05-24,3034836582,1,1216,1216,1216,1216,493619267,1902093,,
2026-05-24,3079618996,1,3058,3058,3058,3058,752258512,776490,,
2026-05-24,3164075108,1,3607,3607,3607,3607,261916197,704426,,
2026-05-24,3187874989,1,5106,5106,5106,5106,132443356,193453,,
2026-05-24,3191268194,1,3536,3536,3536,3536,1328561186,5084847,,
2026-05-24,3232181171,1,1770,1770,1770,1770,48542888,178779,,
2026-05-24,3274669156,1,709,709,709,709,64247647,623104,,
2026-05-24,3310460039,1,19594,19594,19594,19594,4376188920,105050188,,
2026-05-24,3346892457,1,2190,2190,2190,2190,416500331,151948,,
2026-05-24,3420059569,1,3293,3293,3293,3293,921859646,27469677,,
2026-05-24,3472976893,1,3326,3326,3326,3326,124027705,1534496,,
2026-05-24,3502524667,1,2646,2646,2646,2646,726599497,3658745,,
2026-05-24,3551414857,1,4282,4282,4282,4282,595716049,1261956,,
2026-05-24,3647333358,1,29052,29052,29052,29052,8617965677,7768658,,
2026-05-24,3746418487,1,3746,3746,3746,3746,288351786,343652,,
2026-05-24,3754482795,1,6259,6259,6259,6259,1202331748,4241893,,
2026-05-24,3759884822,1,2752,2752,2752,2752,112935163,90389,,
2026-05-24,3841172115,1,7510,7510,7510,7510,97361430,510113,,
2026-05-24,4028801234,1,1969,1969,1969,1969,220027812,11652042,,
2026-05-24,4348829796,1,14831,14831,14831,14831,2469083042,10185058,,
2026-05-24,4518160318,1,5449,5449,5449,5449,603341112,1066897,,
2026-05-24,4543855070,1,2774,2774,2774,2774,211410626,257472,,
2026-05-24,4599924264,1,3719,3719,3719,3719,664158363,242235,,
2026-05-24,4673599750,1,2457,2457,2457,2457,456725898,416971,,
2026-05-24,4720386144,1,3013,3013,3013,3013,97269743,510239,,
2026-05-24,4793836769,1,8873,8873,8873,8873,253392817,5392764,,
2026-05-24,4925331346,1,3074,3074,3074,3074,284796301,430338,,
2026-05-24,4944984948,1,5839,5839,5839,5839,187765294,77409,,
2026-05-24,5195168716,1,1813,1813,1813,1813,84743570,573975,,
2026-05-24,5207621753,1,4809,4809,4809,4809,56593808,53726,,
2026-05-24,5254185222,1,751,751,751,751,10760205,154560,,
2026-05-24,5361032378,1,61767,61767,61767,61767,1881603904,951900,,
2026-05-24,5578556129,1,24024,24024,24024,24024,1904024705,1898371,,
2026-05-24,5661020014,1,17344,17344,17344,17344,19804465,442224,,
2026-05-24,5668114043,1,2698,2698,2698,2698,222930439,701875,,
2026-05-24,5698013839,1,1815,1815,1815,1815,65452849,258376,,
2026-05-24,5750914919,1,60238,60238,60238,60238,4477920011,3378572,,
2026-05-24,5927446137,1,768,768,768,768,41131635,546036,,
2026-05-24,5956634861,1,1145,1145,1145,1145,142935726,572477,,
2026-05-24,6015491985,1,3476,3476,3476,3476,323658002,185408,,
2026-05-24,6247557414,1,1034,1034,1034,1034,191172937,2212789,,
2026-05-24,6314664695,1,868,868,868,868,56058654,2655760,,
2026-05-24,6409513651,1,55434,55434,55434,55434,18123461,356213,,
2026-05-24,6646518350,1,1279,1279,1279,1279,239296453,343173,,
2026-05-24,6682487255,1,6331,6331,6331,6331,433286007,210172,,
2026-05-24,6707924214,1,3504,3504,3504,3504,162705898,3117606,,
2026-05-24,6710779449,1,929,929,929,929,98551165,334821,,
2026-05-24,6749060816,1,12940,12940,12940,12940,201174192,1420866,,
2026-05-24,6801595469,1,862,862,862,862,54384701,128682,,
2026-05-24,7018190066,1,43155,43155,43155,43155,6309794381,5751712,,
2026-05-24,7058980030,1,7641,7641,7641,7641,490177188,827460,,
2026-05-24,7082244450,1,10508,10508,10508,10508,14516322,62649,,
2026-05-24,7082423811,1,6112,6112,6112,6112,250283942,1519497,,
2026-05-24,7091388561,1,1337,1337,1337,1337,121581464,96165,,
2026-05-24,7094518649,1,13500,13500,13500,13500,277627383,684358,,
2026-05-24,7127084123,1,3251,3251,3251,3251,126995070,270833,,
2026-05-24,7128163167,1,1656,1656,1656,1656,52428948,87742,,
2026-05-24,7219654364,1,78714,78714,78714,78714,1062082452,12477286,,
2026-05-24,7332711118,1,6692,6692,6692,6692,1823795118,2418688,,
2026-05-24,7383133134,1,948,948,948,948,93581124,686968,,
2026-05-24,7434179990,1,3597,3597,3597,3597,204090601,7336726,,
2026-05-24,7435020231,1,2758,2758,2758,2758,28274512,108961,,
2026-05-24,7436755782,1,118513,118513,118513,118513,35403113018,10980275,,
2026-05-24,7577791613,1,3050,3050,3050,3050,85228500,537524,,
2026-05-24,7585079192,1,16766,16766,16766,16766,20736959,99850,,
2026-05-24,7613970129,1,3493,3493,3493,3493,42869636,92401,,
2026-05-24,7690412163,1,944,944,944,944,78746863,180159,,
2026-05-24,7709344486,1,188823,188823,188823,188823,69006429447,28117503,,
2026-05-24,7719766419,1,1079,1079,1079,1079,23211739,216524,,
2026-05-24,7798947148,1,4485,4485,4485,4485,111459815,264425,,
2026-05-24,7882829745,1,3179,3179,3179,3179,349518794,963417,,
2026-05-24,7934320560,1,3746,3746,3746,3746,73577069,115183,,
2026-05-24,8014099969,1,2090,2090,2090,2090,129870047,220077,,
2026-05-24,8291789996,1,3552,3552,3552,3552,,,,
2026-05-24,8316902627,1,5131,5131,5131,5131,4641258893,1888097,,
2026-05-24,8343243056,1,2767,2767,2767,2767,225500610,1621332,,
2026-05-24,8504461817,2,3566,3566,2945,4188,152136573,69578,,
2026-05-24,8539298853,1,33562,33562,33562,33562,1114980349,1467698,,
2026-05-24,8696670616,1,2886,2886,2886,2886,,,,
2026-05-24,8705454731,1,3308,3308,3308,3308,53860675,479787,,
2026-05-24,8759966530,1,4215,4215,4215,4215,84929800,319367,,
2026-05-24,8791358380,1,10653,10653,10653,10653,351390501,10542824,,
2026-05-24,8950496606,1,2455,2455,2455,2455,151498742,383944,,
2026-05-24,9029463012,1,1139,1139,1139,1139,101239838,388588,,
2026-05-24,9073513091,1,20572,20572,20572,20572,64430232,96641,,
2026-05-24,9077534770,1,1469,1469,1469,1469,46944083,142256,,
2026-05-24,9098570654,1,30442,30442,30442,30442,133026297,210097,,
2026-05-24,9122463229,1,9014,9014,9014,9014,,,,
2026-05-24,9129640671,1,11028,11028,11028,11028,,,,
2026-05-24,9141743926,1,22372,22372,22372,22372,296534098,488427,,
2026-05-24,9145063979,1,11080,11080,11080,11080,450621414,427320,,
2026-05-24,9145282410,1,1914,1914,1914,1914,32084022,239852,,
2026-05-24,9177208241,1,4120,4120,4120,4120,46628798,281528,,
2026-05-24,9219116196,1,5269,5269,5269,5269,49929998,124673,,
2026-05-24,9231693026,1,2948,2948,2948,2948,,,,
2026-05-24,9253627770,1,740,740,740,740,10928437,13319,,
2026-05-24,9266873836,1,6876,6876,6876,6876,147669023,129343,,
2026-05-24,9296042754,1,5309,5309,5309,5309,27338009,134191,,
2026-05-24,9315472782,1,880,880,880,880,11480606,73088,,
2026-05-24,9315739469,1,1694,1694,1694,1694,63891475,64078,,
2026-05-24,9344307274,1,3098,3098,3098,3098,564294416,389359,,
2026-05-24,9348272796,1,156967,156967,156967,156967,243619564,177693,,
2026-05-24,9362896961,1,10725,10725,10725,10725,118483879,198199,,
2026-05-24,9363735110,1,29872,29872,29872,29872,5560709856,1962143,,
2026-05-24,9409870130,1,2593,2593,2593,2593,9399703,123685,,
2026-05-24,9411563986,1,3273,3273,3273,3273,58994089,102473,,
2026-05-24,9452898647,1,3942,3942,3942,3942,92041314,3889980,,
2026-05-24,9491545867,1,7791,7791,7791,7791,83904819,950327,,
2026-05-24,9501409571,1,6016,6016,6016,6016,23911123,125795,,
2026-05-24,9513686983,1,6131,6131,6131,6131,363073541,11576583,,
2026-05-24,9526307912,2,14459,14459,11882,17036,49869951,85151,,
2026-05-24,9540040997,1,2795,2795,2795,2795,42422327,106218,,
2026-05-24,9556113881,1,3513,3513,3513,3513,26990530,133767,,
2026-05-24,9584852943,1,140956,140956,140956,140956,447921655,994903,,
2026-05-24,9643480573,1,5749,5749,5749,5749,24389531,485583,,
2026-05-24,9659404694,1,2103,2103,2103,2103,3725507,594357,,
2026-05-24,9660713566,1,3264,3264,3264,3264,62013730,4087140,,
2026-05-24,9671940985,1,3179,3179,3179,3179,149074504,5150164,,
2026-05-24,9711972386,1,5131,5131,5131,5131,,,,
2026-05-24,9723617424,1,2971,2971,2971,2971,10855591,17320,,
2026-05-24,9725232502,2,7039,7039,5369,8709,2946267,25178,,
2026-05-24,9753814298,1,3010,3010,3010,3010,369378764,299586,,
2026-05-24,9758688665,1,2894,2894,2894,2894,75871250,4086504,,
2026-05-24,9787206684,1,19825,19825,19825,19825,701640646,2801845,,
2026-05-24,9792947201,1,225856,225856,225856,225856,302180017,2462669,,
2026-05-24,9809200157,1,1047,1047,1047,1047,1934221,15090,,
2026-05-24,9835089582,1,909,909,909,909,7876713,32213,,
2026-05-24,9837859228,1,2607,2607,2607,2607,18233049,347019,,
2026-05-24,9859536675,1,9686,9686,9686,9686,12976890,195471,,
2026-05-24,9860357119,1,1038,1038,1038,1038,2027886,28740,,
2026-05-24,9860746424,1,2894,2894,2894,2894,18382333,23874,,
2026-05-24,9875383684,1,3615,3615,3615,3615,157119592,173202,,
2026-05-24,9898609049,1,4809,4809,4809,4809,18483948,23289,,
2026-05-24,9908542703,1,3976,3976,3976,3976,25009095,1989857,,
2026-05-24,9913633503,1,1306,1306,1306,1306,25077781,2030651,,
2026-05-24,9917678692,1,7520,7520,7520,7520,37127023,38945,,
2026-05-24,9929086116,1,5175,5175,5175,5175,,,,
2026-05-24,9930318071,1,2970,2970,2970,2970,38654690,39903,,
2026-05-24,9930466428,1,1426,1426,1426,1426,23430180,116274,,
2026-05-24,9934614409,1,2770,2770,2770,2770,64397534,111378,,
2026-05-24,9940725596,1,1848,1848,1848,1848,15915518,22043,,
2026-05-24,9948413340,1,5045,5045,5045,5045,9261609,13002,,
2026-05-24,9952351777,1,4184,4184,4184,4184,9954200,43862,,
2026-05-24,9953328866,1,5393,5393,5393,5393,10034671,10497,,
2026-05-24,9955391014,1,1255,1255,1255,1255,1572537,36313,,
2026-05-24,9958694666,1,19552,19552,19552,19552,14953032,178162,,
2026-05-24,9963622286,1,3890,3890,3890,3890,23089451,1024465,,
2026-05-24,9969095451,1,3971,3971,3971,3971,16588801,779143,,
2026-05-24,9969687051,1,4482,4482,4482,4482,15679555,1170960,,
2026-05-24,9975893742,1,16471,16471,16471,16471,5442010,754162,,
2026-05-24,9988290343,1,5207,5207,5207,5207,27840062,34902,,
2026-05-24,9998576154,1,12045,12045,12045,12045,32205341,2293030,,
2026-05-24,10004244222,1,220632,220632,220632,220632,696247111,16327722,,
2026-05-24,10004760418,1,12948,12948,12948,12948,77607677,102556,,
2026-05-24,10015834582,1,12361,12361,12361,12361,38295499,42189,,
2026-05-24,10045085816,1,6584,6584,6584,6584,15135986,24129,,
2026-05-24,10051853469,1,37522,37522,37522,37522,30020154,793106,,
2026-05-24,10053434203,1,5937,5937,5937,5937,6331339,663808,,
2026-05-24,10057335776,1,3982,3982,3982,3982,2506800,6788,,
2026-05-24,10064194308,1,9119,9119,9119,9119,8293148,524838,,
2026-05-24,10081194651,1,22302,22302,22302,22302,5369271,27778,,
2026-05-24,10092619788,1,4960,4960,4960,4960,3433918,4140,,
2026-05-24,10096577758,1,9094,9094,9094,9094,8654688,12288,,
2026-05-25,22430683,1,1093,1093,1093,1093,483598752,1790564,,
2026-05-25,31970568,1,6601,6601,6601,6601,1568739609,6028714,,
2026-05-25,66654135,1,175005,175005,175005,175005,25826491690,22106415,,
2026-05-25,125205164,1,738,738,738,738,356610040,2052746,,
2026-05-25,605887098,1,6253,6253,6253,6253,2481655491,3649329,,
2026-05-25,903807016,1,6054,6054,6054,6054,1496661778,2776228,,
2026-05-25,1198533421,1,1584,1584,1584,1584,173783824,715170,,
2026-05-25,1214576306,1,3524,3524,3524,3524,1620076751,4262349,,
2026-05-25,1430007363,1,4002,4002,4002,4002,865645631,2124163,,
2026-05-25,1489026993,2,5662,5662,4246,7079,2604170117,4258257,,
2026-05-25,1526814825,1,11417,11417,11417,11417,1032121275,4169424,,
2026-05-25,1795206523,1,1022,1022,1022,1022,932554892,920727,,
2026-05-25,1831550657,1,32858,32858,32858,32858,1989251470,10026570,,
2026-05-25,1998835206,1,4848,4848,4848,4848,565650607,1154258,,
2026-05-25,2049551477,1,3956,3956,3956,3956,1422600096,1863725,,
2026-05-25,2165551367,1,1248,1248,1248,1248,653223474,2339039,,
2026-05-25,2247578975,2,3026,3026,2930,3123,1167514050,14901920,,
2026-05-25,2274830359,1,7434,7434,7434,7434,2889745751,1930636,,
2026-05-25,2294168059,1,3464,3464,3464,3464,1192700025,3226335,,
2026-05-25,2369077151,1,4570,4570,4570,4570,340087814,9579510,,
2026-05-25,2440500124,1,16685,16685,16685,16685,7389194324,7822606,,
2026-05-25,2491559356,1,710,710,710,710,75302344,159433,,
2026-05-25,2655478023,1,2239,2239,2239,2239,965795950,3449136,,
2026-05-25,2788648141,1,3053,3053,3053,3053,980176696,1886312,,
2026-05-25,2821905072,1,4185,4185,4185,4185,231559385,4892251,,
2026-05-25,2827951974,1,1052,1052,1052,1052,,,,
2026-05-25,2992873140,1,16511,16511,16511,16511,1277381328,947996,,
2026-05-25,3034836582,1,983,983,983,983,493746809,1902344,,
2026-05-25,3164075108,1,3507,3507,3507,3507,262171859,704879,,
2026-05-25,3187874989,1,3869,3869,3869,3869,132943567,194061,,
2026-05-25,3191268194,1,3412,3412,3412,3412,1328921947,5091164,,
2026-05-25,3232181171,1,1507,1507,1507,1507,48711157,179866,,
2026-05-25,3310460039,1,17494,17494,17494,17494,4378956885,105051670,,
2026-05-25,3346892457,1,1947,1947,1947,1947,416824020,152369,,
2026-05-25,3420059569,1,2859,2859,2859,2859,922345421,27469946,,
2026-05-25,3472976893,1,2215,2215,2215,2215,124426820,1551634,,
2026-05-25,3502524667,1,2211,2211,2211,2211,726965666,3659141,,
2026-05-25,3551414857,1,2682,2682,2682,2682,595986541,1262587,,
2026-05-25,3647333358,1,24138,24138,24138,24138,8622304868,7774078,,
2026-05-25,3746418487,1,3689,3689,3689,3689,288780871,344243,,
2026-05-25,3754482795,1,5607,5607,5607,5607,1203181229,4245132,,
2026-05-25,3841172115,1,5916,5916,5916,5916,98037592,512721,,
2026-05-25,4028801234,1,1834,1834,1834,1834,220241238,11664128,,
2026-05-25,4348829796,1,12596,12596,12596,12596,2470973429,10196413,,
2026-05-25,4518160318,1,4450,4450,4450,4450,603732696,1067973,,
2026-05-25,4599924264,1,3789,3789,3789,3789,664764254,242668,,
2026-05-25,4673599750,1,1974,1974,1974,1974,457462270,417660,,
2026-05-25,4720386144,1,2580,2580,2580,2580,97510694,511112,,
2026-05-25,4793836769,1,7345,7345,7345,7345,254079634,5408860,,
2026-05-25,4925331346,1,2955,2955,2955,2955,285036221,430830,,
2026-05-25,4944984948,1,5737,5737,5737,5737,188610149,78104,,
2026-05-25,5195168716,1,1565,1565,1565,1565,84878338,574632,,
2026-05-25,5207621753,1,4446,4446,4446,4446,57132695,54265,,
2026-05-25,5361032378,1,58826,58826,58826,58826,1884591481,953046,,
2026-05-25,5578556129,1,20596,20596,20596,20596,1904921155,1899946,,
2026-05-25,5661020014,1,2840,2840,2840,2840,20247570,446039,,
2026-05-25,5668114043,1,2006,2006,2006,2006,223142216,702358,,
2026-05-25,5698013839,1,1392,1392,1392,1392,65589911,259016,,
2026-05-25,5750914919,1,64728,64728,64728,64728,4482321544,3383275,,
2026-05-25,5927446137,1,800,800,800,800,41198750,546900,,
2026-05-25,5956634861,1,1001,1001,1001,1001,143073720,572756,,
2026-05-25,6015491985,1,3426,3426,3426,3426,324226026,185923,,
2026-05-25,6247557414,1,705,705,705,705,191284618,2214085,,
2026-05-25,6314664695,1,665,665,665,665,56127085,2658285,,
2026-05-25,6409513651,1,44588,44588,44588,44588,20191784,382518,,
2026-05-25,6646518350,1,904,904,904,904,239594235,343349,,
2026-05-25,6682487255,1,6027,6027,6027,6027,433859232,210425,,
2026-05-25,6707924214,1,2761,2761,2761,2761,162995384,3122841,,
2026-05-25,6710779449,1,657,657,657,657,98638877,335161,,
2026-05-25,6749060816,1,11438,11438,11438,11438,202032866,1426469,,
2026-05-25,6801595469,1,800,800,800,800,54542189,129024,,
2026-05-25,7018190066,1,30425,30425,30425,30425,6312649128,5755748,,
2026-05-25,7058980030,1,7694,7694,7694,7694,491602546,830051,,
2026-05-25,7082244450,1,7428,7428,7428,7428,15962708,69895,,
2026-05-25,7082423811,1,5350,5350,5350,5350,250916061,1520707,,
2026-05-25,7091388561,1,1425,1425,1425,1425,121791339,96535,,
2026-05-25,7094518649,1,14088,14088,14088,14088,278470096,686419,,
2026-05-25,7113705633,1,974,974,974,974,13845824,354896,,
2026-05-25,7127084123,1,3376,3376,3376,3376,127267499,271585,,
2026-05-25,7128163167,1,1183,1183,1183,1183,52574032,87938,,
2026-05-25,7219654364,1,50084,50084,50084,50084,1068478597,12520537,,
2026-05-25,7332711118,1,5684,5684,5684,5684,1824531252,2419522,,
2026-05-25,7383133134,1,782,782,782,782,93686722,687792,,
2026-05-25,7434179990,1,3758,3758,3758,3758,204505634,7348906,,
2026-05-25,7435020231,1,2137,2137,2137,2137,28418267,109295,,
2026-05-25,7436755782,1,112362,112362,112362,112362,35412061428,10986964,,
2026-05-25,7577791613,1,2753,2753,2753,2753,85682839,539249,,
2026-05-25,7585079192,1,22486,22486,22486,22486,21942346,104189,,
2026-05-25,7613970129,1,2844,2844,2844,2844,43158515,93477,,
2026-05-25,7690412163,1,777,777,777,777,78825310,180481,,
2026-05-25,7709344486,1,196510,196510,196510,196510,69069416863,28134559,,
2026-05-25,7719766419,1,751,751,751,751,23316684,217099,,
2026-05-25,7798947148,1,3849,3849,3849,3849,111972778,265254,,
2026-05-25,7882829745,1,3304,3304,3304,3304,349709290,963854,,
2026-05-25,7934320560,1,2638,2638,2638,2638,73779163,115419,,
2026-05-25,8014099969,1,1633,1633,1633,1633,130108537,220537,,
2026-05-25,8291789996,1,3552,3552,3552,3552,,,,
2026-05-25,8316902627,1,4611,4611,4611,4611,,,,
2026-05-25,8504461817,2,3126,3126,2358,3893,152592133,69961,,
2026-05-25,8539298853,1,26542,26542,26542,26542,1117707794,1471572,,
2026-05-25,8696670616,1,2886,2886,2886,2886,,,,
2026-05-25,8759966530,1,4303,4303,4303,4303,85347015,320643,,
2026-05-25,8791358380,1,10166,10166,10166,10166,352585041,10580018,,
2026-05-25,8950496606,1,2062,2062,2062,2062,151675394,384377,,
2026-05-25,9029463012,1,1166,1166,1166,1166,101344402,388939,,
2026-05-25,9073513091,1,13873,13873,13873,13873,66950916,99878,,
2026-05-25,9077534770,1,1345,1345,1345,1345,47089951,142722,,
2026-05-25,9098570654,1,30179,30179,30179,30179,134915181,213048,,
2026-05-25,9122463229,1,9014,9014,9014,9014,,,,
2026-05-25,9129640671,1,11028,11028,11028,11028,,,,
2026-05-25,9141743926,1,19451,19451,19451,19451,298606965,490905,,
2026-05-25,9145063979,1,10136,10136,10136,10136,452049088,429141,,
2026-05-25,9145282410,1,1521,1521,1521,1521,32220971,240483,,
2026-05-25,9177208241,1,3238,3238,3238,3238,47018422,283470,,
2026-05-25,9219116196,1,5137,5137,5137,5137,50357947,125911,,
2026-05-25,9231693026,1,2948,2948,2948,2948,,,,
2026-05-25,9266873836,1,6337,6337,6337,6337,147895093,129580,,
2026-05-25,9296042754,1,4706,4706,4706,4706,,,,
2026-05-25,9315472782,1,736,736,736,736,11585603,73764,,
2026-05-25,9315739469,1,1297,1297,1297,1297,64102520,64368,,
2026-05-25,9348272796,1,145954,145954,145954,145954,256454835,188021,,
2026-05-25,9362896961,1,10503,10503,10503,10503,119129843,198966,,
2026-05-25,9363735110,1,24231,24231,24231,24231,5564088868,1966080,,
2026-05-25,9409870130,1,2403,2403,2403,2403,9620830,126742,,
2026-05-25,9411563986,1,2648,2648,2648,2648,59443619,103434,,
2026-05-25,9452898647,1,4335,4335,4335,4335,92538893,3906667,,
2026-05-25,9491545867,1,7527,7527,7527,7527,84807045,955065,,
2026-05-25,9501409571,1,4827,4827,4827,4827,24545403,129548,,
2026-05-25,9513686983,1,6811,6811,6811,6811,363925091,11612409,,
2026-05-25,9526307912,2,11000,11000,10525,11476,51608079,88531,,
2026-05-25,9556113881,1,3491,3491,3491,3491,27271609,135073,,
2026-05-25,9584852943,1,134567,134567,134567,134567,471288376,1054742,,
2026-05-25,9643480573,1,5896,5896,5896,5896,24823535,497801,,
2026-05-25,9659404694,1,1660,1660,1660,1660,4052509,643400,,
2026-05-25,9660713566,1,2669,2669,2669,2669,62498978,4113045,,
2026-05-25,9671940985,1,3120,3120,3120,3120,149473758,5159190,,
2026-05-25,9711972386,1,5046,5046,5046,5046,4126912,11495,,
2026-05-25,9723617424,1,2674,2674,2674,2674,11219504,17830,,
2026-05-25,9725232502,2,8000,8000,7556,8445,3713215,31826,,
2026-05-25,9753814298,1,3009,3009,3009,3009,369892322,300447,,
2026-05-25,9787206684,1,15305,15305,15305,15305,704107701,2807969,,
2026-05-25,9792947201,1,198642,198642,198642,198642,318253570,2556339,,
2026-05-25,9809200157,1,716,716,716,716,2052455,15907,,
2026-05-25,9859536675,1,7540,7540,7540,7540,13744653,205771,,
2026-05-25,9860357119,1,775,775,775,775,2143341,29584,,
2026-05-25,9875383684,1,3835,3835,3835,3835,157792470,174211,,
2026-05-25,9898609049,1,4569,4569,4569,4569,18916416,23807,,
2026-05-25,9908542703,1,4518,4518,4518,4518,25595947,2037502,,
2026-05-25,9913633503,1,959,959,959,959,25378423,2053811,,
2026-05-25,9917678692,1,7011,7011,7011,7011,38274254,40098,,
2026-05-25,9929086116,1,4040,4040,4040,4040,29862485,2438825,,
2026-05-25,9930466428,1,1209,1209,1209,1209,23679571,116656,,
2026-05-25,9940725596,1,1506,1506,1506,1506,16191300,22559,,
2026-05-25,9948413340,1,5972,5972,5972,5972,9897175,13791,,
2026-05-25,9952351777,1,3712,3712,3712,3712,10429765,45117,,
2026-05-25,9953328866,1,6584,6584,6584,6584,10572172,11175,,
2026-05-25,9955391014,1,936,936,936,936,1721844,39275,,
2026-05-25,9958694666,1,19346,19346,19346,19346,16812456,193341,,
2026-05-25,9963622286,1,3219,3219,3219,3219,23652198,1042419,,
2026-05-25,9969095451,1,3179,3179,3179,3179,16931457,791468,,
2026-05-25,9969687051,1,5237,5237,5237,5237,16048609,1193270,,
2026-05-25,9975893742,1,14776,14776,14776,14776,7658552,1003626,,
2026-05-25,9988290343,1,4519,4519,4519,4519,28352061,36250,,
2026-05-25,9998576154,1,11164,11164,11164,11164,33602645,2377202,,
2026-05-25,10004244222,1,206849,206849,206849,206849,722358382,16683966,,
2026-05-25,10004760418,1,10587,10587,10587,10587,79166139,105104,,
2026-05-25,10015834582,1,11764,11764,11764,11764,39601429,44242,,
2026-05-25,10045085816,1,7199,7199,7199,7199,15770733,24979,,
2026-05-25,10051853469,1,37570,37570,37570,37570,32957436,864265,,
2026-05-25,10053434203,1,5696,5696,5696,5696,7240591,750539,,
2026-05-25,10057335776,1,4167,4167,4167,4167,2978681,8147,,
2026-05-25,10064194308,1,6038,6038,6038,6038,8861550,553452,,
2026-05-25,10081194651,1,21270,21270,21270,21270,7132628,35360,,
2026-05-25,10088821187,1,8366,8366,8366,8366,4053379,7531,,
2026-05-25,10092619788,1,4523,4523,4523,4523,3672780,4228,,
2026-05-25,10096577758,1,9806,9806,9806,9806,9865175,13734,,
2026-05-25,10167214983,1,10094,10094,10094,10094,3364741,212420,,
2026-05-26,22430683,1,743,743,743,743,483744536,1790848,,
2026-05-26,66654135,1,153808,153808,153808,153808,25847074444,22120037,,
2026-05-26,1198533421,1,1335,1335,1335,1335,173893856,715411,,
2026-05-26,1430007363,1,2931,2931,2931,2931,866179142,2127349,,
2026-05-26,1489026993,1,3765,3765,3765,3765,2604778334,4259011,,
2026-05-26,1795206523,1,776,776,776,776,932743774,920806,,
2026-05-26,1998835206,1,3912,3912,3912,3912,565971787,1154669,,
2026-05-26,2049551477,1,3162,3162,3162,3162,1423030279,1864420,,
2026-05-26,2165551367,1,1046,1046,1046,1046,653423412,2340289,,
2026-05-26,2247578975,1,2346,2346,2346,2346,1167984972,14902257,,
2026-05-26,2294168059,1,2666,2666,2666,2666,1192994371,3226875,,
2026-05-26,2440500124,1,13126,13126,13126,13126,7391056452,7825046,,
2026-05-26,2655478023,1,1660,1660,1660,1660,966149469,3449483,,
2026-05-26,2827951974,1,802,802,802,802,,,,
2026-05-26,3034836582,1,681,681,681,681,493862777,1902546,,
2026-05-26,3187874989,1,3753,3753,3753,3753,133427244,194614,,
2026-05-26,3232181171,1,883,883,883,883,48849188,180747,,
2026-05-26,3346892457,1,1407,1407,1407,1407,417097069,152735,,
2026-05-26,3472976893,1,1639,1639,1639,1639,124775398,1565668,,
2026-05-26,3502524667,1,1735,1735,1735,1735,727319020,3659498,,
2026-05-26,3551414857,1,2260,2260,2260,2260,596199366,1263108,,
2026-05-26,3647333358,1,20492,20492,20492,20492,8626481819,7779336,,
2026-05-26,3841172115,1,4352,4352,4352,4352,98603583,515080,,
2026-05-26,4028801234,1,1094,1094,1094,1094,220388839,11672526,,
2026-05-26,4348829796,1,10980,10980,10980,10980,2472716616,10207171,,
2026-05-26,4673599750,1,1603,1603,1603,1603,458096295,418236,,
2026-05-26,4720386144,1,2173,2173,2173,2173,97744150,512090,,
2026-05-26,4793836769,1,6495,6495,6495,6495,254706680,5422659,,
2026-05-26,5195168716,1,1302,1302,1302,1302,85010529,575294,,
2026-05-26,5661020014,1,1554,1554,1554,1554,20448075,447977,,
2026-05-26,5668114043,1,1512,1512,1512,1512,223326444,702743,,
2026-05-26,5698013839,1,919,919,919,919,65690104,259445,,
2026-05-26,6646518350,1,738,738,738,738,239885109,343531,,
2026-05-26,6749060816,1,8399,8399,8399,8399,202787098,1431099,,
2026-05-26,7018190066,1,22830,22830,22830,22830,6315181952,5759484,,
2026-05-26,7082244450,1,3178,3178,3178,3178,16929842,73785,,
2026-05-26,7091388561,1,1546,1546,1546,1546,122002133,96936,,
2026-05-26,7128163167,1,1067,1067,1067,1067,52704008,88115,,
2026-05-26,7219654364,1,48795,48795,48795,48795,1073830882,12553614,,
2026-05-26,7435020231,1,1442,1442,1442,1442,28538459,109557,,
2026-05-26,7577791613,1,1967,1967,1967,1967,86082311,540736,,
2026-05-26,7934320560,1,2349,2349,2349,2349,73940363,115617,,
2026-05-26,8014099969,1,1360,1360,1360,1360,130319356,220919,,
2026-05-26,8504461817,1,1459,1459,1459,1459,152978827,70302,,
2026-05-26,8539298853,1,18595,18595,18595,18595,1120318947,1476983,,
2026-05-26,8759966530,1,2479,2479,2479,2479,85672203,321530,,
2026-05-26,8950496606,1,1769,1769,1769,1769,151835930,384854,,
2026-05-26,9029463012,1,848,848,848,848,101447582,389293,,
2026-05-26,9077534770,1,911,911,911,911,47215022,143091,,
2026-05-26,9141743926,1,17428,17428,17428,17428,300544521,493485,,
2026-05-26,9145282410,1,1130,1130,1130,1130,32333193,241005,,
2026-05-26,9177208241,1,2278,2278,2278,2278,47333989,284987,,
2026-05-26,9219116196,1,3223,3223,3223,3223,50754937,127010,,
2026-05-26,9315739469,1,1056,1056,1056,1056,64292030,64669,,
2026-05-26,9409870130,1,1500,1500,1500,1500,9812850,129305,,
2026-05-26,9411563986,1,2365,2365,2365,2365,59897712,104353,,
2026-05-26,9501409571,1,4316,4316,4316,4316,25142901,132873,,
2026-05-26,9526307912,1,6068,6068,6068,6068,52726038,90687,,
2026-05-26,9556113881,1,2651,2651,2651,2651,27565276,136131,,
2026-05-26,9659404694,1,1067,1067,1067,1067,4304492,679122,,
2026-05-26,9725232502,1,5627,5627,5627,5627,4438190,37879,,
2026-05-26,9859536675,1,4872,4872,4872,4872,14317097,211875,,
2026-05-26,9930466428,1,991,991,991,991,23904744,116985,,
2026-05-26,9940725596,1,1107,1107,1107,1107,16431578,22947,,
2026-05-27,22430683,1,1046,1046,1046,1046,483886025,1791104,,
2026-05-27,31970568,1,5651,5651,5651,5651,1569434381,6029941,,
2026-05-27,66654135,1,151080,151080,151080,151080,25867019657,22134934,,
2026-05-27,605887098,1,6928,6928,6928,6928,2482700968,3651107,,
2026-05-27,903807016,1,5339,5339,5339,5339,1498183927,2778118,,
2026-05-27,985731078,1,3341,3341,3341,3341,435854497,2229485,,
2026-05-27,1198533421,1,1291,1291,1291,1291,173995102,715596,,
2026-05-27,1214576306,1,3188,3188,3188,3188,1620550459,4263105,,
2026-05-27,1430007363,1,2886,2886,2886,2886,866705969,2130246,,
2026-05-27,1489026993,2,5480,5480,3775,7185,2605424776,4259693,,
2026-05-27,1526814825,1,9513,9513,9513,9513,1033544843,4172942,,
2026-05-27,1795206523,1,815,815,815,815,932921237,920864,,
2026-05-27,1831550657,1,28237,28237,28237,28237,1993148167,10045416,,
2026-05-27,1998835206,1,3802,3802,3802,3802,566255278,1154970,,
2026-05-27,2049551477,1,3070,3070,3070,3070,1423497726,1865101,,
2026-05-27,2165551367,1,1031,1031,1031,1031,653624572,2341493,,
2026-05-27,2247578975,2,2847,2847,2374,3320,1168469604,14902562,,
2026-05-27,2274830359,1,7771,7771,7771,7771,2891515088,1932448,,
2026-05-27,2294168059,1,2819,2819,2819,2819,1193274449,3227423,,
2026-05-27,2369077151,1,3940,3940,3940,3940,340856059,9594849,,
2026-05-27,2440500124,1,13007,13007,13007,13007,7392874146,7829121,,
2026-05-27,2655478023,1,1705,1705,1705,1705,966522003,3449770,,
2026-05-27,2821905072,1,4527,4527,4527,4527,232373636,4908586,,
2026-05-27,2827951974,1,758,758,758,758,798492971,666392,,
2026-05-27,2992873140,1,13629,13629,13629,13629,1279401016,950189,,
2026-05-27,3034836582,1,809,809,809,809,493987120,1902743,,
2026-05-27,3164075108,1,3204,3204,3204,3204,262580126,705564,,
2026-05-27,3187874989,1,3977,3977,3977,3977,133972423,195272,,
2026-05-27,3191268194,1,2784,2784,2784,2784,1329469252,5099638,,
2026-05-27,3232181171,1,755,755,755,755,48947531,181341,,
2026-05-27,3310460039,1,19557,19557,19557,19557,4383696279,105054118,,
2026-05-27,3346892457,1,1595,1595,1595,1595,417436644,153113,,
2026-05-27,3420059569,1,2841,2841,2841,2841,923152737,27470424,,
2026-05-27,3472976893,1,1861,1861,1861,1861,125104573,1578333,,
2026-05-27,3502524667,1,1693,1693,1693,1693,727666555,3659854,,
2026-05-27,3551414857,1,2574,2574,2574,2574,596411704,1263604,,
2026-05-27,3647333358,1,19666,19666,19666,19666,8630578924,7784149,,
2026-05-27,3746418487,1,3428,3428,3428,3428,289488258,345180,,
2026-05-27,3754482795,1,5387,5387,5387,5387,1204469366,4249896,,
2026-05-27,3841172115,1,4522,4522,4522,4522,99096617,517235,,
2026-05-27,4028801234,1,1055,1055,1055,1055,220529302,11680331,,
2026-05-27,4348829796,1,11203,11203,11203,11203,2474363771,10219561,,
2026-05-27,4518160318,1,4080,4080,4080,4080,604361525,1069699,,
2026-05-27,4599924264,1,4034,4034,4034,4034,665778405,243334,,
2026-05-27,4673599750,1,1591,1591,1591,1591,458742000,418855,,
2026-05-27,4720386144,1,1953,1953,1953,1953,97968463,512976,,
2026-05-27,4793836769,1,6360,6360,6360,6360,255320638,5436885,,
2026-05-27,4925331346,1,2838,2838,2838,2838,285457662,431770,,
2026-05-27,4944984948,1,6867,6867,6867,6867,190436826,79570,,
2026-05-27,5195168716,1,1506,1506,1506,1506,85143601,575981,,
2026-05-27,5207621753,1,4050,4050,4050,4050,57940189,55043,,
2026-05-27,5361032378,1,56979,56979,56979,56979,1889727988,954687,,
2026-05-27,5578556129,1,14824,14824,14824,14824,1906219811,1903243,,
2026-05-27,5661020014,1,1334,1334,1334,1334,20590622,449293,,
2026-05-27,5668114043,1,1388,1388,1388,1388,223494263,703097,,
2026-05-27,5698013839,1,826,826,826,826,65771386,259742,,
2026-05-27,5750914919,1,52135,52135,52135,52135,4488547185,3392582,,
2026-05-27,6015491985,1,3842,3842,3842,3842,325175527,186772,,
2026-05-27,6409513651,1,41494,41494,41494,41494,23441306,416726,,
2026-05-27,6646518350,1,803,803,803,803,,,,
2026-05-27,6682487255,1,5624,5624,5624,5624,434859858,210815,,
2026-05-27,6749060816,1,8249,8249,8249,8249,203465155,1435247,,
2026-05-27,7018190066,1,22398,22398,22398,22398,6317539196,5762997,,
2026-05-27,7058980030,1,7063,7063,7063,7063,493901673,834115,,
2026-05-27,7082244450,1,3026,3026,3026,3026,17680762,76561,,
2026-05-27,7082423811,1,4139,4139,4139,4139,251777776,1522202,,
2026-05-27,7091388561,1,1682,1682,1682,1682,122254495,97377,,
2026-05-27,7094518649,1,13174,13174,13174,13174,279979055,689778,,
2026-05-27,7127084123,1,3162,3162,3162,3162,127729542,272790,,
2026-05-27,7128163167,1,1112,1112,1112,1112,52853036,88318,,
2026-05-27,7219654364,1,49941,49941,49941,49941,1078803088,12589543,,
2026-05-27,7332711118,1,5113,5113,5113,5113,1825780685,2420847,,
2026-05-27,7434179990,1,3034,3034,3034,3034,205103930,7366494,,
2026-05-27,7435020231,1,1428,1428,1428,1428,28648650,109800,,
2026-05-27,7436755782,1,92173,92173,92173,92173,35426127777,10998014,,
2026-05-27,7518216173,1,3906,3906,3906,3906,7794671,10555,,
2026-05-27,7577791613,1,1947,1947,1947,1947,86425364,541936,,
2026-05-27,7585079192,1,20184,20184,20184,20184,23679505,109664,,
2026-05-27,7709344486,1,155112,155112,155112,155112,69175403090,28162411,,
2026-05-27,7760134732,1,4560,4560,4560,4560,6235766,177479,,
2026-05-27,7798947148,1,2808,2808,2808,2808,112619257,266364,,
2026-05-27,7882829745,1,3067,3067,3067,3067,350024946,964336,,
2026-05-27,7934320560,1,2395,2395,2395,2395,74085838,115771,,
2026-05-27,8014099969,1,1352,1352,1352,1352,130541872,221286,,
2026-05-27,8291789996,1,3552,3552,3552,3552,,,,
2026-05-27,8316902627,1,3685,3685,3685,3685,4643041863,1893926,,
2026-05-27,8504461817,2,2681,2681,1719,3643,153387797,70630,,
2026-05-27,8539298853,1,17392,17392,17392,17392,1122591107,1479968,,
2026-05-27,8696670616,1,2886,2886,2886,2886,,,,
2026-05-27,8759966530,1,2621,2621,2621,2621,85948402,322024,,
2026-05-27,8791358380,1,8692,8692,8692,8692,354524632,10638208,,
2026-05-27,8950496606,1,1719,1719,1719,1719,151988260,385291,,
2026-05-27,9029463012,1,654,654,654,654,101537588,389587,,
2026-05-27,9073513091,1,9590,9590,9590,9590,69892191,103607,,
2026-05-27,9077534770,1,698,698,698,698,47328198,143417,,
2026-05-27,9098570654,1,27983,27983,27983,27983,137976384,217614,,
2026-05-27,9122463229,1,9014,9014,9014,9014,,,,
2026-05-27,9129640671,1,11028,11028,11028,11028,,,,
2026-05-27,9141743926,1,16164,16164,16164,16164,302290493,495877,,
2026-05-27,9145063979,1,10062,10062,10062,10062,454351702,432227,,
2026-05-27,9145282410,1,1210,1210,1210,1210,32435388,241471,,
2026-05-27,9177208241,1,2290,2290,2290,2290,47626849,286314,,
2026-05-27,9219116196,1,3213,3213,3213,3213,51111236,127851,,
2026-05-27,9231693026,1,2948,2948,2948,2948,,,,
2026-05-27,9266873836,1,8143,8143,8143,8143,148424465,129954,,
2026-05-27,9296042754,1,4475,4475,4475,4475,28636342,140773,,
2026-05-27,9315739469,1,1115,1115,1115,1115,64496624,65000,,
2026-05-27,9344307274,1,2685,2685,2685,2685,565334704,390851,,
2026-05-27,9348272796,1,159570,159570,159570,159570,277732593,227122,,
2026-05-27,9362896961,1,9754,9754,9754,9754,120263595,200215,,
2026-05-27,9363735110,1,19594,19594,19594,19594,5568924802,1971142,,
2026-05-27,9409870130,1,1637,1637,1637,1637,9992558,131755,,
2026-05-27,9411563986,1,2500,2500,2500,2500,60345109,105303,,
2026-05-27,9452898647,1,3847,3847,3847,3847,93343362,3935276,,
2026-05-27,9491545867,1,6726,6726,6726,6726,86222481,962471,,
2026-05-27,9494058490,1,5140,5140,5140,5140,1262831,7885,,
2026-05-27,9501409571,1,4508,4508,4508,4508,25741887,135845,,
2026-05-27,9513686983,1,6283,6283,6283,6283,365338554,11671068,,
2026-05-27,9526307912,2,5850,5850,5734,5965,53629756,92286,,
2026-05-27,9556113881,1,2524,2524,2524,2524,27814309,136973,,
2026-05-27,9584852943,1,123154,123154,123154,123154,507252154,1148489,,
2026-05-27,9643480573,1,4824,4824,4824,4824,25520243,515044,,
2026-05-27,9659404694,1,1205,1205,1205,1205,4529074,711359,,
2026-05-27,9660713566,1,2798,2798,2798,2798,63204474,4149776,,
2026-05-27,9671940985,1,2796,2796,2796,2796,150100647,5172553,,
2026-05-27,9711972386,1,4275,4275,4275,4275,4554168,12280,,
2026-05-27,9725232502,2,4952,4952,4887,5017,4980615,42169,,
2026-05-27,9753814298,1,2896,2896,2896,2896,370718928,301695,,
2026-05-27,9758688665,1,2735,2735,2735,2735,77098823,4124454,,
2026-05-27,9787206684,1,15708,15708,15708,15708,708625530,2817857,,
2026-05-27,9792947201,1,167997,167997,167997,167997,344106472,2692341,,
2026-05-27,9859536675,1,3751,3751,3751,3751,14780776,216845,,
2026-05-27,9875383684,1,3753,3753,3753,3753,158838233,175705,,
2026-05-27,9898609049,1,3741,3741,3741,3741,19501780,24496,,
2026-05-27,9908542703,1,3841,3841,3841,3841,26538123,2111168,,
2026-05-27,9917678692,1,5148,5148,5148,5148,39720726,41566,,
2026-05-27,9929086116,1,3681,3681,3681,3681,30782582,2489026,,
2026-05-27,9930466428,1,1179,1179,1179,1179,24145448,117356,,
2026-05-27,9940725596,1,1109,1109,1109,1109,16665861,23352,,
2026-05-27,9948413340,1,4802,4802,4802,4802,10916306,15010,,
2026-05-27,9953328866,1,6707,6707,6707,6707,11637647,12550,,
2026-05-27,9958694666,1,15420,15420,15420,15420,20004411,218577,,
2026-05-27,9963622286,1,3053,3053,3053,3053,24479584,1071592,,
2026-05-27,9969095451,1,3204,3204,3204,3204,17429762,809452,,
2026-05-27,9969687051,1,7944,7944,7944,7944,17299373,1290343,,
2026-05-27,9975893742,1,19193,19193,19193,19193,11275376,1364899,,
2026-05-27,9988290343,1,3198,3198,3198,3198,29094194,38019,,
2026-05-27,9998576154,1,10895,10895,10895,10895,35742057,2504492,,
2026-05-27,10004244222,1,185380,185380,185380,185380,762435567,17210996,,
2026-05-27,10004760418,1,9342,9342,9342,9342,81429706,108533,,
2026-05-27,10006323745,2,5696,5696,4345,7048,11465079,32253,,
2026-05-27,10015834582,1,8984,8984,8984,8984,41450069,47096,,
2026-05-27,10045085816,1,6258,6258,6258,6258,16782749,26296,,
2026-05-27,10051853469,1,35520,35520,35520,35520,38517232,1019450,,
2026-05-27,10052184484,1,25081,25081,25081,25081,5663541,435279,,
2026-05-27,10053434203,1,3068,3068,3068,3068,8284333,835160,,
2026-05-27,10057335776,1,3298,3298,3298,3298,3672605,10006,,
2026-05-27,10064194308,1,4267,4267,4267,4267,,,,
2026-05-27,10081194651,1,20623,20623,20623,20623,10143600,47584,,
2026-05-27,10088821187,1,4396,4396,4396,4396,5102241,39995,,
2026-05-27,10092619788,1,3876,3876,3876,3876,4090529,4371,,
2026-05-27,10096577758,1,8392,8392,8392,8392,12190522,16481,,
2026-05-27,10124868376,1,4048,4048,4048,4048,2658478,26038,,
2026-05-27,10167214983,1,11083,11083,11083,11083,5684720,389011,,
2026-05-28,22430683,1,834,834,834,834,484028434,1791318,,
2026-05-28,31970568,1,5300,5300,5300,5300,1569761382,6030519,,
2026-05-28,66654135,1,154382,154382,154382,154382,25886917476,22147897,,
2026-05-28,605887098,1,6785,6785,6785,6785,2483340230,3652248,,
2026-05-28,903807016,1,5017,5017,5017,5017,1498914744,2779118,,
2026-05-28,1198533421,1,1280,1280,1280,1280,174091221,715778,,
2026-05-28,1214576306,1,3142,3142,3142,3142,1620785632,4263503,,
2026-05-28,1430007363,1,2877,2877,2877,2877,867226255,2133218,,
2026-05-28,1489026993,2,5762,5762,3915,7609,2606090304,4260463,,
2026-05-28,1526814825,1,9608,9608,9608,9608,1034209884,4174678,,
2026-05-28,1795206523,1,865,865,865,865,933100153,920948,,
2026-05-28,1831550657,1,28109,28109,28109,28109,1994994374,10054290,,
2026-05-28,1998835206,1,3593,3593,3593,3593,566528503,1155231,,
2026-05-28,2049551477,1,3229,3229,3229,3229,1423932864,1865749,,
2026-05-28,2165551367,1,973,973,973,973,653834243,2342670,,
2026-05-28,2247578975,2,2889,2889,2359,3419,1168979463,14902925,,
2026-05-28,2274830359,1,7413,7413,7413,7413,2892416017,1933347,,
2026-05-28,2294168059,1,2658,2658,2658,2658,1193557801,3227970,,
2026-05-28,2369077151,1,4855,4855,4855,4855,341294639,9605061,,
2026-05-28,2440500124,1,13054,13054,13054,13054,7394668666,7831494,,
2026-05-28,2655478023,1,1615,1615,1615,1615,966898068,3450077,,
2026-05-28,2821905072,1,7186,7186,7186,7186,233049492,4928650,,
2026-05-28,2827951974,1,836,836,836,836,798655253,666630,,
2026-05-28,2992873140,1,11708,11708,11708,11708,1280317371,951198,,
2026-05-28,3034836582,1,786,786,786,786,494109927,1902915,,
2026-05-28,3164075108,1,2918,2918,2918,2918,262761942,705870,,
2026-05-28,3187874989,1,3642,3642,3642,3642,134538824,195989,,
2026-05-28,3232181171,1,808,808,808,808,49050292,181962,,
2026-05-28,3310460039,1,19189,19189,19189,19189,4386215181,105055574,,
2026-05-28,3346892457,1,1465,1465,1465,1465,417759483,153446,,
2026-05-28,3420059569,1,3106,3106,3106,3106,923610637,27470677,,
2026-05-28,3472976893,1,1876,1876,1876,1876,125428432,1591248,,
2026-05-28,3502524667,1,1580,1580,1580,1580,728015856,3660232,,
2026-05-28,3551414857,1,2430,2430,2430,2430,596634758,1264151,,
2026-05-28,3647333358,1,19050,19050,19050,19050,8634656351,7788998,,
2026-05-28,3746418487,1,2975,2975,2975,2975,289798805,345587,,
2026-05-28,3754482795,1,5454,5454,5454,5454,1205146335,4252397,,
2026-05-28,3841172115,1,5215,5215,5215,5215,99616936,519552,,
2026-05-28,4028801234,1,1075,1075,1075,1075,220671320,11688094,,
2026-05-28,4348829796,1,10944,10944,10944,10944,2476015246,10231501,,
2026-05-28,4518160318,1,3851,3851,3851,3851,604662676,1070432,,
2026-05-28,4599924264,1,3962,3962,3962,3962,666345173,243688,,
2026-05-28,4673599750,1,1594,1594,1594,1594,459380947,419428,,
2026-05-28,4720386144,1,2015,2015,2015,2015,98186196,513665,,
2026-05-28,4793836769,1,6150,6150,6150,6150,255907315,5449836,,
2026-05-28,4944984948,1,6501,6501,6501,6501,191465521,80371,,
2026-05-28,5195168716,1,1513,1513,1513,1513,85283701,576658,,
2026-05-28,5207621753,1,3830,3830,3830,3830,58328359,55407,,
2026-05-28,5361032378,1,57016,57016,57016,57016,1892309983,955607,,
2026-05-28,5578556129,1,13349,13349,13349,13349,1906818005,1905044,,
2026-05-28,5661020014,1,1341,1341,1341,1341,20720346,450653,,
2026-05-28,5668114043,1,1435,1435,1435,1435,223659277,703391,,
2026-05-28,5698013839,1,795,795,795,795,65851328,260049,,
2026-05-28,5750914919,1,51442,51442,51442,51442,4491340144,3396098,,
2026-05-28,6015491985,1,4644,4644,4644,4644,325730107,187236,,
2026-05-28,6329693946,1,2803,2803,2803,2803,,,,
2026-05-28,6409513651,1,39429,39429,39429,39429,24985891,430284,,
2026-05-28,6682487255,1,5735,5735,5735,5735,435343696,211159,,
2026-05-28,6749060816,1,8114,8114,8114,8114,204120693,1439276,,
2026-05-28,6801595469,1,628,628,628,628,54994980,130021,,
2026-05-28,7018190066,1,22836,22836,22836,22836,6319955998,5766705,,
2026-05-28,7058980030,1,6691,6691,6691,6691,495037509,836010,,
2026-05-28,7082244450,1,2808,2808,2808,2808,18383486,79323,,
2026-05-28,7082423811,1,4006,4006,4006,4006,252182932,1522930,,
2026-05-28,7091388561,1,1412,1412,1412,1412,122503324,97863,,
2026-05-28,7094518649,1,13556,13556,13556,13556,280730638,691487,,
2026-05-28,7127084123,1,2993,2993,2993,2993,127962672,273517,,
2026-05-28,7128163167,1,1028,1028,1028,1028,52994193,88511,,
2026-05-28,7219654364,1,52466,52466,52466,52466,1083838284,12625641,,
2026-05-28,7332711118,1,4755,4755,4755,4755,1826307348,2421423,,
2026-05-28,7383133134,1,673,673,673,673,93978295,690092,,
2026-05-28,7434179990,1,2931,2931,2931,2931,205376961,7374438,,
2026-05-28,7435020231,1,1245,1245,1245,1245,28754315,110021,,
2026-05-28,7436755782,1,93614,93614,93614,93614,35433161295,11003501,,
2026-05-28,7518216173,1,3892,3892,3892,3892,9590350,12011,,
2026-05-28,7577791613,1,879,879,879,879,86758373,543117,,
2026-05-28,7585079192,1,21229,21229,21229,21229,24565197,112326,,
2026-05-28,7709344486,1,146805,146805,146805,146805,69221668126,28174619,,
2026-05-28,7760134732,1,5019,5019,5019,5019,6671778,192623,,
2026-05-28,7882829745,1,2935,2935,2935,2935,350176301,964646,,
2026-05-28,7934320560,1,2319,2319,2319,2319,74232392,115941,,
2026-05-28,8014099969,1,1349,1349,1349,1349,130763578,221708,,
2026-05-28,8291789996,1,3552,3552,3552,3552,,,,
2026-05-28,8316902627,1,3554,3554,3554,3554,4643531733,1895977,,
2026-05-28,8504461817,2,2712,2712,1754,3671,153809432,70935,,
2026-05-28,8539298853,1,16825,16825,16825,16825,1124707252,1482862,,
2026-05-28,8696670616,1,2886,2886,2886,2886,,,,
2026-05-28,8759966530,1,2827,2827,2827,2827,86229237,322765,,
2026-05-28,8791358380,1,9046,9046,9046,9046,355486786,10667734,,
2026-05-28,8950496606,1,1635,1635,1635,1635,152138557,385886,,
2026-05-28,9029463012,1,654,654,654,654,101627154,390001,,
2026-05-28,9073513091,1,7954,7954,7954,7954,71024903,105278,,
2026-05-28,9077534770,1,941,941,941,941,47449122,143754,,
2026-05-28,9078815089,1,2980,2980,2980,2980,26980230,2142562,,
2026-05-28,9098570654,1,26949,26949,26949,26949,139466553,219693,,
2026-05-28,9122463229,1,9014,9014,9014,9014,,,,
2026-05-28,9129640671,1,11028,11028,11028,11028,,,,
2026-05-28,9141743926,1,15820,15820,15820,15820,303965110,498355,,
2026-05-28,9145063979,1,7863,7863,7863,7863,455380493,433585,,
2026-05-28,9145282410,1,1145,1145,1145,1145,32527399,241861,,
2026-05-28,9177208241,1,1995,1995,1995,1995,47902458,287568,,
2026-05-28,9219116196,1,3061,3061,3061,3061,51449102,128665,,
2026-05-28,9231693026,1,2948,2948,2948,2948,,,,
2026-05-28,9266873836,1,7656,7656,7656,7656,148701059,130149,,
2026-05-28,9296042754,1,4230,4230,4230,4230,29041113,142787,,
2026-05-28,9315739469,1,980,980,980,980,64687421,65269,,
2026-05-28,9348272796,1,165790,165790,165790,165790,290653688,254336,,
2026-05-28,9362896961,1,10337,10337,10337,10337,120835645,200771,,
2026-05-28,9363735110,1,19880,19880,19880,19880,5571756152,1973695,,
2026-05-28,9409870130,1,1416,1416,1416,1416,10177268,134272,,
2026-05-28,9411563986,1,2129,2129,2129,2129,60785904,106256,,
2026-05-28,9452898647,1,3804,3804,3804,3804,93762198,3951541,,
2026-05-28,9491545867,1,5776,5776,5776,5776,87008289,965950,,
2026-05-28,9494058490,1,6845,6845,6845,6845,1830563,10512,,
2026-05-28,9501409571,1,4626,4626,4626,4626,26338956,138686,,
2026-05-28,9513686983,1,6373,6373,6373,6373,366075046,11701622,,
2026-05-28,9526307912,2,5700,5700,5481,5918,54465613,93797,,
2026-05-28,9556113881,1,2336,2336,2336,2336,28076243,137818,,
2026-05-28,9584852943,1,130397,130397,130397,130397,527351968,1190221,,
2026-05-28,9643480573,1,4678,4678,4678,4678,25846533,522832,,
2026-05-28,9659404694,1,890,890,890,890,4739139,741182,,
2026-05-28,9660713566,1,2974,2974,2974,2974,63583356,4170165,,
2026-05-28,9671940985,1,2709,2709,2709,2709,,,,
2026-05-28,9711972386,1,4050,4050,4050,4050,4747299,12609,,
2026-05-28,9725232502,2,4918,4918,4264,5573,5498849,46394,,
2026-05-28,9753814298,1,2945,2945,2945,2945,371147759,302355,,
2026-05-28,9758688665,1,3360,3360,3360,3360,77540974,4143060,,
2026-05-28,9787206684,1,12492,12492,12492,12492,710424885,2822179,,
2026-05-28,9792947201,1,157041,157041,157041,157041,356084975,2750163,,
2026-05-28,9835089582,1,760,760,760,760,8342710,35200,,
2026-05-28,9859536675,1,4375,4375,4375,4375,15219590,221177,,
2026-05-28,9875383684,1,3463,3463,3463,3463,159360673,176414,,
2026-05-28,9898609049,1,3855,3855,3855,3855,19795079,24833,,
2026-05-28,9908542703,1,3416,3416,3416,3416,27003391,2148137,,
2026-05-28,9917678692,1,4178,4178,4178,4178,40297906,42164,,
2026-05-28,9929086116,1,3127,3127,3127,3127,31179256,2509626,,
2026-05-28,9930466428,1,1128,1128,1128,1128,24392378,117788,,
2026-05-28,9940725596,1,1058,1058,1058,1058,16901424,23719,,
2026-05-28,9948413340,1,4576,4576,4576,4576,11410269,15614,,
2026-05-28,9953328866,1,7481,7481,7481,7481,12303011,13455,,
2026-05-28,9958694666,1,14693,14693,14693,14693,21452008,229777,,
2026-05-28,9969095451,1,3416,3416,3416,3416,17715547,821009,,
2026-05-28,9969687051,1,8693,8693,8693,8693,18138690,1353619,,
2026-05-28,9975893742,1,15405,15405,15405,15405,13080686,1526386,,
2026-05-28,9988290343,1,2978,2978,2978,2978,29389749,38668,,
2026-05-28,9998576154,1,10416,10416,10416,10416,36853593,2572299,,
2026-05-28,10004244222,1,172986,172986,172986,172986,781256939,17458232,,
2026-05-28,10004760418,1,7764,7764,7764,7764,82464343,109929,,
2026-05-28,10006323745,2,4176,4176,2933,5418,12970062,34333,,
2026-05-28,10015834582,1,7738,7738,7738,7738,42262581,48339,,
2026-05-28,10045085816,1,6068,6068,6068,6068,17292634,26984,,
2026-05-28,10051853469,1,34707,34707,34707,34707,41412454,1097808,,
2026-05-28,10052184484,1,25647,25647,25647,25647,7820641,588053,,
2026-05-28,10057335776,1,3147,3147,3147,3147,3988232,10822,,
2026-05-28,10064194308,1,3874,3874,3874,3874,9833309,598780,,
2026-05-28,10081194651,1,19827,19827,19827,19827,11708181,53960,,
2026-05-28,10088821187,1,7119,7119,7119,7119,5656466,83679,,
2026-05-28,10092619788,1,3516,3516,3516,3516,4279269,4407,,
2026-05-28,10096577758,1,7091,7091,7091,7091,13163218,17564,,
2026-05-28,10124868376,1,3950,3950,3950,3950,3412046,32050,,
2026-05-28,10167214983,1,12115,12115,12115,12115,6799998,465626,,
2026-05-29,31970568,1,5579,5579,5579,5579,1570075436,6031074,,
2026-05-29,66654135,1,186665,186665,186665,186665,25907376376,22161036,,
2026-05-29,605887098,1,6803,6803,6803,6803,2483954430,3653252,,
2026-05-29,903807016,1,5628,5628,5628,5628,1499642202,2780145,,
2026-05-29,1198533421,1,1208,1208,1208,1208,174183580,715943,,
2026-05-29,1214576306,1,3366,3366,3366,3366,1621014333,4263831,,
2026-05-29,1430007363,1,3605,3605,3605,3605,867771611,2136234,,
2026-05-29,1489026993,2,5915,5915,4266,7564,2606738379,4261200,,
2026-05-29,1526814825,1,10152,10152,10152,10152,1034873960,4176339,,
2026-05-29,1795206523,1,957,957,957,957,933283423,921019,,
2026-05-29,1831550657,1,29682,29682,29682,29682,1996836842,10063304,,
2026-05-29,1998835206,1,4315,4315,4315,4315,566807288,1155483,,
2026-05-29,2049551477,1,3659,3659,3659,3659,1424381745,1866474,,
2026-05-29,2165551367,1,1184,1184,1184,1184,654052729,2343964,,
2026-05-29,2247578975,2,3617,3617,3272,3962,1169512007,14903260,,
2026-05-29,2274830359,1,8235,8235,8235,8235,2893293881,1934263,,
2026-05-29,2294168059,1,3186,3186,3186,3186,1193856143,3228577,,
2026-05-29,2369077151,1,5512,5512,5512,5512,341748292,9615369,,
2026-05-29,2440500124,1,17226,17226,17226,17226,7396598327,7834034,,
2026-05-29,2491559356,1,639,639,639,639,75534809,159645,,
2026-05-29,2655478023,1,2214,2214,2214,2214,967256491,3450386,,
2026-05-29,2788648141,1,2875,2875,2875,2875,980999692,1893232,,
2026-05-29,2821905072,1,7424,7424,7424,7424,233692618,4945678,,
2026-05-29,2827951974,1,930,930,930,930,798824394,666839,,
2026-05-29,2992873140,1,13394,13394,13394,13394,1281231965,952141,,
2026-05-29,3034836582,1,966,966,966,966,494235802,1903098,,
2026-05-29,3164075108,1,3121,3121,3121,3121,262944476,706145,,
2026-05-29,3187874989,1,4330,4330,4330,4330,135070292,196653,,
2026-05-29,3191268194,1,2885,2885,2885,2885,1329981415,5107262,,
2026-05-29,3232181171,1,1338,1338,1338,1338,49182004,182722,,
2026-05-29,3310460039,1,19359,19359,19359,19359,4388590747,105056769,,
2026-05-29,3346892457,1,1622,1622,1622,1622,418055115,153795,,
2026-05-29,3420059569,1,3288,3288,3288,3288,924052176,27470972,,
2026-05-29,3472976893,1,2189,2189,2189,2189,125746642,1603571,,
2026-05-29,3502524667,1,1946,1946,1946,1946,728373639,3660586,,
2026-05-29,3551414857,1,4386,4386,4386,4386,596907746,1264760,,
2026-05-29,3647333358,1,22086,22086,22086,22086,8638595528,7793509,,
2026-05-29,3746418487,1,3673,3673,3673,3673,290111837,345986,,
2026-05-29,3754482795,1,5826,5826,5826,5826,1205803816,4254802,,
2026-05-29,3841172115,1,8467,8467,8467,8467,100267124,522060,,
2026-05-29,4028801234,1,1468,1468,1468,1468,220824039,11696834,,
2026-05-29,4348829796,1,12714,12714,12714,12714,2477741028,10243334,,
2026-05-29,4518160318,1,4238,4238,4238,4238,604966402,1071238,,
2026-05-29,4599924264,1,3833,3833,3833,3833,666862362,244069,,
2026-05-29,4673599750,1,1888,1888,1888,1888,460046685,420078,,
2026-05-29,4720386144,1,2837,2837,2837,2837,98423032,514598,,
2026-05-29,4793836769,1,6820,6820,6820,6820,256498158,5464052,,
2026-05-29,4925331346,1,2797,2797,2797,2797,285863256,432629,,
2026-05-29,4944984948,1,7370,7370,7370,7370,192507664,81285,,
2026-05-29,5195168716,1,1814,1814,1814,1814,85425403,577331,,
2026-05-29,5207621753,1,4692,4692,4692,4692,58755494,55818,,
2026-05-29,5361032378,1,58027,58027,58027,58027,1894942665,956421,,
2026-05-29,5578556129,1,12733,12733,12733,12733,1907381002,1906603,,
2026-05-29,5661020014,1,1271,1271,1271,1271,20843638,452081,,
2026-05-29,5668114043,1,1917,1917,1917,1917,223830991,703735,,
2026-05-29,5698013839,1,944,944,944,944,65932844,260374,,
2026-05-29,5750914919,1,51245,51245,51245,51245,4493992504,3398018,,
2026-05-29,5927446137,1,652,652,652,652,41378810,548931,,
2026-05-29,5956634861,1,734,734,734,734,143574226,573690,,
2026-05-29,6015491985,1,4227,4227,4227,4227,326267435,187729,,
2026-05-29,6247557414,1,755,755,755,755,191647029,2218280,,
2026-05-29,6314664695,1,687,687,687,687,56339993,2666052,,
2026-05-29,6329693946,1,3164,3164,3164,3164,61969883,193374,,
2026-05-29,6409513651,1,37791,37791,37791,37791,26447010,441707,,
2026-05-29,6646518350,1,940,940,940,940,240788924,344033,,
2026-05-29,6682487255,1,5721,5721,5721,5721,435816209,211345,,
2026-05-29,6710779449,1,866,866,866,866,98942979,336577,,
2026-05-29,6749060816,1,9205,9205,9205,9205,204804161,1443827,,
2026-05-29,6801595469,1,693,693,693,693,55170197,130396,,
2026-05-29,7018190066,1,30962,30962,30962,30962,6322543313,5770480,,
2026-05-29,7058980030,1,7080,7080,7080,7080,496157091,837894,,
2026-05-29,7082244450,1,3905,3905,3905,3905,19088690,81769,,
2026-05-29,7082423811,1,3958,3958,3958,3958,252557093,1523550,,
2026-05-29,7091388561,1,1473,1473,1473,1473,122741113,98328,,
2026-05-29,7094518649,1,14722,14722,14722,14722,281463449,693144,,
2026-05-29,7127084123,1,2830,2830,2830,2830,128169241,273996,,
2026-05-29,7128163167,1,1559,1559,1559,1559,53153516,88764,,
2026-05-29,7219654364,1,71092,71092,71092,71092,1089427287,12663076,,
2026-05-29,7332711118,1,5168,5168,5168,5168,1826819656,2422090,,
2026-05-29,7383133134,1,677,677,677,677,94078593,690860,,
2026-05-29,7434179990,1,3177,3177,3177,3177,205655925,7382816,,
2026-05-29,7435020231,1,1419,1419,1419,1419,28856269,110253,,
2026-05-29,7436755782,1,89942,89942,89942,89942,35439587622,11008798,,
2026-05-29,7518216173,1,4211,4211,4211,4211,11390798,13453,,
2026-05-29,7577791613,1,939,939,939,939,87107659,544356,,
2026-05-29,7585079192,1,22280,22280,22280,22280,25453542,114954,,
2026-05-29,7709344486,1,128793,128793,128793,128793,69261281784,28185783,,
2026-05-29,7760134732,1,6266,6266,6266,6266,7166857,209558,,
2026-05-29,7798947148,1,2803,2803,2803,2803,113132866,267299,,
2026-05-29,7882829745,1,2870,2870,2870,2870,350319913,964830,,
2026-05-29,7934320560,1,2180,2180,2180,2180,74372285,116080,,
2026-05-29,8014099969,1,1543,1543,1543,1543,130978287,222088,,
2026-05-29,8291789996,1,3552,3552,3552,3552,,,,
2026-05-29,8316902627,1,3841,3841,3841,3841,4643999944,1897745,,
2026-05-29,8504461817,2,2586,2586,1801,3370,154198515,71257,,
2026-05-29,8539298853,1,22004,22004,22004,22004,1126855216,1485578,,
2026-05-29,8696670616,1,2886,2886,2886,2886,,,,
2026-05-29,8759966530,1,3380,3380,3380,3380,86523166,323582,,
2026-05-29,8791358380,1,9456,9456,9456,9456,356402421,10694842,,
2026-05-29,8950496606,1,1989,1989,1989,1989,152304991,386341,,
2026-05-29,9029463012,1,953,953,953,953,,,,
2026-05-29,9073513091,1,8513,8513,8513,8513,72107168,106781,,
2026-05-29,9077534770,1,1115,1115,1115,1115,47574873,144151,,
2026-05-29,9078815089,1,2803,2803,2803,2803,27373004,2169366,,
2026-05-29,9098570654,1,25914,25914,25914,25914,140827526,221680,,
2026-05-29,9122463229,1,9014,9014,9014,9014,,,,
2026-05-29,9129640671,1,11028,11028,11028,11028,,,,
2026-05-29,9141743926,1,20417,20417,20417,20417,305855228,500591,,
2026-05-29,9145063979,1,8735,8735,8735,8735,456367379,434952,,
2026-05-29,9145282410,1,1265,1265,1265,1265,32622245,242295,,
2026-05-29,9169166771,1,1267,1267,1267,1267,41877212,32836,,
2026-05-29,9177208241,1,2391,2391,2391,2391,48164061,288788,,
2026-05-29,9219116196,1,3369,3369,3369,3369,51797942,129616,,
2026-05-29,9231693026,1,2948,2948,2948,2948,,,,
2026-05-29,9266873836,1,7259,7259,7259,7259,148915266,130329,,
2026-05-29,9296042754,1,4347,4347,4347,4347,,,,
2026-05-29,9315739469,1,1238,1238,1238,1238,64899783,65592,,
2026-05-29,9344307274,1,2813,2813,2813,2813,565977100,391696,,
2026-05-29,9348272796,1,174352,174352,174352,174352,302971332,270076,,
2026-05-29,9362896961,1,10087,10087,10087,10087,121366619,201288,,
2026-05-29,9363735110,1,20650,20650,20650,20650,5574012012,1975870,,
2026-05-29,9409870130,1,1776,1776,1776,1776,10350502,136656,,
2026-05-29,9411563986,1,2366,2366,2366,2366,61185878,107022,,
2026-05-29,9452898647,1,3680,3680,3680,3680,94133674,3965281,,
2026-05-29,9491545867,1,5975,5975,5975,5975,87680796,969058,,
2026-05-29,9494058490,1,11499,11499,11499,11499,2692883,14720,,
2026-05-29,9501409571,1,5319,5319,5319,5319,26997505,141868,,
2026-05-29,9513686983,1,6159,6159,6159,6159,366738819,11727960,,
2026-05-29,9526307912,2,6656,6656,5641,7670,55377994,95637,,
2026-05-29,9556113881,1,2863,2863,2863,2863,28352234,138680,,
2026-05-29,9584852943,1,135496,135496,135496,135496,546876469,1235506,,
2026-05-29,9643480573,1,4877,4877,4877,4877,26160755,530957,,
2026-05-29,9659404694,1,895,895,895,895,4930081,768434,,
2026-05-29,9671940985,1,2949,2949,2949,2949,150754852,5186863,,
2026-05-29,9711972386,1,3962,3962,3962,3962,4934524,12962,,
2026-05-29,9725232502,2,7900,7900,6819,8981,6263242,52083,,
2026-05-29,9753814298,1,3060,3060,3060,3060,371565127,302980,,
2026-05-29,9758688665,1,3220,3220,3220,3220,77963724,4159033,,
2026-05-29,9787206684,1,12623,12623,12623,12623,712008211,2826098,,
2026-05-29,9792947201,1,151089,151089,151089,151089,367118238,2799312,,
2026-05-29,9835089582,1,814,814,814,814,8473403,35996,,
2026-05-29,9859536675,1,5261,5261,5261,5261,15703151,226574,,
2026-05-29,9875383684,1,3396,3396,3396,3396,159833846,177034,,
2026-05-29,9898609049,1,3532,3532,3532,3532,20056401,25124,,
2026-05-29,9908542703,1,3198,3198,3198,3198,27408432,2178556,,
2026-05-29,9917678692,1,3922,3922,3922,3922,40813263,42683,,
2026-05-29,9929086116,1,3375,3375,3375,3375,31567431,2530542,,
2026-05-29,9930466428,1,1381,1381,1381,1381,24646505,118183,,
2026-05-29,9940725596,1,1520,1520,1520,1520,17166502,24132,,
2026-05-29,9948413340,1,3334,3334,3334,3334,11773248,16061,,
2026-05-29,9952351777,1,2767,2767,2767,2767,11752516,48581,,
2026-05-29,9953328866,1,7647,7647,7647,7647,12953334,14344,,
2026-05-29,9958694666,1,13432,13432,13432,13432,22758195,239481,,
2026-05-29,9969095451,1,3124,3124,3124,3124,17981347,830812,,
2026-05-29,9969687051,1,7961,7961,7961,7961,18877927,1403912,,
2026-05-29,9975893742,1,17758,17758,17758,17758,14928932,1702219,,
2026-05-29,9998576154,1,11569,11569,11569,11569,38024056,2646074,,
2026-05-29,10004244222,1,179597,179597,179597,179597,798329910,17677268,,
2026-05-29,10004760418,1,8281,8281,8281,8281,83476924,111398,,
2026-05-29,10006323745,2,4472,4472,3464,5480,14488701,86033,,
2026-05-29,10015834582,1,7364,7364,7364,7364,42948362,49412,,
2026-05-29,10045085816,1,5649,5649,5649,5649,17748542,27615,,
2026-05-29,10051853469,1,38827,38827,38827,38827,44033119,1165790,,
2026-05-29,10052184484,1,26589,26589,26589,26589,9887592,730676,,
2026-05-29,10053434203,1,2934,2934,2934,2934,9046009,897170,,
2026-05-29,10057335776,1,3386,3386,3386,3386,4288994,11556,,
2026-05-29,10064194308,1,3458,3458,3458,3458,10076159,609814,,
2026-05-29,10081194651,1,20746,20746,20746,20746,13188854,60121,,
2026-05-29,10088821187,1,4991,4991,4991,4991,6133162,116203,,
2026-05-29,10092619788,1,3326,3326,3326,3326,4453790,4455,,
2026-05-29,10096577758,1,8384,8384,8384,8384,14444146,19253,,
2026-05-29,10124868376,1,4480,4480,4480,4480,4181828,38348,,
2026-05-29,10167214983,1,17198,17198,17198,17198,8113903,558860,,
2026-05-30,22430683,1,742,742,742,742,484246449,1791649,,
2026-05-30,31970568,1,6060,6060,6060,6060,1570433450,6031669,,
2026-05-30,66654135,1,190400,190400,190400,190400,25929609408,22175633,,
2026-05-30,125205164,1,705,705,705,705,356974248,2054051,,
2026-05-30,568307879,1,821,821,821,821,516611416,537130,,
2026-05-30,605887098,1,7054,7054,7054,7054,2484620635,3654375,,
2026-05-30,903807016,1,6019,6019,6019,6019,1500409015,2780964,,
2026-05-30,1053132402,1,2876,2876,2876,2876,554154695,960561,,
2026-05-30,1198533421,1,1442,1442,1442,1442,174277339,716114,,
2026-05-30,1214576306,1,3791,3791,3791,3791,1621268589,4264231,,
2026-05-30,1430007363,1,4077,4077,4077,4077,868347553,2139600,,
2026-05-30,1489026993,2,6229,6229,5419,7039,2607451798,4262033,,
2026-05-30,1526814825,1,10798,10798,10798,10798,1035610558,4178392,,
2026-05-30,1795206523,1,1090,1090,1090,1090,933483835,921106,,
2026-05-30,1831550657,1,34536,34536,34536,34536,1999332162,10074706,,
2026-05-30,1998835206,1,4745,4745,4745,4745,567117452,1155793,,
2026-05-30,2049551477,1,4802,4802,4802,4802,1424891136,1867303,,
2026-05-30,2165551367,1,1338,1338,1338,1338,654282268,2345347,,
2026-05-30,2247578975,2,4600,4600,4382,4817,1170117528,14903617,,
2026-05-30,2274830359,1,8028,8028,8028,8028,2894284379,1935269,,
2026-05-30,2294168059,1,4075,4075,4075,4075,1194176768,3229176,,
2026-05-30,2369077151,1,5188,5188,5188,5188,342221561,9625515,,
2026-05-30,2440500124,1,19774,19774,19774,19774,7398871536,7837496,,
2026-05-30,2491559356,1,728,728,728,728,75599499,159711,,
2026-05-30,2655478023,2,2910,2910,2885,2936,967708055,3450765,,
2026-05-30,2788648141,1,2915,2915,2915,2915,981241154,1895470,,
2026-05-30,2821905072,1,9426,9426,9426,9426,234519573,4968649,,
2026-05-30,2827951974,1,1381,1381,1381,1381,799021096,667117,,
2026-05-30,2992873140,1,16413,16413,16413,16413,1282360487,953289,,
2026-05-30,3034836582,1,1034,1034,1034,1034,494371215,1903287,,
2026-05-30,3079618996,1,3110,3110,3110,3110,753723375,778392,,
2026-05-30,3164075108,1,3299,3299,3299,3299,263148162,706495,,
2026-05-30,3187874989,1,4683,4683,4683,4683,135675310,197312,,
2026-05-30,3191268194,1,3481,3481,3481,3481,1330260391,5111941,,
2026-05-30,3232181171,1,1640,1640,1640,1640,49345992,183703,,
2026-05-30,3310460039,1,22033,22033,22033,22033,4391165709,105058045,,
2026-05-30,3346892457,1,2219,2219,2219,2219,418410320,154203,,
2026-05-30,3420059569,1,3736,3736,3736,3736,924540393,27471224,,
2026-05-30,3472976893,1,3185,3185,3185,3185,126217896,1621690,,
2026-05-30,3502524667,1,2655,2655,2655,2655,728776546,3660942,,
2026-05-30,3551414857,1,5150,5150,5150,5150,597247086,1265543,,
2026-05-30,3647333358,1,28040,28040,28040,28040,8642796246,7797983,,
2026-05-30,3746418487,1,3666,3666,3666,3666,290471061,346404,,
2026-05-30,3754482795,1,6501,6501,6501,6501,1206552806,4257662,,
2026-05-30,3841172115,1,12533,12533,12533,12533,101254839,526415,,
2026-05-30,4028801234,1,2170,2170,2170,2170,221034159,11709452,,
2026-05-30,4348829796,1,12472,12472,12472,12472,2479632756,10255767,,
2026-05-30,4457060041,1,2803,2803,2803,2803,118393095,199037,,
2026-05-30,4518160318,1,5259,5259,5259,5259,605303788,1072143,,
2026-05-30,4599924264,1,4095,4095,4095,4095,667413185,244418,,
2026-05-30,4673599750,1,2594,2594,2594,2594,460957073,420973,,
2026-05-30,4720386144,1,2885,2885,2885,2885,98652140,515465,,
2026-05-30,4793836769,1,7152,7152,7152,7152,257109345,5478093,,
2026-05-30,4925331346,1,3124,3124,3124,3124,286074540,433107,,
2026-05-30,4944984948,1,7907,7907,7907,7907,193624192,82259,,
2026-05-30,5195168716,1,1763,1763,1763,1763,85569110,578079,,
2026-05-30,5207621753,1,4930,4930,4930,4930,59251631,56315,,
2026-05-30,5361032378,1,78909,78909,78909,78909,1898491431,957491,,
2026-05-30,5578556129,1,15008,15008,15008,15008,1907992233,1908163,,
2026-05-30,5661020014,1,1401,1401,1401,1401,20974556,453658,,
2026-05-30,5668114043,1,2267,2267,2267,2267,224039022,704206,,
2026-05-30,5698013839,1,1101,1101,1101,1101,66020856,260693,,
2026-05-30,5750914919,1,54130,54130,54130,54130,4496735768,3401666,,
2026-05-30,5956634861,1,1299,1299,1299,1299,143744609,574038,,
2026-05-30,6015491985,1,3538,3538,3538,3538,326795259,188191,,
2026-05-30,6247557414,1,864,864,864,864,191756901,2219606,,
2026-05-30,6314664695,1,701,701,701,701,56395500,2668131,,
2026-05-30,6329693946,1,3426,3426,3426,3426,62165115,193814,,
2026-05-30,6409513651,1,45691,45691,45691,45691,27943165,453855,,
2026-05-30,6646518350,1,1275,1275,1275,1275,241123747,344216,,
2026-05-30,6682487255,1,8301,8301,8301,8301,436410043,211597,,
2026-05-30,6707924214,1,2744,2744,2744,2744,163892140,3134652,,
2026-05-30,6710779449,1,806,806,806,806,99029416,336945,,
2026-05-30,6749060816,1,10552,10552,10552,10552,205628416,1448710,,
2026-05-30,6801595469,1,894,894,894,894,55354030,130743,,
2026-05-30,7018190066,1,34787,34787,34787,34787,6325357634,5774124,,
2026-05-30,7058980030,1,7235,7235,7235,7235,497436169,839996,,
2026-05-30,7082244450,1,4780,4780,4780,4780,19838237,84303,,
2026-05-30,7082423811,1,4768,4768,4768,4768,252963092,1524225,,
2026-05-30,7091388561,1,1292,1292,1292,1292,122927637,98701,,
2026-05-30,7094518649,1,15949,15949,15949,15949,282344672,695202,,
2026-05-30,7127084123,1,3318,3318,3318,3318,128397349,274611,,
2026-05-30,7128163167,1,1865,1865,1865,1865,53331756,89084,,
2026-05-30,7219654364,1,65651,65651,65651,65651,1095418057,12703826,,
2026-05-30,7332711118,1,5840,5840,5840,5840,1827385376,2422785,,
2026-05-30,7383133134,1,836,836,836,836,94189082,691752,,
2026-05-30,7434179990,1,3247,3247,3247,3247,205960650,7391148,,
2026-05-30,7435020231,1,1757,1757,1757,1757,28966597,110484,,
2026-05-30,7436755782,1,91012,91012,91012,91012,35446120370,11014005,,
2026-05-30,7518216173,1,4232,4232,4232,4232,13374738,14946,,
2026-05-30,7577791613,1,912,912,912,912,87516511,545811,,
2026-05-30,7585079192,1,29451,29451,29451,29451,26676502,117974,,
2026-05-30,7709344486,1,139540,139540,139540,139540,69303512815,28198290,,
2026-05-30,7719766419,1,822,822,822,822,23716199,219442,,
2026-05-30,7760134732,1,7115,7115,7115,7115,7829173,232560,,
2026-05-30,7798947148,1,5565,5565,5565,5565,113763216,268194,,
2026-05-30,7882829745,1,2878,2878,2878,2878,350456571,964978,,
2026-05-30,7891669427,1,1314,1314,1314,1314,25492611,658499,,
2026-05-30,7934320560,1,2237,2237,2237,2237,74508765,116224,,
2026-05-30,8014099969,1,1820,1820,1820,1820,131209900,222462,,
2026-05-30,8152539587,1,3009,3009,3009,3009,77019577,8962875,,
2026-05-30,8291789996,1,3552,3552,3552,3552,,,,
2026-05-30,8316902627,1,4200,4200,4200,4200,4644555128,1899578,,
2026-05-30,8343243056,1,3129,3129,3129,3129,226649434,1625120,,
2026-05-30,8504461817,2,3023,3023,2501,3545,154622520,71609,,
2026-05-30,8539298853,1,25728,25728,25728,25728,1129323389,1488512,,
2026-05-30,8696670616,1,2886,2886,2886,2886,,,,
2026-05-30,8759966530,1,2987,2987,2987,2987,86836574,324494,,
2026-05-30,8791358380,1,9678,9678,9678,9678,357387086,10724047,,
2026-05-30,8950496606,1,2453,2453,2453,2453,152493431,386804,,
2026-05-30,9029463012,1,942,942,942,942,101816313,390582,,
2026-05-30,9073513091,1,7066,7066,7066,7066,73197979,108250,,
2026-05-30,9077534770,1,1216,1216,1216,1216,47713726,144533,,
2026-05-30,9098570654,1,26108,26108,26108,26108,142356282,224159,,
2026-05-30,9122463229,1,9014,9014,9014,9014,,,,
2026-05-30,9129640671,1,11028,11028,11028,11028,,,,
2026-05-30,9141743926,1,20996,20996,20996,20996,307918163,503182,,
2026-05-30,9145063979,1,11055,11055,11055,11055,457549340,436575,,
2026-05-30,9145282410,1,1354,1354,1354,1354,32726826,242787,,
2026-05-30,9169166771,1,1257,1257,1257,1257,42059871,32999,,
2026-05-30,9177208241,1,2849,2849,2849,2849,48458619,290039,,
2026-05-30,9219116196,1,3965,3965,3965,3965,52165198,130473,,
2026-05-30,9231693026,1,2948,2948,2948,2948,,,,
2026-05-30,9266873836,1,7166,7166,7166,7166,149111141,130482,,
2026-05-30,9296042754,1,4240,4240,4240,4240,29826121,146410,,
2026-05-30,9315472782,1,941,941,941,941,12092896,76599,,
2026-05-30,9315739469,1,1665,1665,1665,1665,65139922,65884,,
2026-05-30,9344307274,1,2940,2940,2940,2940,566328722,392156,,
2026-05-30,9348272796,1,170810,170810,170810,170810,316913709,286567,,
2026-05-30,9362896961,1,10278,10278,10278,10278,121887178,201758,,
2026-05-30,9363735110,1,22243,22243,22243,22243,5576424822,1978211,,
2026-05-30,9409870130,1,2045,2045,2045,2045,10550935,139304,,
2026-05-30,9411563986,1,2778,2778,2778,2778,61632681,107871,,
2026-05-30,9452898647,1,3544,3544,3544,3544,94525409,3979956,,
2026-05-30,9491545867,1,4970,4970,4970,4970,,,,
2026-05-30,9494058490,1,13026,13026,13026,13026,3936700,19341,,
2026-05-30,9501409571,1,6285,6285,6285,6285,27697265,145116,,
2026-05-30,9513686983,1,6437,6437,6437,6437,367469706,11758707,,
2026-05-30,9526307912,2,7526,7526,6201,8850,56396272,97767,,
2026-05-30,9556113881,1,3232,3232,3232,3232,28672361,139531,,
2026-05-30,9561553764,1,5653,5653,5653,5653,4451135,16614,,
2026-05-30,9584852943,1,181408,181408,181408,181408,570462586,1289487,,
2026-05-30,9606816662,1,2470,2470,2470,2470,3445397,77888,,
2026-05-30,9643480573,1,5056,5056,5056,5056,26498923,540994,,
2026-05-30,9659404694,1,1133,1133,1133,1133,5131899,798299,,
2026-05-30,9660713566,1,2967,2967,2967,2967,64309106,4208151,,
2026-05-30,9671940985,1,2912,2912,2912,2912,151134013,5194695,,
2026-05-30,9681038300,1,1477,1477,1477,1477,1683957,30393,,
2026-05-30,9711972386,1,4053,4053,4053,4053,5123441,13328,,
2026-05-30,9725232502,2,7215,7215,6407,8023,6963110,56913,,
2026-05-30,9758688665,1,3508,3508,3508,3508,78417029,4175911,,
2026-05-30,9787206684,1,14323,14323,14323,14323,713742587,2830433,,
2026-05-30,9792947201,1,175501,175501,175501,175501,379657281,2857812,,
2026-05-30,9835089582,1,867,867,867,867,8593760,36952,,
2026-05-30,9859536675,1,5756,5756,5756,5756,16243631,232668,,
2026-05-30,9875383684,1,3163,3163,3163,3163,160340336,177667,,
2026-05-30,9898609049,1,2881,2881,2881,2881,20298837,25374,,
2026-05-30,9908542703,1,3695,3695,3695,3695,27840127,2212647,,
2026-05-30,9913633503,1,829,829,829,829,26757149,2159337,,
2026-05-30,9917678692,1,5613,5613,5613,5613,41460160,43315,,
2026-05-30,9929086116,1,3256,3256,3256,3256,31972258,2551848,,
2026-05-30,9930318071,1,2742,2742,2742,2742,39937386,41813,,
2026-05-30,9930466428,1,1232,1232,1232,1232,,,,
2026-05-30,9940725596,1,1911,1911,1911,1911,17473868,24546,,
2026-05-30,9948413340,1,2819,2819,2819,2819,12132879,16473,,
2026-05-30,9952351777,1,3007,3007,3007,3007,12054597,49470,,
2026-05-30,9953328866,1,7208,7208,7208,7208,13674144,15302,,
2026-05-30,9958694666,1,13437,13437,13437,13437,24037948,249280,,
2026-05-30,9963622286,1,2937,2937,2937,2937,25586293,1112910,,
2026-05-30,9969095451,1,3361,3361,3361,3361,18267537,841906,,
2026-05-30,9969687051,1,7516,7516,7516,7516,19681352,1459602,,
2026-05-30,9975893742,1,16956,16956,16956,16956,16842774,1885783,,
2026-05-30,9998576154,1,11865,11865,11865,11865,39202339,2720415,,
2026-05-30,10004244222,1,182931,182931,182931,182931,816952768,17933163,,
2026-05-30,10004760418,1,9460,9460,9460,9460,84658491,113129,,
2026-05-30,10006323745,2,4834,4834,4335,5333,16084720,152742,,
2026-05-30,10015834582,1,7457,7457,7457,7457,43692224,50571,,
2026-05-30,10045085816,1,4783,4783,4783,4783,18210781,28238,,
2026-05-30,10051853469,1,38623,38623,38623,38623,47997608,1250845,,
2026-05-30,10052184484,1,25290,25290,25290,25290,12200913,882717,,
2026-05-30,10053434203,1,3695,3695,3695,3695,9493188,934123,,
2026-05-30,10057335776,1,2981,2981,2981,2981,4637670,12449,,
2026-05-30,10081194651,1,20203,20203,20203,20203,14818585,67052,,
2026-05-30,10092619788,1,3509,3509,3509,3509,4623249,4498,,
2026-05-30,10096577758,1,6409,6409,6409,6409,15799407,21013,,
2026-05-30,10124868376,1,3775,3775,3775,3775,5034305,44523,,
2026-05-30,10167214983,1,20001,20001,20001,20001,9724667,675048,,
2026-05-31,22430683,1,694,694,694,694,484355475,1791854,,
2026-05-31,31970568,1,6905,6905,6905,6905,1570854665,6032384,,
2026-05-31,66654135,1,231312,231312,231312,231312,25954596982,22191562,,
2026-05-31,568307879,1,920,920,920,920,516744220,537268,,
2026-05-31,605887098,1,7933,7933,7933,7933,2485479022,3655693,,
2026-05-31,903807016,1,6555,6555,6555,6555,1501288384,2781880,,
2026-05-31,1053132402,1,3024,3024,3024,3024,554342943,960688,,
2026-05-31,1198533421,1,1399,1399,1399,1399,174374669,716305,,
2026-05-31,1214576306,1,4543,4543,4543,4543,1621570915,4264759,,
2026-05-31,1430007363,1,4937,4937,4937,4937,869012023,2143522,,
2026-05-31,1489026993,2,7284,7284,6581,7987,2608274998,4262964,,
2026-05-31,1526814825,1,12279,12279,12279,12279,1036614214,4181623,,
2026-05-31,1795206523,1,1163,1163,1163,1163,933707141,921217,,
2026-05-31,1831550657,1,34007,34007,34007,34007,2001884820,10087188,,
2026-05-31,1998835206,1,5153,5153,5153,5153,567458243,1156110,,
2026-05-31,2049551477,2,4130,4130,2859,5402,1425509903,1868217,,
2026-05-31,2165551367,1,1676,1676,1676,1676,654548003,2346966,,
2026-05-31,2247578975,2,4956,4956,4594,5317,1170808433,14904032,,
2026-05-31,2274830359,1,8291,8291,8291,8291,2895519565,1936485,,
2026-05-31,2294168059,1,4030,4030,4030,4030,1194527273,3229912,,
2026-05-31,2369077151,1,6015,6015,6015,6015,342780333,9637285,,
2026-05-31,2440500124,1,22561,22561,22561,22561,7401465640,7840711,,
2026-05-31,2491559356,1,739,739,739,739,75668172,159782,,
2026-05-31,2655478023,2,3159,3159,3066,3252,968206155,3451186,,
2026-05-31,2788648141,1,3336,3336,3336,3336,981537206,1897879,,
2026-05-31,2821905072,1,10162,10162,10162,10162,235572786,4997927,,
2026-05-31,2827951974,1,1409,1409,1409,1409,799242177,667410,,
2026-05-31,2992873140,1,19478,19478,19478,19478,1283639905,954358,,
2026-05-31,3034836582,1,1294,1294,1294,1294,494526845,1903486,,
2026-05-31,3079618996,1,3056,3056,3056,3056,754021146,778768,,
2026-05-31,3164075108,1,4038,4038,4038,4038,263425505,706882,,
2026-05-31,3187874989,1,5920,5920,5920,5920,136311462,198045,,
2026-05-31,3191268194,1,3856,3856,3856,3856,1330600642,5118011,,
2026-05-31,3232181171,1,1908,1908,1908,1908,49545714,184887,,
2026-05-31,3274669156,1,665,665,665,665,64518345,625480,,
2026-05-31,3310460039,1,22133,22133,22133,22133,4394311861,105059592,,
2026-05-31,3346892457,1,2551,2551,2551,2551,418807787,154601,,
2026-05-31,3420059569,1,4067,4067,4067,4067,925149609,27471543,,
2026-05-31,3472976893,1,4019,4019,4019,4019,126785804,1643995,,
2026-05-31,3502524667,1,2945,2945,2945,2945,729255913,3661352,,
2026-05-31,3551414857,1,7388,7388,7388,7388,597681137,1266483,,
2026-05-31,3647333358,1,29499,29499,29499,29499,8647526732,7803522,,
2026-05-31,3746418487,1,3847,3847,3847,3847,290898367,346924,,
2026-05-31,3754482795,1,6370,6370,6370,6370,1207456382,4260994,,
2026-05-31,3759884822,1,2719,2719,2719,2719,114180282,92108,,
2026-05-31,3841172115,1,15672,15672,15672,15672,102659289,532384,,
2026-05-31,4028801234,1,1943,1943,1943,1943,221267639,11722569,,
2026-05-31,4071487712,1,721,721,721,721,25228706,108070,,
2026-05-31,4283416256,1,712,712,712,712,17908490,109939,,
2026-05-31,4348829796,1,14728,14728,14728,14728,2481699723,10269108,,
2026-05-31,4457060041,1,3329,3329,3329,3329,118627199,199372,,
2026-05-31,4518160318,1,5674,5674,5674,5674,605690062,1073126,,
2026-05-31,4595016786,1,2749,2749,2749,2749,570447482,691227,,
2026-05-31,4599924264,1,3928,3928,3928,3928,668080989,244835,,
2026-05-31,4673599750,1,2338,2338,2338,2338,461901273,421936,,
2026-05-31,4720386144,1,3069,3069,3069,3069,98903921,516376,,
2026-05-31,4793836769,1,7615,7615,7615,7615,257741577,5492146,,
2026-05-31,4925331346,1,3589,3589,3589,3589,286320921,433660,,
2026-05-31,4944984948,1,7836,7836,7836,7836,194947717,83334,,
2026-05-31,5195168716,1,2032,2032,2032,2032,85729881,578885,,
2026-05-31,5207621753,1,5094,5094,5094,5094,59811757,56831,,
2026-05-31,5361032378,1,62734,62734,62734,62734,1901909335,958289,,
2026-05-31,5578556129,1,14733,14733,14733,14733,1908834484,1910024,,
2026-05-31,5661020014,1,1525,1525,1525,1525,21112794,455261,,
2026-05-31,5668114043,1,2567,2567,2567,2567,224279899,704701,,
2026-05-31,5698013839,1,1137,1137,1137,1137,66118358,261086,,
2026-05-31,5750914919,1,62466,62466,62466,62466,4501495749,3405888,,
2026-05-31,5956634861,1,1079,1079,1079,1079,143908493,574339,,
2026-05-31,6015491985,1,3626,3626,3626,3626,327444740,188765,,
2026-05-31,6072944764,1,1083,1083,1083,1083,48725549,51531,,
2026-05-31,6247557414,1,1162,1162,1162,1162,191894469,2221281,,
2026-05-31,6314664695,1,838,838,838,838,56456873,2670419,,
2026-05-31,6329693946,1,3925,3925,3925,3925,62404274,194370,,
2026-05-31,6409513651,1,45762,45762,45762,45762,29838917,475033,,
2026-05-31,6646518350,1,1265,1265,1265,1265,241478711,344390,,
2026-05-31,6682487255,1,8272,8272,8272,8272,437066882,211868,,
2026-05-31,6707924214,1,3380,3380,3380,3380,164114722,3139060,,
2026-05-31,6710779449,1,865,865,865,865,99118443,337334,,
2026-05-31,6749060816,1,11396,11396,11396,11396,206449394,1453775,,
2026-05-31,6801595469,1,871,871,871,871,55543932,131122,,
2026-05-31,7018190066,1,40793,40793,40793,40793,6328457097,5778368,,
2026-05-31,7058980030,1,8112,8112,8112,8112,498966183,842390,,
2026-05-31,7082244450,1,5725,5725,5725,5725,20866984,88388,,
2026-05-31,7082423811,1,5209,5209,5209,5209,253497406,1525104,,
2026-05-31,7091388561,1,1480,1480,1480,1480,123139653,99125,,
2026-05-31,7094518649,1,17571,17571,17571,17571,283308246,697401,,
2026-05-31,7127084123,1,3578,3578,3578,3578,128678565,275297,,
2026-05-31,7128163167,1,2112,2112,2112,2112,53527124,89409,,
2026-05-31,7219654364,1,89674,89674,89674,89674,1103674731,12752197,,
2026-05-31,7332711118,1,7577,7577,7577,7577,1828456556,2423843,,
2026-05-31,7383133134,1,993,993,993,993,94323054,692820,,
2026-05-31,7434179990,1,3381,3381,3381,3381,206319240,7400765,,
2026-05-31,7435020231,1,1777,1777,1777,1777,29076520,110713,,
2026-05-31,7436755782,1,107482,107482,107482,107482,35456526691,11021260,,
2026-05-31,7518216173,1,4625,4625,4625,4625,15917613,16986,,
2026-05-31,7577791613,1,1252,1252,1252,1252,87897796,546941,,
2026-05-31,7585079192,1,28175,28175,28175,28175,27862371,121038,,
2026-05-31,7690412163,1,808,808,808,808,79236639,181797,,
2026-05-31,7709344486,1,148344,148344,148344,148344,69376464794,28220084,,
2026-05-31,7719766419,1,995,995,995,995,23823517,220092,,
2026-05-31,7760134732,1,9044,9044,9044,9044,8662853,261357,,
2026-05-31,7798947148,1,5082,5082,5082,5082,114367112,269060,,
2026-05-31,7882829745,1,3238,3238,3238,3238,350619127,965222,,
2026-05-31,7891669427,1,1751,1751,1751,1751,25657752,663034,,
2026-05-31,7934320560,1,2341,2341,2341,2341,74650858,116374,,
2026-05-31,8014099969,1,2447,2447,2447,2447,131493017,223016,,
2026-05-31,8291789996,1,3552,3552,3552,3552,,,,
2026-05-31,8316902627,1,6239,6239,6239,6239,4645510005,1901939,,
2026-05-31,8504461817,2,3960,3960,3452,4469,155184303,72008,,
2026-05-31,8539298853,1,31333,31333,31333,31333,1132250156,1492000,,
2026-05-31,8696670616,1,2886,2886,2886,2886,,,,
2026-05-31,8759966530,1,3860,3860,3860,3860,87202657,325540,,
2026-05-31,8791358380,1,10862,10862,10862,10862,358608332,10762078,,
2026-05-31,8950496606,1,2622,2622,2622,2622,152701510,387349,,
2026-05-31,9029463012,1,1244,1244,1244,1244,101932406,390920,,
2026-05-31,9073513091,1,20064,20064,20064,20064,76047506,110726,,
2026-05-31,9077534770,1,1434,1434,1434,1434,47874740,144839,,
2026-05-31,9098570654,1,27600,27600,27600,27600,144709669,227127,,
2026-05-31,9122463229,1,9014,9014,9014,9014,,,,
2026-05-31,9129640671,1,11028,11028,11028,11028,,,,
2026-05-31,9141743926,1,21695,21695,21695,21695,310110372,505711,,
2026-05-31,9145063979,1,12107,12107,12107,12107,459070503,438678,,
2026-05-31,9145282410,1,1810,1810,1810,1810,32863686,243373,,
2026-05-31,9169166771,1,1702,1702,1702,1702,42228040,33159,,
2026-05-31,9177208241,1,3374,3374,3374,3374,48794418,291446,,
2026-05-31,9219116196,1,4859,4859,4859,4859,52598845,131517,,
2026-05-31,9231693026,1,2948,2948,2948,2948,,,,
2026-05-31,9253627770,1,726,726,726,726,11379128,14016,,
2026-05-31,9266873836,1,7132,7132,7132,7132,149318571,130666,,
2026-05-31,9296042754,1,4603,4603,4603,4603,30277587,148672,,
2026-05-31,9315472782,1,1139,1139,1139,1139,12226899,77313,,
2026-05-31,9315739469,1,1678,1678,1678,1678,65392578,66183,,
2026-05-31,9344307274,1,3034,3034,3034,3034,566729021,392688,,
2026-05-31,9348272796,1,171642,171642,171642,171642,332492983,303789,,
2026-05-31,9362896961,1,10227,10227,10227,10227,122490532,202272,,
2026-05-31,9363735110,1,24751,24751,24751,24751,5581350372,1981431,,
2026-05-31,9409870130,1,2579,2579,2579,2579,10796989,142513,,
2026-05-31,9411563986,1,3257,3257,3257,3257,62131767,108853,,
2026-05-31,9452898647,1,4221,4221,4221,4221,95057150,3998716,,
2026-05-31,9491545867,1,6374,6374,6374,6374,89178118,975393,,
2026-05-31,9494058490,1,17262,17262,17262,17262,5658986,25014,,
2026-05-31,9501409571,1,6566,6566,6566,6566,28439355,148484,,
2026-05-31,9513686983,1,7051,7051,7051,7051,368396839,11799639,,
2026-05-31,9526307912,2,7266,7266,5653,8880,57453616,100071,,
2026-05-31,9556113881,1,3170,3170,3170,3170,28973661,140388,,
2026-05-31,9561553764,1,6657,6657,6657,6657,5134692,18401,,
2026-05-31,9584852943,1,194587,194587,194587,194587,613384307,1353446,,
2026-05-31,9606816662,1,3217,3217,3217,3217,3851221,83934,,
2026-05-31,9643480573,1,4735,4735,4735,4735,26868903,551083,,
2026-05-31,9659404694,1,1166,1166,1166,1166,5338006,827139,,
2026-05-31,9660713566,1,3331,3331,3331,3331,64792920,4233807,,
2026-05-31,9671940985,1,3051,3051,3051,3051,151600253,5203994,,
2026-05-31,9681038300,1,1720,1720,1720,1720,2174453,36963,,
2026-05-31,9711972386,1,3971,3971,3971,3971,5329157,13715,,
2026-05-31,9723617424,1,2800,2800,2800,2800,12832936,20164,,
2026-05-31,9725232502,2,6485,6485,5126,7844,7579403,61100,,
2026-05-31,9753606371,1,4460,4460,4460,4460,3467832,8621,,
2026-05-31,9753814298,1,2924,2924,2924,2924,372529437,304394,,
2026-05-31,9758688665,1,3447,3447,3447,3447,79014065,4198025,,
2026-05-31,9787206684,1,14290,14290,14290,14290,716792940,2836606,,
2026-05-31,9792947201,1,171260,171260,171260,171260,394520631,2929916,,
2026-05-31,9835089582,1,1293,1293,1293,1293,8759207,38345,,
2026-05-31,9859536675,1,6564,6564,6564,6564,16846031,239069,,
2026-05-31,9875383684,1,3483,3483,3483,3483,160921771,178402,,
2026-05-31,9898609049,1,3114,3114,3114,3114,20590107,25735,,
2026-05-31,9908542703,1,3142,3142,3142,3142,28369282,2253123,,
2026-05-31,9913633503,1,824,824,824,824,27029661,2180213,,
2026-05-31,9917678692,1,4656,4656,4656,4656,42296217,44116,,
2026-05-31,9929086116,1,3581,3581,3581,3581,32429878,2575586,,
2026-05-31,9930466428,1,1352,1352,1352,1352,25159850,118923,,
2026-05-31,9931060493,1,6598,6598,6598,6598,14416019,459369,,
2026-05-31,9940725596,1,1811,1811,1811,1811,17792238,25021,,
2026-05-31,9952351777,1,3710,3710,3710,3710,12513822,50624,,
2026-05-31,9953328866,1,7168,7168,7168,7168,14634722,16949,,
2026-05-31,9958694666,1,12005,12005,12005,12005,25613331,260181,,
2026-05-31,9963622286,1,3917,3917,3917,3917,26132883,1132429,,
2026-05-31,9965907387,1,10892,10892,10892,10892,13970910,67810,,
2026-05-31,9969095451,1,2836,2836,2836,2836,18585906,853609,,
2026-05-31,9969687051,1,7588,7588,7588,7588,20590165,1521841,,
2026-05-31,9975893742,1,11427,11427,11427,11427,18808443,2059197,,
2026-05-31,9998576154,1,13874,13874,13874,13874,40823399,2819198,,
2026-05-31,10004244222,1,193738,193738,193738,193738,850074658,18154719,,
2026-05-31,10004760418,1,10351,10351,10351,10351,86164117,115124,,
2026-05-31,10006323745,2,3647,3647,3202,4092,17378633,203214,,
2026-05-31,10015834582,1,5618,5618,5618,5618,44655024,51842,,
2026-05-31,10045085816,1,4660,4660,4660,4660,18709631,28854,,
2026-05-31,10051853469,1,30122,30122,30122,30122,51666249,1331004,,
2026-05-31,10052184484,1,22438,22438,22438,22438,14427510,1026457,,
2026-05-31,10053434203,1,3391,3391,3391,3391,10056856,977952,,
2026-05-31,10057335776,1,3119,3119,3119,3119,5026184,13287,,
2026-05-31,10081194651,1,19216,19216,19216,19216,16576466,74499,,
2026-05-31,10088821187,1,2813,2813,2813,2813,6745837,154253,,
2026-05-31,10089507840,1,6560,6560,6560,6560,10445239,20754,,
2026-05-31,10092619788,1,3995,3995,3995,3995,4826639,4557,,
2026-05-31,10096577758,1,5914,5914,5914,5914,17119924,22707,,
2026-05-31,10124868376,1,5009,5009,5009,5009,6003281,51720,,
2026-05-31,10138988383,1,11084,11084,11084,11084,8716568,21303,,
2026-05-31,10167214983,1,25534,25534,25534,25534,12282849,858959,,
