date,universe_id,n,median,mean,min,max,visits,favorites,up,down
2026-09-01,31970568,1,8079,8079,8079,8079,1611340498,6085070,,
2026-09-01,66654135,1,288924,288924,288924,288924,30014011158,23830517,,
2026-09-01,605887098,1,3016,3016,3016,3016,2523109118,3712528,,
2026-09-01,903807016,1,6247,6247,6247,6247,1574430898,2836615,,
2026-09-01,1198533421,1,871,871,871,871,182095015,729979,,
2026-09-01,1214576306,1,2759,2759,2759,2759,1646292504,4299310,,
2026-09-01,1430007363,1,2225,2225,2225,2225,911047872,2371525,,
2026-09-01,1489026993,2,5066,5066,4050,6081,2675445455,4348257,,
2026-09-01,1526814825,1,10637,10637,10637,10637,1101641593,4353783,,
2026-09-01,1637284552,1,1016,1016,1016,1016,,,,
2026-09-01,1795206523,1,858,858,858,858,957369520,931956,,
2026-09-01,1831550657,1,30320,30320,30320,30320,2196711137,11088240,,
2026-09-01,1998835206,1,1703,1703,1703,1703,588372033,1172993,,
2026-09-01,2049551477,2,2532,2532,2264,2801,1475500893,1930975,,
2026-09-01,2165551367,1,643,643,643,643,673599736,2437340,,
2026-09-01,2247578975,2,2566,2566,1919,3213,1224143957,14939245,,
2026-09-01,2274830359,1,10670,10670,10670,10670,3001146302,2031020,,
2026-09-01,2294168059,1,2559,2559,2559,2559,1248481897,3367583,,
2026-09-01,2369077151,1,4138,4138,4138,4138,,,,
2026-09-01,2440500124,1,58854,58854,58854,58854,7650539660,8100401,,
2026-09-01,2491559356,1,1174,1174,1174,1174,85220738,175128,,
2026-09-01,2655478023,2,2452,2452,1947,2956,1023241400,3500470,,
2026-09-01,2788648141,1,3345,3345,3345,3345,1003561815,2110845,,
2026-09-01,2821905072,1,4948,4948,4948,4948,272579836,5673944,,
2026-09-01,2992873140,1,17447,17447,17447,17447,1408704626,1019426,,
2026-09-01,3079618996,1,4720,4720,4720,4720,795680751,1017378,,
2026-09-01,3187874989,1,3208,3208,3208,3208,176481694,239042,,
2026-09-01,3310460039,1,16152,16152,16152,16152,4646239077,105174399,,
2026-09-01,3317771874,1,72749,72749,72749,72749,2621787361,2190206,,
2026-09-01,3346892457,1,1566,1566,1566,1566,447154372,185492,,
2026-09-01,3472976893,1,1607,1607,1607,1607,182221053,3369522,,
2026-09-01,3502524667,1,817,817,817,817,761200353,3688392,,
2026-09-01,3551414857,1,1391,1391,1391,1391,634966135,1327595,,
2026-09-01,3647333358,1,25125,25125,25125,25125,9121589309,8190452,,
2026-09-01,3754482795,1,6510,6510,6510,6510,1280974071,4541198,,
2026-09-01,3759884822,1,3039,3039,3039,3039,135506212,118608,,
2026-09-01,3841172115,1,1367,1367,1367,1367,154687028,702094,,
2026-09-01,4343544885,1,3691,3691,3691,3691,124557774,2747032,,
2026-09-01,4348829796,1,10539,10539,10539,10539,2663534980,11276098,,
2026-09-01,4457060041,1,2710,2710,2710,2710,138952855,225323,,
2026-09-01,4518160318,1,4544,4544,4544,4544,644956238,1167977,,
2026-09-01,4595016786,1,2972,2972,2972,2972,605034294,750681,,
2026-09-01,4599924264,1,2781,2781,2781,2781,722448269,286629,,
2026-09-01,4673599750,1,1567,1567,1567,1567,534513676,489282,,
2026-09-01,4720386144,1,1458,1458,1458,1458,120066412,603192,,
2026-09-01,4793836769,1,3486,3486,3486,3486,304833116,6446374,,
2026-09-01,4925331346,1,4671,4671,4671,4671,319508673,497298,,
2026-09-01,4944984948,1,6052,6052,6052,6052,280049041,148589,,
2026-09-01,5195168716,1,1190,1190,1190,1190,100581958,652539,,
2026-09-01,5361032378,1,45134,45134,45134,45134,2127856298,1007174,,
2026-09-01,5508238359,1,4245,4245,4245,4245,104604232,1862790,,
2026-09-01,5578556129,1,26861,26861,26861,26861,2029072039,1987158,,
2026-09-01,5668114043,1,851,851,851,851,244053666,747107,,
2026-09-01,5750914919,1,71533,71533,71533,71533,4836959071,3598054,,
2026-09-01,5927446137,1,758,758,758,758,46224786,600911,,
2026-09-01,6015491985,1,3148,3148,3148,3148,363120408,215062,,
2026-09-01,6329693946,1,3522,3522,3522,3522,85009684,230910,,
2026-09-01,6466404775,1,3871,3871,3871,3871,73201654,136576,,
2026-09-01,6682487255,1,7149,7149,7149,7149,503196457,229508,,
2026-09-01,6749060816,1,6887,6887,6887,6887,271467787,1812065,,
2026-09-01,7018190066,1,15044,15044,15044,15044,6541122245,6085582,,
2026-09-01,7058980030,1,8163,8163,8163,8163,603207244,1007178,,
2026-09-01,7082244450,1,669,669,669,669,43420070,175977,,
2026-09-01,7082423811,1,3834,3834,3834,3834,291835553,1575405,,
2026-09-01,7094518649,1,12635,12635,12635,12635,355040767,853346,,
2026-09-01,7127084123,1,2855,2855,2855,2855,152205558,325333,,
2026-09-01,7128163167,1,1192,1192,1192,1192,77606513,130119,,
2026-09-01,7208219743,1,2433,2433,2433,2433,8152648,93578,,
2026-09-01,7219654364,1,56867,56867,56867,56867,1671674124,15743535,,
2026-09-01,7364297396,1,2971,2971,2971,2971,451912209,663518,,
2026-09-01,7368125255,1,4686,4686,4686,4686,,,,
2026-09-01,7383133134,1,1067,1067,1067,1067,111039410,825753,,
2026-09-01,7434179990,1,8206,8206,8206,8206,237845026,8321499,,
2026-09-01,7436755782,1,33389,33389,33389,33389,35880549477,11389387,,
2026-09-01,7450124099,1,4178,4178,4178,4178,137589719,774233,,
2026-09-01,7613921865,1,47220,47220,47220,47220,750331649,204796,,
2026-09-01,7709344486,1,137364,137364,137364,137364,73171831148,29225746,,
2026-09-01,7720654467,1,3964,3964,3964,3964,88447343,238725,,
2026-09-01,7856039629,1,6683,6683,6683,6683,40135528,1373916,,
2026-09-01,7891669427,1,939,939,939,939,39533935,895230,,
2026-09-01,8014099969,1,821,821,821,821,149271629,250540,,
2026-09-01,8291789996,1,3552,3552,3552,3552,,,,
2026-09-01,8316902627,1,3298,3298,3298,3298,4700624099,1992304,,
2026-09-01,8356066619,1,7015,7015,7015,7015,84752754,45620,,
2026-09-01,8401518398,1,5206,5206,5206,5206,96495483,79542,,
2026-09-01,8497987845,1,3157,3157,3157,3157,20778724,123700,,
2026-09-01,8504461817,1,1259,1259,1259,1259,190744146,103100,,
2026-09-01,8539298853,1,4468,4468,4468,4468,1279220745,1774434,,
2026-09-01,8759966530,1,1364,1364,1364,1364,124029374,406117,,
2026-09-01,8791358380,1,7002,7002,7002,7002,444422165,13334891,,
2026-09-01,8946565814,1,4278,4278,4278,4278,22824507,22830,,
2026-09-01,8950496606,1,1307,1307,1307,1307,176765191,445579,,
2026-09-01,8959257868,1,4789,4789,4789,4789,8778258,39936,,
2026-09-01,9073513091,1,3089,3089,3089,3089,137250673,172107,,
2026-09-01,9098570654,1,15967,15967,15967,15967,249060796,412470,,
2026-09-01,9141743926,1,5377,5377,5377,5377,443511217,596302,,
2026-09-01,9145063979,1,7225,7225,7225,7225,564091752,574975,,
2026-09-01,9175015027,1,3117,3117,3117,3117,48954743,4956904,,
2026-09-01,9219116196,1,1362,1362,1362,1362,98363940,270172,,
2026-09-01,9231693026,1,2948,2948,2948,2948,,,,
2026-09-01,9296042754,1,4979,4979,4979,4979,67709899,320502,,
2026-09-01,9315739469,1,650,650,650,650,85479582,91074,,
2026-09-01,9348272796,1,8445,8445,8445,8445,719214555,661590,,
2026-09-01,9362896961,1,4542,4542,4542,4542,151609049,219345,,
2026-09-01,9363735110,1,5108,5108,5108,5108,5705663111,2047880,,
2026-09-01,9442472087,1,1282,1282,1282,1282,8945034,253484,,
2026-09-01,9452898647,1,3315,3315,3315,3315,121851093,5182248,,
2026-09-01,9481391333,1,2884,2884,2884,2884,25161090,600340,,
2026-09-01,9491545867,1,4350,4350,4350,4350,116900638,1152103,,
2026-09-01,9513686983,1,3903,3903,3903,3903,424719671,13978202,,
2026-09-01,9526307912,1,667,667,667,667,99054390,170246,,
2026-09-01,9561553764,1,13188,13188,13188,13188,180504190,161272,,
2026-09-01,9582986239,1,10137,10137,10137,10137,6483166,50949,,
2026-09-01,9584852943,1,234071,234071,234071,234071,5465300740,6160276,,
2026-09-01,9592387369,1,20122,20122,20122,20122,13354225,59173,,
2026-09-01,9758688665,1,3441,3441,3441,3441,114413173,5873153,,
2026-09-01,9793308933,1,5986,5986,5986,5986,49994970,1275852,,
2026-09-01,9830725726,1,4179,4179,4179,4179,51379239,55325,,
2026-09-01,9889811676,1,2785,2785,2785,2785,24233026,179456,,
2026-09-01,9940725596,1,776,776,776,776,35848996,47802,,
2026-09-01,9940812243,1,3928,3928,3928,3928,11296901,145112,,
2026-09-01,9953328866,1,3319,3319,3319,3319,53412020,60155,,
2026-09-01,9998576154,1,5360,5360,5360,5360,117910638,7414685,,
2026-09-01,10004244222,1,28832,28832,28832,28832,1773461530,25465274,,
2026-09-01,10019914160,1,2678,2678,2678,2678,4130060,14267,,
2026-09-01,10038413468,1,4722,4722,4722,4722,105321733,2748124,,
2026-09-01,10065013948,1,4428,4428,4428,4428,64221634,99792,,
2026-09-01,10144280947,1,58378,58378,58378,58378,482584171,10018685,,
2026-09-01,10144587520,1,17054,17054,17054,17054,64110695,1698984,,
2026-09-01,10149964044,1,6407,6407,6407,6407,,,,
2026-09-01,10153098880,1,5546,5546,5546,5546,28182898,213726,,
2026-09-01,10156435104,1,4826,4826,4826,4826,55246654,87940,,
2026-09-01,10184247393,1,7728,7728,7728,7728,91513449,2507128,,
2026-09-01,10199301628,1,20603,20603,20603,20603,385605634,1890380,,
2026-09-01,10200395747,1,23644,23644,23644,23644,1661544327,660975,,
2026-09-01,10244001346,1,4974,4974,4974,4974,99763068,103771,,
2026-09-01,10247797619,1,4084,4084,4084,4084,,,,
2026-09-01,10253235584,1,8517,8517,8517,8517,57817422,587535,,
2026-09-01,10272236945,1,3007,3007,3007,3007,30731131,45456,,
2026-09-01,10274447949,1,4933,4933,4933,4933,45442620,3217706,,
2026-09-01,10298144467,1,12195,12195,12195,12195,27486051,34403,,
2026-09-01,10314520237,1,11389,11389,11389,11389,,,,
2026-09-01,10321202755,1,8582,8582,8582,8582,45230451,420840,,
2026-09-01,10338952197,1,36405,36405,36405,36405,85783479,6590681,,
2026-09-01,10351850295,1,6687,6687,6687,6687,18842456,597969,,
2026-09-01,10376944238,1,2132,2132,2132,2132,45191434,269136,,
2026-09-01,10399136326,1,22556,22556,22556,22556,41875890,82332,,
2026-09-01,10409732219,1,3720,3720,3720,3720,85542419,5530270,,
2026-09-01,10426376134,1,13503,13503,13503,13503,,,,
2026-09-01,10431718987,1,10127,10127,10127,10127,28403769,72239,,
2026-09-01,10455462279,1,7285,7285,7285,7285,39901013,1750946,,
2026-09-01,10461810987,1,9119,9119,9119,9119,10623938,27005,,
2026-09-01,10471583973,1,6800,6800,6800,6800,23039320,77464,,
2026-09-01,10480747190,1,1437,1437,1437,1437,24626175,57771,,
2026-09-01,10502841145,1,19391,19391,19391,19391,69194151,100948,,
2026-09-01,10514488908,1,982,982,982,982,16134462,39639,,
2026-09-01,10519092644,1,1186,1186,1186,1186,8167486,941358,,
2026-09-01,10526434002,1,5548,5548,5548,5548,20632480,31325,,
2026-09-01,10547918402,1,3453,3453,3453,3453,32419591,71523,,
2026-09-01,10551595617,1,19515,19515,19515,19515,57771435,1760355,,
2026-09-01,10551923502,1,9637,9637,9637,9637,16081799,1406192,,
2026-09-01,10554316588,1,2741,2741,2741,2741,13785425,36565,,
2026-09-01,10563114921,1,1627711,1627711,1627711,1627711,1124623869,1703344,,
2026-09-01,10577682617,1,7835,7835,7835,7835,1669909,5159,,
2026-09-01,10601447895,1,10698,10698,10698,10698,25748813,709610,,
2026-09-01,10604772590,1,9385,9385,9385,9385,12195137,22978,,
2026-09-01,10605467256,1,3586,3586,3586,3586,7804844,12065,,
2026-09-01,10637513477,1,5961,5961,5961,5961,7364839,13287,,
2026-09-01,10697889407,1,3731,3731,3731,3731,3721657,48341,,
2026-09-02,31970568,1,7266,7266,7266,7266,1611680666,6084890,,
2026-09-02,66654135,1,277821,277821,277821,277821,30045927905,23846796,,
2026-09-02,903807016,1,5530,5530,5530,5530,1574949163,2837007,,
2026-09-02,1198533421,1,895,895,895,895,182158949,730112,,
2026-09-02,1430007363,1,2038,2038,2038,2038,911367377,2373084,,
2026-09-02,1489026993,2,5354,5354,4056,6652,2675934909,4348834,,
2026-09-02,1526814825,1,10065,10065,10065,10065,1102156140,4355402,,
2026-09-02,1637284552,1,1016,1016,1016,1016,,,,
2026-09-02,1795206523,1,809,809,809,809,957539143,932014,,
2026-09-02,1831550657,1,28408,28408,28408,28408,2198000501,11094171,,
2026-09-02,1998835206,1,1764,1764,1764,1764,588500793,1173116,,
2026-09-02,2049551477,1,2085,2085,2085,2085,1475800312,1931357,,
2026-09-02,2165551367,1,716,716,716,716,673738111,2437767,,
2026-09-02,2247578975,1,1693,1693,1693,1693,1224449008,14939476,,
2026-09-02,2274830359,1,12946,12946,12946,12946,3002423390,2032308,,
2026-09-02,2294168059,1,2604,2604,2604,2604,1248775334,3368375,,
2026-09-02,2369077151,1,3825,3825,3825,3825,413739440,11006581,,
2026-09-02,2440500124,1,56894,56894,56894,56894,7655170029,8105770,,
2026-09-02,2491559356,1,1189,1189,1189,1189,85329600,175317,,
2026-09-02,2655478023,2,2341,2341,1828,2854,1023599979,3500864,,
2026-09-02,2788648141,1,3331,3331,3331,3331,1003762862,2112824,,
2026-09-02,2821905072,1,5223,5223,5223,5223,272929297,5680664,,
2026-09-02,2992873140,1,17398,17398,17398,17398,1409558537,1019851,,
2026-09-02,3079618996,1,4769,4769,4769,4769,795997267,1019514,,
2026-09-02,3187874989,1,3007,3007,3007,3007,176846111,239446,,
2026-09-02,3310460039,1,15363,15363,15363,15363,4647896289,105175410,,
2026-09-02,3317771874,1,69579,69579,69579,69579,2622617404,2190384,,
2026-09-02,3346892457,1,1209,1209,1209,1209,447387734,185839,,
2026-09-02,3472976893,1,1422,1422,1422,1422,182611307,3382117,,
2026-09-02,3502524667,1,921,921,921,921,761366424,3688593,,
2026-09-02,3551414857,1,1003,1003,1003,1003,635080834,1327763,,
2026-09-02,3647333358,1,24925,24925,24925,24925,9125408959,8193179,,
2026-09-02,3754482795,1,5832,5832,5832,5832,1281499227,4543341,,
2026-09-02,3841172115,1,1291,1291,1291,1291,154824354,702574,,
2026-09-02,4343544885,1,3477,3477,3477,3477,124748665,2749892,,
2026-09-02,4348829796,1,10059,10059,10059,10059,2664997288,11284488,,
2026-09-02,4457060041,1,3013,3013,3013,3013,139105924,225502,,
2026-09-02,4518160318,1,4343,4343,4343,4343,645193488,1168580,,
2026-09-02,4595016786,1,3105,3105,3105,3105,605264599,751134,,
2026-09-02,4599924264,1,2995,2995,2995,2995,722733534,286883,,
2026-09-02,4673599750,1,1531,1531,1531,1531,535123997,489901,,
2026-09-02,4720386144,1,1586,1586,1586,1586,120215837,604192,,
2026-09-02,4793836769,1,3549,3549,3549,3549,305147888,6451591,,
2026-09-02,4925331346,1,4522,4522,4522,4522,319791741,497863,,
2026-09-02,4944984948,1,6017,6017,6017,6017,280759412,149289,,
2026-09-02,5195168716,1,1124,1124,1124,1124,100670676,652939,,
2026-09-02,5361032378,1,45000,45000,45000,45000,2130178827,1007625,,
2026-09-02,5508238359,1,4308,4308,4308,4308,105055230,1868336,,
2026-09-02,5578556129,1,24979,24979,24979,24979,2030011234,1987335,,
2026-09-02,5661020014,1,1436,1436,1436,1436,34280208,806569,,
2026-09-02,5668114043,1,965,965,965,965,244180206,747410,,
2026-09-02,5750914919,1,66405,66405,66405,66405,4839612033,3599284,,
2026-09-02,6015491985,1,3522,3522,3522,3522,363415731,215302,,
2026-09-02,6072944764,1,853,853,853,853,55822107,65170,,
2026-09-02,6329693946,1,3399,3399,3399,3399,85167817,231296,,
2026-09-02,6466404775,1,3662,3662,3662,3662,73410992,136753,,
2026-09-02,6682487255,1,7141,7141,7141,7141,503814633,229539,,
2026-09-02,6749060816,1,6678,6678,6678,6678,272043812,1815042,,
2026-09-02,7018190066,1,13229,13229,13229,13229,6542721382,6086903,,
2026-09-02,7058980030,1,7519,7519,7519,7519,604059163,1008496,,
2026-09-02,7082244450,1,825,825,825,825,43570682,176480,,
2026-09-02,7082423811,1,4175,4175,4175,4175,292148399,1575874,,
2026-09-02,7094518649,1,11811,11811,11811,11811,355531984,854444,,
2026-09-02,7128163167,1,1003,1003,1003,1003,77726890,130368,,
2026-09-02,7208219743,1,2197,2197,2197,2197,8284560,95434,,
2026-09-02,7219654364,1,55022,55022,55022,55022,1676973267,15770719,,
2026-09-02,7383133134,1,930,930,930,930,111226902,827373,,
2026-09-02,7434179990,1,6341,6341,6341,6341,238297802,8335877,,
2026-09-02,7436755782,1,33216,33216,33216,33216,35882472142,11390516,,
2026-09-02,7613921865,1,41970,41970,41970,41970,753232844,205181,,
2026-09-02,7709344486,1,98516,98516,98516,98516,73196527894,29234743,,
2026-09-02,7720654467,1,3607,3607,3607,3607,88797829,239530,,
2026-09-02,7856039629,1,6469,6469,6469,6469,41153837,1398518,,
2026-09-02,7891669427,1,921,921,921,921,39637823,896514,,
2026-09-02,8014099969,1,692,692,692,692,149374305,250690,,
2026-09-02,8316902627,1,2643,2643,2643,2643,4700923901,1992463,,
2026-09-02,8356066619,1,6528,6528,6528,6528,84912877,45683,,
2026-09-02,8401518398,1,5038,5038,5038,5038,96958944,80097,,
2026-09-02,8497987845,1,2843,2843,2843,2843,20946500,124248,,
2026-09-02,8504461817,1,1052,1052,1052,1052,190953842,103306,,
2026-09-02,8539298853,1,4024,4024,4024,4024,1279688837,1775540,,
2026-09-02,8759966530,1,1152,1152,1152,1152,124183481,406443,,
2026-09-02,8791358380,1,6891,6891,6891,6891,445023328,13352527,,
2026-09-02,8946565814,1,3623,3623,3623,3623,23038027,22962,,
2026-09-02,8950496606,1,1191,1191,1191,1191,176886730,445814,,
2026-09-02,8959257868,1,4352,4352,4352,4352,9031268,40413,,
2026-09-02,9098570654,1,15152,15152,15152,15152,249735484,414248,,
2026-09-02,9141743926,1,5277,5277,5277,5277,444038246,596526,,
2026-09-02,9145063979,1,6658,6658,6658,6658,564712410,575866,,
2026-09-02,9219116196,1,1380,1380,1380,1380,98486248,270607,,
2026-09-02,9296042754,1,5101,5101,5101,5101,68048545,321935,,
2026-09-02,9348272796,1,9132,9132,9132,9132,719994249,662371,,
2026-09-02,9362896961,1,4465,4465,4465,4465,151814335,219440,,
2026-09-02,9363735110,1,4845,4845,4845,4845,5706162339,2048216,,
2026-09-02,9442472087,1,1230,1230,1230,1230,9018663,254412,,
2026-09-02,9452898647,1,2639,2639,2639,2639,122071546,5193339,,
2026-09-02,9481391333,1,3202,3202,3202,3202,25518714,605962,,
2026-09-02,9491545867,1,4289,4289,4289,4289,117207406,1155227,,
2026-09-02,9513686983,1,3717,3717,3717,3717,425090001,13992341,,
2026-09-02,9526307912,1,670,670,670,670,99176483,170468,,
2026-09-02,9561553764,1,13455,13455,13455,13455,182875707,163449,,
2026-09-02,9582986239,1,9474,9474,9474,9474,6905149,51776,,
2026-09-02,9584852943,1,220034,220034,220034,220034,5490875589,6185763,,
2026-09-02,9592387369,1,20539,20539,20539,20539,15093469,64412,,
2026-09-02,9758688665,1,3597,3597,3597,3597,114742575,5889815,,
2026-09-02,9793308933,1,6365,6365,6365,6365,50542444,1286064,,
2026-09-02,9830725726,1,4861,4861,4861,4861,51932813,56042,,
2026-09-02,9836330876,1,2808,2808,2808,2808,17693222,63574,,
2026-09-02,9889811676,1,2349,2349,2349,2349,24527876,180985,,
2026-09-02,9940725596,1,916,916,916,916,35998385,48058,,
2026-09-02,9940812243,1,3841,3841,3841,3841,11438815,145833,,
2026-09-02,9953328866,1,3301,3301,3301,3301,53701421,60595,,
2026-09-02,9969095451,1,2744,2744,2744,2744,39024574,1566736,,
2026-09-02,9998576154,1,5460,5460,5460,5460,118353657,7443054,,
2026-09-02,10004244222,1,31074,31074,31074,31074,1776413346,25488959,,
2026-09-02,10019914160,1,3160,3160,3160,3160,4435619,15292,,
2026-09-02,10065013948,1,5438,5438,5438,5438,64601261,100394,,
2026-09-02,10144280947,1,55027,55027,55027,55027,489637644,10121090,,
2026-09-02,10144587520,1,17935,17935,17935,17935,64711113,1713093,,
2026-09-02,10153098880,1,4782,4782,4782,4782,28465995,215159,,
2026-09-02,10156435104,1,4462,4462,4462,4462,55567425,88412,,
2026-09-02,10184247393,1,7590,7590,7590,7590,92124351,2523677,,
2026-09-02,10199301628,1,23612,23612,23612,23612,387636970,1897020,,
2026-09-02,10200395747,1,21816,21816,21816,21816,1662348366,661170,,
2026-09-02,10244001346,1,4826,4826,4826,4826,100334259,104360,,
2026-09-02,10247797619,1,3126,3126,3126,3126,60837030,175278,,
2026-09-02,10253235584,1,8265,8265,8265,8265,58244585,590058,,
2026-09-02,10272236945,1,2951,2951,2951,2951,31040208,45890,,
2026-09-02,10274447949,1,3965,3965,3965,3965,45845469,3245638,,
2026-09-02,10298144467,1,11490,11490,11490,11490,28112737,34791,,
2026-09-02,10321202755,1,7526,7526,7526,7526,45435124,421944,,
2026-09-02,10338952197,1,32078,32078,32078,32078,87586428,6640578,,
2026-09-02,10351850295,1,7779,7779,7779,7779,19531709,619699,,
2026-09-02,10376944238,1,1933,1933,1933,1933,45623356,270709,,
2026-09-02,10399136326,1,20846,20846,20846,20846,43521150,84654,,
2026-09-02,10409732219,1,3976,3976,3976,3976,86171130,5555122,,
2026-09-02,10431718987,1,7760,7760,7760,7760,29049257,73712,,
2026-09-02,10455462279,1,6806,6806,6806,6806,40501448,1769947,,
2026-09-02,10461810987,1,9628,9628,9628,9628,11796469,28624,,
2026-09-02,10471583973,1,5997,5997,5997,5997,23407245,78379,,
2026-09-02,10480747190,1,1059,1059,1059,1059,24905770,58248,,
2026-09-02,10502841145,1,22852,22852,22852,22852,70543633,102234,,
2026-09-02,10514488908,1,867,867,867,867,16299604,40004,,
2026-09-02,10526434002,1,6243,6243,6243,6243,21358580,32510,,
2026-09-02,10547918402,1,3292,3292,3292,3292,32795197,72129,,
2026-09-02,10551595617,1,19250,19250,19250,19250,59448168,1802015,,
2026-09-02,10551923502,1,9456,9456,9456,9456,16953301,1478621,,
2026-09-02,10554316588,1,3339,3339,3339,3339,13959155,37078,,
2026-09-02,10563114921,1,1746577,1746577,1746577,1746577,1233486307,1837242,,
2026-09-02,10577682617,1,7492,7492,7492,7492,2308356,7136,,
2026-09-02,10601447895,1,7109,7109,7109,7109,26809074,711538,,
2026-09-02,10604772590,1,9183,9183,9183,9183,12743469,24154,,
2026-09-02,10605467256,1,3894,3894,3894,3894,8460463,12998,,
2026-09-02,10637513477,1,6772,6772,6772,6772,8106160,14324,,
2026-09-02,10683945170,1,4403,4403,4403,4403,1205398,104454,,
2026-09-02,10697889407,1,3872,3872,3872,3872,3924375,49711,,
2026-09-03,31970568,1,5698,5698,5698,5698,1612000314,6085333,,
2026-09-03,66654135,1,273750,273750,273750,273750,30076882607,23861793,,
2026-09-03,903807016,1,4354,4354,4354,4354,,,,
2026-09-03,1198533421,1,933,933,933,933,182227000,730235,,
2026-09-03,1430007363,1,1663,1663,1663,1663,911644132,2374500,,
2026-09-03,1489026993,2,4932,4932,3618,6246,2676409040,4349393,,
2026-09-03,1526814825,1,10949,10949,10949,10949,1102712391,4357470,,
2026-09-03,1637284552,1,1016,1016,1016,1016,,,,
2026-09-03,1795206523,1,810,810,810,810,957703044,932105,,
2026-09-03,1831550657,1,27986,27986,27986,27986,2199265535,11099925,,
2026-09-03,1998835206,1,1624,1624,1624,1624,588626204,1173215,,
2026-09-03,2049551477,1,2011,2011,2011,2011,1476091031,1931775,,
2026-09-03,2165551367,1,687,687,687,687,673884120,2438217,,
2026-09-03,2247578975,2,2406,2406,1773,3040,1224764569,14939717,,
2026-09-03,2274830359,1,11827,11827,11827,11827,3003644175,2033694,,
2026-09-03,2294168059,1,2528,2528,2528,2528,1249064357,3369140,,
2026-09-03,2369077151,1,3948,3948,3948,3948,414032491,11011738,,
2026-09-03,2440500124,1,53202,53202,53202,53202,7659659701,8110477,,
2026-09-03,2491559356,1,1085,1085,1085,1085,85433957,175443,,
2026-09-03,2655478023,2,2314,2314,1800,2828,1023945660,3501265,,
2026-09-03,2788648141,1,3293,3293,3293,3293,1003972496,2115043,,
2026-09-03,2821905072,1,4857,4857,4857,4857,273281817,5687068,,
2026-09-03,2992873140,1,14569,14569,14569,14569,1410394977,1020308,,
2026-09-03,3079618996,1,5577,5577,5577,5577,796347935,1022066,,
2026-09-03,3187874989,1,3008,3008,3008,3008,177221037,239851,,
2026-09-03,3310460039,1,15680,15680,15680,15680,4649473311,105176324,,
2026-09-03,3317771874,1,49017,49017,49017,49017,2623331919,2190683,,
2026-09-03,3346892457,1,1219,1219,1219,1219,447621654,186138,,
2026-09-03,3472976893,1,1217,1217,1217,1217,182945371,3391209,,
2026-09-03,3502524667,1,883,883,883,883,761526021,3688792,,
2026-09-03,3551414857,1,964,964,964,964,635181532,1327919,,
2026-09-03,3647333358,1,24772,24772,24772,24772,9129224176,8195947,,
2026-09-03,3746418487,1,2665,2665,2665,2665,326693749,397103,,
2026-09-03,3754482795,1,5736,5736,5736,5736,1282006883,4545427,,
2026-09-03,3759884822,1,2892,2892,2892,2892,135812457,119105,,
2026-09-03,3841172115,1,1273,1273,1273,1273,154960717,703026,,
2026-09-03,4343544885,1,3477,3477,3477,3477,124962823,2753600,,
2026-09-03,4348829796,1,10887,10887,10887,10887,2666340023,11292806,,
2026-09-03,4518160318,1,4798,4798,4798,4798,645465676,1169308,,
2026-09-03,4595016786,1,3051,3051,3051,3051,605503658,751630,,
2026-09-03,4599924264,1,2750,2750,2750,2750,723043349,287148,,
2026-09-03,4673599750,1,1524,1524,1524,1524,535715828,490438,,
2026-09-03,4720386144,1,1784,1784,1784,1784,120358341,605120,,
2026-09-03,4793836769,1,3495,3495,3495,3495,305469766,6457717,,
2026-09-03,4925331346,1,4352,4352,4352,4352,,,,
2026-09-03,4944984948,1,5797,5797,5797,5797,281435693,149929,,
2026-09-03,5195168716,1,821,821,821,821,100753605,653289,,
2026-09-03,5361032378,1,44600,44600,44600,44600,2132503292,1008154,,
2026-09-03,5508238359,1,4227,4227,4227,4227,105511198,1874392,,
2026-09-03,5578556129,1,23869,23869,23869,23869,2030948892,1987577,,
2026-09-03,5668114043,1,881,881,881,881,244307019,747689,,
2026-09-03,5750914919,1,62508,62508,62508,62508,4842181788,3600394,,
2026-09-03,6015491985,1,4113,4113,4113,4113,363762224,215581,,
2026-09-03,6072944764,1,840,840,840,840,55912369,65512,,
2026-09-03,6329693946,1,3510,3510,3510,3510,85332023,231614,,
2026-09-03,6466404775,1,3695,3695,3695,3695,73622529,136985,,
2026-09-03,6682487255,1,6830,6830,6830,6830,504418149,229589,,
2026-09-03,6749060816,1,6600,6600,6600,6600,272602617,1817822,,
2026-09-03,7018190066,1,12887,12887,12887,12887,6544205863,6088060,,
2026-09-03,7058980030,1,6792,6792,6792,6792,604827865,1009771,,
2026-09-03,7082423811,1,3843,3843,3843,3843,292427825,1576284,,
2026-09-03,7094518649,1,11391,11391,11391,11391,356038831,855603,,
2026-09-03,7128163167,1,1107,1107,1107,1107,77843416,130567,,
2026-09-03,7208219743,1,2060,2060,2060,2060,8416551,96936,,
2026-09-03,7219654364,1,54895,54895,54895,54895,1682271779,15798395,,
2026-09-03,7383133134,1,767,767,767,767,111395013,828785,,
2026-09-03,7434179990,1,9604,9604,9604,9604,238867717,8357918,,
2026-09-03,7436755782,1,31418,31418,31418,31418,35884404971,11391609,,
2026-09-03,7613921865,1,38345,38345,38345,38345,755877494,205694,,
2026-09-03,7709344486,1,84918,84918,84918,84918,73212582351,29241715,,
2026-09-03,7720654467,1,2887,2887,2887,2887,89119271,240211,,
2026-09-03,7856039629,1,5845,5845,5845,5845,42117335,1420780,,
2026-09-03,7891669427,1,995,995,995,995,39746190,897929,,
2026-09-03,7997703002,1,637,637,637,637,11175973,75032,,
2026-09-03,8014099969,1,684,684,684,684,149477519,250855,,
2026-09-03,8316902627,1,2445,2445,2445,2445,4701208036,1992646,,
2026-09-03,8356066619,1,6185,6185,6185,6185,85057924,45754,,
2026-09-03,8401518398,1,5697,5697,5697,5697,97525611,80751,,
2026-09-03,8504461817,1,1390,1390,1390,1390,191197968,103510,,
2026-09-03,8539298853,1,4454,4454,4454,4454,1280154461,1776471,,
2026-09-03,8759966530,1,870,870,870,870,124315035,406692,,
2026-09-03,8791358380,1,6499,6499,6499,6499,445593512,13369573,,
2026-09-03,8946565814,1,3235,3235,3235,3235,23228855,23071,,
2026-09-03,8950496606,1,1187,1187,1187,1187,177004988,445992,,
2026-09-03,8959257868,1,3979,3979,3979,3979,9271967,40850,,
2026-09-03,9098570654,1,14257,14257,14257,14257,250379852,415810,,
2026-09-03,9141743926,1,4967,4967,4967,4967,444545546,596740,,
2026-09-03,9145063979,1,6558,6558,6558,6558,565373742,576859,,
2026-09-03,9219116196,1,1291,1291,1291,1291,98614242,271101,,
2026-09-03,9296042754,1,4608,4608,4608,4608,68392452,323486,,
2026-09-03,9348272796,1,8923,8923,8923,8923,720794990,663206,,
2026-09-03,9362896961,1,4389,4389,4389,4389,152026898,219547,,
2026-09-03,9363735110,1,4970,4970,4970,4970,5706774932,2048590,,
2026-09-03,9442472087,1,992,992,992,992,9095944,255453,,
2026-09-03,9481391333,1,3298,3298,3298,3298,25874956,611965,,
2026-09-03,9491545867,1,4196,4196,4196,4196,117554188,1158524,,
2026-09-03,9513686983,1,3481,3481,3481,3481,425444934,14005257,,
2026-09-03,9526307912,1,838,838,838,838,99311146,170719,,
2026-09-03,9561553764,1,13658,13658,13658,13658,185106567,165479,,
2026-09-03,9582986239,1,8440,8440,8440,8440,7312277,52639,,
2026-09-03,9584852943,1,206414,206414,206414,206414,5517011266,6211543,,
2026-09-03,9592387369,1,20423,20423,20423,20423,16983751,70096,,
2026-09-03,9758688665,1,3871,3871,3871,3871,115093090,5909895,,
2026-09-03,9793308933,1,5193,5193,5193,5193,51072872,1295331,,
2026-09-03,9830725726,1,3520,3520,3520,3520,52362100,56568,,
2026-09-03,9889811676,1,2686,2686,2686,2686,24816718,182315,,
2026-09-03,9940725596,1,795,795,795,795,36143019,48293,,
2026-09-03,9940812243,1,3823,3823,3823,3823,11579572,146597,,
2026-09-03,9953328866,1,2576,2576,2576,2576,53970112,61025,,
2026-09-03,9998576154,1,5016,5016,5016,5016,118772093,7469589,,
2026-09-03,10004244222,1,26407,26407,26407,26407,1779150235,25509206,,
2026-09-03,10065013948,1,4893,4893,4893,4893,65026761,101151,,
2026-09-03,10144280947,1,54248,54248,54248,54248,496439395,10217797,,
2026-09-03,10144587520,1,16289,16289,16289,16289,65465030,1727624,,
2026-09-03,10153098880,1,4565,4565,4565,4565,28754562,216711,,
2026-09-03,10156435104,1,4258,4258,4258,4258,55902234,88922,,
2026-09-03,10184247393,1,8209,8209,8209,8209,92697051,2539190,,
2026-09-03,10199301628,1,19124,19124,19124,19124,389560601,1903195,,
2026-09-03,10200395747,1,17431,17431,17431,17431,1663117515,661389,,
2026-09-03,10244001346,1,4550,4550,4550,4550,100921769,105003,,
2026-09-03,10247797619,1,3132,3132,3132,3132,61132206,175927,,
2026-09-03,10253235584,1,7844,7844,7844,7844,58654139,592637,,
2026-09-03,10274447949,1,3758,3758,3758,3758,46222364,3271196,,
2026-09-03,10298144467,1,11415,11415,11415,11415,28746107,35275,,
2026-09-03,10321202755,1,6806,6806,6806,6806,45623998,423070,,
2026-09-03,10338952197,1,29124,29124,29124,29124,89249083,6684462,,
2026-09-03,10351850295,1,9568,9568,9568,9568,20343732,646582,,
2026-09-03,10376944238,1,1795,1795,1795,1795,46039956,272057,,
2026-09-03,10399136326,1,23159,23159,23159,23159,45349881,87334,,
2026-09-03,10409732219,1,3375,3375,3375,3375,86734373,5576338,,
2026-09-03,10431718987,1,6551,6551,6551,6551,29617663,75073,,
2026-09-03,10455462279,1,5532,5532,5532,5532,41068298,1788006,,
2026-09-03,10461810987,1,10501,10501,10501,10501,13257072,30698,,
2026-09-03,10471583973,1,5696,5696,5696,5696,23766113,79255,,
2026-09-03,10480747190,1,969,969,969,969,25116838,58516,,
2026-09-03,10496981141,1,16514,16514,16514,16514,2849462,155946,,
2026-09-03,10502841145,1,20338,20338,20338,20338,71847804,103474,,
2026-09-03,10514488908,1,935,935,935,935,16455924,40362,,
2026-09-03,10526434002,1,4621,4621,4621,4621,21958174,33550,,
2026-09-03,10551595617,1,18625,18625,18625,18625,61175577,1848272,,
2026-09-03,10551923502,1,9239,9239,9239,9239,17701201,1532026,,
2026-09-03,10554316588,1,3521,3521,3521,3521,14159176,37683,,
2026-09-03,10563114921,1,1793670,1793670,1793670,1793670,1354323801,1988815,,
2026-09-03,10577682617,1,13470,13470,13470,13470,3235112,9786,,
2026-09-03,10601447895,1,7538,7538,7538,7538,27856536,713552,,
2026-09-03,10604772590,1,8056,8056,8056,8056,13228691,25084,,
2026-09-03,10605467256,1,7513,7513,7513,7513,9638983,14611,,
2026-09-03,10637513477,1,6644,6644,6644,6644,8834277,15296,,
2026-09-03,10683945170,2,6410,6410,5256,7563,1764580,149465,,
2026-09-03,10697889407,1,3324,3324,3324,3324,4106960,50849,,
2026-09-04,31970568,1,6171,6171,6171,6171,1612313353,6085779,,
2026-09-04,66654135,1,351963,351963,351963,351963,30109894443,23877818,,
2026-09-04,903807016,1,5396,5396,5396,5396,1575987126,2837874,,
2026-09-04,1198533421,1,994,994,994,994,182297479,730392,,
2026-09-04,1430007363,1,2121,2121,2121,2121,911935753,2376029,,
2026-09-04,1489026993,2,5497,5497,4350,6644,2676910515,4350021,,
2026-09-04,1526814825,1,12435,12435,12435,12435,1103307216,4359754,,
2026-09-04,1637284552,1,1016,1016,1016,1016,,,,
2026-09-04,1795206523,1,1010,1010,1010,1010,957881472,932196,,
2026-09-04,1831550657,1,26184,26184,26184,26184,2200480132,11105296,,
2026-09-04,1998835206,1,2236,2236,2236,2236,588761504,1173293,,
2026-09-04,2049551477,2,2992,2992,2917,3068,1476415005,1932225,,
2026-09-04,2165551367,1,805,805,805,805,674027436,2438668,,
2026-09-04,2247578975,2,2700,2700,2195,3205,1225126781,14939993,,
2026-09-04,2274830359,1,13983,13983,13983,13983,3004888142,2035066,,
2026-09-04,2294168059,1,3738,3738,3738,3738,1249389869,3369970,,
2026-09-04,2369077151,1,4087,4087,4087,4087,414325386,11016318,,
2026-09-04,2440500124,1,72428,72428,72428,72428,7664512142,8114991,,
2026-09-04,2491559356,1,1310,1310,1310,1310,85543962,175608,,
2026-09-04,2655478023,2,2726,2726,2242,3210,1024343402,3501757,,
2026-09-04,2788648141,1,3352,3352,3352,3352,1004182193,2117215,,
2026-09-04,2821905072,1,4545,4545,4545,4545,273611315,5692721,,
2026-09-04,2827951974,1,618,618,618,618,813323944,686543,,
2026-09-04,2992873140,1,15661,15661,15661,15661,1411246752,1020713,,
2026-09-04,3079618996,1,7027,7027,7027,7027,796799350,1025318,,
2026-09-04,3187874989,1,3569,3569,3569,3569,177595930,240235,,
2026-09-04,3310460039,1,17751,17751,17751,17751,4651249967,105177439,,
2026-09-04,3317771874,1,48445,48445,48445,48445,2623945333,2190834,,
2026-09-04,3346892457,1,1514,1514,1514,1514,447865695,186481,,
2026-09-04,3472976893,1,1856,1856,1856,1856,183323187,3402290,,
2026-09-04,3502524667,1,1011,1011,1011,1011,761694283,3689009,,
2026-09-04,3551414857,1,1270,1270,1270,1270,635285585,1328072,,
2026-09-04,3647333358,1,32351,32351,32351,32351,9133457382,8199034,,
2026-09-04,3746418487,1,2706,2706,2706,2706,326932523,397441,,
2026-09-04,3754482795,1,5518,5518,5518,5518,1282539374,4547585,,
2026-09-04,3841172115,1,1480,1480,1480,1480,155114481,703520,,
2026-09-04,4071487712,1,692,692,692,692,29815236,122974,,
2026-09-04,4283416256,1,707,707,707,707,22899506,133550,,
2026-09-04,4343544885,1,3673,3673,3673,3673,125171819,2756931,,
2026-09-04,4348829796,1,13588,13588,13588,13588,2667854332,11302453,,
2026-09-04,4457060041,1,2793,2793,2793,2793,139433219,225909,,
2026-09-04,4518160318,1,4592,4592,4592,4592,645750633,1170049,,
2026-09-04,4595016786,1,3161,3161,3161,3161,605753519,752136,,
2026-09-04,4599924264,1,3107,3107,3107,3107,723378352,287483,,
2026-09-04,4673599750,1,2255,2255,2255,2255,536404667,491136,,
2026-09-04,4720386144,1,1927,1927,1927,1927,120520633,606200,,
2026-09-04,4793836769,1,3914,3914,3914,3914,305803900,6463786,,
2026-09-04,4925331346,1,4065,4065,4065,4065,320355064,498951,,
2026-09-04,4944984948,1,6797,6797,6797,6797,282207524,150749,,
2026-09-04,5195168716,1,1056,1056,1056,1056,100851076,653729,,
2026-09-04,5361032378,1,44732,44732,44732,44732,2134766755,1008658,,
2026-09-04,5508238359,1,5429,5429,5429,5429,105973471,1879382,,
2026-09-04,5576890130,1,2875,2875,2875,2875,164256988,7338508,,
2026-09-04,5578556129,1,23138,23138,23138,23138,2031870481,1987708,,
2026-09-04,5668114043,1,1157,1157,1157,1157,244437145,747979,,
2026-09-04,5750914919,1,67168,67168,67168,67168,4844778633,3601569,,
2026-09-04,6015491985,1,4588,4588,4588,4588,364142318,215934,,
2026-09-04,6049736902,1,2690,2690,2690,2690,79188065,101703,,
2026-09-04,6072944764,1,942,942,942,942,55999432,65781,,
2026-09-04,6329693946,1,3699,3699,3699,3699,85497258,231932,,
2026-09-04,6466404775,1,4345,4345,4345,4345,73852851,137223,,
2026-09-04,6682487255,1,6722,6722,6722,6722,505003099,229625,,
2026-09-04,6749060816,1,8650,8650,8650,8650,273210609,1821135,,
2026-09-04,7018190066,1,16581,16581,16581,16581,6545848031,6089283,,
2026-09-04,7058980030,1,9197,9197,9197,9197,605734389,1011270,,
2026-09-04,7082423811,1,3442,3442,3442,3442,292712533,1576661,,
2026-09-04,7094518649,1,11528,11528,11528,11528,356547030,856683,,
2026-09-04,7128163167,1,1602,1602,1602,1602,77986780,130911,,
2026-09-04,7208219743,1,2285,2285,2285,2285,8545013,98460,,
2026-09-04,7219654364,1,58924,58924,58924,58924,1687850359,15829743,,
2026-09-04,7364297396,1,3276,3276,3276,3276,453132029,665268,,
2026-09-04,7383133134,1,1067,1067,1067,1067,111582822,830299,,
2026-09-04,7434179990,1,7463,7463,7463,7463,239450565,8378974,,
2026-09-04,7436755782,1,32826,32826,32826,32826,35886397641,11392644,,
2026-09-04,7613921865,1,35753,35753,35753,35753,758304998,206169,,
2026-09-04,7709344486,1,82625,82625,82625,82625,73227834653,29248977,,
2026-09-04,7720654467,1,3144,3144,3144,3144,89437741,240899,,
2026-09-04,7856039629,1,7856,7856,7856,7856,43177806,1446911,,
2026-09-04,7891669427,1,1525,1525,1525,1525,39864838,899630,,
2026-09-04,8014099969,1,1017,1017,1017,1017,149595629,251060,,
2026-09-04,8316902627,1,2786,2786,2786,2786,4701500050,1992792,,
2026-09-04,8343243056,1,8504,8504,8504,8504,239703114,1679826,,
2026-09-04,8356066619,1,5524,5524,5524,5524,85187743,45811,,
2026-09-04,8401518398,1,6522,6522,6522,6522,98179685,81538,,
2026-09-04,8504461817,2,2446,2446,1814,3079,191507327,103801,,
2026-09-04,8539298853,1,5387,5387,5387,5387,1280662235,1777306,,
2026-09-04,8759966530,1,1253,1253,1253,1253,124459610,406991,,
2026-09-04,8791358380,1,7639,7639,7639,7639,446211646,13389729,,
2026-09-04,8946565814,1,3397,3397,3397,3397,23411171,23201,,
2026-09-04,8950496606,1,1667,1667,1667,1667,177136457,446209,,
2026-09-04,8959257868,1,3749,3749,3749,3749,9501782,41257,,
2026-09-04,9098570654,1,15056,15056,15056,15056,251024880,417007,,
2026-09-04,9141743926,1,6246,6246,6246,6246,445105569,596944,,
2026-09-04,9145063979,1,7516,7516,7516,7516,566071695,577807,,
2026-09-04,9219116196,1,1703,1703,1703,1703,98753770,271618,,
2026-09-04,9296042754,1,5148,5148,5148,5148,68778289,325076,,
2026-09-04,9315739469,1,745,745,745,745,85780731,91546,,
2026-09-04,9348272796,1,10411,10411,10411,10411,721632256,664071,,
2026-09-04,9362896961,1,4380,4380,4380,4380,152237091,219613,,
2026-09-04,9363735110,1,4921,4921,4921,4921,5707326640,2049036,,
2026-09-04,9442472087,1,1120,1120,1120,1120,9160467,256260,,
2026-09-04,9481391333,1,4467,4467,4467,4467,26277867,618409,,
2026-09-04,9491545867,1,5418,5418,5418,5418,117914229,1162469,,
2026-09-04,9513686983,1,3574,3574,3574,3574,425800481,14017400,,
2026-09-04,9526307912,1,1049,1049,1049,1049,99449950,170988,,
2026-09-04,9561553764,1,18171,18171,18171,18171,187871273,167987,,
2026-09-04,9582986239,1,7794,7794,7794,7794,7692736,53360,,
2026-09-04,9584852943,1,222516,222516,222516,222516,5542941674,6237912,,
2026-09-04,9592387369,1,21311,21311,21311,21311,18846747,75297,,
2026-09-04,9758688665,1,3749,3749,3749,3749,115453653,5928886,,
2026-09-04,9793308933,1,6281,6281,6281,6281,51598353,1305022,,
2026-09-04,9830725726,1,4412,4412,4412,4412,52843608,57186,,
2026-09-04,9836330876,1,2845,2845,2845,2845,18111244,65526,,
2026-09-04,9889811676,1,3168,3168,3168,3168,25144404,183864,,
2026-09-04,9940725596,1,1284,1284,1284,1284,36327098,48610,,
2026-09-04,9940812243,1,3787,3787,3787,3787,11718838,147358,,
2026-09-04,9953328866,1,4674,4674,4674,4674,54342154,61620,,
2026-09-04,9969095451,1,3322,3322,3322,3322,39451895,1582164,,
2026-09-04,9998576154,1,7155,7155,7155,7155,119237835,7499571,,
2026-09-04,10004244222,1,28504,28504,28504,28504,1782098875,25533275,,
2026-09-04,10019914160,1,2837,2837,2837,2837,4890545,16942,,
2026-09-04,10051853469,1,1403,1403,1403,1403,111856752,2433466,,
2026-09-04,10065013948,1,5703,5703,5703,5703,65489331,101953,,
2026-09-04,10144280947,1,52489,52489,52489,52489,503310153,10317763,,
2026-09-04,10144587520,1,15500,15500,15500,15500,66116588,1743292,,
2026-09-04,10153098880,1,4323,4323,4323,4323,29027941,217947,,
2026-09-04,10156435104,1,6024,6024,6024,6024,56276487,89505,,
2026-09-04,10184247393,1,9525,9525,9525,9525,93368399,2558182,,
2026-09-04,10199301628,1,23038,23038,23038,23038,391591161,1909708,,
2026-09-04,10200395747,1,15352,15352,15352,15352,1663940856,661542,,
2026-09-04,10244001346,1,4320,4320,4320,4320,101467619,105512,,
2026-09-04,10247797619,1,3396,3396,3396,3396,61432882,176534,,
2026-09-04,10253235584,1,7873,7873,7873,7873,59064016,595350,,
2026-09-04,10272236945,1,3001,3001,3001,3001,31568075,46619,,
2026-09-04,10274447949,1,4478,4478,4478,4478,46621626,3297494,,
2026-09-04,10298144467,1,11945,11945,11945,11945,29364541,35786,,
2026-09-04,10321202755,1,6503,6503,6503,6503,45803113,424111,,
2026-09-04,10338952197,1,27126,27126,27126,27126,90833852,6725919,,
2026-09-04,10351850295,1,9332,9332,9332,9332,21282566,676021,,
2026-09-04,10376944238,1,3383,3383,3383,3383,46475350,273458,,
2026-09-04,10399136326,1,25039,25039,25039,25039,47355531,90043,,
2026-09-04,10409732219,1,3991,3991,3991,3991,87305046,5597374,,
2026-09-04,10431718987,1,7434,7434,7434,7434,30208231,76443,,
2026-09-04,10455462279,1,5823,5823,5823,5823,41602527,1804766,,
2026-09-04,10461810987,1,11209,11209,11209,11209,14715851,32664,,
2026-09-04,10471583973,1,6493,6493,6493,6493,24133834,80174,,
2026-09-04,10480747190,1,1160,1160,1160,1160,25321581,58842,,
2026-09-04,10496981141,1,16894,16894,16894,16894,3836997,162037,,
2026-09-04,10502841145,1,19083,19083,19083,19083,73066295,104402,,
2026-09-04,10514488908,1,1402,1402,1402,1402,16640706,40779,,
2026-09-04,10526434002,1,4483,4483,4483,4483,22489903,34419,,
2026-09-04,10547918402,1,3550,3550,3550,3550,33464687,73099,,
2026-09-04,10551595617,1,17129,17129,17129,17129,62909553,1892925,,
2026-09-04,10551923502,1,10797,10797,10797,10797,18561409,1595890,,
2026-09-04,10554316588,1,3980,3980,3980,3980,14417603,38490,,
2026-09-04,10563114921,1,2023514,2023514,2023514,2023514,1487639414,2154616,,
2026-09-04,10577682617,1,12009,12009,12009,12009,4310374,12360,,
2026-09-04,10601447895,1,8208,8208,8208,8208,29004252,715723,,
2026-09-04,10604772590,1,10551,10551,10551,10551,13811069,26411,,
2026-09-04,10605467256,1,7887,7887,7887,7887,11039989,16536,,
2026-09-04,10634585968,1,2930,2930,2930,2930,4889909,215346,,
2026-09-04,10637513477,1,5940,5940,5940,5940,9544994,16170,,
2026-09-04,10683945170,2,7199,7199,6580,7818,2455182,197861,,
2026-09-04,10697889407,1,3098,3098,3098,3098,4273668,51728,,
2026-09-05,31970568,1,8134,8134,8134,8134,1612714278,6086365,,
2026-09-05,66654135,1,428516,428516,428516,428516,30153814411,23900209,,
2026-09-05,465016798,1,2880,2880,2880,2880,124400161,407372,,
2026-09-05,568307879,1,763,763,763,763,526198670,550753,,
2026-09-05,605887098,1,3435,3435,3435,3435,2523981000,3713845,,
2026-09-05,903807016,1,6559,6559,6559,6559,1576595082,2838384,,
2026-09-05,1053132402,1,2672,2672,2672,2672,569463447,974051,,
2026-09-05,1198533421,1,1131,1131,1131,1131,182378631,730532,,
2026-09-05,1214576306,1,3126,3126,3126,3126,1646834825,4300116,,
2026-09-05,1430007363,1,3049,3049,3049,3049,912309498,2377968,,
2026-09-05,1489026993,2,6285,6285,5414,7156,2677543529,4350830,,
2026-09-05,1526814825,1,14749,14749,14749,14749,1104058064,4362958,,
2026-09-05,1637284552,1,1016,1016,1016,1016,,,,
2026-09-05,1795206523,1,1373,1373,1373,1373,958130432,932286,,
2026-09-05,1831550657,1,34066,34066,34066,34066,2202305985,11112035,,
2026-09-05,1998835206,1,2821,2821,2821,2821,588947029,1173422,,
2026-09-05,2049551477,2,3662,3662,3535,3788,1476856273,1932817,,
2026-09-05,2073329983,1,4299,4299,4299,4299,241353963,4721850,,
2026-09-05,2165551367,1,1039,1039,1039,1039,674203020,2439217,,
2026-09-05,2247578975,2,3336,3336,3085,3586,1225577634,14940366,,
2026-09-05,2274830359,1,16887,16887,16887,16887,3006498369,2036776,,
2026-09-05,2294168059,1,5057,5057,5057,5057,1249797173,3370974,,
2026-09-05,2369077151,1,5014,5014,5014,5014,414694536,11022224,,
2026-09-05,2440500124,1,91730,91730,91730,91730,7671673581,8121510,,
2026-09-05,2491559356,1,1596,1596,1596,1596,85685089,175789,,
2026-09-05,2655478023,2,3454,3454,3048,3861,1024838355,3502402,,
2026-09-05,2788648141,1,4759,4759,4759,4759,1004454323,2119745,,
2026-09-05,2821905072,1,5575,5575,5575,5575,274010888,5699762,,
2026-09-05,2827951974,1,879,879,879,879,813461638,686761,,
2026-09-05,2921237723,1,679,679,679,679,142666205,770335,,
2026-09-05,2992873140,1,18134,18134,18134,18134,1412359963,1021262,,
2026-09-05,3034836582,1,689,689,689,689,505509318,1918814,,
2026-09-05,3079618996,1,10173,10173,10173,10173,797446988,1030044,,
2026-09-05,3164075108,1,2775,2775,2775,2775,283776799,740099,,
2026-09-05,3187874989,1,4451,4451,4451,4451,178068891,240798,,
2026-09-05,3274669156,1,861,861,861,861,69613259,673622,,
2026-09-05,3310460039,1,20834,20834,20834,20834,4653294079,105178760,,
2026-09-05,3317771874,1,42746,42746,42746,42746,2624548107,2191056,,
2026-09-05,3346892457,1,2086,2086,2086,2086,448180651,186952,,
2026-09-05,3472976893,1,2370,2370,2370,2370,183823974,3417300,,
2026-09-05,3502524667,1,1478,1478,1478,1478,761917536,3689298,,
2026-09-05,3551414857,1,1776,1776,1776,1776,635440430,1328312,,
2026-09-05,3647333358,1,41785,41785,41785,41785,9138772774,8203063,,
2026-09-05,3746418487,1,2992,2992,2992,2992,327214848,397878,,
2026-09-05,3754482795,1,6938,6938,6938,6938,1283183705,4550158,,
2026-09-05,3759884822,1,2918,2918,2918,2918,136151592,119657,,
2026-09-05,3841172115,1,2042,2042,2042,2042,155317356,704125,,
2026-09-05,4028801234,1,837,837,837,837,237557432,12657963,,
2026-09-05,4071487712,1,1030,1030,1030,1030,29877224,123140,,
2026-09-05,4283416256,1,816,816,816,816,22958883,133794,,
2026-09-05,4343544885,1,4100,4100,4100,4100,125418238,2760999,,
2026-09-05,4348829796,1,15210,15210,15210,15210,2669780826,11313858,,
2026-09-05,4457060041,1,3211,3211,3211,3211,139651816,226207,,
2026-09-05,4518160318,1,5020,5020,5020,5020,646047290,1170785,,
2026-09-05,4595016786,1,4015,4015,4015,4015,606034130,752698,,
2026-09-05,4599924264,1,3727,3727,3727,3727,723750080,287866,,
2026-09-05,4673599750,1,3637,3637,3637,3637,537744285,492404,,
2026-09-05,4720386144,1,2980,2980,2980,2980,120711622,607441,,
2026-09-05,4793836769,1,4192,4192,4192,4192,306200510,6470911,,
2026-09-05,4925331346,1,4189,4189,4189,4189,320626970,499508,,
2026-09-05,4944984948,1,7377,7377,7377,7377,283066814,151797,,
2026-09-05,5195168716,1,1467,1467,1467,1467,100967835,654337,,
2026-09-05,5361032378,1,55575,55575,55575,55575,2137481246,1009432,,
2026-09-05,5508238359,1,7419,7419,7419,7419,106620055,1886253,,
2026-09-05,5576890130,1,2889,2889,2889,2889,164614803,7344681,,
2026-09-05,5578556129,1,24603,24603,24603,24603,2032794590,1987904,,
2026-09-05,5668114043,1,1641,1641,1641,1641,244611581,748341,,
2026-09-05,5750914919,1,90410,90410,90410,90410,4848008155,3603198,,
2026-09-05,6015491985,1,5236,5236,5236,5236,364607797,216307,,
2026-09-05,6072944764,1,1288,1288,1288,1288,56118340,66100,,
2026-09-05,6247557414,1,760,760,760,760,199882598,2321661,,
2026-09-05,6329693946,1,4320,4320,4320,4320,85690152,232255,,
2026-09-05,6466404775,1,4224,4224,4224,4224,74129743,137610,,
2026-09-05,6491900489,1,2797,2797,2797,2797,569664345,443382,,
2026-09-05,6682487255,1,8361,8361,8361,8361,505614768,229692,,
2026-09-05,6749060816,1,11298,11298,11298,11298,274153965,1825398,,
2026-09-05,7018190066,1,25414,25414,25414,25414,6548075149,6090952,,
2026-09-05,7058980030,1,10687,10687,10687,10687,607081755,1013685,,
2026-09-05,7082244450,1,838,838,838,838,43948258,177490,,
2026-09-05,7082423811,1,3859,3859,3859,3859,293016108,1577103,,
2026-09-05,7094518649,1,13708,13708,13708,13708,357148269,857855,,
2026-09-05,7127084123,1,2997,2997,2997,2997,152832761,326811,,
2026-09-05,7128163167,1,1117,1117,1117,1117,78203721,131393,,
2026-09-05,7208219743,1,3171,3171,3171,3171,8697631,100129,,
2026-09-05,7219654364,1,87638,87638,87638,87638,1695273814,15868087,,
2026-09-05,7332711118,1,3295,3295,3295,3295,1879271990,2472364,,
2026-09-05,7364297396,1,3579,3579,3579,3579,453731712,666112,,
2026-09-05,7383133134,1,1397,1397,1397,1397,111848739,832315,,
2026-09-05,7434179990,1,9415,9415,9415,9415,240059831,8398949,,
2026-09-05,7436755782,1,36840,36840,36840,36840,35888777701,11393974,,
2026-09-05,7450124099,1,2984,2984,2984,2984,138190273,777023,,
2026-09-05,7613921865,1,34062,34062,34062,34062,760676188,206627,,
2026-09-05,7709344486,1,104378,104378,104378,104378,73246388599,29258375,,
2026-09-05,7720654467,1,3176,3176,3176,3176,89778049,241535,,
2026-09-05,7856039629,1,9905,9905,9905,9905,44552665,1479569,,
2026-09-05,7891669427,1,1692,1692,1692,1692,40022333,901730,,
2026-09-05,8014099969,1,1102,1102,1102,1102,149746877,251342,,
2026-09-05,8316902627,1,3447,3447,3447,3447,4701861699,1993042,,
2026-09-05,8401518398,1,7522,7522,7522,7522,98922710,82451,,
2026-09-05,8472682462,1,2979,2979,2979,2979,72457210,57520,,
2026-09-05,8504461817,2,3235,3235,2807,3663,191900821,104221,,
2026-09-05,8539298853,1,6843,6843,6843,6843,1281326379,1778368,,
2026-09-05,8562618273,1,646,646,646,646,106070784,87133,,
2026-09-05,8759966530,1,2292,2292,2292,2292,124689161,407437,,
2026-09-05,8791358380,1,9041,9041,9041,9041,446993674,13417016,,
2026-09-05,8946565814,1,4023,4023,4023,4023,23606360,23370,,
2026-09-05,8950496606,1,1991,1991,1991,1991,177315130,446519,,
2026-09-05,8959257868,1,3900,3900,3900,3900,9721505,41630,,
2026-09-05,9077534770,1,653,653,653,653,62710718,193644,,
2026-09-05,9098570654,1,15498,15498,15498,15498,251792903,418544,,
2026-09-05,9141743926,1,4185,4185,4185,4185,445653133,597090,,
2026-09-05,9145063979,1,9134,9134,9134,9134,566950016,579131,,
2026-09-05,9219116196,1,2360,2360,2360,2360,98952199,272338,,
2026-09-05,9296042754,1,6029,6029,6029,6029,69257699,327133,,
2026-09-05,9315739469,1,959,959,959,959,85930808,91756,,
2026-09-05,9348272796,1,11783,11783,11783,11783,722760964,665218,,
2026-09-05,9362896961,1,4491,4491,4491,4491,152438002,219706,,
2026-09-05,9363735110,1,6108,6108,6108,6108,5707982153,2049553,,
2026-09-05,9442472087,1,1469,1469,1469,1469,9255363,257250,,
2026-09-05,9452898647,1,2823,2823,2823,2823,122722958,5225659,,
2026-09-05,9481391333,1,5176,5176,5176,5176,26834516,626064,,
2026-09-05,9491545867,1,4913,4913,4913,4913,118333713,1166962,,
2026-09-05,9501409571,1,655,655,655,655,41837742,211822,,
2026-09-05,9513686983,1,4212,4212,4212,4212,426222497,14033192,,
2026-09-05,9526307912,1,1608,1608,1608,1608,99635289,171319,,
2026-09-05,9561553764,1,20703,20703,20703,20703,191477414,171247,,
2026-09-05,9582986239,1,7963,7963,7963,7963,8059620,54198,,
2026-09-05,9584852943,1,349600,349600,349600,349600,5575143394,6270843,,
2026-09-05,9592387369,1,23893,23893,23893,23893,20928200,81321,,
2026-09-05,9758688665,1,4424,4424,4424,4424,115874296,5951172,,
2026-09-05,9793308933,1,7462,7462,7462,7462,52305278,1320449,,
2026-09-05,9830725726,1,5220,5220,5220,5220,53416281,57897,,
2026-09-05,9836330876,1,2911,2911,2911,2911,18344687,66588,,
2026-09-05,9889811676,1,4246,4246,4246,4246,25534087,185635,,
2026-09-05,9940725596,1,1156,1156,1156,1156,36554100,48971,,
2026-09-05,9940812243,1,3697,3697,3697,3697,,,,
2026-09-05,9953328866,1,6950,6950,6950,6950,54821091,62339,,
2026-09-05,9969095451,1,3698,3698,3698,3698,,,,
2026-09-05,9998576154,1,7704,7704,7704,7704,119879084,7541872,,
2026-09-05,10004244222,1,35747,35747,35747,35747,1785793193,25565566,,
2026-09-05,10019914160,1,2985,2985,2985,2985,5204290,18160,,
2026-09-05,10039940475,1,820,820,820,820,567702,6875,,
2026-09-05,10065013948,1,6111,6111,6111,6111,66049952,102848,,
2026-09-05,10144280947,1,63121,63121,63121,63121,511217396,10435730,,
2026-09-05,10144587520,1,16696,16696,16696,16696,66799411,1761519,,
2026-09-05,10153098880,1,4695,4695,4695,4695,29299770,219193,,
2026-09-05,10156435104,1,6951,6951,6951,6951,56764801,90290,,
2026-09-05,10184247393,1,10731,10731,10731,10731,94214692,2583350,,
2026-09-05,10199301628,1,25366,25366,25366,25366,394026671,1918091,,
2026-09-05,10200395747,1,18638,18638,18638,18638,1664903054,661624,,
2026-09-05,10244001346,1,4554,4554,4554,4554,102062451,106131,,
2026-09-05,10247797619,1,4004,4004,4004,4004,61793421,177268,,
2026-09-05,10253235584,1,8354,8354,8354,8354,59498577,598634,,
2026-09-05,10272236945,1,3489,3489,3489,3489,31931623,47108,,
2026-09-05,10274447949,1,5804,5804,5804,5804,47107795,3329220,,
2026-09-05,10298144467,1,12176,12176,12176,12176,29992578,36371,,
2026-09-05,10321202755,1,7343,7343,7343,7343,45984533,425233,,
2026-09-05,10338952197,1,29624,29624,29624,29624,92461904,6776279,,
2026-09-05,10351850295,1,11143,11143,11143,11143,22336412,707778,,
2026-09-05,10376944238,1,4517,4517,4517,4517,47100331,275561,,
2026-09-05,10399136326,1,26895,26895,26895,26895,49672518,93190,,
2026-09-05,10409732219,1,4039,4039,4039,4039,87959602,5619620,,
2026-09-05,10431718987,1,9481,9481,9481,9481,30921411,78400,,
2026-09-05,10455462279,1,7924,7924,7924,7924,42267944,1826851,,
2026-09-05,10461810987,1,10677,10677,10677,10677,16287730,34956,,
2026-09-05,10471583973,1,7515,7515,7515,7515,24623577,81588,,
2026-09-05,10480747190,1,1522,1522,1522,1522,25587066,59270,,
2026-09-05,10496981141,1,16593,16593,16593,16593,5051555,164964,,
2026-09-05,10502841145,1,19564,19564,19564,19564,74218937,105431,,
2026-09-05,10514488908,1,2056,2056,2056,2056,16895013,41299,,
2026-09-05,10526434002,1,10200,10200,10200,10200,23053043,35391,,
2026-09-05,10528250136,1,2676,2676,2676,2676,23162311,1484579,,
2026-09-05,10547918402,1,4207,4207,4207,4207,33988977,73767,,
2026-09-05,10551595617,1,19772,19772,19772,19772,64810606,1937768,,
2026-09-05,10551923502,1,10518,10518,10518,10518,19476557,1660491,,
2026-09-05,10554316588,1,3883,3883,3883,3883,14675658,39166,,
2026-09-05,10563114921,1,2649721,2649721,2649721,2649721,1642917065,2359360,,
2026-09-05,10577682617,1,15409,15409,15409,15409,5464817,15235,,
2026-09-05,10601447895,1,9013,9013,9013,9013,30262998,717958,,
2026-09-05,10604772590,1,12641,12641,12641,12641,14542173,27903,,
2026-09-05,10605467256,1,9154,9154,9154,9154,12613703,18605,,
2026-09-05,10634585968,1,3570,3570,3570,3570,5232239,229684,,
2026-09-05,10637513477,1,6095,6095,6095,6095,10306231,17056,,
2026-09-05,10683945170,2,8090,8090,7968,8212,3235640,244035,,
2026-09-05,10697889407,1,3255,3255,3255,3255,4422344,52707,,
2026-09-05,10757504146,1,5541,5541,5541,5541,791539,1521,,
2026-09-06,31970568,1,8582,8582,8582,8582,1613212641,6087053,,
2026-09-06,66654135,1,447024,447024,447024,447024,30199493800,23921765,,
2026-09-06,465016798,1,3203,3203,3203,3203,124627539,407876,,
2026-09-06,568307879,1,754,754,754,754,526312809,551019,,
2026-09-06,605887098,1,3664,3664,3664,3664,2524410501,3714376,,
2026-09-06,903807016,1,7018,7018,7018,7018,1577363801,2839115,,
2026-09-06,1198533421,1,1113,1113,1113,1113,182461832,730726,,
2026-09-06,1214576306,1,3356,3356,3356,3356,1647038710,4300400,,
2026-09-06,1430007363,1,3138,3138,3138,3138,912718889,2380183,,
2026-09-06,1489026993,2,6416,6416,5503,7329,2678182820,4351568,,
2026-09-06,1526814825,1,14653,14653,14653,14653,1104926085,4366460,,
2026-09-06,1637284552,1,1016,1016,1016,1016,,,,
2026-09-06,1795206523,1,1312,1312,1312,1312,958374624,932398,,
2026-09-06,1831550657,1,28699,28699,28699,28699,2204167267,11119208,,
2026-09-06,1998835206,1,2865,2865,2865,2865,589138998,1173554,,
2026-09-06,2049551477,2,3685,3685,3410,3960,1477322404,1933415,,
2026-09-06,2073329983,1,3895,3895,3895,3895,241648074,4725831,,
2026-09-06,2092410051,1,2814,2814,2814,2814,336574699,1402486,,
2026-09-06,2165551367,1,1001,1001,1001,1001,674392341,2439773,,
2026-09-06,2247578975,2,3928,3928,3759,4097,1226098008,14940789,,
2026-09-06,2274830359,1,16075,16075,16075,16075,3008516712,2038652,,
2026-09-06,2294168059,1,4402,4402,4402,4402,1250214576,3372138,,
2026-09-06,2369077151,1,4986,4986,4986,4986,415131733,11029143,,
2026-09-06,2440500124,1,91518,91518,91518,91518,7678873112,8127525,,
2026-09-06,2491559356,1,1518,1518,1518,1518,85819912,175930,,
2026-09-06,2655478023,2,3815,3815,3675,3955,1025400026,3503104,,
2026-09-06,2788648141,1,4905,4905,4905,4905,1004848091,2123070,,
2026-09-06,2821905072,1,4720,4720,4720,4720,274445178,5706774,,
2026-09-06,2827951974,1,1096,1096,1096,1096,813618850,687012,,
2026-09-06,2921237723,1,737,737,737,737,142747524,770570,,
2026-09-06,2992873140,1,19672,19672,19672,19672,1413594289,1021928,,
2026-09-06,3034836582,1,750,750,750,750,505611764,1918971,,
2026-09-06,3079618996,1,8119,8119,8119,8119,798214296,1035296,,
2026-09-06,3164075108,1,2779,2779,2779,2779,283974502,740439,,
2026-09-06,3187874989,1,4717,4717,4717,4717,178560148,241359,,
2026-09-06,3274669156,1,709,709,709,709,69662132,674043,,
2026-09-06,3310460039,1,24237,24237,24237,24237,4656073770,105180355,,
2026-09-06,3346892457,1,1981,1981,1981,1981,448505845,187401,,
2026-09-06,3472976893,1,2337,2337,2337,2337,184301014,3430980,,
2026-09-06,3502524667,1,1534,1534,1534,1534,762164903,3689643,,
2026-09-06,3551414857,1,2187,2187,2187,2187,635602896,1328564,,
2026-09-06,3647333358,1,39291,39291,39291,39291,9144183231,8206958,,
2026-09-06,3754482795,1,7761,7761,7761,7761,1284069180,4553817,,
2026-09-06,3759884822,1,3057,3057,3057,3057,136356068,119969,,
2026-09-06,3841172115,1,2240,2240,2240,2240,155536768,704762,,
2026-09-06,4028801234,1,848,848,848,848,237658530,12664053,,
2026-09-06,4071487712,1,870,870,870,870,29936707,123327,,
2026-09-06,4283416256,1,831,831,831,831,23017794,134029,,
2026-09-06,4343544885,1,4098,4098,4098,4098,125706415,2765736,,
2026-09-06,4348829796,1,16401,16401,16401,16401,2671764089,11326428,,
2026-09-06,4457060041,1,3857,3857,3857,3857,139893411,226554,,
2026-09-06,4518160318,1,5477,5477,5477,5477,646400068,1171614,,
2026-09-06,4595016786,1,4196,4196,4196,4196,606403081,753420,,
2026-09-06,4599924264,1,3822,3822,3822,3822,724232660,288287,,
2026-09-06,4673599750,1,2914,2914,2914,2914,539017455,493401,,
2026-09-06,4720386144,1,2500,2500,2500,2500,120919441,609035,,
2026-09-06,4793836769,1,4397,4397,4397,4397,306591983,6478350,,
2026-09-06,4925331346,1,4449,4449,4449,4449,320938962,500113,,
2026-09-06,4944984948,1,6896,6896,6896,6896,283993066,152894,,
2026-09-06,5195168716,1,1219,1219,1219,1219,101096031,654925,,
2026-09-06,5361032378,1,49888,49888,49888,49888,2140601878,1010120,,
2026-09-06,5508238359,1,7722,7722,7722,7722,107296699,1894351,,
2026-09-06,5576890130,1,2925,2925,2925,2925,164956724,7350926,,
2026-09-06,5578556129,1,22429,22429,22429,22429,2033774421,1988069,,
2026-09-06,5668114043,1,1696,1696,1696,1696,244798419,748696,,
2026-09-06,5750914919,1,144820,144820,144820,144820,4857640292,3606117,,
2026-09-06,5927446137,1,750,750,750,750,46470316,603434,,
2026-09-06,6015491985,1,5849,5849,5849,5849,365184927,216814,,
2026-09-06,6049736902,1,2738,2738,2738,2738,79713516,102696,,
2026-09-06,6072944764,1,1236,1236,1236,1236,56237679,66460,,
2026-09-06,6163884815,1,2832,2832,2832,2832,157854648,19025602,,
2026-09-06,6247557414,1,905,905,905,905,199987143,2323034,,
2026-09-06,6329693946,1,4374,4374,4374,4374,85918841,232708,,
2026-09-06,6466404775,1,3562,3562,3562,3562,74392962,137942,,
2026-09-06,6647992437,1,665,665,665,665,90614649,34150,,
2026-09-06,6682487255,1,8071,8071,8071,8071,506174053,229765,,
2026-09-06,6749060816,1,10567,10567,10567,10567,274981696,1829818,,
2026-09-06,7018190066,1,27932,27932,27932,27932,6550675691,6092812,,
2026-09-06,7058980030,1,9483,9483,9483,9483,608630079,1016167,,
2026-09-06,7082244450,1,705,705,705,705,44088919,177879,,
2026-09-06,7082423811,1,4829,4829,4829,4829,293425646,1577741,,
2026-09-06,7094518649,1,14484,14484,14484,14484,357877012,859513,,
2026-09-06,7127084123,1,3169,3169,3169,3169,153060766,327291,,
2026-09-06,7128163167,1,2807,2807,2807,2807,78469532,131940,,
2026-09-06,7208219743,1,3273,3273,3273,3273,8868256,102160,,
2026-09-06,7219654364,1,99757,99757,99757,99757,1703909289,15913891,,
2026-09-06,7332711118,1,3352,3352,3352,3352,1879717426,2472774,,
2026-09-06,7339682753,1,3410,3410,3410,3410,71653286,5402549,,
2026-09-06,7364297396,1,2998,2998,2998,2998,454390391,666963,,
2026-09-06,7383133134,1,1340,1340,1340,1340,112096429,834176,,
2026-09-06,7434179990,1,8596,8596,8596,8596,240874772,8426406,,
2026-09-06,7435020231,1,680,680,680,680,33804052,118556,,
2026-09-06,7436755782,1,39474,39474,39474,39474,35892475472,11395873,,
2026-09-06,7450124099,1,2946,2946,2946,2946,138411002,778006,,
2026-09-06,7613921865,1,28510,28510,28510,28510,762917163,207017,,
2026-09-06,7690412163,1,1013,1013,1013,1013,86038900,206472,,
2026-09-06,7709344486,1,148856,148856,148856,148856,73282823826,29274768,,
2026-09-06,7720654467,1,3137,3137,3137,3137,90222407,242485,,
2026-09-06,7856039629,1,10113,10113,10113,10113,45923344,1510247,,
2026-09-06,7891669427,1,1362,1362,1362,1362,40166498,903516,,
2026-09-06,8014099969,1,984,984,984,984,149887101,251577,,
2026-09-06,8316902627,1,4094,4094,4094,4094,4702503153,1993443,,
2026-09-06,8356066619,1,10386,10386,10386,10386,85623512,45967,,
2026-09-06,8401518398,1,6727,6727,6727,6727,99746285,83362,,
2026-09-06,8497987845,1,3630,3630,3630,3630,21664977,126745,,
2026-09-06,8504461817,2,2936,2936,2188,3684,192326898,104610,,
2026-09-06,8539298853,1,25431,25431,25431,25431,1282190625,1780541,,
2026-09-06,8759966530,1,2745,2745,2745,2745,124951103,407924,,
2026-09-06,8791358380,1,7938,7938,7938,7938,447877234,13445689,,
2026-09-06,8946565814,1,6448,6448,6448,6448,24094939,23688,,
2026-09-06,8950496606,1,1986,1986,1986,1986,177484090,446761,,
2026-09-06,8959257868,1,4512,4512,4512,4512,10000868,42244,,
2026-09-06,9073513091,1,3357,3357,3357,3357,138722574,173554,,
2026-09-06,9077534770,1,594,594,594,594,62790855,193826,,
2026-09-06,9098570654,1,15142,15142,15142,15142,252770873,420361,,
2026-09-06,9141743926,1,5418,5418,5418,5418,446177848,597281,,
2026-09-06,9145063979,1,11077,11077,11077,11077,568175616,580842,,
2026-09-06,9177208241,1,706,706,706,706,78832851,408577,,
2026-09-06,9219116196,1,2333,2333,2333,2333,99167589,273150,,
2026-09-06,9296042754,1,5926,5926,5926,5926,69758641,329291,,
2026-09-06,9315739469,1,1158,1158,1158,1158,86105364,92012,,
2026-09-06,9348272796,1,10858,10858,10858,10858,724042566,666533,,
2026-09-06,9362896961,1,4273,4273,4273,4273,152669448,219868,,
2026-09-06,9363735110,1,5933,5933,5933,5933,,,,
2026-09-06,9409870130,1,770,770,770,770,22441568,274619,,
2026-09-06,9442472087,1,1319,1319,1319,1319,9336430,258337,,
2026-09-06,9481391333,1,5451,5451,5451,5451,27313872,632229,,
2026-09-06,9491545867,1,3344,3344,3344,3344,118740236,1170311,,
2026-09-06,9513686983,1,4687,4687,4687,4687,426782097,14055144,,
2026-09-06,9526307912,1,1469,1469,1469,1469,99844851,171676,,
2026-09-06,9561553764,1,20963,20963,20963,20963,194835797,174091,,
2026-09-06,9582986239,1,8173,8173,8173,8173,8453591,55129,,
2026-09-06,9584852943,1,308050,308050,308050,308050,5633145127,6315503,,
2026-09-06,9592387369,1,25998,25998,25998,25998,23391216,88263,,
2026-09-06,9758688665,1,3818,3818,3818,3818,116341608,5973770,,
2026-09-06,9793308933,1,7645,7645,7645,7645,53011984,1333786,,
2026-09-06,9830725726,1,4260,4260,4260,4260,54038091,58591,,
2026-09-06,9889811676,1,4707,4707,4707,4707,25959732,187685,,
2026-09-06,9930466428,1,829,829,829,829,38070512,155246,,
2026-09-06,9940725596,1,1173,1173,1173,1173,36755596,49318,,
2026-09-06,9940812243,1,3701,3701,3701,3701,11987660,149017,,
2026-09-06,9948575164,1,3006,3006,3006,3006,46844831,232390,,
2026-09-06,9953328866,1,3992,3992,3992,3992,55387401,63026,,
2026-09-06,9969095451,1,2908,2908,2908,2908,40017701,1601596,,
2026-09-06,9998576154,1,5546,5546,5546,5546,120505227,7578206,,
2026-09-06,10004244222,1,55960,55960,55960,55960,1795533185,25610063,,
2026-09-06,10037267577,1,669,669,669,669,11202131,186040,,
2026-09-06,10039940475,1,1439,1439,1439,1439,646508,7719,,
2026-09-06,10065013948,1,5169,5169,5169,5169,66559362,103601,,
2026-09-06,10144280947,1,52097,52097,52097,52097,526640460,10569012,,
2026-09-06,10144587520,1,16844,16844,16844,16844,67798252,1780611,,
2026-09-06,10153098880,1,4402,4402,4402,4402,29601266,220554,,
2026-09-06,10156435104,1,5974,5974,5974,5974,,,,
2026-09-06,10184247393,1,9396,9396,9396,9396,95197425,2606258,,
2026-09-06,10199301628,1,23636,23636,23636,23636,396984673,1928375,,
2026-09-06,10200395747,1,17091,17091,17091,17091,1665805152,661775,,
2026-09-06,10214798872,1,2458,2458,2458,2458,23741766,212825,,
2026-09-06,10241000620,1,3670,3670,3670,3670,11631110,64496,,
2026-09-06,10244001346,1,5774,5774,5774,5774,102885224,106928,,
2026-09-06,10247797619,1,4829,4829,4829,4829,62290659,178196,,
2026-09-06,10253235584,1,7673,7673,7673,7673,59968280,601062,,
2026-09-06,10272236945,1,4199,4199,4199,4199,32448947,47837,,
2026-09-06,10274447949,1,5931,5931,5931,5931,47818323,3379622,,
2026-09-06,10298144467,1,16568,16568,16568,16568,30641727,36996,,
2026-09-06,10321202755,1,8636,8636,8636,8636,46281154,426840,,
2026-09-06,10338952197,1,29142,29142,29142,29142,94791250,6826873,,
2026-09-06,10351850295,1,6923,6923,6923,6923,23373718,735731,,
2026-09-06,10376944238,1,3837,3837,3837,3837,47711173,277823,,
2026-09-06,10399136326,1,26888,26888,26888,26888,52279530,97138,,
2026-09-06,10409732219,1,3077,3077,3077,3077,88676598,5640037,,
2026-09-06,10431718987,1,8341,8341,8341,8341,31736235,80227,,
2026-09-06,10455462279,1,11062,11062,11062,11062,43434947,1859637,,
2026-09-06,10461810987,1,8274,8274,8274,8274,18022571,37061,,
2026-09-06,10471583973,1,6522,6522,6522,6522,25114464,82797,,
2026-09-06,10480747190,1,1739,1739,1739,1739,25845565,59708,,
2026-09-06,10496981141,1,16888,16888,16888,16888,6354655,167661,,
2026-09-06,10502841145,1,21930,21930,21930,21930,75604969,106658,,
2026-09-06,10514488908,1,2219,2219,2219,2219,17183876,42020,,
2026-09-06,10524813259,1,7069,7069,7069,7069,4729190,30899,,
2026-09-06,10526434002,1,4024,4024,4024,4024,23656670,36302,,
2026-09-06,10547918402,1,3986,3986,3986,3986,34511049,74414,,
2026-09-06,10551595617,1,21290,21290,21290,21290,67145253,1988435,,
2026-09-06,10551923502,1,8313,8313,8313,8313,20312465,1713620,,
2026-09-06,10554316588,1,2971,2971,2971,2971,14918237,39771,,
2026-09-06,10563114921,1,2455862,2455862,2455862,2455862,1898571614,2612268,,
2026-09-06,10577682617,1,12969,12969,12969,12969,6703940,18956,,
2026-09-06,10601447895,1,6572,6572,6572,6572,31606747,720050,,
2026-09-06,10604772590,1,15124,15124,15124,15124,15677687,29992,,
2026-09-06,10605467256,1,11965,11965,11965,11965,15084520,21721,,
2026-09-06,10637513477,1,6562,6562,6562,6562,11122283,18084,,
2026-09-06,10683945170,2,10384,10384,10125,10643,4199496,304630,,
2026-09-06,10697889407,1,3102,3102,3102,3102,4596414,53841,,
2026-09-06,10757504146,1,8191,8191,8191,8191,1447611,2727,,
2026-09-06,10764208570,1,841,841,841,841,531119,2048,,
2026-09-07,31970568,1,8624,8624,8624,8624,1613662667,6087679,,
2026-09-07,66654135,1,345149,345149,345149,345149,30240657388,23941924,,
2026-09-07,465016798,1,2834,2834,2834,2834,124818511,408278,,
2026-09-07,605887098,1,3387,3387,3387,3387,2524724760,3714896,,
2026-09-07,903807016,1,8150,8150,8150,8150,1578092777,2839744,,
2026-09-07,1198533421,1,1025,1025,1025,1025,182539150,730868,,
2026-09-07,1214576306,1,2880,2880,2880,2880,1647214967,4300593,,
2026-09-07,1430007363,1,2325,2325,2325,2325,913055515,2381934,,
2026-09-07,1489026993,2,5016,5016,4208,5823,2678722853,4352212,,
2026-09-07,1526814825,1,12125,12125,12125,12125,1105659964,4368994,,
2026-09-07,1637284552,1,1016,1016,1016,1016,,,,
2026-09-07,1795206523,1,1108,1108,1108,1108,958594761,932457,,
2026-09-07,1831550657,1,27717,27717,27717,27717,2205735183,11125188,,
2026-09-07,1998835206,1,2935,2935,2935,2935,589325219,1173697,,
2026-09-07,2049551477,2,2926,2926,2870,2983,1477711145,1933929,,
2026-09-07,2073329983,1,3383,3383,3383,3383,241879201,4729252,,
2026-09-07,2092410051,1,2712,2712,2712,2712,336684486,1402845,,
2026-09-07,2165551367,1,637,637,637,637,674553087,2440279,,
2026-09-07,2247578975,2,3268,3268,2603,3934,1226516420,14941149,,
2026-09-07,2274830359,1,12048,12048,12048,12048,3010166498,2040321,,
2026-09-07,2294168059,1,3702,3702,3702,3702,1250569992,3373183,,
2026-09-07,2369077151,1,4008,4008,4008,4008,415507647,11035455,,
2026-09-07,2440500124,1,69904,69904,69904,69904,7684662779,8132536,,
2026-09-07,2491559356,1,1246,1246,1246,1246,85936797,176053,,
2026-09-07,2655478023,2,3046,3046,2556,3536,1025864336,3503694,,
2026-09-07,2788648141,1,4381,4381,4381,4381,1005174233,2125607,,
2026-09-07,2821905072,1,4147,4147,4147,4147,274805870,5712289,,
2026-09-07,2827951974,1,737,737,737,737,813743299,687225,,
2026-09-07,2992873140,1,16516,16516,16516,16516,1414649499,1022511,,
2026-09-07,3079618996,1,8726,8726,8726,8726,798900998,1040060,,
2026-09-07,3164075108,1,2879,2879,2879,2879,284161860,740741,,
2026-09-07,3187874989,1,3836,3836,3836,3836,178977182,241811,,
2026-09-07,3310460039,1,19646,19646,19646,19646,4658655445,105181997,,
2026-09-07,3346892457,1,1222,1222,1222,1222,448759855,187807,,
2026-09-07,3472976893,1,1638,1638,1638,1638,184642113,3441329,,
2026-09-07,3502524667,1,1115,1115,1115,1115,762381881,3689884,,
2026-09-07,3551414857,1,1467,1467,1467,1467,635749169,1328804,,
2026-09-07,3647333358,1,27512,27512,27512,27512,9148615060,8210342,,
2026-09-07,3754482795,1,6895,6895,6895,6895,1284834583,4556898,,
2026-09-07,3841172115,1,1668,1668,1668,1668,155724708,705322,,
2026-09-07,4071487712,1,726,726,726,726,29987141,123480,,
2026-09-07,4283416256,1,651,651,651,651,23071996,134254,,
2026-09-07,4343544885,1,3789,3789,3789,3789,125949151,2769227,,
2026-09-07,4348829796,1,13587,13587,13587,13587,2673605277,11337422,,
2026-09-07,4457060041,1,2921,2921,2921,2921,140102926,226862,,
2026-09-07,4518160318,1,4503,4503,4503,4503,646699561,1172322,,
2026-09-07,4595016786,1,4217,4217,4217,4217,606755638,754155,,
2026-09-07,4599924264,1,3356,3356,3356,3356,724687729,288701,,
2026-09-07,4673599750,1,1935,1935,1935,1935,539891507,494081,,
2026-09-07,4720386144,1,2237,2237,2237,2237,121096511,610441,,
2026-09-07,4793836769,1,3414,3414,3414,3414,306929738,6484527,,
2026-09-07,4925331346,1,4394,4394,4394,4394,321243842,500718,,
2026-09-07,4944984948,1,6544,6544,6544,6544,284833333,153939,,
2026-09-07,5195168716,1,1274,1274,1274,1274,101213163,655529,,
2026-09-07,5361032378,1,47437,47437,47437,47437,2143427985,1010682,,
2026-09-07,5508238359,1,5537,5537,5537,5537,107881867,1901051,,
2026-09-07,5578556129,1,22983,22983,22983,22983,2034688944,1988242,,
2026-09-07,5668114043,1,1284,1284,1284,1284,244950137,749031,,
2026-09-07,5750914919,1,130037,130037,130037,130037,4864026267,3608271,,
2026-09-07,5927446137,1,826,826,826,826,46534408,604173,,
2026-09-07,6015491985,1,4134,4134,4134,4134,365729915,217296,,
2026-09-07,6072944764,1,759,759,759,759,56331569,66748,,
2026-09-07,6247557414,1,676,676,676,676,200078142,2324243,,
2026-09-07,6329693946,1,3675,3675,3675,3675,86117767,233145,,
2026-09-07,6466404775,1,3214,3214,3214,3214,74611064,138117,,
2026-09-07,6647992437,1,676,676,676,676,90679662,34275,,
2026-09-07,6682487255,1,7633,7633,7633,7633,506800439,229817,,
2026-09-07,6749060816,1,8692,8692,8692,8692,275709713,1833544,,
2026-09-07,7018190066,1,19287,19287,19287,19287,6552584591,6094422,,
2026-09-07,7058980030,1,7702,7702,7702,7702,609825788,1018157,,
2026-09-07,7082244450,1,582,582,582,582,44202048,178168,,
2026-09-07,7082423811,1,4352,4352,4352,4352,293784805,1578271,,
2026-09-07,7094518649,1,13353,13353,13353,13353,358526734,860943,,
2026-09-07,7128163167,1,2311,2311,2311,2311,78697860,132448,,
2026-09-07,7208219743,1,3262,3262,3262,3262,9042295,104271,,
2026-09-07,7219654364,1,74742,74742,74742,74742,1711186883,15952185,,
2026-09-07,7332711118,1,2670,2670,2670,2670,,,,
2026-09-07,7339682753,1,1887,1887,1887,1887,72002926,5424240,,
2026-09-07,7364297396,1,2985,2985,2985,2985,454959689,667818,,
2026-09-07,7383133134,1,940,940,940,940,112302376,835778,,
2026-09-07,7434179990,1,6485,6485,6485,6485,241460055,8445517,,
2026-09-07,7436755782,1,33385,33385,33385,33385,35895141443,11397307,,
2026-09-07,7613921865,1,6,6,6,6,764778017,207399,,
2026-09-07,7613970129,1,2893,2893,2893,2893,63210860,160212,,
2026-09-07,7690412163,1,896,896,896,896,86116343,206785,,
2026-09-07,7709344486,1,104341,104341,104341,104341,73305002596,29284339,,
2026-09-07,7720654467,1,3296,3296,3296,3296,90598155,243400,,
2026-09-07,7856039629,1,9016,9016,9016,9016,47172158,1536822,,
2026-09-07,7891669427,1,950,950,950,950,40282259,904840,,
2026-09-07,8014099969,1,678,678,678,678,149992326,251774,,
2026-09-07,8316902627,1,3475,3475,3475,3475,4702972025,1993718,,
2026-09-07,8356066619,1,10969,10969,10969,10969,85930595,46071,,
2026-09-07,8401518398,1,5355,5355,5355,5355,100410170,84076,,
2026-09-07,8497987845,1,3002,3002,3002,3002,21877815,127498,,
2026-09-07,8504461817,2,2278,2278,1795,2760,192659308,104968,,
2026-09-07,8539298853,1,7640,7640,7640,7640,1284813582,1795063,,
2026-09-07,8759966530,1,2377,2377,2377,2377,125215662,408457,,
2026-09-07,8791358380,1,6336,6336,6336,6336,448580549,13466929,,
2026-09-07,8946565814,1,5120,5120,5120,5120,24457584,23937,,
2026-09-07,8950496606,1,1735,1735,1735,1735,177626284,447007,,
2026-09-07,8959257868,1,4958,4958,4958,4958,10372699,43312,,
2026-09-07,9098570654,1,14954,14954,14954,14954,253588705,422090,,
2026-09-07,9141743926,1,5020,5020,5020,5020,446691241,597473,,
2026-09-07,9145063979,1,8961,8961,8961,8961,569194505,582242,,
2026-09-07,9219116196,1,2056,2056,2056,2056,99351367,273846,,
2026-09-07,9296042754,1,4785,4785,4785,4785,70210198,331243,,
2026-09-07,9315739469,1,833,833,833,833,86246529,92234,,
2026-09-07,9348272796,1,9761,9761,9761,9761,725220219,667674,,
2026-09-07,9362896961,1,4221,4221,4221,4221,152879206,220012,,
2026-09-07,9363735110,1,5363,5363,5363,5363,5709686506,2050591,,
2026-09-07,9442472087,1,1184,1184,1184,1184,9405574,259123,,
2026-09-07,9481391333,1,4119,4119,4119,4119,27744367,638351,,
2026-09-07,9491545867,1,2949,2949,2949,2949,119044981,1173360,,
2026-09-07,9513686983,1,3989,3989,3989,3989,427305201,14075038,,
2026-09-07,9526307912,1,1060,1060,1060,1060,99999855,171966,,
2026-09-07,9561553764,1,16706,16706,16706,16706,197916616,176722,,
2026-09-07,9582986239,1,7359,7359,7359,7359,8893294,55917,,
2026-09-07,9584852943,1,190974,190974,190974,190974,5665085601,6346368,,
2026-09-07,9592387369,1,21399,21399,21399,21399,25811947,95173,,
2026-09-07,9758688665,1,3119,3119,3119,3119,116724305,5991874,,
2026-09-07,9793308933,1,6595,6595,6595,6595,53913162,1347115,,
2026-09-07,9830725726,1,3704,3704,3704,3704,54496527,59147,,
2026-09-07,9836330876,1,2726,2726,2726,2726,18785055,68326,,
2026-09-07,9889811676,1,3796,3796,3796,3796,26347601,189564,,
2026-09-07,9940725596,1,1064,1064,1064,1064,36944436,49660,,
2026-09-07,9940812243,1,4083,4083,4083,4083,12162867,149839,,
2026-09-07,9948575164,1,2871,2871,2871,2871,47152236,233210,,
2026-09-07,9953328866,1,2724,2724,2724,2724,55734932,63502,,
2026-09-07,9998576154,1,5315,5315,5315,5315,120964662,7604675,,
2026-09-07,10004244222,1,34207,34207,34207,34207,1800861746,25643956,,
2026-09-07,10039940475,1,960,960,960,960,717660,8285,,
2026-09-07,10065013948,1,4351,4351,4351,4351,67027425,104316,,
2026-09-07,10144280947,1,46691,46691,46691,46691,536394032,10683232,,
2026-09-07,10144587520,1,14699,14699,14699,14699,68486043,1794125,,
2026-09-07,10153098880,1,5312,5312,5312,5312,29955844,222195,,
2026-09-07,10156435104,1,5562,5562,5562,5562,57878263,91954,,
2026-09-07,10184247393,1,7198,7198,7198,7198,95985564,2623978,,
2026-09-07,10199301628,1,18216,18216,18216,18216,399294544,1935980,,
2026-09-07,10200395747,1,16334,16334,16334,16334,1666551674,661934,,
2026-09-07,10241000620,1,3322,3322,3322,3322,11910897,66164,,
2026-09-07,10244001346,1,5787,5787,5787,5787,103700395,107813,,
2026-09-07,10247797619,1,4599,4599,4599,4599,62774212,179251,,
2026-09-07,10253235584,1,6580,6580,6580,6580,60293839,602797,,
2026-09-07,10272236945,1,3732,3732,3732,3732,32884434,48437,,
2026-09-07,10274447949,1,5510,5510,5510,5510,48394720,3420623,,
2026-09-07,10298144467,1,12291,12291,12291,12291,31485478,37618,,
2026-09-07,10321202755,1,8343,8343,8343,8343,46530070,428486,,
2026-09-07,10338952197,1,25163,25163,25163,25163,96469342,6876025,,
2026-09-07,10351850295,1,6786,6786,6786,6786,24169398,759259,,
2026-09-07,10376944238,1,2610,2610,2610,2610,48156882,279354,,
2026-09-07,10399136326,1,22819,22819,22819,22819,54633873,100849,,
2026-09-07,10409732219,1,2836,2836,2836,2836,89245852,5658019,,
2026-09-07,10431718987,1,6807,6807,6807,6807,32397884,81799,,
2026-09-07,10455462279,1,8909,8909,8909,8909,44431250,1888564,,
2026-09-07,10461810987,1,8073,8073,8073,8073,19332866,38801,,
2026-09-07,10471583973,1,5184,5184,5184,5184,25518056,83778,,
2026-09-07,10480747190,1,1264,1264,1264,1264,26063692,60066,,
2026-09-07,10496981141,1,12996,12996,12996,12996,7623547,170052,,
2026-09-07,10502841145,1,19461,19461,19461,19461,76921897,107683,,
2026-09-07,10514488908,1,1656,1656,1656,1656,17415114,42636,,
2026-09-07,10524813259,1,6153,6153,6153,6153,5085212,32325,,
2026-09-07,10526166728,1,4274,4274,4274,4274,6336553,15020,,
2026-09-07,10526434002,1,2721,2721,2721,2721,,,,
2026-09-07,10547918402,1,3413,3413,3413,3413,34993887,75039,,
2026-09-07,10551595617,1,20110,20110,20110,20110,69162638,2032738,,
2026-09-07,10551923502,1,6896,6896,6896,6896,21008045,1761232,,
2026-09-07,10554316588,1,2997,2997,2997,2997,15136870,40265,,
2026-09-07,10563114921,1,1975855,1975855,1975855,1975855,2062388498,2800988,,
2026-09-07,10577682617,1,9273,9273,9273,9273,7639828,21457,,
2026-09-07,10601447895,1,6688,6688,6688,6688,32534144,721621,,
2026-09-07,10604772590,1,14478,14478,14478,14478,16677062,32408,,
2026-09-07,10605467256,1,11095,11095,11095,11095,17315082,24512,,
2026-09-07,10637513477,1,5086,5086,5086,5086,11999181,19105,,
2026-09-07,10681914462,1,12684,12684,12684,12684,3040530,9936,,
2026-09-07,10683945170,2,9328,9328,8316,10340,5094969,356392,,
2026-09-07,10694549945,1,16831,16831,16831,16831,2548687,4441,,
2026-09-07,10697889407,1,2887,2887,2887,2887,4753422,54763,,
2026-09-07,10700505394,1,15075,15075,15075,15075,13871147,48838,,
2026-09-07,10757504146,1,5806,5806,5806,5806,2137737,3890,,
2026-09-07,10764208570,1,762,762,762,762,624432,2408,,
2026-09-08,31970568,1,4694,4694,4694,4694,1613991951,6088117,,
2026-09-08,66654135,1,261954,261954,261954,261954,30271765411,23956424,,
2026-09-08,903807016,1,3992,3992,3992,3992,1578667594,2840239,,
2026-09-08,1198533421,1,850,850,850,850,182603167,730994,,
2026-09-08,1430007363,1,1698,1698,1698,1698,913333284,2383366,,
2026-09-08,1489026993,2,4662,4662,3483,5840,2679184847,4352769,,
2026-09-08,1526814825,1,9140,9140,9140,9140,1106181945,4370466,,
2026-09-08,1637284552,1,1016,1016,1016,1016,,,,
2026-09-08,1795206523,1,728,728,728,728,958755729,932513,,
2026-09-08,1831550657,1,20961,20961,20961,20961,2206951849,11129205,,
2026-09-08,1998835206,1,1575,1575,1575,1575,589457059,1173797,,
2026-09-08,2049551477,1,1734,1734,1734,1734,1477971762,1934284,,
2026-09-08,2073329983,1,2746,2746,2746,2746,242043967,4731595,,
2026-09-08,2247578975,2,2742,2742,1996,3488,1226879748,14941497,,
2026-09-08,2274830359,1,9490,9490,9490,9490,3011266329,2041493,,
2026-09-08,2294168059,1,2167,2167,2167,2167,1250842717,3374075,,
2026-09-08,2369077151,1,2867,2867,2867,2867,415776631,11039833,,
2026-09-08,2440500124,1,45782,45782,45782,45782,7688747625,8135885,,
2026-09-08,2491559356,1,1005,1005,1005,1005,86032894,176157,,
2026-09-08,2655478023,1,1796,1796,1796,1796,1026212143,3504162,,
2026-09-08,2788648141,1,2835,2835,2835,2835,1005399887,2127165,,
2026-09-08,2821905072,1,3633,3633,3633,3633,275065670,5716618,,
2026-09-08,2992873140,1,14179,14179,14179,14179,1415382102,1022917,,
2026-09-08,3079618996,1,6130,6130,6130,6130,799374967,1043415,,
2026-09-08,3187874989,1,2995,2995,2995,2995,179308184,242154,,
2026-09-08,3310460039,1,17405,17405,17405,17405,4660492242,105183143,,
2026-09-08,3346892457,1,1144,1144,1144,1144,448972748,188136,,
2026-09-08,3472976893,1,903,903,903,903,184929171,3448410,,
2026-09-08,3502524667,1,835,835,835,835,762546881,3690152,,
2026-09-08,3551414857,1,910,910,910,910,635841662,1328937,,
2026-09-08,3647333358,1,23800,23800,23800,23800,9152293016,8212722,,
2026-09-08,3754482795,1,4904,4904,4904,4904,1285354161,4559022,,
2026-09-08,3841172115,1,1438,1438,1438,1438,155872126,705793,,
2026-09-08,4343544885,1,2820,2820,2820,2820,126133028,2771892,,
2026-09-08,4348829796,1,9200,9200,9200,9200,2674968814,11345713,,
2026-09-08,4518160318,1,3678,3678,3678,3678,646914407,1172838,,
2026-09-08,4599924264,1,2883,2883,2883,2883,725019446,289046,,
2026-09-08,4673599750,1,1538,1538,1538,1538,540578137,494636,,
2026-09-08,4720386144,1,1541,1541,1541,1541,121236377,611557,,
2026-09-08,4793836769,1,2836,2836,2836,2836,307196686,6489152,,
2026-09-08,4925331346,1,3600,3600,3600,3600,321484099,501196,,
2026-09-08,4944984948,1,4620,4620,4620,4620,285456744,154672,,
2026-09-08,5195168716,1,801,801,801,801,101297743,655859,,
2026-09-08,5361032378,1,46162,46162,46162,46162,2145748244,1011127,,
2026-09-08,5508238359,1,3728,3728,3728,3728,108289902,1905101,,
2026-09-08,5578556129,1,18206,18206,18206,18206,2035384925,1988361,,
2026-09-08,5668114043,1,807,807,807,807,245053561,749240,,
2026-09-08,5750914919,1,95684,95684,95684,95684,4868705852,3609892,,
2026-09-08,6015491985,1,4369,4369,4369,4369,366140212,217659,,
2026-09-08,6329693946,1,2741,2741,2741,2741,86258212,233447,,
2026-09-08,6466404775,1,2863,2863,2863,2863,74785093,138335,,
2026-09-08,6647992437,1,715,715,715,715,90739950,34358,,
2026-09-08,6682487255,1,6432,6432,6432,6432,507333461,229870,,
2026-09-08,6749060816,1,5894,5894,5894,5894,276241223,1836047,,
2026-09-08,7018190066,1,11751,11751,11751,11751,6553983260,6095570,,
2026-09-08,7058980030,1,5838,5838,5838,5838,610647372,1019579,,
2026-09-08,7082423811,1,4370,4370,4370,4370,294103386,1578791,,
2026-09-08,7094518649,1,9994,9994,9994,9994,359012442,862025,,
2026-09-08,7128163167,1,949,949,949,949,78861036,132733,,
2026-09-08,7208219743,1,2546,2546,2546,2546,9187517,106010,,
2026-09-08,7219654364,1,55947,55947,55947,55947,1716625661,15979419,,
2026-09-08,7339682753,1,1216,1216,1216,1216,72210910,5437303,,
2026-09-08,7383133134,1,941,941,941,941,112489680,837225,,
2026-09-08,7434179990,1,5617,5617,5617,5617,241872080,8458874,,
2026-09-08,7436755782,1,30572,30572,30572,30572,35897134748,11398394,,
2026-09-08,7613921865,1,55305,55305,55305,55305,768914436,207973,,
2026-09-08,7709344486,1,89962,89962,89962,89962,73319628422,29290841,,
2026-09-08,7856039629,1,5759,5759,5759,5759,48074036,1555519,,
2026-09-08,7891669427,1,946,946,946,946,40381833,906080,,
2026-09-08,8316902627,1,2561,2561,2561,2561,4703294607,1993926,,
2026-09-08,8356066619,1,8542,8542,8542,8542,86138243,46141,,
2026-09-08,8401518398,1,4630,4630,4630,4630,100871156,84639,,
2026-09-08,8504461817,2,2306,2306,1565,3048,192941761,105286,,
2026-09-08,8539298853,1,4506,4506,4506,4506,1285432425,1796136,,
2026-09-08,8759966530,1,1032,1032,1032,1032,125366409,408777,,
2026-09-08,8791358380,1,5278,5278,5278,5278,449095294,13481932,,
2026-09-08,8946565814,1,2993,2993,2993,2993,24654469,24096,,
2026-09-08,8950496606,1,1144,1144,1144,1144,177737386,447149,,
2026-09-08,8959257868,1,3647,3647,3647,3647,10624772,44286,,
2026-09-08,9098570654,1,11954,11954,11954,11954,254185998,423362,,
2026-09-08,9141743926,1,4322,4322,4322,4322,447140849,597623,,
2026-09-08,9145063979,1,7710,7710,7710,7710,569924312,583307,,
2026-09-08,9219116196,1,1473,1473,1473,1473,99475166,274386,,
2026-09-08,9296042754,1,4243,4243,4243,4243,70538460,332646,,
2026-09-08,9348272796,1,8310,8310,8310,8310,726058198,668447,,
2026-09-08,9362896961,1,3611,3611,3611,3611,153052504,220142,,
2026-09-08,9363735110,1,4299,4299,4299,4299,5710171933,2050927,,
2026-09-08,9442472087,1,837,837,837,837,9457078,259565,,
2026-09-08,9481391333,1,2843,2843,2843,2843,28062801,642425,,
2026-09-08,9491545867,1,2497,2497,2497,2497,119276220,1175721,,
2026-09-08,9513686983,1,3352,3352,3352,3352,427664944,14088234,,
2026-09-08,9526307912,1,1149,1149,1149,1149,100144991,172244,,
2026-09-08,9561553764,1,11271,11271,11271,11271,200114896,178511,,
2026-09-08,9582986239,1,6225,6225,6225,6225,9193402,56522,,
2026-09-08,9584852943,1,160021,160021,160021,160021,5685713753,6368230,,
2026-09-08,9592387369,1,16424,16424,16424,16424,27512890,99890,,
2026-09-08,9758688665,1,2633,2633,2633,2633,117013126,6005111,,
2026-09-08,9793308933,1,4471,4471,4471,4471,54414589,1355222,,
2026-09-08,9830725726,1,2911,2911,2911,2911,54828653,59558,,
2026-09-08,9889811676,1,1881,1881,1881,1881,26601226,190714,,
2026-09-08,9940725596,1,723,723,723,723,37103507,49942,,
2026-09-08,9940812243,1,3422,3422,3422,3422,12289422,150508,,
2026-09-08,9998576154,1,4357,4357,4357,4357,121331291,7626376,,
2026-09-08,10004244222,1,34047,34047,34047,34047,1804546024,25667552,,
2026-09-08,10065013948,1,2946,2946,2946,2946,67351009,104830,,
2026-09-08,10144280947,1,36154,36154,36154,36154,541850239,10754169,,
2026-09-08,10144587520,1,12947,12947,12947,12947,69014508,1806067,,
2026-09-08,10153098880,1,4262,4262,4262,4262,30218475,223577,,
2026-09-08,10156435104,1,3887,3887,3887,3887,58219247,92465,,
2026-09-08,10184247393,1,6749,6749,6749,6749,96488444,2636042,,
2026-09-08,10199301628,1,14624,14624,14624,14624,400960472,1941228,,
2026-09-08,10200395747,1,15614,15614,15614,15614,1667150434,661992,,
2026-09-08,10241000620,1,2814,2814,2814,2814,12119250,67378,,
2026-09-08,10244001346,1,5182,5182,5182,5182,104350028,108562,,
2026-09-08,10247797619,1,3364,3364,3364,3364,63148970,180184,,
2026-09-08,10253235584,1,5287,5287,5287,5287,60534780,604141,,
2026-09-08,10272236945,1,3245,3245,3245,3245,33224689,48939,,
2026-09-08,10274447949,1,3795,3795,3795,3795,48850732,3453144,,
2026-09-08,10298144467,1,10768,10768,10768,10768,32079044,38082,,
2026-09-08,10321202755,1,7080,7080,7080,7080,46724944,429706,,
2026-09-08,10338952197,1,21642,21642,21642,21642,97733312,6909603,,
2026-09-08,10351850295,1,5827,5827,5827,5827,24840933,780601,,
2026-09-08,10376944238,1,1846,1846,1846,1846,48544818,280519,,
2026-09-08,10399136326,1,18838,18838,18838,18838,56348556,103230,,
2026-09-08,10431718987,1,5314,5314,5314,5314,32867859,82917,,
2026-09-08,10455462279,1,5572,5572,5572,5572,45079763,1907229,,
2026-09-08,10461810987,1,6129,6129,6129,6129,20330061,40282,,
2026-09-08,10471583973,1,3880,3880,3880,3880,25798621,84526,,
2026-09-08,10496981141,1,13257,13257,13257,13257,8593148,171681,,
2026-09-08,10502841145,1,15693,15693,15693,15693,77922344,108373,,
2026-09-08,10514488908,1,819,819,819,819,17571269,43020,,
2026-09-08,10524813259,1,4796,4796,4796,4796,5358521,33191,,
2026-09-08,10526166728,1,3487,3487,3487,3487,6583845,15551,,
2026-09-08,10547918402,1,3155,3155,3155,3155,35369597,75511,,
2026-09-08,10551595617,1,13996,13996,13996,13996,70567617,2061760,,
2026-09-08,10551923502,1,5802,5802,5802,5802,21526192,1796539,,
2026-09-08,10554316588,1,3315,3315,3315,3315,15305913,40718,,
2026-09-08,10563114921,1,1932441,1932441,1932441,1932441,2190750509,2936940,,
2026-09-08,10577682617,1,8464,8464,8464,8464,8264435,23073,,
2026-09-08,10601447895,1,3537,3537,3537,3537,33209506,722839,,
2026-09-08,10604772590,1,8263,8263,8263,8263,17374707,34023,,
2026-09-08,10605467256,1,9394,9394,9394,9394,19060016,26746,,
2026-09-08,10637513477,1,3315,3315,3315,3315,12469718,19693,,
2026-09-08,10681914462,1,21088,21088,21088,21088,4655673,14842,,
2026-09-08,10683945170,2,10178,10178,8563,11792,6141918,422417,,
2026-09-08,10694549945,1,21132,21132,21132,21132,3622641,7142,,
2026-09-08,10700505394,1,9132,9132,9132,9132,15356044,53153,,
2026-09-08,10708913337,1,17456,17456,17456,17456,2617380,14776,,
2026-09-08,10757504146,1,6190,6190,6190,6190,2677628,4815,,
2026-09-09,31970568,1,5097,5097,5097,5097,1614271158,6088563,,
2026-09-09,66654135,1,256821,256821,256821,256821,30301337587,23970871,,
2026-09-09,903807016,1,4421,4421,4421,4421,1579140069,2840651,,
2026-09-09,1198533421,1,871,871,871,871,182669682,731113,,
2026-09-09,1430007363,1,1804,1804,1804,1804,913604937,2384750,,
2026-09-09,1489026993,2,4818,4818,3612,6025,2679645963,4353327,,
2026-09-09,1526814825,1,9746,9746,9746,9746,1106690504,4371931,,
2026-09-09,1637284552,1,1016,1016,1016,1016,,,,
2026-09-09,1795206523,1,718,718,718,718,958901812,932572,,
2026-09-09,1831550657,1,24976,24976,24976,24976,2208088730,11134563,,
2026-09-09,1998835206,1,2433,2433,2433,2433,589623079,1173982,,
2026-09-09,2049551477,1,1882,1882,1882,1882,1478213918,1934645,,
2026-09-09,2073329983,1,3261,3261,3261,3261,242228790,4734486,,
2026-09-09,2247578975,2,2456,2456,2040,2871,1227205343,14941795,,
2026-09-09,2274830359,1,9234,9234,9234,9234,3012288089,2042638,,
2026-09-09,2294168059,1,2517,2517,2517,2517,1251099434,3374906,,
2026-09-09,2369077151,1,3690,3690,3690,3690,416055184,11045545,,
2026-09-09,2440500124,1,47432,47432,47432,47432,7692887062,8138940,,
2026-09-09,2491559356,1,978,978,978,978,86123862,176255,,
2026-09-09,2655478023,1,1679,1679,1679,1679,1026527288,3504613,,
2026-09-09,2788648141,1,3042,3042,3042,3042,1005597892,2128566,,
2026-09-09,2821905072,1,3828,3828,3828,3828,275335960,5721738,,
2026-09-09,2992873140,1,17280,17280,17280,17280,1416248297,1023386,,
2026-09-09,3079618996,1,6962,6962,6962,6962,799873804,1047219,,
2026-09-09,3187874989,1,2988,2988,2988,2988,179649768,242515,,
2026-09-09,3310460039,1,17443,17443,17443,17443,4662366864,105184490,,
2026-09-09,3346892457,1,1245,1245,1245,1245,449181601,188458,,
2026-09-09,3472976893,1,1047,1047,1047,1047,185159048,3454844,,
2026-09-09,3502524667,1,852,852,852,852,762708433,3690372,,
2026-09-09,3551414857,1,804,804,804,804,635921948,1329072,,
2026-09-09,3647333358,1,24280,24280,24280,24280,9155855548,8215328,,
2026-09-09,3754482795,1,5198,5198,5198,5198,1285844393,4561082,,
2026-09-09,3841172115,1,1487,1487,1487,1487,156028520,706301,,
2026-09-09,4343544885,1,3585,3585,3585,3585,126341519,2775619,,
2026-09-09,4348829796,1,9580,9580,9580,9580,2676242746,11353676,,
2026-09-09,4457060041,1,2995,2995,2995,2995,140422920,227306,,
2026-09-09,4518160318,1,3845,3845,3845,3845,647137063,1173361,,
2026-09-09,4595016786,1,2965,2965,2965,2965,607256688,755204,,
2026-09-09,4599924264,1,3162,3162,3162,3162,725361918,289396,,
2026-09-09,4673599750,1,1604,1604,1604,1604,541291062,495225,,
2026-09-09,4720386144,1,1621,1621,1621,1621,121368779,612534,,
2026-09-09,4793836769,1,2958,2958,2958,2958,307458777,6494089,,
2026-09-09,4925331346,1,4159,4159,4159,4159,321745241,501802,,
2026-09-09,4944984948,1,5016,5016,5016,5016,286052230,155409,,
2026-09-09,5195168716,1,894,894,894,894,101377204,656237,,
2026-09-09,5361032378,1,46469,46469,46469,46469,2148339732,1011569,,
2026-09-09,5508238359,1,3923,3923,3923,3923,108703392,1909470,,
2026-09-09,5578556129,1,24019,24019,24019,24019,2036369855,1988261,,
2026-09-09,5668114043,1,916,916,916,916,245171198,749567,,
2026-09-09,5750914919,1,96380,96380,96380,96380,4872929182,3611394,,
2026-09-09,6015491985,1,3968,3968,3968,3968,,,,
2026-09-09,6329693946,1,2751,2751,2751,2751,86393414,233722,,
2026-09-09,6466404775,1,2800,2800,2800,2800,74951516,138474,,
2026-09-09,6682487255,1,6645,6645,6645,6645,507879253,229919,,
2026-09-09,6749060816,1,5802,5802,5802,5802,276745066,1838494,,
2026-09-09,7018190066,1,10838,10838,10838,10838,6555249787,6096645,,
2026-09-09,7058980030,1,5916,5916,5916,5916,611396258,1020894,,
2026-09-09,7082423811,1,4089,4089,4089,4089,294420446,1579260,,
2026-09-09,7094518649,1,11764,11764,11764,11764,359513236,863399,,
2026-09-09,7128163167,1,817,817,817,817,78967364,132904,,
2026-09-09,7208219743,1,2533,2533,2533,2533,9344447,108075,,
2026-09-09,7219654364,1,55153,55153,55153,55153,1721916856,16006022,,
2026-09-09,7339682753,1,1904,1904,1904,1904,72435211,5449993,,
2026-09-09,7383133134,1,928,928,928,928,112683743,838798,,
2026-09-09,7434179990,1,5073,5073,5073,5073,242278758,8472583,,
2026-09-09,7436755782,1,29924,29924,29924,29924,35898992628,11399423,,
2026-09-09,7613921865,1,46464,46464,46464,46464,772703076,208485,,
2026-09-09,7709344486,1,100930,100930,100930,100930,73340445540,29298585,,
2026-09-09,7856039629,1,5525,5525,5525,5525,48926743,1572471,,
2026-09-09,7891669427,1,927,927,927,927,40486124,907545,,
2026-09-09,8356066619,1,8096,8096,8096,8096,86322348,46195,,
2026-09-09,8401518398,1,4893,4893,4893,4893,101350341,85150,,
2026-09-09,8504461817,2,2122,2122,1471,2774,193214917,105597,,
2026-09-09,8539298853,1,4639,4639,4639,4639,1285939146,1797010,,
2026-09-09,8759966530,1,993,993,993,993,125500906,409121,,
2026-09-09,8791358380,1,5194,5194,5194,5194,449578638,13494961,,
2026-09-09,8950496606,1,1169,1169,1169,1169,177843609,447285,,
2026-09-09,8959257868,1,3236,3236,3236,3236,10842917,44706,,
2026-09-09,9098570654,1,13230,13230,13230,13230,254841810,424974,,
2026-09-09,9141743926,1,4067,4067,4067,4067,447566382,597763,,
2026-09-09,9145063979,1,6457,6457,6457,6457,570687316,584358,,
2026-09-09,9219116196,1,1244,1244,1244,1244,99597327,274965,,
2026-09-09,9296042754,1,4365,4365,4365,4365,70872441,333980,,
2026-09-09,9348272796,1,7254,7254,7254,7254,726792341,669109,,
2026-09-09,9362896961,1,3796,3796,3796,3796,153235997,220259,,
2026-09-09,9363735110,1,4509,4509,4509,4509,5710624223,2051303,,
2026-09-09,9442472087,1,863,863,863,863,9503448,259992,,
2026-09-09,9481391333,1,2882,2882,2882,2882,28373238,646322,,
2026-09-09,9513686983,1,3288,3288,3288,3288,427997556,14100222,,
2026-09-09,9526307912,1,926,926,926,926,100298584,172521,,
2026-09-09,9561553764,1,10883,10883,10883,10883,201994289,179872,,
2026-09-09,9582986239,1,5949,5949,5949,5949,9473269,56937,,
2026-09-09,9584852943,1,162569,162569,162569,162569,5705748841,6389357,,
2026-09-09,9592387369,1,15864,15864,15864,15864,29016165,103926,,
2026-09-09,9758688665,1,2724,2724,2724,2724,117291134,6017885,,
2026-09-09,9793308933,1,4719,4719,4719,4719,54853876,1362630,,
2026-09-09,9830725726,1,4136,4136,4136,4136,55256053,60100,,
2026-09-09,9889811676,1,1828,1828,1828,1828,26822964,191792,,
2026-09-09,9940725596,1,742,742,742,742,37244277,50186,,
2026-09-09,9940812243,1,3281,3281,3281,3281,12414255,151061,,
2026-09-09,9953328866,1,2942,2942,2942,2942,56204198,64143,,
2026-09-09,9998576154,1,6417,6417,6417,6417,121780252,7655565,,
2026-09-09,10004244222,1,31133,31133,31133,31133,1808050629,25689268,,
2026-09-09,10039940475,1,807,807,807,807,806407,8869,,
2026-09-09,10065013948,1,3857,3857,3857,3857,67662780,105299,,
2026-09-09,10144280947,1,34503,34503,34503,34503,546869902,10820391,,
2026-09-09,10144587520,1,14728,14728,14728,14728,69583211,1820700,,
2026-09-09,10153098880,1,4344,4344,4344,4344,30475135,224781,,
2026-09-09,10156435104,1,3567,3567,3567,3567,58517461,92900,,
2026-09-09,10184247393,1,5819,5819,5819,5819,96944781,2647468,,
2026-09-09,10199301628,1,14281,14281,14281,14281,402508922,1945776,,
2026-09-09,10200395747,1,12368,12368,12368,12368,1667709640,662083,,
2026-09-09,10244001346,1,4305,4305,4305,4305,104888211,109225,,
2026-09-09,10247797619,1,4051,4051,4051,4051,,,,
2026-09-09,10253235584,1,5493,5493,5493,5493,60773954,605673,,
2026-09-09,10272236945,1,3011,3011,3011,3011,33552750,49371,,
2026-09-09,10274447949,1,4441,4441,4441,4441,49287238,3482309,,
2026-09-09,10298144467,1,10108,10108,10108,10108,32648179,38551,,
2026-09-09,10321202755,1,6598,6598,6598,6598,46908813,430952,,
2026-09-09,10338952197,1,20446,20446,20446,20446,98959119,6942417,,
2026-09-09,10351850295,1,8089,8089,8089,8089,25630979,806296,,
2026-09-09,10376944238,1,1773,1773,1773,1773,48898291,281657,,
2026-09-09,10399136326,1,22689,22689,22689,22689,58116931,105669,,
2026-09-09,10431718987,1,5691,5691,5691,5691,33333282,83965,,
2026-09-09,10455462279,1,5951,5951,5951,5951,45697709,1926928,,
2026-09-09,10461810987,1,5982,5982,5982,5982,21181096,41528,,
2026-09-09,10471583973,1,4960,4960,4960,4960,26100281,85339,,
2026-09-09,10496981141,1,14325,14325,14325,14325,9686190,173607,,
2026-09-09,10502841145,1,19724,19724,19724,19724,79042587,109177,,
2026-09-09,10514488908,1,791,791,791,791,17706331,43310,,
2026-09-09,10524813259,1,4812,4812,4812,4812,5625142,34036,,
2026-09-09,10526166728,1,4746,4746,4746,4746,6874376,16253,,
2026-09-09,10526434002,1,3703,3703,3703,3703,24803115,38073,,
2026-09-09,10547918402,1,4114,4114,4114,4114,35816176,76107,,
2026-09-09,10551595617,1,14476,14476,14476,14476,71969252,2093438,,
2026-09-09,10551923502,1,5662,5662,5662,5662,22009373,1828934,,
2026-09-09,10554316588,1,3424,3424,3424,3424,15510394,41310,,
2026-09-09,10563114921,1,2038314,2038314,2038314,2038314,2325525115,3074706,,
2026-09-09,10577682617,1,13249,13249,13249,13249,9128764,25721,,
2026-09-09,10601447895,1,3754,3754,3754,3754,33705750,723724,,
2026-09-09,10604772590,1,8062,8062,8062,8062,17900406,35206,,
2026-09-09,10605467256,1,8615,8615,8615,8615,20936939,29196,,
2026-09-09,10637513477,1,3204,3204,3204,3204,12898172,20249,,
2026-09-09,10681914462,1,20877,20877,20877,20877,7353565,22355,,
2026-09-09,10683945170,2,9778,9778,8598,10957,7144790,480561,,
2026-09-09,10694549945,1,18234,18234,18234,18234,4948645,9861,,
2026-09-09,10700505394,1,8519,8519,8519,8519,16535871,56789,,
2026-09-09,10708913337,1,19760,19760,19760,19760,3467715,18330,,
2026-09-09,10757504146,1,4992,4992,4992,4992,3191610,5581,,
2026-09-09,10764208570,1,965,965,965,965,968577,3978,,
2026-09-10,31970568,1,4396,4396,4396,4396,1614537998,6088971,,
2026-09-10,66654135,1,260130,260130,260130,260130,30330591624,23985240,,
2026-09-10,903807016,1,3886,3886,3886,3886,1579587609,2841021,,
2026-09-10,1198533421,1,889,889,889,889,182732392,731211,,
2026-09-10,1430007363,1,1775,1775,1775,1775,913884951,2386230,,
2026-09-10,1489026993,2,4890,4890,3841,5938,2680110407,4353958,,
2026-09-10,1526814825,1,9434,9434,9434,9434,1107196063,4373556,,
2026-09-10,1637284552,1,1016,1016,1016,1016,,,,
2026-09-10,1795206523,1,786,786,786,786,959047761,932601,,
2026-09-10,1831550657,1,24399,24399,24399,24399,2209261518,11138938,,
2026-09-10,1998835206,1,2199,2199,2199,2199,589799879,1174135,,
2026-09-10,2049551477,1,1898,1898,1898,1898,1478461852,1935000,,
2026-09-10,2073329983,1,2899,2899,2899,2899,242408052,4737265,,
2026-09-10,2247578975,1,1807,1807,1807,1807,1227508348,14942077,,
2026-09-10,2274830359,1,8639,8639,8639,8639,3013239621,2043632,,
2026-09-10,2294168059,1,2363,2363,2363,2363,1251345799,3375569,,
2026-09-10,2369077151,1,3170,3170,3170,3170,416308533,11050300,,
2026-09-10,2440500124,1,47776,47776,47776,47776,7696990662,8142275,,
2026-09-10,2491559356,1,972,972,972,972,86211524,176351,,
2026-09-10,2655478023,1,1656,1656,1656,1656,1026834461,3505029,,
2026-09-10,2788648141,1,3254,3254,3254,3254,1005791433,2130424,,
2026-09-10,2821905072,1,2922,2922,2922,2922,275575507,5725653,,
2026-09-10,2992873140,1,13835,13835,13835,13835,1417070269,1023810,,
2026-09-10,3079618996,1,8794,8794,8794,8794,800426302,1051646,,
2026-09-10,3187874989,1,3073,3073,3073,3073,180001090,242896,,
2026-09-10,3310460039,1,16991,16991,16991,16991,4664252785,105185845,,
2026-09-10,3346892457,1,1167,1167,1167,1167,449377017,188773,,
2026-09-10,3472976893,1,1128,1128,1128,1128,185457618,3463299,,
2026-09-10,3502524667,1,807,807,807,807,762855083,3690594,,
2026-09-10,3551414857,1,846,846,846,846,636000410,1329217,,
2026-09-10,3647333358,1,26112,26112,26112,26112,9159554364,8217932,,
2026-09-10,3754482795,1,4853,4853,4853,4853,1286317834,4563054,,
2026-09-10,3841172115,1,890,890,890,890,156148661,706701,,
2026-09-10,4343544885,1,3122,3122,3122,3122,126539466,2778978,,
2026-09-10,4348829796,1,10567,10567,10567,10567,2677533056,11362314,,
2026-09-10,4518160318,1,3617,3617,3617,3617,647351887,1173854,,
2026-09-10,4599924264,1,3215,3215,3215,3215,725692351,289718,,
2026-09-10,4673599750,1,1534,1534,1534,1534,541902264,495750,,
2026-09-10,4720386144,1,1556,1556,1556,1556,121505423,613625,,
2026-09-10,4793836769,1,3017,3017,3017,3017,307726937,6499423,,
2026-09-10,4925331346,1,3833,3833,3833,3833,321998033,502301,,
2026-09-10,4944984948,1,4342,4342,4342,4342,,,,
2026-09-10,5195168716,1,886,886,886,886,101441259,656544,,
2026-09-10,5361032378,1,45926,45926,45926,45926,2150730168,1011962,,
2026-09-10,5508238359,1,3705,3705,3705,3705,109083042,1912998,,
2026-09-10,5578556129,1,22498,22498,22498,22498,2037242248,1988405,,
2026-09-10,5668114043,1,798,798,798,798,245276670,749855,,
2026-09-10,5750914919,1,90633,90633,90633,90633,4876819069,3612877,,
2026-09-10,6015491985,1,4592,4592,4592,4592,366904412,218361,,
2026-09-10,6682487255,1,6473,6473,6473,6473,508394593,229963,,
2026-09-10,6749060816,1,5851,5851,5851,5851,277248039,1841058,,
2026-09-10,7018190066,1,11036,11036,11036,11036,6556525087,6097652,,
2026-09-10,7058980030,1,5691,5691,5691,5691,612098732,1022065,,
2026-09-10,7082423811,1,3292,3292,3292,3292,294695750,1579651,,
2026-09-10,7094518649,1,10129,10129,10129,10129,360001861,864573,,
2026-09-10,7127084123,1,2681,2681,2681,2681,153654510,328616,,
2026-09-10,7128163167,1,1443,1443,1443,1443,79112407,133206,,
2026-09-10,7208219743,1,2525,2525,2525,2525,9499269,109857,,
2026-09-10,7219654364,1,53584,53584,53584,53584,1727149507,16032475,,
2026-09-10,7339682753,1,1755,1755,1755,1755,72690532,5464196,,
2026-09-10,7383133134,1,825,825,825,825,112860930,840190,,
2026-09-10,7434179990,1,4936,4936,4936,4936,242665192,8485352,,
2026-09-10,7436755782,1,29097,29097,29097,29097,35900872813,11400476,,
2026-09-10,7450124099,1,9119,9119,9119,9119,139512219,787828,,
2026-09-10,7613921865,1,40305,40305,40305,40305,775860605,208920,,
2026-09-10,7709344486,1,85714,85714,85714,85714,73353971595,29304363,,
2026-09-10,7856039629,1,5443,5443,5443,5443,49753033,1589853,,
2026-09-10,7891669427,1,928,928,928,928,40589733,908871,,
2026-09-10,8356066619,1,7657,7657,7657,7657,86495196,46215,,
2026-09-10,8401518398,1,4592,4592,4592,4592,101847836,85732,,
2026-09-10,8504461817,1,1336,1336,1336,1336,193480209,105839,,
2026-09-10,8539298853,1,4434,4434,4434,4434,1286458856,1798326,,
2026-09-10,8759966530,1,798,798,798,798,125616817,409351,,
2026-09-10,8791358380,1,5369,5369,5369,5369,450052118,13508181,,
2026-09-10,8950496606,1,1083,1083,1083,1083,177950359,447415,,
2026-09-10,8959257868,1,2824,2824,2824,2824,11018486,44972,,
2026-09-10,9098570654,1,11836,11836,11836,11836,255422560,426254,,
2026-09-10,9141743926,1,3784,3784,3784,3784,447947491,597926,,
2026-09-10,9145063979,1,6536,6536,6536,6536,571300560,585212,,
2026-09-10,9219116196,1,1240,1240,1240,1240,99708917,275480,,
2026-09-10,9296042754,1,3654,3654,3654,3654,71199460,335266,,
2026-09-10,9348272796,1,6953,6953,6953,6953,727467362,669769,,
2026-09-10,9362896961,1,3620,3620,3620,3620,153407917,220293,,
2026-09-10,9363735110,1,4682,4682,4682,4682,5711261435,2051634,,
2026-09-10,9442472087,1,723,723,723,723,9547583,260396,,
2026-09-10,9481391333,1,3092,3092,3092,3092,28693420,650804,,
2026-09-10,9513686983,1,3168,3168,3168,3168,428312100,14111595,,
2026-09-10,9526307912,1,785,785,785,785,100450119,172815,,
2026-09-10,9561553764,1,11861,11861,11861,11861,203936544,181378,,
2026-09-10,9582986239,1,5834,5834,5834,5834,9724970,57466,,
2026-09-10,9584852943,1,175836,175836,175836,175836,5731917271,6413185,,
2026-09-10,9592387369,1,14502,14502,14502,14502,30441440,107519,,
2026-09-10,9758688665,1,2974,2974,2974,2974,117568829,6031386,,
2026-09-10,9793308933,1,3841,3841,3841,3841,55233861,1367941,,
2026-09-10,9830725726,1,2795,2795,2795,2795,55645484,60585,,
2026-09-10,9889811676,1,1539,1539,1539,1539,27017307,192617,,
2026-09-10,9940725596,1,839,839,839,839,37383206,50419,,
2026-09-10,9940812243,1,3314,3314,3314,3314,12529316,151761,,
2026-09-10,9953328866,1,2540,2540,2540,2540,56452876,64479,,
2026-09-10,9998576154,1,3734,3734,3734,3734,122181583,7679330,,
2026-09-10,10004244222,1,31140,31140,31140,31140,1811268462,25711733,,
2026-09-10,10039940475,1,699,699,699,699,857814,9169,,
2026-09-10,10065013948,1,3141,3141,3141,3141,67966688,105784,,
2026-09-10,10144280947,1,33067,33067,33067,33067,551580766,10892285,,
2026-09-10,10144587520,1,14232,14232,14232,14232,70393187,1842130,,
2026-09-10,10153098880,1,4541,4541,4541,4541,30722545,226316,,
2026-09-10,10156435104,1,3213,3213,3213,3213,58778920,93256,,
2026-09-10,10184247393,1,5521,5521,5521,5521,97356970,2657523,,
2026-09-10,10199301628,1,16420,16420,16420,16420,404071956,1950669,,
2026-09-10,10200395747,1,10206,10206,10206,10206,1668257844,662158,,
2026-09-10,10244001346,1,4582,4582,4582,4582,105361221,109766,,
2026-09-10,10247797619,1,3162,3162,3162,3162,63923103,182233,,
2026-09-10,10253235584,1,5189,5189,5189,5189,60999340,607194,,
2026-09-10,10274447949,1,4218,4218,4218,4218,49695568,3509712,,
2026-09-10,10298144467,1,9289,9289,9289,9289,33145855,38944,,
2026-09-10,10321202755,1,6163,6163,6163,6163,47077462,432305,,
2026-09-10,10338952197,1,18332,18332,18332,18332,100055316,6969365,,
2026-09-10,10351850295,1,6271,6271,6271,6271,26359123,829470,,
2026-09-10,10376944238,1,1844,1844,1844,1844,49220201,282716,,
2026-09-10,10399136326,1,19734,19734,19734,19734,59849736,108097,,
2026-09-10,10431718987,1,4655,4655,4655,4655,33752523,84866,,
2026-09-10,10455462279,1,4373,4373,4373,4373,46210267,1941944,,
2026-09-10,10461810987,1,5795,5795,5795,5795,21988235,42718,,
2026-09-10,10471583973,1,3833,3833,3833,3833,26385477,86028,,
2026-09-10,10496981141,1,10015,10015,10015,10015,10580202,175069,,
2026-09-10,10502841145,1,18227,18227,18227,18227,80128414,109983,,
2026-09-10,10514488908,1,846,846,846,846,17835124,43644,,
2026-09-10,10524813259,1,4929,4929,4929,4929,5884949,34754,,
2026-09-10,10547918402,1,2995,2995,2995,2995,36208096,76630,,
2026-09-10,10551595617,1,14234,14234,14234,14234,73290136,2122022,,
2026-09-10,10551923502,1,4787,4787,4787,4787,22448772,1857400,,
2026-09-10,10563114921,1,1904456,1904456,1904456,1904456,2455841589,3208992,,
2026-09-10,10577682617,1,14744,14744,14744,14744,10203407,29071,,
2026-09-10,10604772590,1,7499,7499,7499,7499,18421927,36296,,
2026-09-10,10605467256,1,7439,7439,7439,7439,22567708,31197,,
2026-09-10,10637513477,1,3161,3161,3161,3161,13322274,20776,,
2026-09-10,10681914462,1,25972,25972,25972,25972,10017484,29617,,
2026-09-10,10683945170,2,8007,8007,7713,8301,7968833,526472,,
2026-09-10,10694549945,1,18184,18184,18184,18184,6172676,11985,,
2026-09-10,10700505394,1,9659,9659,9659,9659,17708586,60371,,
2026-09-10,10708913337,1,26480,26480,26480,26480,4441139,22308,,
2026-09-10,10757504146,1,7964,7964,7964,7964,3799168,6654,,
2026-09-10,10764208570,1,991,991,991,991,1178597,4703,,
2026-09-11,31970568,1,4934,4934,4934,4934,1614792596,6089310,,
2026-09-11,66654135,1,322327,322327,322327,322327,30361735958,24000133,,
2026-09-11,903807016,1,4463,4463,4463,4463,1580033043,2841359,,
2026-09-11,1198533421,1,992,992,992,992,182797325,731344,,
2026-09-11,1430007363,1,2194,2194,2194,2194,914193449,2387833,,
2026-09-11,1489026993,2,5560,5560,4413,6708,2680613735,4354652,,
2026-09-11,1526814825,1,10771,10771,10771,10771,1107725137,4375290,,
2026-09-11,1637284552,1,1016,1016,1016,1016,,,,
2026-09-11,1795206523,1,860,860,860,860,959203529,932642,,
2026-09-11,1831550657,1,26951,26951,26951,26951,2210427860,11142955,,
2026-09-11,1998835206,1,2759,2759,2759,2759,589977291,1174312,,
2026-09-11,2049551477,1,2612,2612,2612,2612,1478742176,1935381,,
2026-09-11,2073329983,1,3190,3190,3190,3190,242592687,4740150,,
2026-09-11,2165551367,1,842,842,842,842,675071087,2441829,,
2026-09-11,2247578975,2,2515,2515,2201,2829,1227828653,14942378,,
2026-09-11,2274830359,1,10698,10698,10698,10698,3014250250,2044693,,
2026-09-11,2294168059,1,3354,3354,3354,3354,1251630354,3376351,,
2026-09-11,2369077151,1,4055,4055,4055,4055,416585284,11056032,,
2026-09-11,2440500124,1,64933,64933,64933,64933,7701684925,8145774,,
2026-09-11,2491559356,1,1467,1467,1467,1467,86322386,176561,,
2026-09-11,2655478023,2,2538,2538,2228,2849,1027179481,3505465,,
2026-09-11,2788648141,1,3594,3594,3594,3594,1006018142,2132752,,
2026-09-11,2821905072,1,3323,3323,3323,3323,275798791,5729218,,
2026-09-11,2992873140,1,16000,16000,16000,16000,1417916891,1024312,,
2026-09-11,3079618996,1,9911,9911,9911,9911,801077761,1057049,,
2026-09-11,3187874989,1,3643,3643,3643,3643,180376380,243277,,
2026-09-11,3310460039,1,19777,19777,19777,19777,4666245849,105187292,,
2026-09-11,3346892457,1,1402,1402,1402,1402,449594040,189112,,
2026-09-11,3472976893,1,1442,1442,1442,1442,185769508,3472210,,
2026-09-11,3502524667,1,1029,1029,1029,1029,763013299,3690821,,
2026-09-11,3551414857,1,1099,1099,1099,1099,636083097,1329339,,
2026-09-11,3647333358,1,32429,32429,32429,32429,9163643672,8221111,,
2026-09-11,3746418487,1,2801,2801,2801,2801,328531751,400219,,
2026-09-11,3754482795,1,5697,5697,5697,5697,1286819936,4565159,,
2026-09-11,3841172115,1,1329,1329,1329,1329,156264070,707057,,
2026-09-11,4071487712,1,771,771,771,771,30147652,124006,,
2026-09-11,4283416256,1,634,634,634,634,23251037,134973,,
2026-09-11,4343544885,1,2988,2988,2988,2988,126718835,2781756,,
2026-09-11,4348829796,1,12586,12586,12586,12586,2678968165,11372501,,
2026-09-11,4457060041,1,2886,2886,2886,2886,140754760,227707,,
2026-09-11,4518160318,1,4098,4098,4098,4098,647582574,1174388,,
2026-09-11,4595016786,1,2800,2800,2800,2800,607722531,756081,,
2026-09-11,4599924264,1,3490,3490,3490,3490,726057578,290086,,
2026-09-11,4673599750,1,1993,1993,1993,1993,542557172,496244,,
2026-09-11,4720386144,1,1882,1882,1882,1882,121658418,614599,,
2026-09-11,4793836769,1,3427,3427,3427,3427,308016691,6505250,,
2026-09-11,4925331346,1,3828,3828,3828,3828,322250352,502805,,
2026-09-11,4944984948,1,5385,5385,5385,5385,287243920,156942,,
2026-09-11,5195168716,1,957,957,957,957,101514022,656881,,
2026-09-11,5361032378,1,45626,45626,45626,45626,2153390813,1012421,,
2026-09-11,5508238359,1,4677,4677,4677,4677,109497752,1917310,,
2026-09-11,5576890130,1,2794,2794,2794,2794,166678775,7381752,,
2026-09-11,5578556129,1,21249,21249,21249,21249,2038048112,1988613,,
2026-09-11,5668114043,1,1111,1111,1111,1111,245396330,750103,,
2026-09-11,5750914919,1,99699,99699,99699,99699,4880712848,3614637,,
2026-09-11,6015491985,1,5135,5135,5135,5135,367342801,218806,,
2026-09-11,6072944764,1,732,732,732,732,56576343,67441,,
2026-09-11,6682487255,1,6295,6295,6295,6295,508923663,230058,,
2026-09-11,6749060816,1,7399,7399,7399,7399,277810649,1844601,,
2026-09-11,7018190066,1,14917,14917,14917,14917,6557975799,6098776,,
2026-09-11,7058980030,1,6973,6973,6973,6973,612853310,1023302,,
2026-09-11,7082423811,1,3359,3359,3359,3359,294965715,1580034,,
2026-09-11,7094518649,1,11035,11035,11035,11035,360483777,865651,,
2026-09-11,7127084123,1,3627,3627,3627,3627,153841056,329009,,
2026-09-11,7128163167,1,1658,1658,1658,1658,79281519,133483,,
2026-09-11,7208219743,1,2718,2718,2718,2718,9650409,111473,,
2026-09-11,7219654364,1,64229,64229,64229,64229,1732759795,16061467,,
2026-09-11,7339682753,1,1644,1644,1644,1644,72937736,5479326,,
2026-09-11,7383133134,1,1014,1014,1014,1014,113054128,841773,,
2026-09-11,7434179990,1,6020,6020,6020,6020,243103151,8501899,,
2026-09-11,7436755782,1,29388,29388,29388,29388,35902756398,11401581,,
2026-09-11,7450124099,1,3906,3906,3906,3906,139887193,790957,,
2026-09-11,7577791613,1,889,889,889,889,109592163,596147,,
2026-09-11,7613921865,1,36428,36428,36428,36428,778564153,208700,,
2026-09-11,7709344486,1,91413,91413,91413,91413,73368560347,29310449,,
2026-09-11,7720654467,1,2959,2959,2959,2959,91654481,246041,,
2026-09-11,7856039629,1,6751,6751,6751,6751,50652554,1609364,,
2026-09-11,7891669427,1,1320,1320,1320,1320,40705057,910379,,
2026-09-11,8014099969,1,753,753,753,753,150337929,252397,,
2026-09-11,8343243056,1,8312,8312,8312,8312,240249119,1681582,,
2026-09-11,8356066619,1,7184,7184,7184,7184,86654902,46278,,
2026-09-11,8401518398,1,5138,5138,5138,5138,102348207,86270,,
2026-09-11,8472682462,1,2856,2856,2856,2856,73828441,59817,,
2026-09-11,8504461817,2,2571,2571,2014,3128,193784203,106212,,
2026-09-11,8539298853,1,6044,6044,6044,6044,1286996733,1799303,,
2026-09-11,8759966530,1,977,977,977,977,125736301,409666,,
2026-09-11,8791358380,1,6211,6211,6211,6211,450561230,13522759,,
2026-09-11,8950496606,1,1319,1319,1319,1319,178063846,447555,,
2026-09-11,9098570654,1,13393,13393,13393,13393,255989835,427252,,
2026-09-11,9141743926,1,5910,5910,5910,5910,448474263,598106,,
2026-09-11,9145063979,1,7594,7594,7594,7594,571977381,586146,,
2026-09-11,9219116196,1,1473,1473,1473,1473,99830498,276032,,
2026-09-11,9296042754,1,4807,4807,4807,4807,71540026,336656,,
2026-09-11,9315739469,1,780,780,780,780,86642796,92841,,
2026-09-11,9348272796,1,8870,8870,8870,8870,728191115,670407,,
2026-09-11,9362896961,1,3606,3606,3606,3606,153586946,220399,,
2026-09-11,9363735110,1,4903,4903,4903,4903,5711768151,2052022,,
2026-09-11,9442472087,1,886,886,886,886,9606207,260887,,
2026-09-11,9481391333,1,3963,3963,3963,3963,29064030,656422,,
2026-09-11,9513686983,1,3484,3484,3484,3484,428655037,14124439,,
2026-09-11,9526307912,1,1263,1263,1263,1263,100610394,173115,,
2026-09-11,9561553764,1,14437,14437,14437,14437,206115082,182899,,
2026-09-11,9582986239,1,5795,5795,5795,5795,9992174,58099,,
2026-09-11,9584852943,1,181134,181134,181134,181134,5753765729,6436132,,
2026-09-11,9592387369,1,17449,17449,17449,17449,31971571,111487,,
2026-09-11,9758688665,1,3153,3153,3153,3153,117870071,6045946,,
2026-09-11,9793308933,1,3934,3934,3934,3934,55611289,1373397,,
2026-09-11,9830725726,1,3209,3209,3209,3209,55984625,60981,,
2026-09-11,9889811676,1,1810,1810,1810,1810,27217495,193428,,
2026-09-11,9940725596,1,1053,1053,1053,1053,37536363,50675,,
2026-09-11,9940812243,1,3234,3234,3234,3234,12650644,152498,,
2026-09-11,9969095451,1,3018,3018,3018,3018,40965696,1634638,,
2026-09-11,9998576154,1,4766,4766,4766,4766,122517597,7698415,,
2026-09-11,10004244222,1,31332,31332,31332,31332,1814558690,25737044,,
2026-09-11,10039940475,1,828,828,828,828,907181,9398,,
2026-09-11,10065013948,1,3769,3769,3769,3769,68269886,106283,,
2026-09-11,10144280947,1,37344,37344,37344,37344,556428134,10971151,,
2026-09-11,10144587520,1,13035,13035,13035,13035,71040704,1862097,,
2026-09-11,10153098880,1,4721,4721,4721,4721,30981020,227870,,
2026-09-11,10156435104,1,3903,3903,3903,3903,59062207,93682,,
2026-09-11,10184247393,1,5543,5543,5543,5543,97763272,2667797,,
2026-09-11,10199301628,1,18767,18767,18767,18767,405796278,1956468,,
2026-09-11,10200395747,1,8117,8117,8117,8117,1668761441,662202,,
2026-09-11,10244001346,1,4803,4803,4803,4803,105924061,110374,,
2026-09-11,10247797619,1,3690,3690,3690,3690,64235705,182997,,
2026-09-11,10253235584,1,6544,6544,6544,6544,61270597,609790,,
2026-09-11,10272236945,1,2989,2989,2989,2989,34128323,50176,,
2026-09-11,10274447949,1,5037,5037,5037,5037,,,,
2026-09-11,10298144467,1,8659,8659,8659,8659,33629850,39238,,
2026-09-11,10321202755,1,6214,6214,6214,6214,47247550,433891,,
2026-09-11,10338952197,1,16842,16842,16842,16842,101059158,6992234,,
2026-09-11,10351850295,1,8528,8528,8528,8528,27212463,856852,,
2026-09-11,10376944238,1,2677,2677,2677,2677,49619927,284142,,
2026-09-11,10381830868,1,2140,2140,2140,2140,1756050,9508,,
2026-09-11,10399136326,1,22417,22417,22417,22417,61568805,110154,,
2026-09-11,10431718987,1,4783,4783,4783,4783,34155411,85786,,
2026-09-11,10455462279,1,5729,5729,5729,5729,46704069,1955656,,
2026-09-11,10461810987,1,6538,6538,6538,6538,22933867,44292,,
2026-09-11,10471583973,1,4439,4439,4439,4439,26647772,86703,,
2026-09-11,10496981141,1,9420,9420,9420,9420,11343696,176224,,
2026-09-11,10502841145,1,16947,16947,16947,16947,81209446,110755,,
2026-09-11,10514488908,1,1284,1284,1284,1284,17981990,44020,,
2026-09-11,10524813259,1,4883,4883,4883,4883,6165511,35767,,
2026-09-11,10526166728,1,3090,3090,3090,3090,7250388,17049,,
2026-09-11,10526434002,1,2926,2926,2926,2926,25477743,39123,,
2026-09-11,10547918402,1,3857,3857,3857,3857,36599163,77156,,
2026-09-11,10551595617,1,17539,17539,17539,17539,74792557,2155796,,
2026-09-11,10551923502,1,5959,5959,5959,5959,22895525,1887818,,
2026-09-11,10563114921,1,2197738,2197738,2197738,2197738,2597848088,3357253,,
2026-09-11,10577682617,1,17151,17151,17151,17151,11452094,32726,,
2026-09-11,10601447895,1,3312,3312,3312,3312,34565135,725230,,
2026-09-11,10604542637,1,2978,2978,2978,2978,1683808,5081,,
2026-09-11,10604772590,1,9187,9187,9187,9187,18914224,37157,,
2026-09-11,10605467256,1,8335,8335,8335,8335,24048003,33035,,
2026-09-11,10637513477,1,3284,3284,3284,3284,13721262,21249,,
2026-09-11,10681914462,1,29546,29546,29546,29546,13123251,37482,,
2026-09-11,10682099418,1,11071,11071,11071,11071,4667780,306117,,
2026-09-11,10683945170,2,11027,11027,10417,11637,9000963,586695,,
2026-09-11,10694549945,1,14391,14391,14391,14391,7260704,13824,,
2026-09-11,10700505394,1,13450,13450,13450,13450,19164385,65075,,
2026-09-11,10708913337,1,28789,28789,28789,28789,5649131,26830,,
2026-09-11,10737231383,1,11865,11865,11865,11865,2033148,106145,,
2026-09-11,10747748563,1,8263,8263,8263,8263,784255,42432,,
2026-09-11,10757504146,1,8718,8718,8718,8718,4605198,7894,,
2026-09-11,10764208570,1,1649,1649,1649,1649,1381941,5338,,
2026-09-11,10764328008,1,12741,12741,12741,12741,1538005,15913,,
2026-09-12,31970568,1,7371,7371,7371,7371,1615136607,6089797,,
2026-09-12,66654135,1,408037,408037,408037,408037,30400736313,24019019,,
2026-09-12,465016798,1,2877,2877,2877,2877,125562417,409874,,
2026-09-12,568307879,1,791,791,791,791,526797700,552113,,
2026-09-12,903807016,1,6481,6481,6481,6481,1580588769,2841761,,
2026-09-12,1053132402,1,2818,2818,2818,2818,570256694,974638,,
2026-09-12,1198533421,1,1197,1197,1197,1197,182874964,731488,,
2026-09-12,1214576306,1,2808,2808,2808,2808,1647822506,4301411,,
2026-09-12,1430007363,1,3130,3130,3130,3130,914590115,2389912,,
2026-09-12,1489026993,2,6292,6292,5372,7213,2681207939,4355409,,
2026-09-12,1526814825,1,12805,12805,12805,12805,1108394671,4377507,,
2026-09-12,1637284552,1,1016,1016,1016,1016,,,,
2026-09-12,1795206523,1,1243,1243,1243,1243,959410984,932745,,
2026-09-12,1831550657,1,34071,34071,34071,34071,2212221518,11148529,,
2026-09-12,1998835206,1,4961,4961,4961,4961,590261621,1174769,,
2026-09-12,2049551477,2,3308,3308,3039,3576,1479132102,1935938,,
2026-09-12,2073329983,1,3476,3476,3476,3476,242823069,4743530,,
2026-09-12,2165551367,1,979,979,979,979,,,,
2026-09-12,2247578975,2,3246,3246,3119,3374,1228248047,14942774,,
2026-09-12,2274830359,1,13499,13499,13499,13499,3015589397,2046052,,
2026-09-12,2294168059,1,4974,4974,4974,4974,1252012253,3377472,,
2026-09-12,2369077151,1,5990,5990,5990,5990,417022053,11065741,,
2026-09-12,2440500124,1,92992,92992,92992,92992,7708516102,8151004,,
2026-09-12,2491559356,1,1940,1940,1940,1940,86475978,176761,,
2026-09-12,2655478023,2,3294,3294,3027,3561,1027653762,3506084,,
2026-09-12,2788648141,1,4943,4943,4943,4943,1006295734,2135592,,
2026-09-12,2821905072,1,3561,3561,3561,3561,276066780,5733199,,
2026-09-12,2827951974,1,852,852,852,852,814222323,688042,,
2026-09-12,2921237723,1,768,768,768,768,143110115,771709,,
2026-09-12,2992873140,1,18019,18019,18019,18019,1419056861,1024876,,
2026-09-12,3079618996,1,11115,11115,11115,11115,801936900,1064276,,
2026-09-12,3187874989,1,4571,4571,4571,4571,180833324,243796,,
2026-09-12,3274669156,1,851,851,851,851,69877416,675972,,
2026-09-12,3310460039,1,23364,23364,23364,23364,4668701055,105188780,,
2026-09-12,3346892457,1,1736,1736,1736,1736,449868726,189487,,
2026-09-12,3472976893,1,1981,1981,1981,1981,186215586,3484629,,
2026-09-12,3502524667,1,1341,1341,1341,1341,763219017,3691106,,
2026-09-12,3551414857,1,1632,1632,1632,1632,636202450,1329523,,
2026-09-12,3647333358,1,41817,41817,41817,41817,9168762318,8224948,,
2026-09-12,3746418487,1,3538,3538,3538,3538,328802600,400704,,
2026-09-12,3754482795,1,7338,7338,7338,7338,1287474082,4567826,,
2026-09-12,3759884822,1,2763,2763,2763,2763,137285108,121476,,
2026-09-12,3841172115,1,1873,1873,1873,1873,156428121,707547,,
2026-09-12,4028801234,1,674,674,674,674,238041621,12686672,,
2026-09-12,4071487712,1,1143,1143,1143,1143,30212461,124233,,
2026-09-12,4283416256,1,752,752,752,752,23307870,135191,,
2026-09-12,4343544885,1,3805,3805,3805,3805,126938924,2785606,,
2026-09-12,4348829796,1,15458,15458,15458,15458,2680774032,11384443,,
2026-09-12,4457060041,1,3215,3215,3215,3215,140978753,227983,,
2026-09-12,4518160318,1,5442,5442,5442,5442,647892885,1175146,,
2026-09-12,4595016786,1,3613,3613,3613,3613,608003745,756568,,
2026-09-12,4599924264,1,3741,3741,3741,3741,726472303,290447,,
2026-09-12,4673599750,1,2598,2598,2598,2598,543521461,497127,,
2026-09-12,4720386144,1,2586,2586,2586,2586,121833406,615667,,
2026-09-12,4793836769,1,6996,6996,6996,6996,308436115,6513042,,
2026-09-12,4925331346,1,4270,4270,4270,4270,322514787,503304,,
2026-09-12,4944984948,1,8058,8058,8058,8058,288102567,157987,,
2026-09-12,5195168716,1,1447,1447,1447,1447,101611649,657352,,
2026-09-12,5207621753,1,2828,2828,2828,2828,96712237,77755,,
2026-09-12,5361032378,1,46155,46155,46155,46155,2156056740,1013038,,
2026-09-12,5508238359,1,6303,6303,6303,6303,110061871,1923443,,
2026-09-12,5576890130,1,2967,2967,2967,2967,167050907,7388256,,
2026-09-12,5578556129,1,22402,22402,22402,22402,2038925017,1988736,,
2026-09-12,5668114043,1,1537,1537,1537,1537,245566040,750485,,
2026-09-12,5750914919,1,124514,124514,124514,124514,4885529754,3616678,,
2026-09-12,5795519964,1,3022,3022,3022,3022,156699436,64075,,
2026-09-12,5927446137,1,919,919,919,919,46742130,606526,,
2026-09-12,6015491985,1,5100,5100,5100,5100,,,,
2026-09-12,6072944764,1,1607,1607,1607,1607,56681272,67721,,
2026-09-12,6163884815,1,3022,3022,3022,3022,160013443,19244176,,
2026-09-12,6247557414,1,826,826,826,826,200386971,2328203,,
2026-09-12,6329693946,1,3085,3085,3085,3085,86805021,234505,,
2026-09-12,6466404775,1,2797,2797,2797,2797,75420759,138891,,
2026-09-12,6682487255,1,6672,6672,6672,6672,509476059,230113,,
2026-09-12,6749060816,1,12027,12027,12027,12027,278714823,1849755,,
2026-09-12,7018190066,1,22357,22357,22357,22357,6559970021,6100204,,
2026-09-12,7028566528,1,15167,15167,15167,15167,1130484900,2206701,,
2026-09-12,7058980030,1,9446,9446,9446,9446,613949233,1025085,,
2026-09-12,7073604286,1,2726,2726,2726,2726,423851339,436370,,
2026-09-12,7082244450,1,803,803,803,803,44677715,179380,,
2026-09-12,7082423811,1,5032,5032,5032,5032,295337456,1580605,,
2026-09-12,7094518649,1,13390,13390,13390,13390,361084913,866862,,
2026-09-12,7127084123,1,4545,4545,4545,4545,154097075,329535,,
2026-09-12,7128163167,1,2031,2031,2031,2031,79484655,133871,,
2026-09-12,7208219743,1,3568,3568,3568,3568,9832935,113461,,
2026-09-12,7219654364,1,90408,90408,90408,90408,1739833964,16100293,,
2026-09-12,7332711118,1,3531,3531,3531,3531,1881212200,2474153,,
2026-09-12,7339682753,1,2310,2310,2310,2310,73227293,5500164,,
2026-09-12,7364297396,1,2933,2933,2933,2933,456805869,670460,,
2026-09-12,7383133134,1,1412,1412,1412,1412,113303309,843818,,
2026-09-12,7434179990,1,7108,7108,7108,7108,243649581,8520529,,
2026-09-12,7436755782,1,34849,34849,34849,34849,35905023047,11402702,,
2026-09-12,7450124099,1,4322,4322,4322,4322,140162808,792459,,
2026-09-12,7577791613,1,1347,1347,1347,1347,109775726,596593,,
2026-09-12,7613921865,1,35417,35417,35417,35417,781226750,209092,,
2026-09-12,7690412163,1,822,822,822,822,86371554,207681,,
2026-09-12,7709344486,1,129480,129480,129480,129480,73388490101,29319143,,
2026-09-12,7720654467,1,3255,3255,3255,3255,92026541,246858,,
2026-09-12,7856039629,1,10062,10062,10062,10062,51899508,1636400,,
2026-09-12,7891669427,1,1509,1509,1509,1509,40849745,912399,,
2026-09-12,8014099969,1,957,957,957,957,,,,
2026-09-12,8316902627,1,3165,3165,3165,3165,4704403059,1994656,,
2026-09-12,8356066619,1,6871,6871,6871,6871,86811530,46325,,
2026-09-12,8401518398,1,6910,6910,6910,6910,103023048,87005,,
2026-09-12,8504461817,2,2962,2962,2449,3475,194185763,106625,,
2026-09-12,8539298853,1,7920,7920,7920,7920,1287706375,1800539,,
2026-09-12,8759966530,1,1908,1908,1908,1908,125920308,410023,,
2026-09-12,8791358380,1,7208,7208,7208,7208,451217956,13541325,,
2026-09-12,8950496606,1,2015,2015,2015,2015,178227782,447774,,
2026-09-12,8959257868,1,2812,2812,2812,2812,11370622,45564,,
2026-09-12,9098570654,1,14146,14146,14146,14146,256697877,428612,,
2026-09-12,9141743926,1,5154,5154,5154,5154,449090188,598329,,
2026-09-12,9145063979,1,8579,8579,8579,8579,572843705,587364,,
2026-09-12,9219116196,1,2195,2195,2195,2195,100004744,276684,,
2026-09-12,9296042754,1,7205,7205,7205,7205,72059962,338879,,
2026-09-12,9315739469,1,956,956,956,956,86792891,93038,,
2026-09-12,9348272796,1,11208,11208,11208,11208,729252987,671316,,
2026-09-12,9362896961,1,3943,3943,3943,3943,153767144,220501,,
2026-09-12,9363735110,1,6031,6031,6031,6031,5712421454,2052532,,
2026-09-12,9442472087,1,1235,1235,1235,1235,9670584,261588,,
2026-09-12,9481391333,1,5150,5150,5150,5150,29596389,662814,,
2026-09-12,9501409571,1,746,746,746,746,42401385,215550,,
2026-09-12,9513686983,1,3817,3817,3817,3817,429060099,14138850,,
2026-09-12,9526307912,1,1768,1768,1768,1768,100837376,173526,,
2026-09-12,9561553764,1,19635,19635,19635,19635,209183768,184982,,
2026-09-12,9569441921,1,3140,3140,3140,3140,8787422,78062,,
2026-09-12,9582986239,1,6104,6104,6104,6104,10265952,58958,,
2026-09-12,9584852943,1,249602,249602,249602,249602,5779762050,6464268,,
2026-09-12,9592387369,1,18708,18708,18708,18708,33780101,116134,,
2026-09-12,9758688665,1,4434,4434,4434,4434,118286938,6067767,,
2026-09-12,9793308933,1,4955,4955,4955,4955,56068851,1381075,,
2026-09-12,9829910038,1,760,760,760,760,1695595,6544,,
2026-09-12,9830725726,1,5342,5342,5342,5342,56507506,61642,,
2026-09-12,9889811676,1,2757,2757,2757,2757,27478929,194595,,
2026-09-12,9940725596,1,1345,1345,1345,1345,37740421,51015,,
2026-09-12,9940812243,1,3266,3266,3266,3266,12772150,153387,,
2026-09-12,9948575164,1,2923,2923,2923,2923,48404764,236412,,
2026-09-12,9953328866,1,3153,3153,3153,3153,57012240,65266,,
2026-09-12,9969095451,1,3078,3078,3078,3078,41241803,1645133,,
2026-09-12,9998576154,1,5799,5799,5799,5799,122975586,7725956,,
2026-09-12,10004244222,1,38215,38215,38215,38215,1818535964,25773793,,
2026-09-12,10039940475,1,1070,1070,1070,1070,973969,9855,,
2026-09-12,10065013948,1,4609,4609,4609,4609,68664069,106958,,
2026-09-12,10144280947,1,43370,43370,43370,43370,562179145,11064044,,
2026-09-12,10144587520,1,15729,15729,15729,15729,71735420,1884479,,
2026-09-12,10153098880,1,4574,4574,4574,4574,31242317,229360,,
2026-09-12,10156435104,1,4574,4574,4574,4574,59407398,94149,,
2026-09-12,10184247393,1,6517,6517,6517,6517,98273227,2682544,,
2026-09-12,10199301628,1,21203,21203,21203,21203,407829657,1962973,,
2026-09-12,10200395747,1,7664,7664,7664,7664,1669318808,662273,,
2026-09-12,10244001346,1,5004,5004,5004,5004,106596164,111126,,
2026-09-12,10247797619,1,4382,4382,4382,4382,64667690,184082,,
2026-09-12,10253235584,1,8035,8035,8035,8035,61615641,613382,,
2026-09-12,10263732883,1,3507,3507,3507,3507,2583203,23765,,
2026-09-12,10272236945,1,4004,4004,4004,4004,34509099,50729,,
2026-09-12,10274447949,1,5905,5905,5905,5905,50671289,3580172,,
2026-09-12,10298144467,1,8494,8494,8494,8494,34065091,39440,,
2026-09-12,10321202755,1,7313,7313,7313,7313,47433680,435801,,
2026-09-12,10338952197,1,20813,20813,20813,20813,102106501,7021844,,
2026-09-12,10351850295,1,11276,11276,11276,11276,28407869,895978,,
2026-09-12,10376944238,1,3761,3761,3761,3761,50146191,286310,,
2026-09-12,10381830868,1,2166,2166,2166,2166,1964682,10605,,
2026-09-12,10399136326,1,29813,29813,29813,29813,63969444,114218,,
2026-09-12,10431718987,1,5921,5921,5921,5921,34641707,87031,,
2026-09-12,10455462279,1,7122,7122,7122,7122,47378031,1975400,,
2026-09-12,10461810987,1,7012,7012,7012,7012,24037594,45921,,
2026-09-12,10471583973,1,4512,4512,4512,4512,26961642,87463,,
2026-09-12,10496981141,1,10889,10889,10889,10889,12216879,177579,,
2026-09-12,10502841145,1,17032,17032,17032,17032,82240189,111555,,
2026-09-12,10514488908,1,1942,1942,1942,1942,18207923,44550,,
2026-09-12,10524813259,1,5021,5021,5021,5021,,,,
2026-09-12,10526166728,1,3224,3224,3224,3224,7472054,17492,,
2026-09-12,10526434002,1,3524,3524,3524,3524,25863186,39724,,
2026-09-12,10547918402,1,4973,4973,4973,4973,37124570,77861,,
2026-09-12,10551595617,1,20088,20088,20088,20088,76990381,2199874,,
2026-09-12,10551923502,1,5972,5972,5972,5972,23424557,1924669,,
2026-09-12,10563114921,1,3220000,3220000,3220000,3220000,2776918268,3564781,,
2026-09-12,10577682617,1,19152,19152,19152,19152,12948437,36840,,
2026-09-12,10601447895,1,3569,3569,3569,3569,35061898,726011,,
2026-09-12,10604542637,1,3692,3692,3692,3692,2031577,6024,,
2026-09-12,10604772590,1,11505,11505,11505,11505,19608554,38528,,
2026-09-12,10605467256,1,10048,10048,10048,10048,25841158,35197,,
2026-09-12,10637513477,1,3440,3440,3440,3440,14174552,21814,,
2026-09-12,10681914462,1,32638,32638,32638,32638,17019540,48028,,
2026-09-12,10682099418,1,10580,10580,10580,10580,6386254,386752,,
2026-09-12,10683945170,2,14444,14444,13504,15384,10386463,661744,,
2026-09-12,10694549945,1,39950,39950,39950,39950,8526556,15881,,
2026-09-12,10700505394,1,14426,14426,14426,14426,20980560,70810,,
2026-09-12,10708913337,1,32781,32781,32781,32781,7072444,31921,,
2026-09-12,10737231383,1,8172,8172,8172,8172,3039640,144920,,
2026-09-12,10747748563,1,15334,15334,15334,15334,1516959,78618,,
2026-09-12,10757504146,1,10296,10296,10296,10296,5589555,9377,,
2026-09-12,10764208570,1,2405,2405,2405,2405,1756333,6458,,
2026-09-12,10764328008,1,11740,11740,11740,11740,2299743,22786,,
2026-09-13,2471084,1,3653,3653,3653,3653,1312577834,4619114,,
2026-09-13,31970568,1,8454,8454,8454,8454,1615595959,6090458,,
2026-09-13,66654135,1,403994,403994,403994,403994,30444196626,24039325,,
2026-09-13,465016798,1,3168,3168,3168,3168,125796485,410379,,
2026-09-13,568307879,1,835,835,835,835,526916181,552314,,
2026-09-13,605887098,1,3564,3564,3564,3564,2526057862,3716657,,
2026-09-13,903807016,1,7839,7839,7839,7839,1581268023,2842146,,
2026-09-13,1198533421,1,1519,1519,1519,1519,182991952,731689,,
2026-09-13,1214576306,1,3158,3158,3158,3158,1648009368,4301651,,
2026-09-13,1430007363,1,3282,3282,3282,3282,915035188,2392286,,
2026-09-13,1489026993,2,6314,6314,5346,7283,2681870069,4356274,,
2026-09-13,1526814825,1,14651,14651,14651,14651,1109312583,4380642,,
2026-09-13,1637284552,1,1016,1016,1016,1016,,,,
2026-09-13,1795206523,1,1182,1182,1182,1182,959636703,932835,,
2026-09-13,1831550657,1,34559,34559,34559,34559,2214036455,11154841,,
2026-09-13,1998835206,1,4723,4723,4723,4723,590564942,1175087,,
2026-09-13,2049551477,2,3260,3260,3259,3262,1479569196,1936606,,
2026-09-13,2073329983,1,3254,3254,3254,3254,,,,
2026-09-13,2092410051,1,2955,2955,2955,2955,337206891,1404667,,
2026-09-13,2165551367,1,853,853,853,853,675430406,2442929,,
2026-09-13,2247578975,2,3874,3874,3668,4081,1228755701,14943218,,
2026-09-13,2274830359,1,12930,12930,12930,12930,3017235682,2047760,,
2026-09-13,2294168059,1,4139,4139,4139,4139,1252429642,3378749,,
2026-09-13,2369077151,1,7101,7101,7101,7101,417609092,11078964,,
2026-09-13,2440500124,1,83905,83905,83905,83905,7715758350,8156279,,
2026-09-13,2491559356,1,1754,1754,1754,1754,86641308,176969,,
2026-09-13,2655478023,2,3906,3906,3639,4173,1028235694,3506821,,
2026-09-13,2788648141,1,4554,4554,4554,4554,1006654294,2138274,,
2026-09-13,2821905072,1,3792,3792,3792,3792,276384589,5737847,,
2026-09-13,2827951974,1,789,789,789,789,814356051,688252,,
2026-09-13,2921237723,1,611,611,611,611,143191982,771965,,
2026-09-13,2992873140,1,20929,20929,20929,20929,1420351893,1025504,,
2026-09-13,3034836582,1,814,814,814,814,506107137,1919765,,
2026-09-13,3079618996,1,10747,10747,10747,10747,802915436,1072171,,
2026-09-13,3164075108,1,2936,2936,2936,2936,284983432,741976,,
2026-09-13,3187874989,1,4386,4386,4386,4386,181320000,244295,,
2026-09-13,3191268194,1,2775,2775,2775,2775,1361214269,5551878,,
2026-09-13,3274669156,1,673,673,673,673,69928707,676398,,
2026-09-13,3310460039,1,26881,26881,26881,26881,4671853700,105190650,,
2026-09-13,3346892457,1,1920,1920,1920,1920,450182930,189958,,
2026-09-13,3420059569,1,2796,2796,2796,2796,964667619,27487215,,
2026-09-13,3472976893,1,1827,1827,1827,1827,186669697,3496368,,
2026-09-13,3502524667,1,1502,1502,1502,1502,763464572,3691429,,
2026-09-13,3551414857,1,1768,1768,1768,1768,636344380,1329722,,
2026-09-13,3647333358,1,37043,37043,37043,37043,9174104283,8228600,,
2026-09-13,3746418487,1,3052,3052,3052,3052,329126760,401231,,
2026-09-13,3754482795,1,8596,8596,8596,8596,1288326029,4571405,,
2026-09-13,3759884822,1,2859,2859,2859,2859,137496994,121745,,
2026-09-13,3841172115,1,2435,2435,2435,2435,156643994,708169,,
2026-09-13,4028801234,1,671,671,671,671,238134604,12692108,,
2026-09-13,4071487712,1,996,996,996,996,30280282,124439,,
2026-09-13,4283416256,1,706,706,706,706,23366184,135454,,
2026-09-13,4343544885,1,3910,3910,3910,3910,127210026,2790393,,
2026-09-13,4348829796,1,15433,15433,15433,15433,2682736474,11397141,,
2026-09-13,4457060041,1,3279,3279,3279,3279,141218902,228278,,
2026-09-13,4518160318,1,6281,6281,6281,6281,648291521,1176195,,
2026-09-13,4595016786,1,4477,4477,4477,4477,608383922,757262,,
2026-09-13,4599924264,1,4050,4050,4050,4050,726978276,290828,,
2026-09-13,4673599750,1,2220,2220,2220,2220,544454639,497871,,
2026-09-13,4720386144,1,2279,2279,2279,2279,122025450,616826,,
2026-09-13,4793836769,1,4803,4803,4803,4803,308967415,6522585,,
2026-09-13,4925331346,1,4886,4886,4886,4886,322833043,503952,,
2026-09-13,4944984948,1,8780,8780,8780,8780,289242616,159364,,
2026-09-13,4998493959,1,3045,3045,3045,3045,249448281,18719469,,
2026-09-13,5195168716,1,1882,1882,1882,1882,101737741,657983,,
2026-09-13,5207621753,1,4502,4502,4502,4502,97063265,78038,,
2026-09-13,5361032378,1,45061,45061,45061,45061,2158426436,1013622,,
2026-09-13,5508238359,1,6355,6355,6355,6355,110667515,1930492,,
2026-09-13,5578556129,1,44983,44983,44983,44983,2040666548,1989364,,
2026-09-13,5668114043,1,1495,1495,1495,1495,245747858,750870,,
2026-09-13,5750914919,1,126929,126929,126929,126929,4893920819,3620219,,
2026-09-13,5927446137,1,772,772,772,772,46805939,607147,,
2026-09-13,6015491985,1,4360,4360,4360,4360,368466491,219761,,
2026-09-13,6049736902,1,2779,2779,2779,2779,81348938,105714,,
2026-09-13,6072944764,1,1650,1650,1650,1650,56791044,68006,,
2026-09-13,6247557414,1,853,853,853,853,200495067,2329613,,
2026-09-13,6329693946,1,3237,3237,3237,3237,86985786,234876,,
2026-09-13,6491900489,1,3311,3311,3311,3311,572503651,446256,,
2026-09-13,6635513269,1,670,670,670,670,870696,8831,,
2026-09-13,6682487255,1,5886,5886,5886,5886,510033579,230161,,
2026-09-13,6749060816,1,11538,11538,11538,11538,279637922,1854927,,
2026-09-13,7018190066,1,22403,22403,22403,22403,6562097600,6101701,,
2026-09-13,7028566528,1,9438,9438,9438,9438,1131526432,2208379,,
2026-09-13,7058980030,1,10003,10003,10003,10003,615414268,1027494,,
2026-09-13,7073604286,1,2993,2993,2993,2993,424312016,436935,,
2026-09-13,7082244450,1,699,699,699,699,44826370,179773,,
2026-09-13,7082423811,1,4736,4736,4736,4736,295799148,1581312,,
2026-09-13,7094518649,1,14803,14803,14803,14803,361799190,868400,,
2026-09-13,7127084123,1,3918,3918,3918,3918,154395216,330065,,
2026-09-13,7128163167,1,1770,1770,1770,1770,79690025,134240,,
2026-09-13,7208219743,1,3977,3977,3977,3977,10060371,115725,,
2026-09-13,7219654364,1,95434,95434,95434,95434,1748312368,16144536,,
2026-09-13,7332711118,1,3506,3506,3506,3506,1881726353,2474577,,
2026-09-13,7339682753,1,2888,2888,2888,2888,73573165,5527082,,
2026-09-13,7364297396,1,3057,3057,3057,3057,457420252,671376,,
2026-09-13,7383133134,1,1624,1624,1624,1624,113609855,846343,,
2026-09-13,7434179990,1,8602,8602,8602,8602,244320025,8542598,,
2026-09-13,7436755782,1,38176,38176,38176,38176,35908507332,11404600,,
2026-09-13,7450124099,1,3271,3271,3271,3271,140446693,793890,,
2026-09-13,7577791613,1,1553,1553,1553,1553,110011565,597082,,
2026-09-13,7613921865,1,28852,28852,28852,28852,783771031,209461,,
2026-09-13,7690412163,1,1228,1228,1228,1228,86463046,208005,,
2026-09-13,7709344486,1,124203,124203,124203,124203,73426279057,29332574,,
2026-09-13,7720654467,1,3534,3534,3534,3534,92472972,247799,,
2026-09-13,7856039629,1,9852,9852,9852,9852,53250435,1663856,,
2026-09-13,7891669427,1,1261,1261,1261,1261,40997721,914470,,
2026-09-13,8014099969,1,832,832,832,832,150567521,252833,,
2026-09-13,8316902627,1,3522,3522,3522,3522,4704959243,1994974,,
2026-09-13,8356066619,1,6311,6311,6311,6311,86973838,46416,,
2026-09-13,8401518398,1,6995,6995,6995,6995,103909983,87953,,
2026-09-13,8472682462,1,2667,2667,2667,2667,74424696,60734,,
2026-09-13,8504461817,2,3318,3318,2519,4117,194665712,107106,,
2026-09-13,8539298853,1,7896,7896,7896,7896,1288540564,1802005,,
2026-09-13,8724785394,1,3447,3447,3447,3447,2594306,117894,,
2026-09-13,8759966530,1,2452,2452,2452,2452,126154835,410492,,
2026-09-13,8791358380,1,6798,6798,6798,6798,452000322,13563750,,
2026-09-13,8950496606,1,1772,1772,1772,1772,178396354,448093,,
2026-09-13,8959257868,1,4234,4234,4234,4234,11567784,45922,,
2026-09-13,9077534770,1,617,617,617,617,63174379,194884,,
2026-09-13,9098570654,1,16328,16328,16328,16328,257712063,430271,,
2026-09-13,9141743926,1,5075,5075,5075,5075,449688349,598546,,
2026-09-13,9145063979,1,10785,10785,10785,10785,573957118,588847,,
2026-09-13,9219116196,1,2444,2444,2444,2444,100218013,277486,,
2026-09-13,9296042754,1,7268,7268,7268,7268,72770964,342229,,
2026-09-13,9315739469,1,985,985,985,985,86955419,93255,,
2026-09-13,9348272796,1,11279,11279,11279,11279,730563803,672564,,
2026-09-13,9362896961,1,4196,4196,4196,4196,153985550,220611,,
2026-09-13,9363735110,1,5987,5987,5987,5987,5713367941,2053214,,
2026-09-13,9409870130,1,622,622,622,622,22820451,278594,,
2026-09-13,9442472087,1,1072,1072,1072,1072,9731469,262281,,
2026-09-13,9481391333,1,4537,4537,4537,4537,30069333,668039,,
2026-09-13,9513686983,1,4073,4073,4073,4073,429542226,14157017,,
2026-09-13,9526307912,1,1498,1498,1498,1498,101091718,173961,,
2026-09-13,9561553764,1,17796,17796,17796,17796,212425320,187142,,
2026-09-13,9569441921,1,4094,4094,4094,4094,9327252,80746,,
2026-09-13,9582986239,1,6293,6293,6293,6293,10570681,60008,,
2026-09-13,9584852943,1,221169,221169,221169,221169,5828783954,6500892,,
2026-09-13,9592387369,1,17526,17526,17526,17526,35729201,121516,,
2026-09-13,9660713566,1,3015,3015,3015,3015,105503528,6364491,,
2026-09-13,9758688665,1,3583,3583,3583,3583,118770377,6090804,,
2026-09-13,9793308933,1,5694,5694,5694,5694,56571888,1388750,,
2026-09-13,9812090239,1,1969,1969,1969,1969,38169496,917961,,
2026-09-13,9830725726,1,4243,4243,4243,4243,57175501,62523,,
2026-09-13,9889811676,1,3007,3007,3007,3007,27775511,195880,,
2026-09-13,9940725596,1,1083,1083,1083,1083,37939773,51386,,
2026-09-13,9940812243,1,3428,3428,3428,3428,12904369,154417,,
2026-09-13,9948575164,1,3092,3092,3092,3092,48768609,237420,,
2026-09-13,9953328866,1,3614,3614,3614,3614,57357147,65753,,
2026-09-13,9963622286,1,2894,2894,2894,2894,112012842,2684055,,
2026-09-13,9969095451,1,2668,2668,2668,2668,41538494,1655845,,
2026-09-13,9998576154,1,4337,4337,4337,4337,123474156,7754222,,
2026-09-13,10004244222,1,39807,39807,39807,39807,1826655698,25819039,,
2026-09-13,10039940475,1,1119,1119,1119,1119,1044049,10389,,
2026-09-13,10065013948,1,3858,3858,3858,3858,69082020,107595,,
2026-09-13,10110316965,1,15150,15150,15150,15150,12712930,659449,,
2026-09-13,10144280947,1,41698,41698,41698,41698,571518358,11164191,,
2026-09-13,10144587520,1,15654,15654,15654,15654,72781811,1907622,,
2026-09-13,10153098880,1,4951,4951,4951,4951,31524661,231239,,
2026-09-13,10156435104,1,4652,4652,4652,4652,59840982,94825,,
2026-09-13,10184247393,1,6925,6925,6925,6925,98989813,2701287,,
2026-09-13,10199301628,1,17527,17527,17527,17527,410248669,1970483,,
2026-09-13,10200395747,1,8053,8053,8053,8053,1669912874,662329,,
2026-09-13,10244001346,1,6985,6985,6985,6985,107486414,112123,,
2026-09-13,10247797619,1,5356,5356,5356,5356,65226303,185351,,
2026-09-13,10253235584,1,8016,8016,8016,8016,62093649,617404,,
2026-09-13,10263732883,1,3887,3887,3887,3887,2784726,24878,,
2026-09-13,10272236945,1,4040,4040,4040,4040,35001802,51396,,
2026-09-13,10274447949,1,5919,5919,5919,5919,51308641,3624361,,
2026-09-13,10298144467,1,15200,15200,15200,15200,34571099,39743,,
2026-09-13,10321202755,1,10779,10779,10779,10779,47759819,438606,,
2026-09-13,10338952197,1,19496,19496,19496,19496,103673326,7050080,,
2026-09-13,10351850295,1,8352,8352,8352,8352,29675897,935448,,
2026-09-13,10376944238,1,3603,3603,3603,3603,50689987,288538,,
2026-09-13,10381830868,1,3975,3975,3975,3975,2243682,11918,,
2026-09-13,10399136326,1,33214,33214,33214,33214,67109057,119462,,
2026-09-13,10409732219,1,2769,2769,2769,2769,91569522,5733249,,
2026-09-13,10415845204,1,8917,8917,8917,8917,5640759,530687,,
2026-09-13,10431718987,1,7566,7566,7566,7566,35311523,88701,,
2026-09-13,10455462279,1,11780,11780,11780,11780,48510571,2001954,,
2026-09-13,10461810987,1,5535,5535,5535,5535,25368241,47598,,
2026-09-13,10471583973,1,5549,5549,5549,5549,27332504,88320,,
2026-09-13,10496981141,1,8041,8041,8041,8041,13321810,179332,,
2026-09-13,10502841145,1,21017,21017,21017,21017,83467179,112688,,
2026-09-13,10514488908,1,1856,1856,1856,1856,18462808,45167,,
2026-09-13,10524813259,1,5465,5465,5465,5465,6761385,37918,,
2026-09-13,10526166728,1,2986,2986,2986,2986,7713889,17945,,
2026-09-13,10526434002,1,2821,2821,2821,2821,26302085,40415,,
2026-09-13,10536000210,1,8925,8925,8925,8925,3597509,9193,,
2026-09-13,10547918402,1,4317,4317,4317,4317,37769859,78687,,
2026-09-13,10551595617,1,18406,18406,18406,18406,79315049,2244187,,
2026-09-13,10551923502,1,3777,3777,3777,3777,23981778,1959045,,
2026-09-13,10563114921,1,2841212,2841212,2841212,2841212,3139954731,3866774,,
2026-09-13,10577682617,1,19891,19891,19891,19891,14602175,40795,,
2026-09-13,10601447895,1,3202,3202,3202,3202,35643428,726888,,
2026-09-13,10604542637,1,2848,2848,2848,2848,2434163,7299,,
2026-09-13,10604772590,1,12152,12152,12152,12152,20581160,40223,,
2026-09-13,10605467256,1,9744,9744,9744,9744,27930221,37675,,
2026-09-13,10637513477,1,3228,3228,3228,3228,14715869,22433,,
2026-09-13,10681914462,1,50317,50317,50317,50317,21657239,60777,,
2026-09-13,10682099418,1,11502,11502,11502,11502,7824779,469283,,
2026-09-13,10683945170,2,13076,13076,12115,14036,11885008,733210,,
2026-09-13,10694549945,1,11820,11820,11820,11820,10025788,17626,,
2026-09-13,10699057921,1,2905,2905,2905,2905,1796351,30982,,
2026-09-13,10700505394,1,17526,17526,17526,17526,23220426,78567,,
2026-09-13,10708913337,1,45885,45885,45885,45885,8989883,38272,,
2026-09-13,10718240577,1,23706,23706,23706,23706,6179461,78217,,
2026-09-13,10737231383,1,19538,19538,19538,19538,4032199,180682,,
2026-09-13,10757504146,1,13337,13337,13337,13337,6806636,11301,,
2026-09-13,10764208570,1,1239,1239,1239,1239,2075212,7412,,
2026-09-13,10764328008,1,11212,11212,11212,11212,3028421,29037,,
2026-09-14,2471084,1,2715,2715,2715,2715,1312743756,4619472,,
2026-09-14,31970568,1,5544,5544,5544,5544,1615954992,6090942,,
2026-09-14,66654135,1,222192,222192,222192,222192,30476788036,24054606,,
2026-09-14,903807016,1,4983,4983,4983,4983,1581865442,2842475,,
2026-09-14,1198533421,1,973,973,973,973,183074386,731875,,
2026-09-14,1430007363,1,1728,1728,1728,1728,915361875,2393983,,
2026-09-14,1489026993,2,4106,4106,3246,4966,2682384618,4357038,,
2026-09-14,1526814825,1,9631,9631,9631,9631,1110074456,4383034,,
2026-09-14,1637284552,1,1016,1016,1016,1016,,,,
2026-09-14,1831550657,1,27001,27001,27001,27001,2215540583,11159568,,
2026-09-14,1998835206,1,2077,2077,2077,2077,590771085,1175283,,
2026-09-14,2049551477,1,1646,1646,1646,1646,1479858702,1937044,,
2026-09-14,2247578975,2,2421,2421,1954,2888,1229129811,14943604,,
2026-09-14,2274830359,1,7261,7261,7261,7261,3018518164,2049009,,
2026-09-14,2294168059,1,2067,2067,2067,2067,1252724988,3379773,,
2026-09-14,2369077151,1,3955,3955,3955,3955,418145150,11092125,,
2026-09-14,2440500124,1,41274,41274,41274,41274,7720552528,8160167,,
2026-09-14,2491559356,1,1008,1008,1008,1008,86769162,177215,,
2026-09-14,2655478023,1,1857,1857,1857,1857,1028644789,3507329,,
2026-09-14,2788648141,1,3231,3231,3231,3231,1006921722,2140129,,
2026-09-14,2992873140,1,15984,15984,15984,15984,1421331259,1026047,,
2026-09-14,3079618996,1,9068,9068,9068,9068,803672019,1078017,,
2026-09-14,3187874989,1,3061,3061,3061,3061,181663554,244670,,
2026-09-14,3310460039,1,19215,19215,19215,19215,4674681334,105192643,,
2026-09-14,3346892457,1,1377,1377,1377,1377,450429897,190345,,
2026-09-14,3472976893,1,850,850,850,850,186960967,3503569,,
2026-09-14,3502524667,1,816,816,816,816,763648208,3691638,,
2026-09-14,3551414857,1,992,992,992,992,636447019,1329865,,
2026-09-14,3647333358,1,20513,20513,20513,20513,9178058046,8231192,,
2026-09-14,3754482795,1,4571,4571,4571,4571,1289058049,4574589,,
2026-09-14,3841172115,1,1458,1458,1458,1458,156813901,708732,,
2026-09-14,4348829796,1,8046,8046,8046,8046,2684210778,11406029,,
2026-09-14,4457060041,1,2649,2649,2649,2649,141386344,228484,,
2026-09-14,4518160318,1,4793,4793,4793,4793,,,,
2026-09-14,4595016786,1,3551,3551,3551,3551,608738300,757987,,
2026-09-14,4673599750,1,1314,1314,1314,1314,545057043,498358,,
2026-09-14,4720386144,1,1398,1398,1398,1398,122175988,617822,,
2026-09-14,4793836769,1,3076,3076,3076,3076,309308137,6528719,,
2026-09-14,4925331346,1,4057,4057,4057,4057,323140979,504608,,
2026-09-14,4944984948,1,4630,4630,4630,4630,290187460,160496,,
2026-09-14,4998493959,1,3693,3693,3693,3693,249874667,18756365,,
2026-09-14,5195168716,1,740,740,740,740,101831976,658474,,
2026-09-14,5207621753,1,2830,2830,2830,2830,97625239,78425,,
2026-09-14,5361032378,1,43734,43734,43734,43734,2161084174,1014191,,
2026-09-14,5508238359,1,3471,3471,3471,3471,111089953,1935114,,
2026-09-14,5578556129,1,34416,34416,34416,34416,2042110229,1989893,,
2026-09-14,5661020014,1,2026,2026,2026,2026,34809730,825574,,
2026-09-14,5668114043,1,867,867,867,867,245864754,751190,,
2026-09-14,5750914919,1,88535,88535,88535,88535,4899007757,3622991,,
2026-09-14,6072944764,1,2837,2837,2837,2837,57105117,68536,,
2026-09-14,6682487255,1,5471,5471,5471,5471,510572842,230333,,
2026-09-14,6749060816,1,6013,6013,6013,6013,280273059,1857911,,
2026-09-14,7018190066,1,12274,12274,12274,12274,6563537518,6102877,,
2026-09-14,7028566528,1,5571,5571,5571,5571,1132105507,2209374,,
2026-09-14,7058980030,1,4808,4808,4808,4808,616477252,1029207,,
2026-09-14,7082423811,1,3078,3078,3078,3078,296158388,1581853,,
2026-09-14,7094518649,1,11451,11451,11451,11451,362399904,869935,,
2026-09-14,7113705633,1,1872,1872,1872,1872,19012801,455740,,
2026-09-14,7127084123,1,3406,3406,3406,3406,154619111,330499,,
2026-09-14,7128163167,1,774,774,774,774,79815247,134484,,
2026-09-14,7208219743,1,2298,2298,2298,2298,10239723,117581,,
2026-09-14,7219654364,1,69000,69000,69000,69000,1754805526,16176719,,
2026-09-14,7339682753,1,1779,1779,1779,1779,73874969,5550740,,
2026-09-14,7383133134,1,847,847,847,847,113837389,848219,,
2026-09-14,7434179990,1,5454,5454,5454,5454,244913637,8564210,,
2026-09-14,7436755782,1,25531,25531,25531,25531,35910951691,11406137,,
2026-09-14,7613921865,1,23680,23680,23680,23680,785610834,209722,,
2026-09-14,7690412163,1,772,772,772,772,86538642,208295,,
2026-09-14,7709344486,1,95646,95646,95646,95646,73445968802,29339644,,
2026-09-14,7856039629,1,5624,5624,5624,5624,54189972,1681363,,
2026-09-14,8356066619,1,6084,6084,6084,6084,87164025,46496,,
2026-09-14,8401518398,1,4526,4526,4526,4526,104562467,88663,,
2026-09-14,8504461817,1,1408,1408,1408,1408,195028174,107518,,
2026-09-14,8539298853,1,4690,4690,4690,4690,1289160950,1803251,,
2026-09-14,8724785394,1,3229,3229,3229,3229,2806293,126789,,
2026-09-14,8759966530,1,1024,1024,1024,1024,126311661,410874,,
2026-09-14,8791358380,1,4036,4036,4036,4036,452583272,13579733,,
2026-09-14,8950496606,1,1029,1029,1029,1029,178517382,448369,,
2026-09-14,8959257868,1,2881,2881,2881,2881,11817793,46403,,
2026-09-14,9098570654,1,12000,12000,12000,12000,258449748,431847,,
2026-09-14,9141743926,1,4740,4740,4740,4740,450245846,598759,,
2026-09-14,9145063979,1,5940,5940,5940,5940,574866984,590168,,
2026-09-14,9219116196,1,1398,1398,1398,1398,100373378,278131,,
2026-09-14,9296042754,1,5504,5504,5504,5504,73323136,344818,,
2026-09-14,9315739469,1,684,684,684,684,87072591,93438,,
2026-09-14,9348272796,1,6337,6337,6337,6337,731530718,673270,,
2026-09-14,9362896961,1,4095,4095,4095,4095,154188121,220752,,
2026-09-14,9363735110,1,4213,4213,4213,4213,5714002384,2053687,,
2026-09-14,9481391333,1,2792,2792,2792,2792,30396059,671582,,
2026-09-14,9513686983,1,2669,2669,2669,2669,429951129,14172235,,
2026-09-14,9526307912,1,1017,1017,1017,1017,,,,
2026-09-14,9561553764,1,9999,9999,9999,9999,214754731,188674,,
2026-09-14,9582986239,1,6547,6547,6547,6547,10936621,60564,,
2026-09-14,9584852943,1,135008,135008,135008,135008,5852685667,6523543,,
2026-09-14,9592387369,1,10377,10377,10377,10377,37269034,125787,,
2026-09-14,9793308933,1,2785,2785,2785,2785,57138633,1394650,,
2026-09-14,9812090239,1,843,843,843,843,38506435,925512,,
2026-09-14,9857818180,1,2680,2680,2680,2680,1260323,5472,,
2026-09-14,9889811676,1,1498,1498,1498,1498,28000057,196834,,
2026-09-14,9940812243,1,3494,3494,3494,3494,13061138,155235,,
2026-09-14,9998576154,1,3171,3171,3171,3171,123820631,7773707,,
2026-09-14,10004244222,1,23343,23343,23343,23343,1831008181,25850408,,
2026-09-14,10110316965,1,9537,9537,9537,9537,13863496,661871,,
2026-09-14,10144280947,1,28522,28522,28522,28522,576575055,11225092,,
2026-09-14,10144587520,1,12234,12234,12234,12234,73444336,1921642,,
2026-09-14,10153098880,1,4632,4632,4632,4632,31810961,232981,,
2026-09-14,10184247393,1,3750,3750,3750,3750,99492237,2715689,,
2026-09-14,10199301628,1,11931,11931,11931,11931,411909183,1975399,,
2026-09-14,10200395747,1,6385,6385,6385,6385,1670407962,662416,,
2026-09-14,10244001346,1,4879,4879,4879,4879,108326161,113173,,
2026-09-14,10247797619,1,4502,4502,4502,4502,65697646,186557,,
2026-09-14,10253235584,1,6039,6039,6039,6039,62430322,619614,,
2026-09-14,10263732883,1,3575,3575,3575,3575,2968649,25779,,
2026-09-14,10272236945,1,2748,2748,2748,2748,35424806,52023,,
2026-09-14,10274447949,1,3347,3347,3347,3347,51826036,3657048,,
2026-09-14,10298144467,1,8177,8177,8177,8177,35088163,40066,,
2026-09-14,10321202755,1,9082,9082,9082,9082,48059845,441061,,
2026-09-14,10338952197,1,14787,14787,14787,14787,104712411,7067387,,
2026-09-14,10351246089,1,5007,5007,5007,5007,1787202,57103,,
2026-09-14,10351850295,1,5158,5158,5158,5158,30478872,959766,,
2026-09-14,10376944238,1,2648,2648,2648,2648,51086593,290124,,
2026-09-14,10381830868,1,2039,2039,2039,2039,2492132,12906,,
2026-09-14,10399136326,1,24447,24447,24447,24447,69871810,124014,,
2026-09-14,10431718987,1,4835,4835,4835,4835,35852460,90047,,
2026-09-14,10455462279,1,6143,6143,6143,6143,49420648,2025728,,
2026-09-14,10461810987,1,3321,3321,3321,3321,26136228,48722,,
2026-09-14,10471583973,1,3990,3990,3990,3990,27647253,89206,,
2026-09-14,10496981141,1,4677,4677,4677,4677,14084951,180607,,
2026-09-14,10502841145,1,17384,17384,17384,17384,84605724,113557,,
2026-09-14,10524813259,1,4266,4266,4266,4266,7064035,39039,,
2026-09-14,10536000210,1,5475,5475,5475,5475,4521551,11580,,
2026-09-14,10551595617,1,12563,12563,12563,12563,80957828,2274633,,
2026-09-14,10551923502,1,2677,2677,2677,2677,24313801,1977095,,
2026-09-14,10563114921,1,1906368,1906368,1906368,1906368,3334499429,4061011,,
2026-09-14,10577682617,1,15392,15392,15392,15392,16138757,44641,,
2026-09-14,10604772590,1,7172,7172,7172,7172,21290692,41499,,
2026-09-14,10605467256,1,5996,5996,5996,5996,29621455,39743,,
2026-09-14,10681914462,1,28972,28972,28972,28972,26807203,75239,,
2026-09-14,10682099418,1,10628,10628,10628,10628,9271409,545502,,
2026-09-14,10683945170,2,6280,6280,5818,6742,12812109,773379,,
2026-09-14,10694549945,1,6807,6807,6807,6807,10884900,18912,,
2026-09-14,10700505394,1,8990,8990,8990,8990,25075889,85528,,
2026-09-14,10708913337,1,48959,48959,48959,48959,11341070,43199,,
2026-09-14,10718240577,1,11982,11982,11982,11982,7493753,89313,,
2026-09-14,10737231383,1,15551,15551,15551,15551,5491949,221407,,
2026-09-14,10757504146,1,8669,8669,8669,8669,8134707,13221,,
2026-09-14,10764208570,1,787,787,787,787,2240123,7896,,
2026-09-14,10764328008,1,7823,7823,7823,7823,3699727,34799,,
2026-09-15,2471084,1,2884,2884,2884,2884,1312882831,4619737,,
2026-09-15,31970568,1,4311,4311,4311,4311,1616177257,6091310,,
2026-09-15,66654135,1,222224,222224,222224,222224,30502716513,24065976,,
2026-09-15,568307879,1,846,846,846,846,527092131,552699,,
2026-09-15,903807016,1,3731,3731,3731,3731,1582240754,2842704,,
2026-09-15,1198533421,1,964,964,964,964,183142584,731986,,
2026-09-15,1430007363,1,1425,1425,1425,1425,915610202,2395363,,
2026-09-15,1489026993,2,4332,4332,3358,5305,2682829937,4357587,,
2026-09-15,1526814825,1,9049,9049,9049,9049,1110572148,4384112,,
2026-09-15,1637284552,1,1016,1016,1016,1016,,,,
2026-09-15,1831550657,1,22277,22277,22277,22277,2216522807,11162566,,
2026-09-15,1998835206,1,2016,2016,2016,2016,590917459,1175382,,
2026-09-15,2049551477,1,1686,1686,1686,1686,1480077953,1937365,,
2026-09-15,2247578975,1,2211,2211,2211,2211,1229432849,14943884,,
2026-09-15,2274830359,1,6575,6575,6575,6575,3019288807,2049809,,
2026-09-15,2294168059,1,2211,2211,2211,2211,1252980503,3380632,,
2026-09-15,2369077151,1,3815,3815,3815,3815,418503196,11101113,,
2026-09-15,2440500124,1,41683,41683,41683,41683,7724398199,8163226,,
2026-09-15,2491559356,1,1163,1163,1163,1163,86879126,177369,,
2026-09-15,2655478023,1,1779,1779,1779,1779,1028963877,3507749,,
2026-09-15,2788648141,1,2761,2761,2761,2761,1007087654,2141075,,
2026-09-15,2992873140,1,13307,13307,13307,13307,1421930677,1026298,,
2026-09-15,3079618996,1,7040,7040,7040,7040,804227003,1082601,,
2026-09-15,3187874989,1,2553,2553,2553,2553,181949588,244965,,
2026-09-15,3310460039,1,16189,16189,16189,16189,4676512916,105193897,,
2026-09-15,3346892457,1,1160,1160,1160,1160,450627891,190653,,
2026-09-15,3472976893,1,754,754,754,754,187193932,3509522,,
2026-09-15,3502524667,1,842,842,842,842,763789622,3691841,,
2026-09-15,3551414857,1,1020,1020,1020,1020,636527474,1330009,,
2026-09-15,3647333358,1,21906,21906,21906,21906,9181483283,8233220,,
2026-09-15,3754482795,1,3872,3872,3872,3872,1289488135,4576390,,
2026-09-15,3841172115,1,1724,1724,1724,1724,156966698,709227,,
2026-09-15,4348829796,1,7620,7620,7620,7620,2685441655,11413198,,
2026-09-15,4518160318,1,5584,5584,5584,5584,648951487,1178093,,
2026-09-15,4595016786,1,2837,2837,2837,2837,608994675,758487,,
2026-09-15,4599924264,1,2537,2537,2537,2537,727639016,291436,,
2026-09-15,4601145322,1,3351,3351,3351,3351,104225474,8542991,,
2026-09-15,4673599750,1,1261,1261,1261,1261,545594577,498788,,
2026-09-15,4720386144,1,1046,1046,1046,1046,122288889,618603,,
2026-09-15,4793836769,1,3053,3053,3053,3053,309585661,6533442,,
2026-09-15,4925331346,1,3832,3832,3832,3832,323374573,505151,,
2026-09-15,4944984948,1,5192,5192,5192,5192,290764334,161133,,
2026-09-15,4998493959,1,2940,2940,2940,2940,250216655,18784966,,
2026-09-15,5195168716,1,596,596,596,596,101902076,658871,,
2026-09-15,5361032378,1,42843,42843,42843,42843,2163328347,1014479,,
2026-09-15,5508238359,1,2900,2900,2900,2900,111409430,1937925,,
2026-09-15,5578556129,1,32231,32231,32231,32231,2043129598,1990613,,
2026-09-15,5668114043,1,732,732,732,732,245955054,751450,,
2026-09-15,5750914919,1,82776,82776,82776,82776,4902320237,3624955,,
2026-09-15,5927446137,1,934,934,934,934,46894283,608336,,
2026-09-15,6015491985,1,3285,3285,3285,3285,369269938,220462,,
2026-09-15,6049736902,1,2537,2537,2537,2537,81917352,106696,,
2026-09-15,6072944764,1,2004,2004,2004,2004,57306058,68812,,
2026-09-15,6647992437,1,832,832,832,832,91137782,34883,,
2026-09-15,6682487255,1,5155,5155,5155,5155,511013221,230360,,
2026-09-15,6749060816,1,5605,5605,5605,5605,280765370,1860206,,
2026-09-15,7018190066,1,11060,11060,11060,11060,6564669729,6103767,,
2026-09-15,7028566528,1,5890,5890,5890,5890,1132565552,2210062,,
2026-09-15,7058980030,1,3984,3984,3984,3984,617040405,1030151,,
2026-09-15,7073604286,1,3166,3166,3166,3166,424931167,437775,,
2026-09-15,7082423811,1,4218,4218,4218,4218,296459053,1582311,,
2026-09-15,7094518649,1,9662,9662,9662,9662,362837349,871272,,
2026-09-15,7127084123,1,3523,3523,3523,3523,154825757,330984,,
2026-09-15,7128163167,1,844,844,844,844,79910978,134647,,
2026-09-15,7208219743,1,2051,2051,2051,2051,10370557,118799,,
2026-09-15,7219654364,1,64635,64635,64635,64635,1759983864,16200335,,
2026-09-15,7332711118,1,2866,2866,2866,2866,1882234536,2475006,,
2026-09-15,7339682753,1,1725,1725,1725,1725,74129751,5568327,,
2026-09-15,7383133134,1,793,793,793,793,114020989,849887,,
2026-09-15,7434179990,1,4368,4368,4368,4368,245311167,8579387,,
2026-09-15,7436755782,1,24542,24542,24542,24542,35912589292,11406330,,
2026-09-15,7613921865,1,20982,20982,20982,20982,786836845,209911,,
2026-09-15,7690412163,1,683,683,683,683,86602052,208596,,
2026-09-15,7709344486,1,91784,91784,91784,91784,73459263297,29344058,,
2026-09-15,7856039629,1,4920,4920,4920,4920,54925768,1694202,,
2026-09-15,7891669427,1,684,684,684,684,41184756,917026,,
2026-09-15,8356066619,1,5470,5470,5470,5470,87275202,46547,,
2026-09-15,8401518398,1,3765,3765,3765,3765,104963536,89050,,
2026-09-15,8504461817,1,1281,1281,1281,1281,195317519,107804,,
2026-09-15,8539298853,1,4125,4125,4125,4125,1289651640,1804409,,
2026-09-15,8724785394,1,2887,2887,2887,2887,2980767,134134,,
2026-09-15,8759966530,1,900,900,900,900,126417880,411133,,
2026-09-15,8791358380,1,4213,4213,4213,4213,452994984,13591407,,
2026-09-15,8950496606,1,1005,1005,1005,1005,178615146,448579,,
2026-09-15,9098570654,1,10913,10913,10913,10913,258955958,432966,,
2026-09-15,9141743926,1,4329,4329,4329,4329,450726171,598930,,
2026-09-15,9145063979,1,6399,6399,6399,6399,575423375,590915,,
2026-09-15,9145282410,1,757,757,757,757,40202197,288881,,
2026-09-15,9219116196,1,1482,1482,1482,1482,100497094,278715,,
2026-09-15,9296042754,1,5724,5724,5724,5724,73769209,347335,,
2026-09-15,9348272796,1,5879,5879,5879,5879,732151779,673769,,
2026-09-15,9362896961,1,3806,3806,3806,3806,154358897,220819,,
2026-09-15,9363735110,1,4342,4342,4342,4342,5714430341,2053965,,
2026-09-15,9442472087,1,811,811,811,811,9817983,263160,,
2026-09-15,9481391333,1,2283,2283,2283,2283,30652712,674145,,
2026-09-15,9513686983,1,2772,2772,2772,2772,430226219,14182407,,
2026-09-15,9526307912,1,1017,1017,1017,1017,,,,
2026-09-15,9561553764,1,10657,10657,10657,10657,216865819,190059,,
2026-09-15,9582986239,1,5730,5730,5730,5730,11197064,61169,,
2026-09-15,9584852943,1,120944,120944,120944,120944,5867371846,6537741,,
2026-09-15,9592387369,1,9996,9996,9996,9996,38267969,128600,,
2026-09-15,9639553972,1,2855,2855,2855,2855,42038279,211705,,
2026-09-15,9812090239,1,1027,1027,1027,1027,38772971,932300,,
2026-09-15,9829910038,1,642,642,642,642,1833387,7003,,
2026-09-15,9857818180,1,3045,3045,3045,3045,1525962,5800,,
2026-09-15,9889811676,1,1158,1158,1158,1158,28152223,197533,,
2026-09-15,9940812243,1,3253,3253,3253,3253,13179310,155686,,
2026-09-15,9998576154,1,3371,3371,3371,3371,124088099,7789772,,
2026-09-15,10004244222,1,28060,28060,28060,28060,1834098640,25875660,,
2026-09-15,10065013948,1,2651,2651,2651,2651,69584292,108318,,
2026-09-15,10110316965,1,8948,8948,8948,8948,14627482,663495,,
2026-09-15,10144280947,1,20934,20934,20934,20934,579679438,11257521,,
2026-09-15,10144587520,1,10620,10620,10620,10620,73915219,1932028,,
2026-09-15,10153098880,1,3952,3952,3952,3952,32030437,233884,,
2026-09-15,10184247393,1,3496,3496,3496,3496,99795661,2723304,,
2026-09-15,10199301628,1,9864,9864,9864,9864,413064825,1978613,,
2026-09-15,10200395747,1,5694,5694,5694,5694,1670764636,662427,,
2026-09-15,10244001346,1,4634,4634,4634,4634,108863953,113870,,
2026-09-15,10247797619,1,3453,3453,3453,3453,66036575,187653,,
2026-09-15,10253235584,1,5364,5364,5364,5364,62663335,620800,,
2026-09-15,10263732883,1,3701,3701,3701,3701,3135121,26643,,
2026-09-15,10274447949,1,2992,2992,2992,2992,52127638,3675695,,
2026-09-15,10298144467,1,7186,7186,7186,7186,35457821,40223,,
2026-09-15,10321202755,1,8520,8520,8520,8520,48273666,442679,,
2026-09-15,10338952197,1,13801,13801,13801,13801,105456182,7078285,,
2026-09-15,10351246089,1,3115,3115,3115,3115,2007687,61801,,
2026-09-15,10351850295,1,2798,2798,2798,2798,30858398,970191,,
2026-09-15,10376944238,1,1830,1830,1830,1830,51448626,291476,,
2026-09-15,10381830868,1,2089,2089,2089,2089,2685589,13770,,
2026-09-15,10399136326,1,21110,21110,21110,21110,71775836,126466,,
2026-09-15,10406853972,1,2883,2883,2883,2883,22164966,1836202,,
2026-09-15,10431718987,1,3917,3917,3917,3917,36220753,90928,,
2026-09-15,10455462279,1,5083,5083,5083,5083,49951607,2039748,,
2026-09-15,10471583973,1,3167,3167,3167,3167,27853624,89812,,
2026-09-15,10496981141,1,4868,4868,4868,4868,14624288,181503,,
2026-09-15,10502841145,1,15355,15355,15355,15355,85485142,114092,,
2026-09-15,10514488908,1,875,875,875,875,18715856,45889,,
2026-09-15,10524813259,1,3322,3322,3322,3322,7264639,39419,,
2026-09-15,10526166728,1,2721,2721,2721,2721,8052063,18587,,
2026-09-15,10536000210,1,5210,5210,5210,5210,5114739,12847,,
2026-09-15,10547918402,1,3146,3146,3146,3146,38542498,79686,,
2026-09-15,10551595617,1,10154,10154,10154,10154,81995338,2293440,,
2026-09-15,10551923502,1,2763,2763,2763,2763,24535856,1990609,,
2026-09-15,10563114921,1,2137549,2137549,2137549,2137549,3480251174,4189174,,
2026-09-15,10577682617,1,15038,15038,15038,15038,17361560,47398,,
2026-09-15,10604542637,1,2877,2877,2877,2877,3031733,9225,,
2026-09-15,10604772590,1,5929,5929,5929,5929,21680152,42161,,
2026-09-15,10605467256,1,4577,4577,4577,4577,30625934,40817,,
2026-09-15,10681914462,1,24210,24210,24210,24210,29726019,82852,,
2026-09-15,10682099418,1,6682,6682,6682,6682,10291648,595529,,
2026-09-15,10683945170,2,5390,5390,4858,5923,13500141,805145,,
2026-09-15,10694549945,1,6774,6774,6774,6774,11454774,19720,,
2026-09-15,10700505394,1,6519,6519,6519,6519,26027111,89000,,
2026-09-15,10708913337,1,45302,45302,45302,45302,13255313,45828,,
2026-09-15,10718240577,1,9302,9302,9302,9302,8321349,96363,,
2026-09-15,10737231383,1,8104,8104,8104,8104,6413557,246331,,
2026-09-15,10747748563,1,29625,29625,29625,29625,3199244,127168,,
2026-09-15,10757504146,1,7337,7337,7337,7337,9007578,14313,,
2026-09-15,10761115872,1,3478,3478,3478,3478,2309414,155354,,
2026-09-15,10764328008,1,8247,8247,8247,8247,4255956,39357,,
2026-09-16,2471084,1,2961,2961,2961,2961,1313020645,4620023,,
2026-09-16,31970568,1,4437,4437,4437,4437,1616408381,6091636,,
2026-09-16,66654135,1,235928,235928,235928,235928,30529236534,24078283,,
2026-09-16,903807016,1,3803,3803,3803,3803,1582626369,2842905,,
2026-09-16,1198533421,1,904,904,904,904,183210973,732091,,
2026-09-16,1430007363,1,1596,1596,1596,1596,915849647,2396674,,
2026-09-16,1489026993,2,4442,4442,3624,5259,2683278023,4358215,,
2026-09-16,1526814825,1,8843,8843,8843,8843,1111068817,4385415,,
2026-09-16,1637284552,1,1016,1016,1016,1016,,,,
2026-09-16,1795206523,1,742,742,742,742,960064371,932946,,
2026-09-16,1831550657,1,24375,24375,24375,24375,2217592896,11165861,,
2026-09-16,1998835206,1,2179,2179,2179,2179,591062904,1175497,,
2026-09-16,2049551477,1,1781,1781,1781,1781,1480306760,1937766,,
2026-09-16,2247578975,1,1868,1868,1868,1868,1229740757,14944190,,
2026-09-16,2274830359,1,6738,6738,6738,6738,3020107225,2050776,,
2026-09-16,2294168059,1,2096,2096,2096,2096,1253210495,3381382,,
2026-09-16,2369077151,1,4273,4273,4273,4273,418862542,11110079,,
2026-09-16,2440500124,1,46864,46864,46864,46864,7728645939,8166574,,
2026-09-16,2491559356,1,1114,1114,1114,1114,86990284,177519,,
2026-09-16,2655478023,1,1678,1678,1678,1678,1029293797,3508171,,
2026-09-16,2788648141,1,2785,2785,2785,2785,1007252546,2142135,,
2026-09-16,2992873140,1,15567,15567,15567,15567,1422633535,1026646,,
2026-09-16,3079618996,1,6637,6637,6637,6637,804750088,1086844,,
2026-09-16,3187874989,1,2826,2826,2826,2826,182253353,245276,,
2026-09-16,3310460039,1,16158,16158,16158,16158,4678336308,105195141,,
2026-09-16,3346892457,1,1192,1192,1192,1192,450835794,190943,,
2026-09-16,3472976893,1,956,956,956,956,187444083,3515826,,
2026-09-16,3502524667,1,835,835,835,835,763943988,3692051,,
2026-09-16,3551414857,1,1186,1186,1186,1186,636620372,1330160,,
2026-09-16,3647333358,1,23774,23774,23774,23774,9184926977,8235405,,
2026-09-16,3746418487,1,3010,3010,3010,3010,,,,
2026-09-16,3754482795,1,3851,3851,3851,3851,1289872044,4577868,,
2026-09-16,3841172115,1,1447,1447,1447,1447,157120560,709763,,
2026-09-16,4348829796,1,8294,8294,8294,8294,2686551605,11420876,,
2026-09-16,4518160318,1,6665,6665,6665,6665,649332635,1179223,,
2026-09-16,4595016786,1,2982,2982,2982,2982,609241729,758951,,
2026-09-16,4673599750,1,1354,1354,1354,1354,546145476,499265,,
2026-09-16,4720386144,1,1053,1053,1053,1053,122383270,619103,,
2026-09-16,4793836769,1,3258,3258,3258,3258,309897343,6539350,,
2026-09-16,4925331346,1,3984,3984,3984,3984,323619596,505631,,
2026-09-16,4944984948,1,5024,5024,5024,5024,291412246,161975,,
2026-09-16,4998493959,1,3474,3474,3474,3474,250603593,18816299,,
2026-09-16,5195168716,1,767,767,767,767,101960639,659206,,
2026-09-16,5361032378,1,42618,42618,42618,42618,2165848939,1014815,,
2026-09-16,5508238359,1,3330,3330,3330,3330,111745142,1940738,,
2026-09-16,5578556129,1,29255,29255,29255,29255,2044154464,1990858,,
2026-09-16,5668114043,1,836,836,836,836,246055305,751718,,
2026-09-16,5750914919,1,79975,79975,79975,79975,4905644947,3626478,,
2026-09-16,6015491985,1,2946,2946,2946,2946,369608397,220812,,
2026-09-16,6072944764,1,1837,1837,1837,1837,57488327,69117,,
2026-09-16,6682487255,1,5025,5025,5025,5025,511450875,230389,,
2026-09-16,6749060816,1,5695,5695,5695,5695,281263664,1862489,,
2026-09-16,7018190066,1,13067,13067,13067,13067,6565771020,6104608,,
2026-09-16,7028566528,1,6187,6187,6187,6187,1133051883,2210747,,
2026-09-16,7058980030,1,4750,4750,4750,4750,617606338,1031086,,
2026-09-16,7082423811,1,3319,3319,3319,3319,296789096,1582881,,
2026-09-16,7094518649,1,9355,9355,9355,9355,363265129,872270,,
2026-09-16,7127084123,1,3895,3895,3895,3895,155036844,331445,,
2026-09-16,7128163167,1,1048,1048,1048,1048,80034543,134867,,
2026-09-16,7208219743,1,1918,1918,1918,1918,10506263,120105,,
2026-09-16,7219654364,1,77579,77579,77579,77579,1765927775,16228697,,
2026-09-16,7339682753,1,1765,1765,1765,1765,74399858,5587098,,
2026-09-16,7383133134,1,963,963,963,963,114217005,851726,,
2026-09-16,7434179990,1,4912,4912,4912,4912,245701690,8593180,,
2026-09-16,7436755782,1,23385,23385,23385,23385,35914130917,11407109,,
2026-09-16,7613921865,1,18762,18762,18762,18762,787967757,210032,,
2026-09-16,7709344486,1,96101,96101,96101,96101,73480114961,29351608,,
2026-09-16,7856039629,1,5747,5747,5747,5747,55738014,1711732,,
2026-09-16,7891669427,1,754,754,754,754,41266430,918062,,
2026-09-16,8356066619,1,5080,5080,5080,5080,87386230,46594,,
2026-09-16,8401518398,1,4396,4396,4396,4396,105393136,89531,,
2026-09-16,8504461817,2,2111,2111,1493,2729,195606495,108121,,
2026-09-16,8539298853,1,3883,3883,3883,3883,1290062599,1805199,,
2026-09-16,8724785394,1,3415,3415,3415,3415,3187142,143697,,
2026-09-16,8759966530,1,928,928,928,928,126520737,411373,,
2026-09-16,8791358380,1,4512,4512,4512,4512,453427021,13603769,,
2026-09-16,8950496606,1,1075,1075,1075,1075,178714027,448834,,
2026-09-16,9098570654,1,10039,10039,10039,10039,259453709,433975,,
2026-09-16,9141743926,1,4025,4025,4025,4025,451182279,599092,,
2026-09-16,9145063979,1,5130,5130,5130,5130,576117222,591872,,
2026-09-16,9219116196,1,943,943,943,943,100608420,279179,,
2026-09-16,9296042754,1,7193,7193,7193,7193,74299112,350409,,
2026-09-16,9348272796,1,5907,5907,5907,5907,732738926,674258,,
2026-09-16,9362896961,1,3712,3712,3712,3712,154535593,220900,,
2026-09-16,9363735110,1,4800,4800,4800,4800,5714886019,2054330,,
2026-09-16,9442472087,1,692,692,692,692,9947145,266051,,
2026-09-16,9481391333,1,2984,2984,2984,2984,30937344,677762,,
2026-09-16,9513686983,1,2881,2881,2881,2881,430521219,14193911,,
2026-09-16,9526307912,1,1017,1017,1017,1017,,,,
2026-09-16,9561553764,1,13571,13571,13571,13571,219188491,191601,,
2026-09-16,9582986239,1,5554,5554,5554,5554,11468437,61735,,
2026-09-16,9584852943,1,128658,128658,128658,128658,5882534714,6553267,,
2026-09-16,9592387369,1,13837,13837,13837,13837,39444090,131962,,
2026-09-16,9812090239,1,740,740,740,740,39009632,938251,,
2026-09-16,9857818180,1,2742,2742,2742,2742,1774524,6059,,
2026-09-16,9889811676,1,1126,1126,1126,1126,28286979,198222,,
2026-09-16,9940812243,1,2997,2997,2997,2997,,,,
2026-09-16,9998576154,1,2924,2924,2924,2924,124361908,7805966,,
2026-09-16,10004244222,1,27881,27881,27881,27881,1837207974,25901969,,
2026-09-16,10065013948,1,2744,2744,2744,2744,69827245,108672,,
2026-09-16,10110316965,1,7692,7692,7692,7692,15354911,665003,,
2026-09-16,10144280947,1,21505,21505,21505,21505,582801808,11292184,,
2026-09-16,10144587520,1,12972,12972,12972,12972,74396285,1944400,,
2026-09-16,10153098880,1,3947,3947,3947,3947,32243080,234789,,
2026-09-16,10184247393,1,3948,3948,3948,3948,100084154,2731425,,
2026-09-16,10199301628,1,10176,10176,10176,10176,414169820,1981499,,
2026-09-16,10200395747,1,5545,5545,5545,5545,1671096781,662428,,
2026-09-16,10244001346,1,4634,4634,4634,4634,109406339,114666,,
2026-09-16,10247797619,1,3142,3142,3142,3142,66374594,189077,,
2026-09-16,10253235584,1,5213,5213,5213,5213,62898661,622044,,
2026-09-16,10263732883,1,3087,3087,3087,3087,3311278,27434,,
2026-09-16,10274447949,1,3162,3162,3162,3162,52436014,3696345,,
2026-09-16,10298144467,1,6788,6788,6788,6788,35808552,40370,,
2026-09-16,10321202755,1,8559,8559,8559,8559,48506503,445133,,
2026-09-16,10338952197,1,12557,12557,12557,12557,106165598,7088178,,
2026-09-16,10351246089,1,3208,3208,3208,3208,2169596,63668,,
2026-09-16,10351850295,1,3672,3672,3672,3672,31223218,979858,,
2026-09-16,10376944238,1,2404,2404,2404,2404,51817532,292775,,
2026-09-16,10381830868,1,1892,1892,1892,1892,2900860,14711,,
2026-09-16,10399136326,1,20940,20940,20940,20940,73528693,128602,,
2026-09-16,10431718987,1,4120,4120,4120,4120,36573041,91676,,
2026-09-16,10455462279,1,5080,5080,5080,5080,50491184,2053763,,
2026-09-16,10461810987,1,3091,3091,3091,3091,27028247,50039,,
2026-09-16,10471583973,1,3146,3146,3146,3146,28050602,90323,,
2026-09-16,10496981141,1,4170,4170,4170,4170,15085158,182243,,
2026-09-16,10502841145,1,17892,17892,17892,17892,86499306,114690,,
2026-09-16,10524813259,1,2957,2957,2957,2957,7438058,39674,,
2026-09-16,10526166728,1,3234,3234,3234,3234,8248069,18936,,
2026-09-16,10536000210,1,7838,7838,7838,7838,5905019,14587,,
2026-09-16,10547918402,1,2844,2844,2844,2844,38894548,80155,,
2026-09-16,10551595617,1,10171,10171,10171,10171,83057580,2312547,,
2026-09-16,10563114921,1,2184068,2184068,2184068,2184068,3632116852,4319092,,
2026-09-16,10577682617,1,14648,14648,14648,14648,18622693,50148,,
2026-09-16,10604772590,1,5930,5930,5930,5930,22067511,42819,,
2026-09-16,10605467256,1,5320,5320,5320,5320,31587096,41792,,
2026-09-16,10681914462,1,30388,30388,30388,30388,33115469,91685,,
2026-09-16,10682099418,1,9725,9725,9725,9725,11274026,641257,,
2026-09-16,10683945170,2,6305,6305,6032,6578,14202294,837763,,
2026-09-16,10694549945,1,5802,5802,5802,5802,11908873,20447,,
2026-09-16,10700505394,1,6786,6786,6786,6786,26893052,92158,,
2026-09-16,10708913337,1,41805,41805,41805,41805,15012722,48136,,
2026-09-16,10718240577,1,8674,8674,8674,8674,9080625,102804,,
2026-09-16,10737231383,1,18640,18640,18640,18640,7275270,271158,,
2026-09-16,10747748563,1,18338,18338,18338,18338,4854268,159475,,
2026-09-16,10757504146,1,6608,6608,6608,6608,9789194,15303,,
2026-09-16,10761115872,1,2914,2914,2914,2914,2723330,192099,,
2026-09-16,10764328008,1,7218,7218,7218,7218,4752514,43107,,
2026-09-17,2471084,1,3159,3159,3159,3159,1313173879,4620291,,
2026-09-17,31970568,1,3951,3951,3951,3951,1616632089,6091949,,
2026-09-17,66654135,1,251219,251219,251219,251219,30557494797,24093181,,
2026-09-17,903807016,1,3596,3596,3596,3596,1583012140,2843099,,
2026-09-17,1198533421,1,838,838,838,838,183277459,732198,,
2026-09-17,1430007363,1,1520,1520,1520,1520,916082223,2397892,,
2026-09-17,1489026993,2,4252,4252,3433,5070,2683725396,4358797,,
2026-09-17,1526814825,1,9197,9197,9197,9197,1111554724,4386551,,
2026-09-17,1637284552,1,1016,1016,1016,1016,,,,
2026-09-17,1795206523,1,627,627,627,627,960193898,932990,,
2026-09-17,1831550657,1,24923,24923,24923,24923,2218670771,11168949,,
2026-09-17,1998835206,1,1949,1949,1949,1949,591207635,1175627,,
2026-09-17,2049551477,1,1479,1479,1479,1479,1480524417,1938124,,
2026-09-17,2247578975,1,1830,1830,1830,1830,1230035245,14944459,,
2026-09-17,2274830359,1,6430,6430,6430,6430,3020867966,2051577,,
2026-09-17,2294168059,1,2242,2242,2242,2242,1253447754,3382155,,
2026-09-17,2369077151,1,5020,5020,5020,5020,419301196,11122282,,
2026-09-17,2440500124,1,43794,43794,43794,43794,7733099442,8169882,,
2026-09-17,2491559356,1,1154,1154,1154,1154,87102676,177651,,
2026-09-17,2655478023,2,2254,2254,1931,2577,1029634873,3508661,,
2026-09-17,2788648141,1,2767,2767,2767,2767,1007416964,2143245,,
2026-09-17,2992873140,1,13979,13979,13979,13979,1423345975,1027040,,
2026-09-17,3079618996,1,6266,6266,6266,6266,805250114,1090803,,
2026-09-17,3187874989,1,2646,2646,2646,2646,182555530,245561,,
2026-09-17,3310460039,1,16988,16988,16988,16988,4680240936,105196565,,
2026-09-17,3346892457,1,1112,1112,1112,1112,451038452,191262,,
2026-09-17,3472976893,1,875,875,875,875,187684753,3521708,,
2026-09-17,3502524667,1,799,799,799,799,764084580,3692239,,
2026-09-17,3551414857,1,838,838,838,838,636706027,1330317,,
2026-09-17,3647333358,1,23348,23348,23348,23348,9188445242,8237815,,
2026-09-17,3754482795,1,4229,4229,4229,4229,1290272218,4579475,,
2026-09-17,3841172115,1,916,916,916,916,157238926,710166,,
2026-09-17,4348829796,1,8962,8962,8962,8962,2687717242,11429085,,
2026-09-17,4518160318,1,6219,6219,6219,6219,649728207,1180411,,
2026-09-17,4673599750,1,1241,1241,1241,1241,546666091,499708,,
2026-09-17,4720386144,1,890,890,890,890,122475927,619570,,
2026-09-17,4793836769,1,3168,3168,3168,3168,310194583,6545296,,
2026-09-17,4925331346,1,4143,4143,4143,4143,323883774,506249,,
2026-09-17,4944984948,1,5498,5498,5498,5498,292079862,162839,,
2026-09-17,4998493959,1,4222,4222,4222,4222,251079423,18855463,,
2026-09-17,5195168716,1,750,750,750,750,102020379,659500,,
2026-09-17,5361032378,1,42006,42006,42006,42006,2168487915,1015132,,
2026-09-17,5508238359,1,2896,2896,2896,2896,112073538,1943818,,
2026-09-17,5578556129,1,28369,28369,28369,28369,2045141764,1991000,,
2026-09-17,5668114043,1,729,729,729,729,246159849,751968,,
2026-09-17,5750914919,1,77357,77357,77357,77357,4908861237,3627801,,
2026-09-17,6015491985,1,3482,3482,3482,3482,369955868,221134,,
2026-09-17,6072944764,1,1833,1833,1833,1833,57674457,69480,,
2026-09-17,6635513269,1,746,746,746,746,1211103,12978,,
2026-09-17,6682487255,1,5167,5167,5167,5167,511912187,230415,,
2026-09-17,6749060816,1,5659,5659,5659,5659,281760235,1864767,,
2026-09-17,7018190066,1,10399,10399,10399,10399,6566850506,6105397,,
2026-09-17,7028566528,1,5947,5947,5947,5947,1133550992,2211498,,
2026-09-17,7058980030,1,4285,4285,4285,4285,618249246,1032119,,
2026-09-17,7082423811,1,2888,2888,2888,2888,297058397,1583259,,
2026-09-17,7094518649,1,8776,8776,8776,8776,363675437,873275,,
2026-09-17,7127084123,1,3499,3499,3499,3499,155255534,331955,,
2026-09-17,7128163167,1,939,939,939,939,80151860,135108,,
2026-09-17,7208219743,1,1890,1890,1890,1890,10627182,121234,,
2026-09-17,7219654364,1,56943,56943,56943,56943,1771491988,16256135,,
2026-09-17,7339682753,1,1653,1653,1653,1653,74631783,5604929,,
2026-09-17,7383133134,1,730,730,730,730,114405625,853545,,
2026-09-17,7434179990,1,5448,5448,5448,5448,246154326,8610559,,
2026-09-17,7436755782,1,24108,24108,24108,24108,35915744617,11407964,,
2026-09-17,7577791613,1,736,736,736,736,110493495,598456,,
2026-09-17,7613921865,1,17387,17387,17387,17387,789042712,210215,,
2026-09-17,7709344486,1,88798,88798,88798,88798,73495373665,29357096,,
2026-09-17,7856039629,1,4960,4960,4960,4960,56544949,1728225,,
2026-09-17,7891669427,1,750,750,750,750,41358104,919422,,
2026-09-17,8356066619,1,4741,4741,4741,4741,87491773,46562,,
2026-09-17,8401518398,1,3613,3613,3613,3613,105826430,90024,,
2026-09-17,8504461817,2,1870,1870,1192,2547,195895826,108427,,
2026-09-17,8539298853,1,3888,3888,3888,3888,1290476978,1806007,,
2026-09-17,8724785394,1,4649,4649,4649,4649,3443445,156161,,
2026-09-17,8759966530,1,749,749,749,749,126616804,411582,,
2026-09-17,8791358380,1,4745,4745,4745,4745,453874485,13617290,,
2026-09-17,8950496606,1,930,930,930,930,178811080,449016,,
2026-09-17,9098570654,1,10028,10028,10028,10028,259942743,435024,,
2026-09-17,9141743926,1,4058,4058,4058,4058,451633723,599334,,
2026-09-17,9145063979,1,6098,6098,6098,6098,576732440,592727,,
2026-09-17,9219116196,1,963,963,963,963,100703074,279547,,
2026-09-17,9296042754,1,6900,6900,6900,6900,74894313,353980,,
2026-09-17,9348272796,1,6151,6151,6151,6151,733332160,674795,,
2026-09-17,9362896961,1,3884,3884,3884,3884,154726162,220962,,
2026-09-17,9363735110,1,5188,5188,5188,5188,5715579238,2054799,,
2026-09-17,9481391333,1,2888,2888,2888,2888,31245405,682115,,
2026-09-17,9526307912,1,1017,1017,1017,1017,,,,
2026-09-17,9561553764,1,13616,13616,13616,13616,221794037,193411,,
2026-09-17,9582986239,1,5222,5222,5222,5222,11735617,62233,,
2026-09-17,9584852943,1,126669,126669,126669,126669,5902227524,6571537,,
2026-09-17,9592387369,1,13641,13641,13641,13641,40780555,135827,,
2026-09-17,9889811676,1,1039,1039,1039,1039,28418362,198793,,
2026-09-17,9940812243,1,2911,2911,2911,2911,13407392,156318,,
2026-09-17,9953328866,1,3320,3320,3320,3320,58384221,66919,,
2026-09-17,9998576154,1,3802,3802,3802,3802,124652565,7823302,,
2026-09-17,10004244222,1,25242,25242,25242,25242,1840163597,25930948,,
2026-09-17,10065013948,1,2974,2974,2974,2974,70078930,109087,,
2026-09-17,10110316965,1,7166,7166,7166,7166,16015390,666297,,
2026-09-17,10144280947,1,20937,20937,20937,20937,585954027,11329921,,
2026-09-17,10144587520,1,11644,11644,11644,11644,75054353,1959849,,
2026-09-17,10153098880,1,3719,3719,3719,3719,32460595,235690,,
2026-09-17,10156435104,1,2744,2744,2744,2744,60791251,96341,,
2026-09-17,10184247393,1,4010,4010,4010,4010,100391821,2740852,,
2026-09-17,10199301628,1,10842,10842,10842,10842,415329257,1984920,,
2026-09-17,10200395747,1,4683,4683,4683,4683,1671412437,662444,,
2026-09-17,10244001346,1,4509,4509,4509,4509,109978855,115458,,
2026-09-17,10247797619,1,2777,2777,2777,2777,66665572,189870,,
2026-09-17,10253235584,1,5117,5117,5117,5117,63132271,623461,,
2026-09-17,10263732883,1,3145,3145,3145,3145,3460867,28050,,
2026-09-17,10274447949,1,2862,2862,2862,2862,52748751,3715875,,
2026-09-17,10298144467,1,6696,6696,6696,6696,36151353,40569,,
2026-09-17,10321202755,1,8526,8526,8526,8526,48760429,448030,,
2026-09-17,10338952197,1,12084,12084,12084,12084,106849519,7099367,,
2026-09-17,10351246089,1,3342,3342,3342,3342,2345958,66013,,
2026-09-17,10351850295,1,6214,6214,6214,6214,31688832,992764,,
2026-09-17,10376944238,1,2526,2526,2526,2526,52181383,294154,,
2026-09-17,10381830868,1,1265,1265,1265,1265,3069225,15319,,
2026-09-17,10399136326,1,21470,21470,21470,21470,75347212,130951,,
2026-09-17,10431718987,1,3720,3720,3720,3720,36923463,92535,,
2026-09-17,10455462279,1,4390,4390,4390,4390,50974914,2066370,,
2026-09-17,10461810987,1,4300,4300,4300,4300,27597984,50948,,
2026-09-17,10471583973,1,3227,3227,3227,3227,28245570,90839,,
2026-09-17,10496981141,1,4772,4772,4772,4772,15553543,182959,,
2026-09-17,10502841145,1,15774,15774,15774,15774,87508089,115320,,
2026-09-17,10536000210,1,6298,6298,6298,6298,6810804,16686,,
2026-09-17,10551595617,1,10777,10777,10777,10777,84171098,2334325,,
2026-09-17,10563114921,1,2243416,2243416,2243416,2243416,3791503617,4453930,,
2026-09-17,10577682617,1,18293,18293,18293,18293,19909589,53093,,
2026-09-17,10604772590,1,6659,6659,6659,6659,22468848,43586,,
2026-09-17,10605467256,1,5418,5418,5418,5418,32693573,43081,,
2026-09-17,10681914462,1,32108,32108,32108,32108,36956232,101776,,
2026-09-17,10682099418,1,8527,8527,8527,8527,12427868,696376,,
2026-09-17,10683945170,2,5538,5538,4907,6170,14891690,869726,,
2026-09-17,10694549945,1,9344,9344,9344,9344,12474478,21208,,
2026-09-17,10700505394,1,6462,6462,6462,6462,27767460,95335,,
2026-09-17,10708913337,1,44266,44266,44266,44266,16729310,52457,,
2026-09-17,10718240577,1,10542,10542,10542,10542,9850969,109285,,
2026-09-17,10737231383,1,13824,13824,13824,13824,8461524,303465,,
2026-09-17,10747748563,1,15260,15260,15260,15260,6007608,181370,,
2026-09-17,10757498504,1,4979,4979,4979,4979,2059072,5758,,
2026-09-17,10757504146,1,6234,6234,6234,6234,10530464,16272,,
2026-09-17,10764328008,1,6126,6126,6126,6126,5174240,46015,,
2026-09-17,10764926550,1,9190,9190,9190,9190,7474520,182041,,
2026-09-18,2471084,1,17491,17491,17491,17491,1314044447,4621391,,
2026-09-18,31970568,1,4120,4120,4120,4120,1616842141,6092239,,
2026-09-18,66654135,1,317562,317562,317562,317562,30590646224,24112005,,
2026-09-18,903807016,1,3767,3767,3767,3767,1583383798,2843297,,
2026-09-18,985731078,1,9973,9973,9973,9973,444573553,2264839,,
2026-09-18,1198533421,1,924,924,924,924,183342167,732271,,
2026-09-18,1430007363,1,1907,1907,1907,1907,916325503,2399091,,
2026-09-18,1489026993,2,5086,5086,4069,6103,2684172897,4359285,,
2026-09-18,1526814825,1,9878,9878,9878,9878,1112044697,4387644,,
2026-09-18,1637284552,1,1016,1016,1016,1016,,,,
2026-09-18,1795206523,1,827,827,827,827,960322945,933014,,
2026-09-18,1831550657,1,27178,27178,27178,27178,2219728663,11171888,,
2026-09-18,1998835206,1,2114,2114,2114,2114,591397155,1175760,,
2026-09-18,2049551477,1,1996,1996,1996,1996,1480751581,1938418,,
2026-09-18,2165551367,1,746,746,746,746,676007540,2444732,,
2026-09-18,2247578975,1,2049,2049,2049,2049,1230349427,14944741,,
2026-09-18,2274830359,1,9850,9850,9850,9850,3021733154,2052531,,
2026-09-18,2294168059,1,3422,3422,3422,3422,1253718431,3382847,,
2026-09-18,2369077151,1,7774,7774,7774,7774,419769596,11134606,,
2026-09-18,2440500124,1,57859,57859,57859,57859,7737558771,8173100,,
2026-09-18,2491559356,1,1350,1350,1350,1350,87219900,177785,,
2026-09-18,2655478023,2,3140,3140,3011,3268,1030030411,3509140,,
2026-09-18,2788648141,1,2838,2838,2838,2838,1007575438,2144329,,
2026-09-18,2992873140,1,14648,14648,14648,14648,1424048532,1027432,,
2026-09-18,3079618996,1,6444,6444,6444,6444,805729782,1094435,,
2026-09-18,3187874989,1,3233,3233,3233,3233,182868514,245851,,
2026-09-18,3310460039,1,22010,22010,22010,22010,4682380891,105198179,,
2026-09-18,3346892457,1,1247,1247,1247,1247,451242466,191586,,
2026-09-18,3472976893,1,1090,1090,1090,1090,187967509,3527844,,
2026-09-18,3502524667,1,1064,1064,1064,1064,764292692,3692542,,
2026-09-18,3551414857,1,1063,1063,1063,1063,636786381,1330469,,
2026-09-18,3647333358,1,30639,30639,30639,30639,9192203494,8240171,,
2026-09-18,3746418487,1,2674,2674,2674,2674,330256595,403339,,
2026-09-18,3754482795,1,4440,4440,4440,4440,1290678515,4581042,,
2026-09-18,3841172115,1,993,993,993,993,157341194,710480,,
2026-09-18,4283416256,1,678,678,678,678,23580957,136266,,
2026-09-18,4348829796,1,11754,11754,11754,11754,2689036415,11437707,,
2026-09-18,4518160318,1,6376,6376,6376,6376,650103409,1181420,,
2026-09-18,4595016786,1,3544,3544,3544,3544,609724430,759934,,
2026-09-18,4599924264,1,2612,2612,2612,2612,728471367,292220,,
2026-09-18,4673599750,1,1632,1632,1632,1632,547227539,500173,,
2026-09-18,4720386144,1,1584,1584,1584,1584,122577664,620073,,
2026-09-18,4793836769,1,3474,3474,3474,3474,310500211,6551668,,
2026-09-18,4925331346,1,3774,3774,3774,3774,324133924,506728,,
2026-09-18,4944984948,1,7023,7023,7023,7023,292834304,163781,,
2026-09-18,4998493959,1,4130,4130,4130,4130,251558201,18891998,,
2026-09-18,5195168716,1,768,768,768,768,102083348,659775,,
2026-09-18,5361032378,1,40927,40927,40927,40927,2170876922,1015445,,
2026-09-18,5508238359,1,3574,3574,3574,3574,112387545,1946354,,
2026-09-18,5578556129,1,29488,29488,29488,29488,2046159302,1991192,,
2026-09-18,5668114043,1,1178,1178,1178,1178,246278197,752264,,
2026-09-18,5750914919,1,81520,81520,81520,81520,4911978046,3629109,,
2026-09-18,6015491985,1,5051,5051,5051,5051,,,,
2026-09-18,6072944764,1,1936,1936,1936,1936,57840173,69746,,
2026-09-18,6635513269,1,871,871,871,871,1373134,14237,,
2026-09-18,6682487255,1,5197,5197,5197,5197,512352873,230451,,
2026-09-18,6749060816,1,6199,6199,6199,6199,282259003,1866979,,
2026-09-18,7018190066,1,12497,12497,12497,12497,6567982009,6106247,,
2026-09-18,7028566528,1,6500,6500,6500,6500,1134069549,2212230,,
2026-09-18,7058980030,1,5689,5689,5689,5689,618851287,1033099,,
2026-09-18,7082423811,1,2704,2704,2704,2704,297303807,1583581,,
2026-09-18,7094518649,1,9366,9366,9366,9366,364074195,874157,,
2026-09-18,7127084123,1,3752,3752,3752,3752,155464422,332356,,
2026-09-18,7128163167,1,972,972,972,972,80261510,135257,,
2026-09-18,7208219743,1,2490,2490,2490,2490,10754372,122649,,
2026-09-18,7219654364,1,57646,57646,57646,57646,1776562055,16281817,,
2026-09-18,7339682753,1,1444,1444,1444,1444,74846545,5619674,,
2026-09-18,7383133134,1,1140,1140,1140,1140,114599991,855448,,
2026-09-18,7434179990,1,6507,6507,6507,6507,246607808,8626806,,
2026-09-18,7436755782,1,33525,33525,33525,33525,35917738032,11409135,,
2026-09-18,7577791613,1,1437,1437,1437,1437,110638171,599015,,
2026-09-18,7613921865,1,15695,15695,15695,15695,789994121,210344,,
2026-09-18,7709344486,1,115788,115788,115788,115788,73508634316,29362187,,
2026-09-18,7856039629,1,6493,6493,6493,6493,57349230,1744966,,
2026-09-18,7891669427,1,1155,1155,1155,1155,41458005,920776,,
2026-09-18,8343243056,1,4080,4080,4080,4080,240884031,1683887,,
2026-09-18,8356066619,1,4322,4322,4322,4322,87586118,46595,,
2026-09-18,8401518398,1,3947,3947,3947,3947,106223445,90442,,
2026-09-18,8504461817,1,1586,1586,1586,1586,196156362,108716,,
2026-09-18,8539298853,1,5235,5235,5235,5235,1290926067,1806889,,
2026-09-18,8562618273,1,586,586,586,586,107029388,88386,,
2026-09-18,8724785394,1,3771,3771,3771,3771,3701092,166817,,
2026-09-18,8759966530,1,998,998,998,998,126712737,411776,,
2026-09-18,8791358380,1,6256,6256,6256,6256,454332285,13629647,,
2026-09-18,8950496606,1,1106,1106,1106,1106,178908312,449182,,
2026-09-18,9098570654,1,11423,11423,11423,11423,260424917,435942,,
2026-09-18,9141743926,1,4858,4858,4858,4858,452115967,599509,,
2026-09-18,9145063979,1,8522,8522,8522,8522,577457503,593755,,
2026-09-18,9219116196,1,1867,1867,1867,1867,100824199,280076,,
2026-09-18,9296042754,1,6392,6392,6392,6392,75418649,356789,,
2026-09-18,9348272796,1,8002,8002,8002,8002,733942227,675313,,
2026-09-18,9362896961,1,3703,3703,3703,3703,154902640,221041,,
2026-09-18,9363735110,1,4932,4932,4932,4932,,,,
2026-09-18,9481391333,1,3223,3223,3223,3223,31537926,685511,,
2026-09-18,9513686983,1,2808,2808,2808,2808,431093823,14213698,,
2026-09-18,9526307912,1,1017,1017,1017,1017,,,,
2026-09-18,9561553764,1,16448,16448,16448,16448,224317678,194922,,
2026-09-18,9582986239,1,5261,5261,5261,5261,11990007,62651,,
2026-09-18,9584852943,1,140398,140398,140398,140398,5919558844,6589698,,
2026-09-18,9592387369,1,13474,13474,13474,13474,42050676,139247,,
2026-09-18,9812090239,1,1455,1455,1455,1455,39469202,949342,,
2026-09-18,9889811676,1,1200,1200,1200,1200,28546896,199323,,
2026-09-18,9940725596,1,999,999,999,999,38563991,52399,,
2026-09-18,9940812243,1,2848,2848,2848,2848,13513437,156712,,
2026-09-18,9958694666,1,3267,3267,3267,3267,47309012,425692,,
2026-09-18,9998576154,1,8720,8720,8720,8720,125125401,7856047,,
2026-09-18,10004244222,1,27451,27451,27451,27451,1842955046,25956767,,
2026-09-18,10065013948,1,2703,2703,2703,2703,70313945,109419,,
2026-09-18,10110316965,1,12454,12454,12454,12454,16803010,667768,,
2026-09-18,10144280947,1,20871,20871,20871,20871,588850602,11363640,,
2026-09-18,10144587520,1,9823,9823,9823,9823,75538720,1971582,,
2026-09-18,10153098880,1,3420,3420,3420,3420,32664030,236529,,
2026-09-18,10156435104,1,2734,2734,2734,2734,60996125,96624,,
2026-09-18,10184247393,1,4288,4288,4288,4288,100688241,2749176,,
2026-09-18,10199301628,1,12466,12466,12466,12466,416499599,1988385,,
2026-09-18,10200395747,1,4948,4948,4948,4948,1671689109,662435,,
2026-09-18,10244001346,1,4631,4631,4631,4631,110506342,116062,,
2026-09-18,10247797619,1,3432,3432,3432,3432,66947662,190630,,
2026-09-18,10253235584,1,4931,4931,4931,4931,63358640,625039,,
2026-09-18,10263732883,1,3411,3411,3411,3411,3626770,28665,,
2026-09-18,10274447949,1,3139,3139,3139,3139,53046289,3734417,,
2026-09-18,10298144467,1,6271,6271,6271,6271,36465067,40700,,
2026-09-18,10321202755,1,7896,7896,7896,7896,48989897,450448,,
2026-09-18,10338952197,1,10649,10649,10649,10649,107465224,7108053,,
2026-09-18,10351246089,1,3655,3655,3655,3655,2534224,67989,,
2026-09-18,10351850295,1,4576,4576,4576,4576,32251340,1008514,,
2026-09-18,10376944238,1,2860,2860,2860,2860,52564159,295584,,
2026-09-18,10381830868,1,1137,1137,1137,1137,3211289,15798,,
2026-09-18,10399136326,1,24414,24414,24414,24414,77235614,133453,,
2026-09-18,10406853972,1,3694,3694,3694,3694,22732677,1891501,,
2026-09-18,10431718987,1,4635,4635,4635,4635,37260167,93330,,
2026-09-18,10455462279,1,4253,4253,4253,4253,51405558,2077119,,
2026-09-18,10461810987,1,4980,4980,4980,4980,28296868,52039,,
2026-09-18,10471583973,1,3259,3259,3259,3259,28445368,91339,,
2026-09-18,10496981141,1,4906,4906,4906,4906,15983917,183530,,
2026-09-18,10502841145,1,14064,14064,14064,14064,88398260,115952,,
2026-09-18,10514488908,1,844,844,844,844,19012795,46721,,
2026-09-18,10536000210,1,5025,5025,5025,5025,7483102,17952,,
2026-09-18,10551595617,1,10286,10286,10286,10286,85259188,2355212,,
2026-09-18,10563114921,1,2486911,2486911,2486911,2486911,3950044647,4592635,,
2026-09-18,10577682617,1,17099,17099,17099,17099,21375741,56248,,
2026-09-18,10604772590,1,7775,7775,7775,7775,22901178,44382,,
2026-09-18,10605467256,1,6063,6063,6063,6063,33763054,44216,,
2026-09-18,10681914462,1,29976,29976,29976,29976,40508315,110657,,
2026-09-18,10682099418,1,11382,11382,11382,11382,13580509,748512,,
2026-09-18,10683945170,2,5816,5816,5802,5831,15538802,897741,,
2026-09-18,10694549945,1,8450,8450,8450,8450,12994502,21843,,
2026-09-18,10700505394,1,8268,8268,8268,8268,28625254,97930,,
2026-09-18,10708913337,1,41743,41743,41743,41743,18432342,56643,,
2026-09-18,10718240577,1,10451,10451,10451,10451,10672639,114915,,
2026-09-18,10737231383,1,15471,15471,15471,15471,9593699,336888,,
2026-09-18,10747748563,1,20344,20344,20344,20344,7187168,204673,,
2026-09-18,10757498504,1,6077,6077,6077,6077,2481734,6772,,
2026-09-18,10757504146,1,5379,5379,5379,5379,11179535,17082,,
2026-09-18,10761115872,1,3217,3217,3217,3217,3358473,232030,,
2026-09-18,10764328008,1,5667,5667,5667,5667,5549278,47995,,
2026-09-18,10764926550,1,10069,10069,10069,10069,8412697,198874,,
2026-09-19,2471084,1,23390,23390,23390,23390,1316409933,4627080,,
2026-09-19,31970568,1,6460,6460,6460,6460,1617138617,6092672,,
2026-09-19,66654135,1,381539,381539,381539,381539,30628368412,24134278,,
2026-09-19,465016798,1,3199,3199,3199,3199,126674479,412084,,
2026-09-19,568307879,1,838,838,838,838,527418417,553308,,
2026-09-19,605887098,1,2856,2856,2856,2856,2527199362,3718122,,
2026-09-19,903807016,1,5797,5797,5797,5797,1583853737,2843569,,
2026-09-19,985731078,1,15932,15932,15932,15932,446038302,2268330,,
2026-09-19,1198533421,1,1143,1143,1143,1143,183418456,732385,,
2026-09-19,1430007363,1,2510,2510,2510,2510,916644765,2400809,,
2026-09-19,1489026993,2,5620,5620,4782,6458,2684697653,4360310,,
2026-09-19,1526814825,1,11833,11833,11833,11833,1112648398,4389913,,
2026-09-19,1637284552,1,1016,1016,1016,1016,,,,
2026-09-19,1795206523,1,1104,1104,1104,1104,960505197,933077,,
2026-09-19,1831550657,1,37272,37272,37272,37272,2221580120,11177526,,
2026-09-19,1998835206,1,3203,3203,3203,3203,591654604,1175965,,
2026-09-19,2049551477,1,2964,2964,2964,2964,1481071446,1938867,,
2026-09-19,2073329983,1,2889,2889,2889,2889,244002049,4759144,,
2026-09-19,2165551367,1,862,862,862,862,676154324,2445179,,
2026-09-19,2247578975,2,3369,3369,3326,3412,1230766024,14945109,,
2026-09-19,2274830359,1,13460,13460,13460,13460,3022974825,2053871,,
2026-09-19,2294168059,1,4671,4671,4671,4671,1254077966,3383866,,
2026-09-19,2369077151,1,8943,8943,8943,8943,420384156,11150019,,
2026-09-19,2440500124,1,79862,79862,79862,79862,7743999502,8178239,,
2026-09-19,2491559356,1,1707,1707,1707,1707,87358800,178184,,
2026-09-19,2655478023,2,3922,3922,3528,4315,1030601984,3509898,,
2026-09-19,2788648141,1,4230,4230,4230,4230,1007819274,2145929,,
2026-09-19,2827951974,1,768,768,768,768,814904533,689159,,
2026-09-19,2992873140,1,17042,17042,17042,17042,1425134053,1028120,,
2026-09-19,3034836582,1,878,878,878,878,,,,
2026-09-19,3079618996,1,11684,11684,11684,11684,806561571,1101442,,
2026-09-19,3187874989,1,4130,4130,4130,4130,183261569,246292,,
2026-09-19,3310460039,1,24442,24442,24442,24442,4685013502,105200267,,
2026-09-19,3346892457,1,1658,1658,1658,1658,451506166,191972,,
2026-09-19,3472976893,1,1556,1556,1556,1556,188341055,3536882,,
2026-09-19,3502524667,1,2304,2304,2304,2304,764528701,3692848,,
2026-09-19,3551414857,1,1717,1717,1717,1717,636907135,1330693,,
2026-09-19,3647333358,1,39112,39112,39112,39112,9197088535,8243887,,
2026-09-19,3746418487,1,2908,2908,2908,2908,330494361,403785,,
2026-09-19,3754482795,1,6664,6664,6664,6664,1291255867,4583553,,
2026-09-19,3841172115,1,1560,1560,1560,1560,157478685,710872,,
2026-09-19,4028801234,1,824,824,824,824,238460255,12711317,,
2026-09-19,4071487712,1,930,930,930,930,30532440,125176,,
2026-09-19,4283416256,1,792,792,792,792,23638131,136494,,
2026-09-19,4343544885,1,3063,3063,3063,3063,128135730,2803633,,
2026-09-19,4348829796,1,14680,14680,14680,14680,2690989781,11451283,,
2026-09-19,4457060041,1,3466,3466,3466,3466,142115738,229384,,
2026-09-19,4518160318,1,8195,8195,8195,8195,650585928,1182812,,
2026-09-19,4595016786,1,3576,3576,3576,3576,610005574,760451,,
2026-09-19,4599924264,1,3123,3123,3123,3123,728813184,292525,,
2026-09-19,4673599750,1,1795,1795,1795,1795,548017172,500808,,
2026-09-19,4720386144,1,2039,2039,2039,2039,122723894,621018,,
2026-09-19,4793836769,1,4103,4103,4103,4103,310880286,6559930,,
2026-09-19,4925331346,1,4078,4078,4078,4078,324389388,507149,,
2026-09-19,4944984948,1,7374,7374,7374,7374,293707025,164912,,
2026-09-19,4998493959,1,5452,5452,5452,5452,252123361,18936434,,
2026-09-19,5195168716,1,1138,1138,1138,1138,102161658,660177,,
2026-09-19,5361032378,1,44683,44683,44683,44683,2173576208,1016564,,
2026-09-19,5508238359,1,4786,4786,4786,4786,112805075,1949731,,
2026-09-19,5578556129,1,27932,27932,27932,27932,2047207549,1991832,,
2026-09-19,5668114043,1,1541,1541,1541,1541,246465619,752740,,
2026-09-19,5750914919,1,110775,110775,110775,110775,4916072357,3632088,,
2026-09-19,5927446137,1,795,795,795,795,47058134,610245,,
2026-09-19,6015491985,1,6190,6190,6190,6190,370957321,222112,,
2026-09-19,6072944764,1,2396,2396,2396,2396,58060290,70171,,
2026-09-19,6491900489,1,3790,3790,3790,3790,574428187,448064,,
2026-09-19,6635513269,1,1773,1773,1773,1773,1670374,16389,,
2026-09-19,6682487255,1,5717,5717,5717,5717,512824146,230900,,
2026-09-19,6749060816,1,10931,10931,10931,10931,283110369,1870629,,
2026-09-19,7018190066,1,19079,19079,19079,19079,6569626457,6107791,,
2026-09-19,7058980030,1,7711,7711,7711,7711,619735484,1034604,,
2026-09-19,7082244450,1,1260,1260,1260,1260,45383489,181540,,
2026-09-19,7082423811,1,4090,4090,4090,4090,297660583,1584163,,
2026-09-19,7094518649,1,12000,12000,12000,12000,364625543,875654,,
2026-09-19,7127084123,1,4634,4634,4634,4634,155730040,332880,,
2026-09-19,7128163167,1,1265,1265,1265,1265,80389110,135414,,
2026-09-19,7208219743,1,3797,3797,3797,3797,10944187,125347,,
2026-09-19,7219654364,1,91056,91056,91056,91056,1783193132,16332285,,
2026-09-19,7332711118,1,3823,3823,3823,3823,1883208732,2476109,,
2026-09-19,7339682753,1,1947,1947,1947,1947,75095569,5637425,,
2026-09-19,7383133134,1,1427,1427,1427,1427,114882118,858352,,
2026-09-19,7434179990,1,13977,13977,13977,13977,247566208,8670363,,
2026-09-19,7436755782,1,55707,55707,55707,55707,35920926264,11411339,,
2026-09-19,7450124099,1,2761,2761,2761,2761,141412049,798318,,
2026-09-19,7577791613,1,1713,1713,1713,1713,110862118,599771,,
2026-09-19,7613921865,1,13644,13644,13644,13644,790948650,210527,,
2026-09-19,7690412163,1,661,661,661,661,86808827,209302,,
2026-09-19,7709344486,1,100981,100981,100981,100981,73524978871,29371320,,
2026-09-19,7856039629,1,9861,9861,9861,9861,58575837,1773033,,
2026-09-19,7891669427,1,1322,1322,1322,1322,41579983,922507,,
2026-09-19,8316902627,1,3514,3514,3514,3514,4706521248,1996884,,
2026-09-19,8356066619,1,4014,4014,4014,4014,87676635,46624,,
2026-09-19,8401518398,1,5414,5414,5414,5414,106748021,91036,,
2026-09-19,8504461817,2,2782,2782,2310,3255,196526490,109309,,
2026-09-19,8539298853,1,7308,7308,7308,7308,1291543089,1807891,,
2026-09-19,8724785394,1,4384,4384,4384,4384,3956425,177060,,
2026-09-19,8759966530,1,1674,1674,1674,1674,126885095,412445,,
2026-09-19,8791358380,1,7426,7426,7426,7426,454997514,13647791,,
2026-09-19,8950496606,1,1608,1608,1608,1608,179033667,449425,,
2026-09-19,9098570654,1,11459,11459,11459,11459,260996125,436948,,
2026-09-19,9141743926,1,4173,4173,4173,4173,452615128,599771,,
2026-09-19,9145063979,1,8143,8143,8143,8143,578229380,594854,,
2026-09-19,9219116196,1,1764,1764,1764,1764,101025006,280908,,
2026-09-19,9296042754,1,8274,8274,8274,8274,76100645,360415,,
2026-09-19,9315739469,1,990,990,990,990,87571833,94148,,
2026-09-19,9348272796,1,10500,10500,10500,10500,734887532,676238,,
2026-09-19,9362896961,1,3960,3960,3960,3960,155081807,221089,,
2026-09-19,9363735110,1,6124,6124,6124,6124,5716822328,2055872,,
2026-09-19,9442472087,1,1122,1122,1122,1122,10118151,267953,,
2026-09-19,9481391333,1,4606,4606,4606,4606,31970595,690581,,
2026-09-19,9513686983,1,3690,3690,3690,3690,431466768,14228166,,
2026-09-19,9526307912,1,1017,1017,1017,1017,,,,
2026-09-19,9561553764,1,20735,20735,20735,20735,227522702,196861,,
2026-09-19,9569441921,1,2882,2882,2882,2882,11037857,89394,,
2026-09-19,9582986239,1,5841,5841,5841,5841,,,,
2026-09-19,9584852943,1,219909,219909,219909,219909,5942864578,6614483,,
2026-09-19,9592387369,1,16767,16767,16767,16767,43561015,143195,,
2026-09-19,9812090239,1,1749,1749,1749,1749,39926903,960670,,
2026-09-19,9829910038,1,807,807,807,807,2027145,7528,,
2026-09-19,9836330876,1,3237,3237,3237,3237,20723831,75285,,
2026-09-19,9889811676,1,2217,2217,2217,2217,28731436,200216,,
2026-09-19,9934614409,1,3589,3589,3589,3589,87317712,142355,,
2026-09-19,9940725596,1,1231,1231,1231,1231,38764987,52752,,
2026-09-19,9940812243,1,2662,2662,2662,2662,13614471,157119,,
2026-09-19,9953328866,1,2994,2994,2994,2994,58958511,67589,,
2026-09-19,9958694666,1,3130,3130,3130,3130,47557696,428711,,
2026-09-19,9963622286,1,3492,3492,3492,3492,113201342,2685306,,
2026-09-19,9998576154,1,4501,4501,4501,4501,125573367,7881517,,
2026-09-19,10004244222,1,32955,32955,32955,32955,1846429569,25992980,,
2026-09-19,10065013948,1,3271,3271,3271,3271,70590601,109883,,
2026-09-19,10110316965,1,9945,9945,9945,9945,17712481,669567,,
2026-09-19,10144280947,1,25670,25670,25670,25670,592481270,11431007,,
2026-09-19,10144587520,1,11263,11263,11263,11263,76020218,1983167,,
2026-09-19,10153098880,1,3883,3883,3883,3883,32881734,238096,,
2026-09-19,10156435104,1,3303,3303,3303,3303,61248484,97028,,
2026-09-19,10184247393,1,4902,4902,4902,4902,101057065,2759995,,
2026-09-19,10199301628,1,17547,17547,17547,17547,418069119,1993663,,
2026-09-19,10200395747,1,5180,5180,5180,5180,1672019308,662500,,
2026-09-19,10244001346,1,5056,5056,5056,5056,111132623,116845,,
2026-09-19,10247797619,1,4445,4445,4445,4445,67353634,191828,,
2026-09-19,10253235584,1,5549,5549,5549,5549,63607612,627126,,
2026-09-19,10263732883,1,3818,3818,3818,3818,3814099,29325,,
2026-09-19,10272236945,1,2697,2697,2697,2697,36622282,53746,,
2026-09-19,10274447949,1,4471,4471,4471,4471,53432265,3760983,,
2026-09-19,10298144467,1,6153,6153,6153,6153,36768224,40874,,
2026-09-19,10321202755,1,9330,9330,9330,9330,49231792,453158,,
2026-09-19,10338952197,1,13611,13611,13611,13611,108165716,7118881,,
2026-09-19,10351246089,1,4353,4353,4353,4353,2763793,70248,,
2026-09-19,10351850295,1,3983,3983,3983,3983,32791093,1023593,,
2026-09-19,10376944238,1,6211,6211,6211,6211,53111357,297865,,
2026-09-19,10381830868,1,1512,1512,1512,1512,3385502,16461,,
2026-09-19,10399136326,1,27917,27917,27917,27917,79594485,136673,,
2026-09-19,10406853972,1,5528,5528,5528,5528,23041824,1924286,,
2026-09-19,10431718987,1,4936,4936,4936,4936,37665363,94325,,
2026-09-19,10455462279,1,5864,5864,5864,5864,,,,
2026-09-19,10461810987,1,4805,4805,4805,4805,29040284,53217,,
2026-09-19,10471583973,1,4036,4036,4036,4036,28682841,91932,,
2026-09-19,10496981141,1,4940,4940,4940,4940,16506648,184236,,
2026-09-19,10502841145,1,13428,13428,13428,13428,89221450,116640,,
2026-09-19,10514488908,1,1634,1634,1634,1634,19172877,47107,,
2026-09-19,10526166728,1,2720,2720,2720,2720,8712199,19762,,
2026-09-19,10536000210,1,6764,6764,6764,6764,8214534,19398,,
2026-09-19,10547918402,1,3010,3010,3010,3010,39820633,81388,,
2026-09-19,10551595617,1,16479,16479,16479,16479,86963776,2408146,,
2026-09-19,10551923502,1,3657,3657,3657,3657,25505376,2053536,,
2026-09-19,10563114921,1,3475462,3475462,3475462,3475462,4149861175,4796870,,
2026-09-19,10577682617,1,16521,16521,16521,16521,22719206,58993,,
2026-09-19,10604772590,1,10785,10785,10785,10785,23506707,45532,,
2026-09-19,10605467256,1,9189,9189,9189,9189,35204440,45903,,
2026-09-19,10681914462,1,37139,37139,37139,37139,44431141,120530,,
2026-09-19,10682099418,1,13115,13115,13115,13115,15579456,817831,,
2026-09-19,10683945170,2,8292,8292,7942,8643,16402688,938412,,
2026-09-19,10694549945,1,14163,14163,14163,14163,13726945,22689,,
2026-09-19,10700505394,1,8473,8473,8473,8473,29613891,100527,,
2026-09-19,10708913337,1,38073,38073,38073,38073,20232778,61456,,
2026-09-19,10718240577,1,13708,13708,13708,13708,11730952,123188,,
2026-09-19,10737231383,1,16593,16593,16593,16593,10835855,370296,,
2026-09-19,10747748563,1,17818,17818,17818,17818,8715209,235803,,
2026-09-19,10757498504,1,7789,7789,7789,7789,3068901,8560,,
2026-09-19,10757504146,1,8842,8842,8842,8842,12092451,18395,,
2026-09-19,10761115872,1,5635,5635,5635,5635,3937846,272106,,
2026-09-19,10764328008,1,5360,5360,5360,5360,5990769,50388,,
2026-09-19,10764926550,1,14249,14249,14249,14249,9623140,221853,,
2026-09-20,2471084,1,18026,18026,18026,18026,1318109275,4630494,,
2026-09-20,31970568,1,7298,7298,7298,7298,1617520249,6093213,,
2026-09-20,66654135,1,384402,384402,384402,384402,30666968437,24154378,,
2026-09-20,465016798,1,3051,3051,3051,3051,126911838,412591,,
2026-09-20,568307879,1,682,682,682,682,527531583,553535,,
2026-09-20,605887098,1,4109,4109,4109,4109,2527563466,3718571,,
2026-09-20,903807016,1,7037,7037,7037,7037,1584457031,2843849,,
2026-09-20,985731078,1,10102,10102,10102,10102,447142464,2270214,,
2026-09-20,1198533421,1,1081,1081,1081,1081,183495512,732516,,
2026-09-20,1214576306,1,2776,2776,2776,2776,1648816731,4302676,,
2026-09-20,1430007363,1,2741,2741,2741,2741,917004181,2402799,,
2026-09-20,1489026993,2,5581,5581,4816,6346,2685272423,4361140,,
2026-09-20,1526814825,1,15716,15716,15716,15716,1113530150,4392626,,
2026-09-20,1637284552,1,1016,1016,1016,1016,,,,
2026-09-20,1795206523,1,1030,1030,1030,1030,960703143,933121,,
2026-09-20,1831550657,1,34888,34888,34888,34888,2223490493,11183662,,
2026-09-20,1998835206,1,3119,3119,3119,3119,591925733,1176159,,
2026-09-20,2049551477,2,2970,2970,2880,3059,1481450484,1939422,,
2026-09-20,2073329983,1,2569,2569,2569,2569,244193790,4760666,,
2026-09-20,2165551367,1,900,900,900,900,,,,
2026-09-20,2247578975,2,3326,3326,3075,3578,1231246803,14945538,,
2026-09-20,2274830359,1,11441,11441,11441,11441,3024438750,2055295,,
2026-09-20,2294168059,1,4147,4147,4147,4147,1254447223,3384919,,
2026-09-20,2369077151,1,11407,11407,11407,11407,421400502,11178920,,
2026-09-20,2440500124,1,73440,73440,73440,73440,7750417609,8183009,,
2026-09-20,2491559356,1,1469,1469,1469,1469,87497270,178479,,
2026-09-20,2655478023,2,3563,3563,3235,3891,1031171699,3510585,,
2026-09-20,2788648141,1,4142,4142,4142,4142,1008102805,2147801,,
2026-09-20,2821905072,1,2840,2840,2840,2840,,,,
2026-09-20,2827951974,1,846,846,846,846,815033824,689381,,
2026-09-20,2992873140,1,20310,20310,20310,20310,1426314270,1028704,,
2026-09-20,3034836582,1,784,784,784,784,506588686,1920596,,
2026-09-20,3079618996,1,18700,18700,18700,18700,807941424,1113299,,
2026-09-20,3164075108,1,3530,3530,3530,3530,286000256,743625,,
2026-09-20,3187874989,1,4282,4282,4282,4282,183718512,246797,,
2026-09-20,3310460039,1,23411,23411,23411,23411,4688305371,105202638,,
2026-09-20,3346892457,1,1672,1672,1672,1672,451791867,192444,,
2026-09-20,3420059569,1,2897,2897,2897,2897,966517143,27488451,,
2026-09-20,3472976893,1,1518,1518,1518,1518,188706259,3546123,,
2026-09-20,3502524667,1,1402,1402,1402,1402,764847617,3693253,,
2026-09-20,3551414857,1,1903,1903,1903,1903,637049455,1330944,,
2026-09-20,3647333358,1,34851,34851,34851,34851,9202011858,8247164,,
2026-09-20,3746418487,1,2837,2837,2837,2837,330765356,404274,,
2026-09-20,3754482795,1,6489,6489,6489,6489,1291967787,4586725,,
2026-09-20,3841172115,1,1576,1576,1576,1576,157638911,711315,,
2026-09-20,4028801234,1,697,697,697,697,238552551,12716587,,
2026-09-20,4071487712,1,887,887,887,887,30587944,125351,,
2026-09-20,4283416256,1,736,736,736,736,23696142,136747,,
2026-09-20,4343544885,1,3058,3058,3058,3058,128340725,2806969,,
2026-09-20,4348829796,1,14254,14254,14254,14254,2692892631,11464683,,
2026-09-20,4457060041,1,3458,3458,3458,3458,142352552,229679,,
2026-09-20,4518160318,1,8125,8125,8125,8125,651124051,1184388,,
2026-09-20,4595016786,1,3818,3818,3818,3818,610345284,761104,,
2026-09-20,4599924264,1,3006,3006,3006,3006,729209307,292855,,
2026-09-20,4673599750,1,1994,1994,1994,1994,548802762,501429,,
2026-09-20,4720386144,1,1967,1967,1967,1967,122874344,621672,,
2026-09-20,4793836769,1,3949,3949,3949,3949,311272572,6569273,,
2026-09-20,4925331346,1,4392,4392,4392,4392,324681994,507685,,
2026-09-20,4944984948,1,7794,7794,7794,7794,294774507,166142,,
2026-09-20,4998493959,1,5035,5035,5035,5035,252772431,18986676,,
2026-09-20,5195168716,1,1035,1035,1035,1035,102256473,660652,,
2026-09-20,5361032378,1,42689,42689,42689,42689,2176436513,1017286,,
2026-09-20,5508238359,1,4338,4338,4338,4338,113227974,1953064,,
2026-09-20,5578556129,1,26327,26327,26327,26327,2048242019,1992332,,
2026-09-20,5661020014,1,887,887,887,887,35179811,840083,,
2026-09-20,5668114043,1,1515,1515,1515,1515,246638381,753074,,
2026-09-20,5698013839,1,734,734,734,734,72157127,283414,,
2026-09-20,5750914919,1,117576,117576,117576,117576,4923121309,3635151,,
2026-09-20,5927446137,1,671,671,671,671,47108734,610670,,
2026-09-20,6015491985,1,7065,7065,7065,7065,371905572,223023,,
2026-09-20,6072944764,1,2027,2027,2027,2027,58253980,70512,,
2026-09-20,6247557414,1,661,661,661,661,200895303,2334625,,
2026-09-20,6635513269,1,1568,1568,1568,1568,2006344,18841,,
2026-09-20,6682487255,1,5430,5430,5430,5430,513302227,231108,,
2026-09-20,6749060816,1,9309,9309,9309,9309,283866683,1874087,,
2026-09-20,7018190066,1,21459,21459,21459,21459,6571540068,6109125,,
2026-09-20,7058980030,1,8942,8942,8942,8942,621069816,1036860,,
2026-09-20,7073604286,1,2896,2896,2896,2896,426543684,439814,,
2026-09-20,7082244450,1,1128,1128,1128,1128,45588889,182282,,
2026-09-20,7082423811,1,3223,3223,3223,3223,297995825,1584639,,
2026-09-20,7094518649,1,13390,13390,13390,13390,365244075,877185,,
2026-09-20,7127084123,1,4516,4516,4516,4516,156043416,333597,,
2026-09-20,7128163167,1,1169,1169,1169,1169,80519797,135651,,
2026-09-20,7208219743,1,3525,3525,3525,3525,11150452,127769,,
2026-09-20,7219654364,1,91750,91750,91750,91750,1790973023,16376028,,
2026-09-20,7321712757,1,830,830,830,830,22246133,111339,,
2026-09-20,7332711118,1,3535,3535,3535,3535,1883669248,2476594,,
2026-09-20,7339682753,1,2307,2307,2307,2307,75362392,5658409,,
2026-09-20,7383133134,1,1689,1689,1689,1689,115158088,860978,,
2026-09-20,7434179990,1,15566,15566,15566,15566,248934381,8729977,,
2026-09-20,7436755782,1,48405,48405,48405,48405,35926211982,11417278,,
2026-09-20,7577791613,1,1858,1858,1858,1858,111121455,600579,,
2026-09-20,7613921865,1,11992,11992,11992,11992,791853821,210655,,
2026-09-20,7690412163,1,1055,1055,1055,1055,86874913,209536,,
2026-09-20,7709344486,1,125323,125323,125323,125323,73556724371,29386198,,
2026-09-20,7856039629,1,10301,10301,10301,10301,59922934,1803798,,
2026-09-20,7891669427,1,1053,1053,1053,1053,41703108,924361,,
2026-09-20,8316902627,1,3198,3198,3198,3198,4707029851,1997575,,
2026-09-20,8401518398,1,5639,5639,5639,5639,107407525,91775,,
2026-09-20,8504461817,2,2439,2439,1852,3026,196928283,109803,,
2026-09-20,8539298853,1,6587,6587,6587,6587,1292231259,1809012,,
2026-09-20,8562618273,1,722,722,722,722,107209946,89377,,
2026-09-20,8724785394,1,5416,5416,5416,5416,4332402,192501,,
2026-09-20,8759966530,1,2086,2086,2086,2086,127078545,412870,,
2026-09-20,8791358380,1,6829,6829,6829,6829,455744969,13670123,,
2026-09-20,8946565814,1,4245,4245,4245,4245,25880464,26119,,
2026-09-20,8950496606,1,1521,1521,1521,1521,179159537,449691,,
2026-09-20,8959257868,1,2989,2989,2989,2989,12755478,47663,,
2026-09-20,9098570654,1,10742,10742,10742,10742,261632069,437957,,
2026-09-20,9141743926,1,4060,4060,4060,4060,453092900,599992,,
2026-09-20,9145063979,1,8152,8152,8152,8152,579131785,596080,,
2026-09-20,9175015027,1,3063,3063,3063,3063,56028309,4969784,,
2026-09-20,9219116196,1,3732,3732,3732,3732,101215405,281543,,
2026-09-20,9296042754,1,7703,7703,7703,7703,76812062,364480,,
2026-09-20,9315739469,1,1027,1027,1027,1027,87733397,94359,,
2026-09-20,9348272796,1,8470,8470,8470,8470,735891883,677251,,
2026-09-20,9362896961,1,3969,3969,3969,3969,155286128,221156,,
2026-09-20,9363735110,1,6969,6969,6969,6969,5717771023,2056627,,
2026-09-20,9442472087,1,1027,1027,1027,1027,10187773,268727,,
2026-09-20,9452898647,1,3369,3369,3369,3369,125079651,5340229,,
2026-09-20,9481391333,1,4401,4401,4401,4401,32394973,695648,,
2026-09-20,9513686983,1,3975,3975,3975,3975,431950313,14248738,,
2026-09-20,9526307912,1,1017,1017,1017,1017,,,,
2026-09-20,9561553764,1,18832,18832,18832,18832,230957759,199078,,
2026-09-20,9582986239,1,6449,6449,6449,6449,12629157,64631,,
2026-09-20,9584852943,1,196260,196260,196260,196260,5983374738,6644919,,
2026-09-20,9592387369,1,14540,14540,14540,14540,45176240,147768,,
2026-09-20,9812090239,1,1198,1198,1198,1198,40388449,970687,,
2026-09-20,9829910038,1,760,760,760,760,2083492,7664,,
2026-09-20,9836330876,1,2914,2914,2914,2914,20986916,76037,,
2026-09-20,9889811676,1,2383,2383,2383,2383,28956126,201208,,
2026-09-20,9940725596,1,1183,1183,1183,1183,38964058,53080,,
2026-09-20,9940812243,1,2856,2856,2856,2856,,,,
2026-09-20,9963622286,1,2861,2861,2861,2861,113520569,2685662,,
2026-09-20,9998576154,1,3423,3423,3423,3423,125940011,7900986,,
2026-09-20,10004244222,1,37868,37868,37868,37868,1854555562,26033035,,
2026-09-20,10065013948,1,3919,3919,3919,3919,70947086,110480,,
2026-09-20,10110316965,1,7282,7282,7282,7282,18553924,671156,,
2026-09-20,10144280947,1,23819,23819,23819,23819,596561425,11503979,,
2026-09-20,10144587520,1,11151,11151,11151,11151,76695047,1994601,,
2026-09-20,10153098880,1,4187,4187,4187,4187,33130310,239717,,
2026-09-20,10156435104,1,3079,3079,3079,3079,61552924,97441,,
2026-09-20,10184247393,1,4187,4187,4187,4187,101435321,2770908,,
2026-09-20,10199301628,1,19147,19147,19147,19147,420246538,2001103,,
2026-09-20,10200395747,1,5126,5126,5126,5126,1672396300,662555,,
2026-09-20,10244001346,1,5510,5510,5510,5510,111891618,117726,,
2026-09-20,10247797619,1,4472,4472,4472,4472,67821490,193006,,
2026-09-20,10253235584,1,4958,4958,4958,4958,63924747,629056,,
2026-09-20,10263732883,1,3416,3416,3416,3416,4011376,30143,,
2026-09-20,10274447949,1,4129,4129,4129,4129,53895753,3793245,,
2026-09-20,10298144467,1,6333,6333,6333,6333,37077320,41049,,
2026-09-20,10321202755,1,11014,11014,11014,11014,49611064,456948,,
2026-09-20,10338952197,1,11399,11399,11399,11399,109051849,7129386,,
2026-09-20,10351246089,1,4121,4121,4121,4121,3008499,72413,,
2026-09-20,10371406677,1,11958,11958,11958,11958,2380515,14220,,
2026-09-20,10376944238,1,5541,5541,5541,5541,53753388,300220,,
2026-09-20,10381830868,1,1472,1472,1472,1472,3553506,17093,,
2026-09-20,10399136326,1,27539,27539,27539,27539,82298065,140442,,
2026-09-20,10406853972,1,3935,3935,3935,3935,23399747,1956469,,
2026-09-20,10431718987,1,5136,5136,5136,5136,38161047,95625,,
2026-09-20,10455462279,1,9776,9776,9776,9776,52992687,2111490,,
2026-09-20,10461810987,1,4174,4174,4174,4174,29901809,54432,,
2026-09-20,10471583973,1,5839,5839,5839,5839,29040668,93194,,
2026-09-20,10496981141,1,3933,3933,3933,3933,17064303,185001,,
2026-09-20,10502841145,1,18800,18800,18800,18800,90280459,117528,,
2026-09-20,10514488908,1,1268,1268,1268,1268,19362210,47591,,
2026-09-20,10526434002,1,4151,4151,4151,4151,28212717,43310,,
2026-09-20,10536000210,1,5889,5889,5889,5889,9145553,21096,,
2026-09-20,10547918402,1,2923,2923,2923,2923,40199672,81899,,
2026-09-20,10550257968,1,4745,4745,4745,4745,3410067,184621,,
2026-09-20,10551595617,1,20153,20153,20153,20153,89383968,2505839,,
2026-09-20,10551923502,1,3782,3782,3782,3782,25870606,2080012,,
2026-09-20,10563114921,1,2873407,2873407,2873407,2873407,4443497523,5040537,,
2026-09-20,10577682617,1,13129,13129,13129,13129,23908278,61457,,
2026-09-20,10604772590,1,11634,11634,11634,11634,24410462,47059,,
2026-09-20,10605467256,1,8815,8815,8815,8815,36940374,47976,,
2026-09-20,10612017628,1,3953,3953,3953,3953,4597624,239061,,
2026-09-20,10681914462,1,34007,34007,34007,34007,48794288,132238,,
2026-09-20,10682099418,1,7807,7807,7807,7807,17038357,880855,,
2026-09-20,10683945170,2,6926,6926,6505,7347,17222120,968889,,
2026-09-20,10684750879,1,32280,32280,32280,32280,7653645,486819,,
2026-09-20,10694549945,1,7223,7223,7223,7223,14364077,23504,,
2026-09-20,10700505394,1,8450,8450,8450,8450,30773868,103562,,
2026-09-20,10708913337,1,50444,50444,50444,50444,22507935,66773,,
2026-09-20,10718240577,1,26175,26175,26175,26175,14146818,141275,,
2026-09-20,10737231383,1,22835,22835,22835,22835,12331842,413020,,
2026-09-20,10747748563,1,16884,16884,16884,16884,10291965,261639,,
2026-09-20,10757498504,1,11764,11764,11764,11764,3984704,11407,,
2026-09-20,10757504146,1,8861,8861,8861,8861,13199895,20082,,
2026-09-20,10761115872,1,5915,5915,5915,5915,4711560,324664,,
2026-09-20,10764328008,1,5536,5536,5536,5536,6504806,52596,,
2026-09-20,10764926550,1,18501,18501,18501,18501,11321787,255771,,
2026-09-21,2471084,1,11062,11062,11062,11062,1319177243,4632117,,
2026-09-21,31970568,1,5472,5472,5472,5472,1617844066,6093688,,
2026-09-21,66654135,1,215687,215687,215687,215687,30697193531,24171722,,
2026-09-21,605887098,1,3003,3003,3003,3003,2527850472,3718942,,
2026-09-21,903807016,1,5203,5203,5203,5203,1585019080,2844174,,
2026-09-21,985731078,1,6019,6019,6019,6019,447765328,2271075,,
2026-09-21,1198533421,1,814,814,814,814,183561505,732633,,
2026-09-21,1430007363,1,1438,1438,1438,1438,917261532,2404182,,
2026-09-21,1489026993,2,3538,3538,2995,4082,2685703074,4361720,,
2026-09-21,1526814825,1,11233,11233,11233,11233,1114271814,4394793,,
2026-09-21,1637284552,1,1016,1016,1016,1016,,,,
2026-09-21,1831550657,1,28310,28310,28310,28310,2225122049,11188420,,
2026-09-21,1998835206,1,1815,1815,1815,1815,592124814,1176319,,
2026-09-21,2049551477,1,1540,1540,1540,1540,1481693447,1939758,,
2026-09-21,2247578975,2,2246,2246,1747,2746,1231571524,14945827,,
2026-09-21,2274830359,1,6322,6322,6322,6322,3025541154,2056525,,
2026-09-21,2294168059,1,2429,2429,2429,2429,1254719040,3386030,,
2026-09-21,2369077151,1,5593,5593,5593,5593,422118876,11196179,,
2026-09-21,2440500124,1,39307,39307,39307,39307,7754887357,8186713,,
2026-09-21,2491559356,1,881,881,881,881,87603703,178601,,
2026-09-21,2655478023,2,2344,2344,1846,2843,1031555919,3511103,,
2026-09-21,2788648141,1,3115,3115,3115,3115,1008325249,2149188,,
2026-09-21,2992873140,1,15936,15936,15936,15936,1427210903,1029226,,
2026-09-21,3079618996,1,7177,7177,7177,7177,808774215,1119768,,
2026-09-21,3164075108,1,2722,2722,2722,2722,286234606,743986,,
2026-09-21,3187874989,1,2808,2808,2808,2808,184024834,247120,,
2026-09-21,3310460039,1,17218,17218,17218,17218,4690947602,105204553,,
2026-09-21,3346892457,1,1047,1047,1047,1047,452001852,192758,,
2026-09-21,3472976893,1,763,763,763,763,188951298,3551922,,
2026-09-21,3502524667,1,1100,1100,1100,1100,765022552,3693478,,
2026-09-21,3551414857,1,1145,1145,1145,1145,637158695,1331125,,
2026-09-21,3647333358,1,20370,20370,20370,20370,9205707935,8249566,,
2026-09-21,3754482795,1,3782,3782,3782,3782,1292510970,4588948,,
2026-09-21,3841172115,1,812,812,812,812,157754563,711678,,
2026-09-21,4348829796,1,8349,8349,8349,8349,2694344120,11474558,,
2026-09-21,4457060041,1,2852,2852,2852,2852,142526037,229946,,
2026-09-21,4518160318,1,6061,6061,6061,6061,651578700,1185690,,
2026-09-21,4595016786,1,4007,4007,4007,4007,610745847,761956,,
2026-09-21,4673599750,1,1263,1263,1263,1263,549617749,502085,,
2026-09-21,4720386144,1,1390,1390,1390,1390,122995474,622532,,
2026-09-21,4793836769,1,2757,2757,2757,2757,311565948,6575266,,
2026-09-21,4925331346,1,3928,3928,3928,3928,324968692,508247,,
2026-09-21,4944984948,1,5149,5149,5149,5149,295613064,167256,,
2026-09-21,4998493959,1,4413,4413,4413,4413,253342366,19030449,,
2026-09-21,5361032378,1,41987,41987,41987,41987,2179087422,1017815,,
2026-09-21,5508238359,1,2662,2662,2662,2662,113534685,1955311,,
2026-09-21,5578556129,1,23133,23133,23133,23133,2049169046,1992637,,
2026-09-21,5668114043,1,885,885,885,885,246757718,753356,,
2026-09-21,5750914919,1,83994,83994,83994,83994,4927513223,3637281,,
2026-09-21,5927446137,1,651,651,651,651,47147276,611078,,
2026-09-21,6015491985,1,3582,3582,3582,3582,372695725,223740,,
2026-09-21,6072944764,1,1668,1668,1668,1668,58432659,70791,,
2026-09-21,6635513269,1,825,825,825,825,2207069,20202,,
2026-09-21,6682487255,1,5016,5016,5016,5016,513784591,231156,,
2026-09-21,6749060816,1,5918,5918,5918,5918,284427516,1876416,,
2026-09-21,7018190066,1,11952,11952,11952,11952,6572788131,6110226,,
2026-09-21,7058980030,1,5208,5208,5208,5208,622226455,1038943,,
2026-09-21,7094518649,1,10169,10169,10169,10169,365790492,878465,,
2026-09-21,7127084123,1,2962,2962,2962,2962,156284820,334161,,
2026-09-21,7128163167,1,766,766,766,766,80618796,135835,,
2026-09-21,7208219743,1,2168,2168,2168,2168,11304205,129139,,
2026-09-21,7219654364,1,63543,63543,63543,63543,1796945641,16409006,,
2026-09-21,7339682753,1,1816,1816,1816,1816,75644220,5678063,,
2026-09-21,7383133134,1,727,727,727,727,115376024,863175,,
2026-09-21,7434179990,1,6219,6219,6219,6219,249645653,8752226,,
2026-09-21,7436755782,1,26933,26933,26933,26933,35929198968,11419866,,
2026-09-21,7577791613,1,1127,1127,1127,1127,111296154,601294,,
2026-09-21,7613921865,1,9669,9669,9669,9669,792567722,210830,,
2026-09-21,7709344486,1,98220,98220,98220,98220,73574517619,29394056,,
2026-09-21,7856039629,1,6331,6331,6331,6331,60931473,1825551,,
2026-09-21,8356066619,1,5266,5266,5266,5266,87927280,46755,,
2026-09-21,8401518398,1,4290,4290,4290,4290,107932465,92386,,
2026-09-21,8504461817,1,1135,1135,1135,1135,197198005,110109,,
2026-09-21,8539298853,1,3295,3295,3295,3295,1292667554,1809849,,
2026-09-21,8724785394,1,4055,4055,4055,4055,4664887,206522,,
2026-09-21,8759966530,1,1003,1003,1003,1003,127218055,413096,,
2026-09-21,8791358380,1,4399,4399,4399,4399,456343079,13687414,,
2026-09-21,8946565814,1,2721,2721,2721,2721,26054661,26254,,
2026-09-21,8950496606,1,916,916,916,916,179258220,449906,,
2026-09-21,9098570654,1,8390,8390,8390,8390,262144640,439007,,
2026-09-21,9141743926,1,3355,3355,3355,3355,453516419,600172,,
2026-09-21,9145063979,1,5220,5220,5220,5220,579847857,597106,,
2026-09-21,9219116196,1,1002,1002,1002,1002,101407061,282415,,
2026-09-21,9296042754,1,9543,9543,9543,9543,77875321,370298,,
2026-09-21,9348272796,1,4777,4777,4777,4777,736601477,677926,,
2026-09-21,9362896961,1,3932,3932,3932,3932,155481830,221228,,
2026-09-21,9363735110,1,4929,4929,4929,4929,5718704119,2057310,,
2026-09-21,9442472087,1,736,736,736,736,10238260,269211,,
2026-09-21,9481391333,1,2829,2829,2829,2829,32720560,699423,,
2026-09-21,9526307912,1,1017,1017,1017,1017,,,,
2026-09-21,9561553764,1,11527,11527,11527,11527,233333504,201051,,
2026-09-21,9582986239,1,5900,5900,5900,5900,12956330,65707,,
2026-09-21,9584852943,1,200907,200907,200907,200907,6003443084,6664367,,
2026-09-21,9592387369,1,11434,11434,11434,11434,46579226,151917,,
2026-09-21,9812090239,1,746,746,746,746,40625396,976062,,
2026-09-21,9889811676,1,1140,1140,1140,1140,29120308,202043,,
2026-09-21,9940812243,1,2953,2953,2953,2953,13856477,158086,,
2026-09-21,10004244222,1,20648,20648,20648,20648,1858441717,26059267,,
2026-09-21,10110316965,1,5399,5399,5399,5399,19302865,672706,,
2026-09-21,10144280947,1,18530,18530,18530,18530,599671661,11551370,,
2026-09-21,10144587520,1,8890,8890,8890,8890,77164439,2004536,,
2026-09-21,10153098880,1,3621,3621,3621,3621,33361325,240917,,
2026-09-21,10184247393,1,2787,2787,2787,2787,101770414,2779924,,
2026-09-21,10199301628,1,10503,10503,10503,10503,421741094,2005972,,
2026-09-21,10200395747,1,3330,3330,3330,3330,1672695699,662662,,
2026-09-21,10244001346,1,4329,4329,4329,4329,112522683,118494,,
2026-09-21,10247797619,1,3044,3044,3044,3044,68214231,194235,,
2026-09-21,10253235584,1,3869,3869,3869,3869,64145846,630376,,
2026-09-21,10263732883,1,3254,3254,3254,3254,4196799,30899,,
2026-09-21,10274447949,1,2885,2885,2885,2885,54251507,3815975,,
2026-09-21,10298144467,1,5034,5034,5034,5034,37363103,41211,,
2026-09-21,10321202755,1,9373,9373,9373,9373,49924282,460476,,
2026-09-21,10338952197,1,9227,9227,9227,9227,109708747,7139748,,
2026-09-21,10351850295,1,2826,2826,2826,2826,33431471,1040383,,
2026-09-21,10371406677,1,7468,7468,7468,7468,3050238,17175,,
2026-09-21,10376944238,1,2871,2871,2871,2871,54179685,301710,,
2026-09-21,10381830868,1,1043,1043,1043,1043,3670980,17565,,
2026-09-21,10399136326,1,21727,21727,21727,21727,84724590,143764,,
2026-09-21,10431718987,1,4837,4837,4837,4837,38609145,96791,,
2026-09-21,10455462279,1,5027,5027,5027,5027,53742442,2126103,,
2026-09-21,10461810987,1,3175,3175,3175,3175,30505399,55465,,
2026-09-21,10471583973,1,3624,3624,3624,3624,29346610,94199,,
2026-09-21,10502841145,1,15027,15027,15027,15027,91321751,118360,,
2026-09-21,10529769390,1,7050,7050,7050,7050,8256506,7943,,
2026-09-21,10536000210,1,4184,4184,4184,4184,9862476,22505,,
2026-09-21,10550257968,1,4333,4333,4333,4333,3898150,204619,,
2026-09-21,10551595617,1,9859,9859,9859,9859,90789750,2542715,,
2026-09-21,10551923502,1,2956,2956,2956,2956,26165670,2101150,,
2026-09-21,10563114921,1,1982404,1982404,1982404,1982404,4623853093,5199294,,
2026-09-21,10577682617,1,9809,9809,9809,9809,24902128,63595,,
2026-09-21,10604772590,1,5979,5979,5979,5979,24963557,48056,,
2026-09-21,10605467256,1,5797,5797,5797,5797,38425176,49750,,
2026-09-21,10612017628,1,3614,3614,3614,3614,4884036,248064,,
2026-09-21,10681914462,1,27429,27429,27429,27429,52644690,142757,,
2026-09-21,10682099418,1,5654,5654,5654,5654,18188140,937753,,
2026-09-21,10683945170,2,4064,4064,3582,4546,17789200,993490,,
2026-09-21,10684750879,1,24981,24981,24981,24981,9285565,571146,,
2026-09-21,10694549945,1,4383,4383,4383,4383,14830151,24112,,
2026-09-21,10700505394,1,4877,4877,4877,4877,31654632,106004,,
2026-09-21,10708913337,1,50246,50246,50246,50246,24911472,71850,,
2026-09-21,10718240577,1,7474,7474,7474,7474,15231073,147427,,
2026-09-21,10737127681,1,2759,2759,2759,2759,,,,
2026-09-21,10737231383,1,10539,10539,10539,10539,13849191,442173,,
2026-09-21,10747748563,1,7142,7142,7142,7142,11527261,278229,,
2026-09-21,10757498504,1,6037,6037,6037,6037,4714470,13397,,
2026-09-21,10757504146,1,4931,4931,4931,4931,13996893,21249,,
2026-09-21,10761115872,1,2785,2785,2785,2785,5205779,354705,,
2026-09-21,10764328008,1,2813,2813,2813,2813,6844615,54354,,
2026-09-21,10764926550,1,17465,17465,17465,17465,13062758,286999,,
2026-09-22,2471084,1,8728,8728,8728,8728,1319773529,4633049,,
2026-09-22,31970568,1,3883,3883,3883,3883,1618048239,6093964,,
2026-09-22,66654135,1,210095,210095,210095,210095,30720099119,24183108,,
2026-09-22,903807016,1,3439,3439,3439,3439,1585387029,2844351,,
2026-09-22,985731078,1,4436,4436,4436,4436,448078434,2271533,,
2026-09-22,1198533421,1,759,759,759,759,183620240,732725,,
2026-09-22,1430007363,1,1364,1364,1364,1364,917465326,2405297,,
2026-09-22,1489026993,2,3793,3793,3062,4524,2686069287,4362114,,
2026-09-22,1526814825,1,10457,10457,10457,10457,1114769369,4395995,,
2026-09-22,1637284552,1,1016,1016,1016,1016,,,,
2026-09-22,1831550657,1,26289,26289,26289,26289,2226271769,11191420,,
2026-09-22,1998835206,1,1598,1598,1598,1598,592240420,1176409,,
2026-09-22,2049551477,1,1474,1474,1474,1474,1481878869,1940028,,
2026-09-22,2247578975,2,2252,2252,1725,2779,1231856445,14946090,,
2026-09-22,2274830359,1,6869,6869,6869,6869,3026264979,2057296,,
2026-09-22,2294168059,1,1998,1998,1998,1998,1254945960,3387175,,
2026-09-22,2369077151,1,5311,5311,5311,5311,422560441,11206297,,
2026-09-22,2440500124,1,36264,36264,36264,36264,7758478227,8189529,,
2026-09-22,2491559356,1,995,995,995,995,87701475,178741,,
2026-09-22,2655478023,1,1792,1792,1792,1792,1031879785,3511517,,
2026-09-22,2788648141,1,3249,3249,3249,3249,1008479646,2150259,,
2026-09-22,2992873140,1,13049,13049,13049,13049,1427769775,1029657,,
2026-09-22,3079618996,1,5059,5059,5059,5059,809158860,1122388,,
2026-09-22,3187874989,1,2627,2627,2627,2627,184291803,247391,,
2026-09-22,3310460039,1,16008,16008,16008,16008,4692795783,105206031,,
2026-09-22,3346892457,1,1201,1201,1201,1201,452184310,193021,,
2026-09-22,3472976893,1,678,678,678,678,189155026,3556322,,
2026-09-22,3502524667,1,752,752,752,752,765172263,3693712,,
2026-09-22,3551414857,1,923,923,923,923,637236314,1331272,,
2026-09-22,3647333358,1,21784,21784,21784,21784,9208934217,8251727,,
2026-09-22,3746418487,1,3205,3205,3205,3205,331179376,405092,,
2026-09-22,3754482795,1,3771,3771,3771,3771,1292832944,4590196,,
2026-09-22,3841172115,1,922,922,922,922,157845631,712002,,
2026-09-22,4348829796,1,8504,8504,8504,8504,2695507278,11482135,,
2026-09-22,4518160318,1,7162,7162,7162,7162,651924910,1186728,,
2026-09-22,4595016786,1,2733,2733,2733,2733,610957125,762436,,
2026-09-22,4673599750,1,1217,1217,1217,1217,550370573,502753,,
2026-09-22,4720386144,1,1008,1008,1008,1008,123094868,623275,,
2026-09-22,4793836769,1,2741,2741,2741,2741,311819403,6580080,,
2026-09-22,4925331346,1,3731,3731,3731,3731,325193394,508702,,
2026-09-22,4944984948,1,5123,5123,5123,5123,296222162,168088,,
2026-09-22,4998493959,1,3940,3940,3940,3940,253808426,19067203,,
2026-09-22,5195168716,1,721,721,721,721,102385547,661312,,
2026-09-22,5361032378,1,41828,41828,41828,41828,2181300403,1018271,,
2026-09-22,5508238359,1,2624,2624,2624,2624,113792295,1957180,,
2026-09-22,5578556129,1,22566,22566,22566,22566,2049847137,1992924,,
2026-09-22,5750914919,1,76460,76460,76460,76460,4930388955,3638801,,
2026-09-22,6015491985,1,3408,3408,3408,3408,373070224,224108,,
2026-09-22,6072944764,1,1456,1456,1456,1456,58567431,71002,,
2026-09-22,6635513269,1,884,884,884,884,2366434,21266,,
2026-09-22,6682487255,1,4751,4751,4751,4751,514175395,231191,,
2026-09-22,6749060816,1,5294,5294,5294,5294,284877575,1878359,,
2026-09-22,7018190066,1,9868,9868,9868,9868,6573774213,6111044,,
2026-09-22,7058980030,1,3822,3822,3822,3822,622740111,1039823,,
2026-09-22,7094518649,1,8924,8924,8924,8924,366165867,879302,,
2026-09-22,7127084123,1,2900,2900,2900,2900,156443891,334499,,
2026-09-22,7128163167,1,724,724,724,724,80704640,135983,,
2026-09-22,7208219743,1,1750,1750,1750,1750,11420880,130179,,
2026-09-22,7219654364,1,53515,53515,53515,53515,1801337416,16431702,,
2026-09-22,7339682753,1,1452,1452,1452,1452,75835954,5691364,,
2026-09-22,7383133134,1,800,800,800,800,115538739,864866,,
2026-09-22,7434179990,1,4788,4788,4788,4788,250043660,8764343,,
2026-09-22,7436755782,1,25714,25714,25714,25714,35930858804,11420825,,
2026-09-22,7577791613,1,657,657,657,657,111425638,601793,,
2026-09-22,7613921865,1,8695,8695,8695,8695,793034104,211019,,
2026-09-22,7709344486,1,57886,57886,57886,57886,73586736456,29398421,,
2026-09-22,7856039629,1,5693,5693,5693,5693,61727200,1842465,,
2026-09-22,7891669427,1,655,655,655,655,41870298,926892,,
2026-09-22,8356066619,1,4476,4476,4476,4476,88029063,46810,,
2026-09-22,8401518398,1,4634,4634,4634,4634,108288157,92825,,
2026-09-22,8504461817,2,2742,2742,1653,3831,197494088,110418,,
2026-09-22,8539298853,1,3370,3370,3370,3370,1293005055,1810514,,
2026-09-22,8724785394,1,4847,4847,4847,4847,4940036,220346,,
2026-09-22,8759966530,1,696,696,696,696,127300737,413284,,
2026-09-22,8791358380,1,4647,4647,4647,4647,456753942,13699029,,
2026-09-22,8950496606,1,921,921,921,921,179341233,450040,,
2026-09-22,9098570654,1,8313,8313,8313,8313,262505796,439981,,
2026-09-22,9141743926,1,3188,3188,3188,3188,453867644,600325,,
2026-09-22,9145063979,1,6000,6000,6000,6000,580322144,597814,,
2026-09-22,9219116196,1,828,828,828,828,101483981,282682,,
2026-09-22,9296042754,1,5897,5897,5897,5897,78365792,372627,,
2026-09-22,9348272796,1,5520,5520,5520,5520,737075367,678382,,
2026-09-22,9362896961,1,3542,3542,3542,3542,155642263,221299,,
2026-09-22,9363735110,1,4757,4757,4757,4757,5719168666,2057705,,
2026-09-22,9481391333,1,2715,2715,2715,2715,33003551,702889,,
2026-09-22,9526307912,1,1017,1017,1017,1017,,,,
2026-09-22,9561553764,1,11825,11825,11825,11825,235501434,202474,,
2026-09-22,9582986239,1,5718,5718,5718,5718,13231975,66730,,
2026-09-22,9584852943,1,115211,115211,115211,115211,6016426883,6677841,,
2026-09-22,9592387369,1,11302,11302,11302,11302,47594759,154805,,
2026-09-22,9812090239,1,803,803,803,803,40854975,982172,,
2026-09-22,9889811676,1,860,860,860,860,29230721,202526,,
2026-09-22,9940812243,1,2692,2692,2692,2692,13957153,158385,,
2026-09-22,9998576154,1,2945,2945,2945,2945,126408321,7927194,,
2026-09-22,10004244222,1,24871,24871,24871,24871,1860977512,26078448,,
2026-09-22,10110316965,1,4097,4097,4097,4097,19823088,673826,,
2026-09-22,10144280947,1,15290,15290,15290,15290,601649954,11576297,,
2026-09-22,10144587520,1,8399,8399,8399,8399,77490116,2011299,,
2026-09-22,10153098880,1,3473,3473,3473,3473,33565080,241730,,
2026-09-22,10184247393,1,3233,3233,3233,3233,102018347,2786186,,
2026-09-22,10199301628,1,9526,9526,9526,9526,422669521,2008535,,
2026-09-22,10200395747,1,3388,3388,3388,3388,1672900350,662804,,
2026-09-22,10244001346,1,3953,3953,3953,3953,112976270,119152,,
2026-09-22,10253235584,1,3671,3671,3671,3671,64303055,631322,,
2026-09-22,10263732883,1,3295,3295,3295,3295,4342470,31547,,
2026-09-22,10274447949,1,2908,2908,2908,2908,54495526,3831809,,
2026-09-22,10298144467,1,4547,4547,4547,4547,37577704,41333,,
2026-09-22,10321202755,1,8735,8735,8735,8735,50144931,462676,,
2026-09-22,10338952197,1,8670,8670,8670,8670,110172643,7144954,,
2026-09-22,10371406677,1,8962,8962,8962,8962,3585734,19601,,
2026-09-22,10376944238,1,3187,3187,3187,3187,54542490,303019,,
2026-09-22,10381830868,1,1103,1103,1103,1103,3789542,17958,,
2026-09-22,10399136326,1,18038,18038,18038,18038,86314806,145949,,
2026-09-22,10431718987,1,3088,3088,3088,3088,38894524,97487,,
2026-09-22,10455462279,1,4650,4650,4650,4650,54180522,2135271,,
2026-09-22,10461810987,1,2995,2995,2995,2995,30963710,56396,,
2026-09-22,10496981141,1,3110,3110,3110,3110,17803135,186142,,
2026-09-22,10502841145,1,13272,13272,13272,13272,92107678,118948,,
2026-09-22,10529769390,1,6665,6665,6665,6665,9106561,8486,,
2026-09-22,10536000210,1,4177,4177,4177,4177,10304560,23323,,
2026-09-22,10550257968,1,6561,6561,6561,6561,4380405,229781,,
2026-09-22,10551595617,1,6441,6441,6441,6441,91534986,2557444,,
2026-09-22,10563114921,1,2106542,2106542,2106542,2106542,4760033641,5305742,,
2026-09-22,10577682617,1,12098,12098,12098,12098,25702224,65342,,
2026-09-22,10604772590,1,5290,5290,5290,5290,25290295,48648,,
2026-09-22,10605467256,1,5971,5971,5971,5971,39407544,50766,,
2026-09-22,10612017628,1,3734,3734,3734,3734,5117623,255622,,
2026-09-22,10681914462,1,23829,23829,23829,23829,55452695,149942,,
2026-09-22,10682099418,1,5584,5584,5584,5584,18923522,973447,,
2026-09-22,10683945170,2,3305,3305,3193,3417,18199457,1008762,,
2026-09-22,10684750879,1,39013,39013,39013,39013,10600190,637869,,
2026-09-22,10694549945,1,6663,6663,6663,6663,15182865,24582,,
2026-09-22,10700505394,1,3133,3133,3133,3133,32150340,107349,,
2026-09-22,10708913337,1,53515,53515,53515,53515,26874721,75989,,
2026-09-22,10718240577,1,8191,8191,8191,8191,15836721,150761,,
2026-09-22,10737231383,1,11333,11333,11333,11333,14697047,461000,,
2026-09-22,10747748563,1,4984,4984,4984,4984,12106756,292283,,
2026-09-22,10757498504,1,5551,5551,5551,5551,5115778,14508,,
2026-09-22,10757504146,1,4363,4363,4363,4363,14455041,21878,,
2026-09-22,10764328008,1,3431,3431,3431,3431,7074897,55564,,
2026-09-22,10764926550,1,14320,14320,14320,14320,14287836,306695,,
2026-09-23,2471084,1,9054,9054,9054,9054,1320372583,4634158,,
2026-09-23,31970568,1,4008,4008,4008,4008,1618267155,6094291,,
2026-09-23,66654135,1,204006,204006,204006,204006,30743186111,24194301,,
2026-09-23,903807016,1,3588,3588,3588,3588,1585759069,2844546,,
2026-09-23,985731078,1,4081,4081,4081,4081,448362495,2271934,,
2026-09-23,1198533421,1,765,765,765,765,183678789,732825,,
2026-09-23,1430007363,1,1400,1400,1400,1400,917682131,2406384,,
2026-09-23,1489026993,2,3771,3771,3110,4432,2686441522,4362567,,
2026-09-23,1526814825,1,9954,9954,9954,9954,1115318197,4397265,,
2026-09-23,1637284552,1,1016,1016,1016,1016,,,,
2026-09-23,1831550657,1,20344,20344,20344,20344,2227528251,11195123,,
2026-09-23,1998835206,1,1510,1510,1510,1510,592358905,1176498,,
2026-09-23,2049551477,1,1430,1430,1430,1430,1482072302,1940331,,
2026-09-23,2247578975,1,1675,1675,1675,1675,1232151711,14946335,,
2026-09-23,2274830359,1,7174,7174,7174,7174,3027082795,2058190,,
2026-09-23,2294168059,1,2086,2086,2086,2086,1255162076,3387888,,
2026-09-23,2369077151,1,5023,5023,5023,5023,423022798,11217294,,
2026-09-23,2440500124,1,36695,36695,36695,36695,7762199285,8192280,,
2026-09-23,2491559356,1,1056,1056,1056,1056,87808943,178898,,
2026-09-23,2655478023,1,1743,1743,1743,1743,1032212453,3511964,,
2026-09-23,2788648141,1,2920,2920,2920,2920,1008669012,2151747,,
2026-09-23,2992873140,1,14103,14103,14103,14103,1428484419,1030065,,
2026-09-23,3079618996,1,4900,4900,4900,4900,809583062,1125242,,
2026-09-23,3187874989,1,2502,2502,2502,2502,184563777,247685,,
2026-09-23,3310460039,1,14738,14738,14738,14738,4694618076,105207552,,
2026-09-23,3346892457,1,1269,1269,1269,1269,452406052,193357,,
2026-09-23,3472976893,1,807,807,807,807,189368002,3561604,,
2026-09-23,3502524667,1,752,752,752,752,765312846,3693905,,
2026-09-23,3551414857,1,883,883,883,883,637313366,1331401,,
2026-09-23,3647333358,1,22028,22028,22028,22028,9212294172,8255438,,
2026-09-23,3746418487,1,2674,2674,2674,2674,331455099,405704,,
2026-09-23,3754482795,1,3656,3656,3656,3656,1293209711,4591716,,
2026-09-23,3841172115,1,829,829,829,829,157938975,712326,,
2026-09-23,4348829796,1,8477,8477,8477,8477,2696707642,11489686,,
2026-09-23,4518160318,1,6660,6660,6660,6660,652394958,1188225,,
2026-09-23,4595016786,1,2720,2720,2720,2720,611194296,762946,,
2026-09-23,4673599750,1,1200,1200,1200,1200,551120307,503411,,
2026-09-23,4720386144,1,1021,1021,1021,1021,123181029,623716,,
2026-09-23,4793836769,1,2637,2637,2637,2637,312069445,6584553,,
2026-09-23,4925331346,1,4047,4047,4047,4047,325450521,509247,,
2026-09-23,4944984948,1,4268,4268,4268,4268,296846771,168944,,
2026-09-23,4998493959,1,4295,4295,4295,4295,254367731,19108661,,
2026-09-23,5195168716,1,765,765,765,765,102449661,661662,,
2026-09-23,5361032378,1,41472,41472,41472,41472,2183768774,1018701,,
2026-09-23,5508238359,1,2716,2716,2716,2716,114069032,1959458,,
2026-09-23,5578556129,1,21370,21370,21370,21370,2050567254,1993100,,
2026-09-23,5668114043,1,757,757,757,757,246949713,753856,,
2026-09-23,5750914919,1,75054,75054,75054,75054,4933393089,3640071,,
2026-09-23,6015491985,1,3370,3370,3370,3370,373427352,224473,,
2026-09-23,6072944764,1,1492,1492,1492,1492,58704947,71243,,
2026-09-23,6635513269,1,994,994,994,994,2572689,22449,,
2026-09-23,6682487255,1,4656,4656,4656,4656,514601381,231278,,
2026-09-23,6749060816,1,5247,5247,5247,5247,285337468,1880479,,
2026-09-23,7018190066,1,9816,9816,9816,9816,6574772446,6111792,,
2026-09-23,7058980030,1,4138,4138,4138,4138,623284902,1040744,,
2026-09-23,7094518649,1,8932,8932,8932,8932,366589316,880279,,
2026-09-23,7127084123,1,3074,3074,3074,3074,,,,
2026-09-23,7128163167,1,740,740,740,740,80800468,136165,,
2026-09-23,7208219743,1,1793,1793,1793,1793,11535960,131195,,
2026-09-23,7219654364,1,55408,55408,55408,55408,1805908605,16455628,,
2026-09-23,7339682753,1,1669,1669,1669,1669,76040567,5705641,,
2026-09-23,7383133134,1,711,711,711,711,115697883,866582,,
2026-09-23,7434179990,1,4204,4204,4204,4204,250421151,8775272,,
2026-09-23,7436755782,1,23999,23999,23999,23999,35932629040,11421937,,
2026-09-23,7613921865,1,7917,7917,7917,7917,793509870,211148,,
2026-09-23,7709344486,1,57825,57825,57825,57825,73601048446,29404381,,
2026-09-23,7856039629,1,5980,5980,5980,5980,62593661,1863312,,
2026-09-23,7891669427,1,632,632,632,632,41947176,928075,,
2026-09-23,8356066619,1,3861,3861,3861,3861,88124825,46906,,
2026-09-23,8401518398,1,3717,3717,3717,3717,108748638,93382,,
2026-09-23,8504461817,1,1169,1169,1169,1169,197758306,110741,,
2026-09-23,8539298853,1,3949,3949,3949,3949,1293364053,1811233,,
2026-09-23,8724785394,1,5141,5141,5141,5141,5284735,239162,,
2026-09-23,8791358380,1,4589,4589,4589,4589,457214384,13712403,,
2026-09-23,8950496606,1,815,815,815,815,179428333,450230,,
2026-09-23,9098570654,1,8101,8101,8101,8101,262902209,440866,,
2026-09-23,9141743926,1,2914,2914,2914,2914,454209892,600538,,
2026-09-23,9145063979,1,5515,5515,5515,5515,580927437,598649,,
2026-09-23,9219116196,1,783,783,783,783,101561937,282940,,
2026-09-23,9296042754,1,6063,6063,6063,6063,78894125,374863,,
2026-09-23,9348272796,1,6142,6142,6142,6142,737664587,678983,,
2026-09-23,9362896961,1,3606,3606,3606,3606,155820535,221400,,
2026-09-23,9363735110,1,5531,5531,5531,5531,5719711551,2058131,,
2026-09-23,9481391333,1,2832,2832,2832,2832,33299159,706542,,
2026-09-23,9526307912,1,1017,1017,1017,1017,,,,
2026-09-23,9561553764,1,11677,11677,11677,11677,237720598,204056,,
2026-09-23,9582986239,1,5290,5290,5290,5290,13514152,67272,,
2026-09-23,9584852943,1,160627,160627,160627,160627,6033029861,6695209,,
2026-09-23,9592387369,1,10307,10307,10307,10307,48758012,157920,,
2026-09-23,9812090239,1,880,880,880,880,41115105,989179,,
2026-09-23,9889811676,1,862,862,862,862,29335045,203038,,
2026-09-23,9998576154,1,3478,3478,3478,3478,126681213,7944213,,
2026-09-23,10004244222,1,23756,23756,23756,23756,1863590569,26101400,,
2026-09-23,10110316965,1,3864,3864,3864,3864,20205641,674445,,
2026-09-23,10144280947,1,13605,13605,13605,13605,603739551,11602285,,
2026-09-23,10144587520,1,9629,9629,9629,9629,77857128,2019386,,
2026-09-23,10153098880,1,3195,3195,3195,3195,33762588,242580,,
2026-09-23,10184247393,1,3069,3069,3069,3069,102293830,2793615,,
2026-09-23,10199301628,1,10368,10368,10368,10368,423720708,2011596,,
2026-09-23,10200395747,1,3352,3352,3352,3352,1673119305,662857,,
2026-09-23,10244001346,1,4498,4498,4498,4498,113491494,119899,,
2026-09-23,10253235584,1,3777,3777,3777,3777,64481403,632581,,
2026-09-23,10263732883,1,3274,3274,3274,3274,4518341,32209,,
2026-09-23,10298144467,1,4227,4227,4227,4227,37800270,41423,,
2026-09-23,10321202755,1,8084,8084,8084,8084,50377329,464937,,
2026-09-23,10338952197,1,8163,8163,8163,8163,110661156,7151159,,
2026-09-23,10371406677,1,12884,12884,12884,12884,4343318,23299,,
2026-09-23,10376944238,1,2411,2411,2411,2411,54908210,304351,,
2026-09-23,10381830868,1,903,903,903,903,3909356,18301,,
2026-09-23,10399136326,1,17713,17713,17713,17713,87859346,147756,,
2026-09-23,10431718987,1,2877,2877,2877,2877,39182004,98048,,
2026-09-23,10455462279,1,4103,4103,4103,4103,54641757,2146048,,
2026-09-23,10496981141,1,3078,3078,3078,3078,,,,
2026-09-23,10502841145,1,15791,15791,15791,15791,93054423,119514,,
2026-09-23,10529769390,1,7613,7613,7613,7613,10075233,9156,,
2026-09-23,10536000210,1,3607,3607,3607,3607,10840650,24230,,
2026-09-23,10550257968,1,7389,7389,7389,7389,5074929,265348,,
2026-09-23,10551595617,1,6050,6050,6050,6050,92262559,2569081,,
2026-09-23,10563114921,1,2001315,2001315,2001315,2001315,4910332904,5416957,,
2026-09-23,10577682617,1,10453,10453,10453,10453,26707818,67418,,
2026-09-23,10604772590,1,5693,5693,5693,5693,25651310,49326,,
2026-09-23,10605467256,1,5114,5114,5114,5114,40584376,52027,,
2026-09-23,10612017628,1,3844,3844,3844,3844,5417151,266024,,
2026-09-23,10681914462,1,25281,25281,25281,25281,58587748,157928,,
2026-09-23,10682099418,1,4719,4719,4719,4719,19775426,1015473,,
2026-09-23,10683945170,2,3353,3353,3100,3606,18599889,1024209,,
2026-09-23,10684750879,1,56285,56285,56285,56285,12984252,769493,,
2026-09-23,10694549945,1,7334,7334,7334,7334,15674178,25192,,
2026-09-23,10708913337,1,53547,53547,53547,53547,29164729,79781,,
2026-09-23,10718240577,1,7027,7027,7027,7027,16467200,154562,,
2026-09-23,10737231383,1,11415,11415,11415,11415,15656310,481863,,
2026-09-23,10747748563,1,4521,4521,4521,4521,12526365,302594,,
2026-09-23,10757498504,1,6577,6577,6577,6577,5690408,16539,,
2026-09-23,10757504146,1,3813,3813,3813,3813,14950325,22550,,
2026-09-23,10761115872,1,3265,3265,3265,3265,5819849,390031,,
2026-09-23,10764328008,1,3905,3905,3905,3905,7318359,56954,,
2026-09-23,10764926550,1,15411,15411,15411,15411,15639703,328671,,
2026-09-24,2471084,1,8531,8531,8531,8531,1320931943,4635116,,
2026-09-24,31970568,1,3630,3630,3630,3630,1618481210,6094572,,
2026-09-24,66654135,1,195815,195815,195815,195815,30766769832,24206206,,
2026-09-24,605887098,1,2841,2841,2841,2841,2528450318,3719982,,
2026-09-24,903807016,1,3646,3646,3646,3646,1586137201,2844744,,
2026-09-24,985731078,1,7366,7366,7366,7366,448707071,2272308,,
2026-09-24,1198533421,1,788,788,788,788,183737285,732912,,
2026-09-24,1430007363,1,1717,1717,1717,1717,917921592,2407508,,
2026-09-24,1489026993,2,4000,4000,3159,4842,2686838095,4363124,,
2026-09-24,1526814825,1,10568,10568,10568,10568,1115850377,4398541,,
2026-09-24,1637284552,1,1016,1016,1016,1016,,,,
2026-09-24,1831550657,1,23297,23297,23297,23297,2228851874,11199462,,
2026-09-24,1998835206,1,1478,1478,1478,1478,592477839,1176600,,
2026-09-24,2049551477,1,1564,1564,1564,1564,1482282584,1940657,,
2026-09-24,2247578975,1,1770,1770,1770,1770,1232456874,14946612,,
2026-09-24,2274830359,1,7101,7101,7101,7101,3027929209,2059095,,
2026-09-24,2294168059,1,1950,1950,1950,1950,1255399802,3388639,,
2026-09-24,2369077151,1,4736,4736,4736,4736,423443175,11226693,,
2026-09-24,2440500124,1,36495,36495,36495,36495,7766147333,8195450,,
2026-09-24,2491559356,1,925,925,925,925,87922231,179064,,
2026-09-24,2655478023,1,1745,1745,1745,1745,1032552826,3512424,,
2026-09-24,2788648141,1,2810,2810,2810,2810,1008842414,2152925,,
2026-09-24,2992873140,1,12682,12682,12682,12682,1429139931,1030679,,
2026-09-24,3079618996,1,4564,4564,4564,4564,809981604,1128023,,
2026-09-24,3187874989,1,2674,2674,2674,2674,184842928,247947,,
2026-09-24,3310460039,1,16413,16413,16413,16413,4696348547,105209011,,
2026-09-24,3346892457,1,1462,1462,1462,1462,452644254,193750,,
2026-09-24,3472976893,1,973,973,973,973,189613603,3568003,,
2026-09-24,3502524667,1,695,695,695,695,765455374,3694111,,
2026-09-24,3551414857,1,1123,1123,1123,1123,637398545,1331558,,
2026-09-24,3647333358,1,21382,21382,21382,21382,9215832173,8258181,,
2026-09-24,3746418487,1,3049,3049,3049,3049,331692766,406154,,
2026-09-24,3754482795,1,3768,3768,3768,3768,1293575170,4593159,,
2026-09-24,3841172115,1,830,830,830,830,158038391,712655,,
2026-09-24,4348829796,1,8563,8563,8563,8563,2697911862,11497878,,
2026-09-24,4518160318,1,6553,6553,6553,6553,652820476,1189398,,
2026-09-24,4595016786,1,2776,2776,2776,2776,611433958,763441,,
2026-09-24,4673599750,1,1120,1120,1120,1120,551641617,503858,,
2026-09-24,4720386144,1,968,968,968,968,123271754,624217,,
2026-09-24,4793836769,1,2739,2739,2739,2739,312322438,6588985,,
2026-09-24,4925331346,1,4002,4002,4002,4002,325712940,509786,,
2026-09-24,4944984948,1,5548,5548,5548,5548,297454551,169759,,
2026-09-24,4998493959,1,4954,4954,4954,4954,254893226,19145103,,
2026-09-24,5195168716,1,778,778,778,778,102515906,662021,,
2026-09-24,5361032378,1,40881,40881,40881,40881,2186189993,1019355,,
2026-09-24,5508238359,1,2434,2434,2434,2434,114343523,1961742,,
2026-09-24,5578556129,1,20398,20398,20398,20398,2051253571,1993500,,
2026-09-24,5668114043,1,805,805,805,805,247063247,754150,,
2026-09-24,5750914919,1,74326,74326,74326,74326,4936322074,3641756,,
2026-09-24,6015491985,1,3066,3066,3066,3066,373797529,224868,,
2026-09-24,6072944764,1,1208,1208,1208,1208,58839247,71452,,
2026-09-24,6635513269,1,830,830,830,830,2774103,23637,,
2026-09-24,6682487255,1,4716,4716,4716,4716,515009018,231319,,
2026-09-24,6749060816,1,5219,5219,5219,5219,285825591,1882886,,
2026-09-24,7018190066,1,10943,10943,10943,10943,6575828113,6112866,,
2026-09-24,7058980030,1,4142,4142,4142,4142,623871676,1041726,,
2026-09-24,7082423811,1,2590,2590,2590,2590,298863351,1585974,,
2026-09-24,7094518649,1,9945,9945,9945,9945,367042890,881363,,
2026-09-24,7127084123,1,2918,2918,2918,2918,156807353,335284,,
2026-09-24,7128163167,1,1029,1029,1029,1029,80904819,136356,,
2026-09-24,7208219743,1,1718,1718,1718,1718,11649823,132209,,
2026-09-24,7219654364,1,59737,59737,59737,59737,1810797412,16483602,,
2026-09-24,7339682753,1,1509,1509,1509,1509,76246910,5720573,,
2026-09-24,7434179990,1,4435,4435,4435,4435,250749156,8784269,,
2026-09-24,7436755782,1,24743,24743,24743,24743,35934391349,11423243,,
2026-09-24,7577791613,1,749,749,749,749,111653249,602468,,
2026-09-24,7613921865,1,7327,7327,7327,7327,793979469,211505,,
2026-09-24,7709344486,1,64514,64514,64514,64514,73612341691,29408535,,
2026-09-24,7856039629,1,5690,5690,5690,5690,63499596,1885031,,
2026-09-24,8204806107,1,784,784,784,784,54206870,137175,,
2026-09-24,8356066619,1,3373,3373,3373,3373,88207248,46944,,
2026-09-24,8401518398,1,6684,6684,6684,6684,109150987,93824,,
2026-09-24,8504461817,1,1207,1207,1207,1207,198010835,110986,,
2026-09-24,8539298853,1,3389,3389,3389,3389,1293786452,1812541,,
2026-09-24,8724785394,1,3968,3968,3968,3968,5611961,255199,,
2026-09-24,8791358380,1,5275,5275,5275,5275,457662506,13727242,,
2026-09-24,8950496606,1,859,859,859,859,179523597,450491,,
2026-09-24,9098570654,1,8712,8712,8712,8712,263287994,441906,,
2026-09-24,9141743926,1,2714,2714,2714,2714,454539695,600708,,
2026-09-24,9145063979,1,6845,6845,6845,6845,581564468,599514,,
2026-09-24,9219116196,1,699,699,699,699,101640655,283260,,
2026-09-24,9296042754,1,6581,6581,6581,6581,79397117,376868,,
2026-09-24,9315739469,1,675,675,675,675,88112055,94905,,
2026-09-24,9348272796,1,6478,6478,6478,6478,738314301,679637,,
2026-09-24,9362896961,1,3591,3591,3591,3591,155997409,221486,,
2026-09-24,9363735110,1,5723,5723,5723,5723,5720444463,2058705,,
2026-09-24,9442472087,1,634,634,634,634,10365293,270374,,
2026-09-24,9481391333,1,2961,2961,2961,2961,33605475,710526,,
2026-09-24,9526307912,1,1017,1017,1017,1017,,,,
2026-09-24,9561553764,1,10823,10823,10823,10823,239923891,205755,,
2026-09-24,9582986239,1,5148,5148,5148,5148,13782882,68027,,
2026-09-24,9584852943,1,180439,180439,180439,180439,6057530211,6715516,,
2026-09-24,9592387369,1,11540,11540,11540,11540,49842361,160954,,
2026-09-24,9812090239,1,1242,1242,1242,1242,41418396,995759,,
2026-09-24,9889811676,1,780,780,780,780,29436529,203528,,
2026-09-24,9998576154,1,4431,4431,4431,4431,126982515,7963604,,
2026-09-24,10004244222,1,24015,24015,24015,24015,1866009407,26126683,,
2026-09-24,10110316965,1,3677,3677,3677,3677,20570545,675051,,
2026-09-24,10144280947,1,14173,14173,14173,14173,605655757,11625323,,
2026-09-24,10144587520,1,7687,7687,7687,7687,78335714,2028507,,
2026-09-24,10153098880,1,3132,3132,3132,3132,33949322,243412,,
2026-09-24,10184247393,1,2849,2849,2849,2849,102542834,2800041,,
2026-09-24,10199301628,1,11250,11250,11250,11250,424802309,2015253,,
2026-09-24,10200395747,1,3240,3240,3240,3240,1673333778,663117,,
2026-09-24,10244001346,1,4255,4255,4255,4255,114024783,120578,,
2026-09-24,10253235584,1,3386,3386,3386,3386,64652499,633824,,
2026-09-24,10298144467,1,4081,4081,4081,4081,38001414,41530,,
2026-09-24,10321202755,1,7512,7512,7512,7512,50602824,466987,,
2026-09-24,10338952197,1,8398,8398,8398,8398,111126375,7157570,,
2026-09-24,10371406677,1,10444,10444,10444,10444,5285869,27408,,
2026-09-24,10376944238,1,2377,2377,2377,2377,55231780,305468,,
2026-09-24,10399136326,1,17295,17295,17295,17295,89326663,149593,,
2026-09-24,10431718987,1,2865,2865,2865,2865,39438411,98831,,
2026-09-24,10455462279,1,3856,3856,3856,3856,55095639,2154931,,
2026-09-24,10461810987,1,3045,3045,3045,3045,31860424,58143,,
2026-09-24,10471583973,1,2804,2804,2804,2804,29881907,95659,,
2026-09-24,10502841145,1,13688,13688,13688,13688,93961216,120270,,
2026-09-24,10529769390,1,8084,8084,8084,8084,11204658,9863,,
2026-09-24,10536000210,1,3486,3486,3486,3486,11450993,25036,,
2026-09-24,10550257968,1,10745,10745,10745,10745,5859959,296475,,
2026-09-24,10551595617,1,5352,5352,5352,5352,92943481,2580455,,
2026-09-24,10563114921,1,2041346,2041346,2041346,2041346,5059482137,5523257,,
2026-09-24,10577682617,1,9941,9941,9941,9941,27590135,69261,,
2026-09-24,10604772590,1,4999,4999,4999,4999,26001935,49942,,
2026-09-24,10605467256,1,5632,5632,5632,5632,41642271,53146,,
2026-09-24,10612017628,1,4388,4388,4388,4388,5714441,277217,,
2026-09-24,10681914462,1,24922,24922,24922,24922,61603907,165774,,
2026-09-24,10682099418,1,4632,4632,4632,4632,20513636,1048924,,
2026-09-24,10683945170,2,3344,3344,3054,3634,19017746,1041231,,
2026-09-24,10684750879,1,58090,58090,58090,58090,15636128,892156,,
2026-09-24,10694549945,1,6687,6687,6687,6687,16145543,25746,,
2026-09-24,10708913337,1,54768,54768,54768,54768,31463568,84175,,
2026-09-24,10718240577,1,7750,7750,7750,7750,17066856,158455,,
2026-09-24,10737231383,1,10407,10407,10407,10407,16590626,501514,,
2026-09-24,10747748563,1,4059,4059,4059,4059,12926896,312914,,
2026-09-24,10757498504,1,6566,6566,6566,6566,6262483,18367,,
2026-09-24,10757504146,1,3540,3540,3540,3540,15392510,23149,,
2026-09-24,10764328008,1,3584,3584,3584,3584,7617394,58915,,
2026-09-24,10764926550,1,15672,15672,15672,15672,17024271,350658,,
2026-09-25,2471084,1,9564,9564,9564,9564,1321501986,4636109,,
2026-09-25,31970568,1,4495,4495,4495,4495,1618711367,6094864,,
2026-09-25,66654135,1,275244,275244,275244,275244,30793196420,24219898,,
2026-09-25,605887098,1,3045,3045,3045,3045,2528690639,3720584,,
2026-09-25,903807016,1,4681,4681,4681,4681,1586564763,2845030,,
2026-09-25,985731078,1,6518,6518,6518,6518,449100666,2272759,,
2026-09-25,1198533421,1,826,826,826,826,183799899,733001,,
2026-09-25,1430007363,1,1894,1894,1894,1894,918192837,2408872,,
2026-09-25,1489026993,2,4398,4398,3666,5129,2687268024,4363639,,
2026-09-25,1526814825,1,12036,12036,12036,12036,1116465968,4400040,,
2026-09-25,1637284552,1,1016,1016,1016,1016,,,,
2026-09-25,1795206523,1,920,920,920,920,961361240,933283,,
2026-09-25,1831550657,1,26704,26704,26704,26704,2230440079,11211379,,
2026-09-25,1998835206,1,2284,2284,2284,2284,592618942,1176713,,
2026-09-25,2049551477,1,2117,2117,2117,2117,1482519910,1941048,,
2026-09-25,2247578975,2,2612,2612,2147,3077,1232795605,14946950,,
2026-09-25,2274830359,1,8262,8262,8262,8262,3028834190,2060087,,
2026-09-25,2294168059,1,3131,3131,3131,3131,1255684942,3389509,,
2026-09-25,2369077151,1,6364,6364,6364,6364,423927545,11237923,,
2026-09-25,2440500124,1,56823,56823,56823,56823,7770787469,8198767,,
2026-09-25,2491559356,1,1302,1302,1302,1302,88042473,179226,,
2026-09-25,2655478023,2,2793,2793,2439,3147,1032945162,3512953,,
2026-09-25,2788648141,1,3026,3026,3026,3026,1009020371,2154163,,
2026-09-25,2992873140,1,14193,14193,14193,14193,1429871792,1031019,,
2026-09-25,3079618996,1,5563,5563,5563,5563,810434379,1130381,,
2026-09-25,3164075108,1,2903,2903,2903,2903,286950933,745114,,
2026-09-25,3187874989,1,3110,3110,3110,3110,185160259,248286,,
2026-09-25,3310460039,1,18617,18617,18617,18617,4698421732,105210569,,
2026-09-25,3346892457,1,1356,1356,1356,1356,452894795,194154,,
2026-09-25,3472976893,1,1351,1351,1351,1351,189923137,3576006,,
2026-09-25,3502524667,1,884,884,884,884,765602617,3694343,,
2026-09-25,3551414857,1,1443,1443,1443,1443,637510474,1331752,,
2026-09-25,3647333358,1,29516,29516,29516,29516,9219885837,8260883,,
2026-09-25,3746418487,1,2871,2871,2871,2871,331971274,406725,,
2026-09-25,3754482795,1,4317,4317,4317,4317,1293987193,4594804,,
2026-09-25,3841172115,1,1457,1457,1457,1457,158170758,713090,,
2026-09-25,4348829796,1,11177,11177,11177,11177,2699331618,11507080,,
2026-09-25,4457060041,1,2813,2813,2813,2813,143098805,230634,,
2026-09-25,4518160318,1,6472,6472,6472,6472,653260929,1190625,,
2026-09-25,4595016786,1,3146,3146,3146,3146,611699936,764030,,
2026-09-25,4599924264,1,2752,2752,2752,2752,730512840,294140,,
2026-09-25,4673599750,1,1522,1522,1522,1522,552213163,504373,,
2026-09-25,4720386144,1,1439,1439,1439,1439,123389180,624845,,
2026-09-25,4793836769,1,3334,3334,3334,3334,312601556,6593835,,
2026-09-25,4925331346,1,4216,4216,4216,4216,325986800,510340,,
2026-09-25,4944984948,1,5724,5724,5724,5724,298200825,170781,,
2026-09-25,4998493959,1,5454,5454,5454,5454,255533600,19189912,,
2026-09-25,5195168716,1,1119,1119,1119,1119,102598036,662506,,
2026-09-25,5361032378,1,39867,39867,39867,39867,2188799254,1019785,,
2026-09-25,5508238359,1,3424,3424,3424,3424,114649624,1964416,,
2026-09-25,5578556129,1,19341,19341,19341,19341,2051941510,1993589,,
2026-09-25,5668114043,1,1137,1137,1137,1137,247192065,754492,,
2026-09-25,5750914919,1,80890,80890,80890,80890,4939545340,3643334,,
2026-09-25,6015491985,1,4502,4502,4502,4502,374222514,225343,,
2026-09-25,6072944764,1,1734,1734,1734,1734,58984989,71727,,
2026-09-25,6635513269,1,1322,1322,1322,1322,3001917,25071,,
2026-09-25,6682487255,1,4736,4736,4736,4736,515433502,231354,,
2026-09-25,6749060816,1,6849,6849,6849,6849,286373327,1885849,,
2026-09-25,7018190066,1,15536,15536,15536,15536,6577120974,6113778,,
2026-09-25,7058980030,1,5206,5206,5206,5206,624472137,1042706,,
2026-09-25,7082423811,1,3122,3122,3122,3122,299134856,1586340,,
2026-09-25,7094518649,1,11607,11607,11607,11607,367689531,882910,,
2026-09-25,7127084123,1,3223,3223,3223,3223,157006780,335740,,
2026-09-25,7128163167,1,1057,1057,1057,1057,81024924,136589,,
2026-09-25,7208219743,1,1831,1831,1831,1831,11765132,133136,,
2026-09-25,7219654364,1,77875,77875,77875,77875,1816628485,16520323,,
2026-09-25,7339682753,1,2073,2073,2073,2073,76516693,5736673,,
2026-09-25,7434179990,1,5360,5360,5360,5360,251152055,8796542,,
2026-09-25,7436755782,1,26786,26786,26786,26786,35936317038,11424518,,
2026-09-25,7577791613,1,1193,1193,1193,1193,111799797,602947,,
2026-09-25,7613921865,1,7296,7296,7296,7296,794428672,211603,,
2026-09-25,7709344486,1,102597,102597,102597,102597,73625771004,29413162,,
2026-09-25,7720654467,1,3096,3096,3096,3096,95302830,254395,,
2026-09-25,7856039629,1,7635,7635,7635,7635,64495262,1909173,,
2026-09-25,7891669427,1,864,864,864,864,42122490,930720,,
2026-09-25,8204806107,1,1451,1451,1451,1451,54330816,137535,,
2026-09-25,8356066619,1,3078,3078,3078,3078,88286652,46982,,
2026-09-25,8401518398,1,8062,8062,8062,8062,109854566,94669,,
2026-09-25,8504461817,1,1419,1419,1419,1419,198293800,111310,,
2026-09-25,8539298853,1,5238,5238,5238,5238,1294242679,1813427,,
2026-09-25,8724785394,1,3557,3557,3557,3557,5875512,264293,,
2026-09-25,8759966530,1,1131,1131,1131,1131,127557493,413763,,
2026-09-25,8791358380,1,6171,6171,6171,6171,458233640,13750921,,
2026-09-25,8950496606,1,1146,1146,1146,1146,179638276,450862,,
2026-09-25,9098570654,1,10130,10130,10130,10130,263730865,442766,,
2026-09-25,9141743926,1,4014,4014,4014,4014,454922288,600921,,
2026-09-25,9145063979,1,7878,7878,7878,7878,582383570,600691,,
2026-09-25,9219116196,1,1044,1044,1044,1044,101734367,283562,,
2026-09-25,9296042754,1,7373,7373,7373,7373,79987022,379526,,
2026-09-25,9315739469,1,1091,1091,1091,1091,88273428,95129,,
2026-09-25,9348272796,1,7731,7731,7731,7731,739060397,680429,,
2026-09-25,9362896961,1,3609,3609,3609,3609,156176128,221578,,
2026-09-25,9363735110,1,6155,6155,6155,6155,5721129755,2059282,,
2026-09-25,9442472087,1,794,794,794,794,10416101,270940,,
2026-09-25,9481391333,1,3634,3634,3634,3634,33957929,715435,,
2026-09-25,9513686983,1,2908,2908,2908,2908,433319336,14298398,,
2026-09-25,9526307912,1,1017,1017,1017,1017,,,,
2026-09-25,9561553764,1,14819,14819,14819,14819,242287662,207365,,
2026-09-25,9582986239,1,5235,5235,5235,5235,14057364,68584,,
2026-09-25,9584852943,1,128275,128275,128275,128275,6074594991,6733347,,
2026-09-25,9592387369,1,13649,13649,13649,13649,51170660,164360,,
2026-09-25,9758688665,1,2569,2569,2569,2569,121767543,6216731,,
2026-09-25,9812090239,1,1369,1369,1369,1369,41802149,1004553,,
2026-09-25,9889811676,1,973,973,973,973,29545500,203973,,
2026-09-25,9940725596,1,763,763,763,763,39596185,54145,,
2026-09-25,9963622286,1,4737,4737,4737,4737,114550585,2686837,,
2026-09-25,9998576154,1,4895,4895,4895,4895,127396209,7990214,,
2026-09-25,10004244222,1,26883,26883,26883,26883,1868714280,26158713,,
2026-09-25,10065013948,1,3625,3625,3625,3625,72023254,112194,,
2026-09-25,10110316965,1,4190,4190,4190,4190,20941671,675634,,
2026-09-25,10144280947,1,18582,18582,18582,18582,607851007,11656647,,
2026-09-25,10144587520,1,7379,7379,7379,7379,78714709,2037094,,
2026-09-25,10153098880,1,3130,3130,3130,3130,34137563,244367,,
2026-09-25,10184247393,1,3206,3206,3206,3206,102821664,2807599,,
2026-09-25,10199301628,1,10674,10674,10674,10674,425977827,2018922,,
2026-09-25,10200395747,1,3236,3236,3236,3236,1673560827,663102,,
2026-09-25,10244001346,1,5061,5061,5061,5061,,,,
2026-09-25,10247797619,1,2923,2923,2923,2923,69186271,196840,,
2026-09-25,10253235584,1,3173,3173,3173,3173,64813612,634729,,
2026-09-25,10263732883,1,2800,2800,2800,2800,4836788,33237,,
2026-09-25,10274447949,1,2874,2874,2874,2874,55351191,3887850,,
2026-09-25,10298144467,1,3816,3816,3816,3816,38195546,41629,,
2026-09-25,10321202755,1,7532,7532,7532,7532,50821384,469292,,
2026-09-25,10338952197,1,7961,7961,7961,7961,111600764,7164151,,
2026-09-25,10351850295,1,3579,3579,3579,3579,34489192,1069847,,
2026-09-25,10371406677,1,14021,14021,14021,14021,6169413,31038,,
2026-09-25,10376944238,1,3527,3527,3527,3527,55605551,306944,,
2026-09-25,10381830868,1,751,751,751,751,4097787,18964,,
2026-09-25,10387635049,1,11007,11007,11007,11007,4913284,272604,,
2026-09-25,10399136326,1,19205,19205,19205,19205,90968087,151454,,
2026-09-25,10415694629,1,10902,10902,10902,10902,16772157,84726,,
2026-09-25,10431718987,1,3172,3172,3172,3172,39723052,99459,,
2026-09-25,10455462279,1,5385,5385,5385,5385,55651627,2162894,,
2026-09-25,10461810987,1,3353,3353,3353,3353,32367826,59013,,
2026-09-25,10471583973,1,3909,3909,3909,3909,30083829,96196,,
2026-09-25,10502841145,1,12261,12261,12261,12261,94804921,120789,,
2026-09-25,10514488908,1,715,715,715,715,19779241,48527,,
2026-09-25,10529769390,1,9011,9011,9011,9011,12464545,10550,,
2026-09-25,10536000210,1,4396,4396,4396,4396,12017857,25965,,
2026-09-25,10547918402,1,2597,2597,2597,2597,41506462,83913,,
2026-09-25,10550257968,1,11116,11116,11116,11116,6905110,332611,,
2026-09-25,10551595617,1,7222,7222,7222,7222,93632762,2592102,,
2026-09-25,10563114921,1,2197033,2197033,2197033,2197033,5220986447,5643982,,
2026-09-25,10577682617,1,10391,10391,10391,10391,28526093,71177,,
2026-09-25,10604772590,1,6781,6781,6781,6781,26379907,50570,,
2026-09-25,10605467256,1,7094,7094,7094,7094,43000711,54577,,
2026-09-25,10612017628,1,4575,4575,4575,4575,6062338,289815,,
2026-09-25,10681914462,1,31364,31364,31364,31364,64860883,175007,,
2026-09-25,10682099418,1,18645,18645,18645,18645,21467910,1086812,,
2026-09-25,10683945170,2,4174,4174,3705,4644,19505938,1062936,,
2026-09-25,10684750879,1,76460,76460,76460,76460,18930465,1046161,,
2026-09-25,10694549945,1,6499,6499,6499,6499,16604267,26311,,
2026-09-25,10700505394,1,2703,2703,2703,2703,33202527,110061,,
2026-09-25,10708913337,1,55734,55734,55734,55734,33864515,88746,,
2026-09-25,10718240577,1,6944,6944,6944,6944,17720589,162247,,
2026-09-25,10724269636,1,9579,9579,9579,9579,7239514,16552,,
2026-09-25,10737231383,1,9139,9139,9139,9139,17485928,519946,,
2026-09-25,10747748563,1,3638,3638,3638,3638,13297264,322089,,
2026-09-25,10757498504,1,7802,7802,7802,7802,6942459,20772,,
2026-09-25,10757504146,1,3844,3844,3844,3844,15857922,23779,,
2026-09-25,10764328008,1,3461,3461,3461,3461,7894944,60351,,
2026-09-25,10764926550,1,15702,15702,15702,15702,,,,
2026-09-25,10765481558,1,3788,3788,3788,3788,1915144,2924,,
2026-09-26,2471084,1,33190,33190,33190,33190,1322928272,4637538,,
2026-09-26,31970568,1,6365,6365,6365,6365,1618998139,6095237,,
2026-09-26,66654135,1,346992,346992,346992,346992,30826828545,24237540,,
2026-09-26,465016798,1,3533,3533,3533,3533,127881120,414831,,
2026-09-26,568307879,1,831,831,831,831,528015762,554387,,
2026-09-26,605887098,1,5052,5052,5052,5052,2528968771,3721178,,
2026-09-26,903807016,1,7539,7539,7539,7539,1587113649,2845343,,
2026-09-26,985731078,1,6769,6769,6769,6769,449539894,2273189,,
2026-09-26,1198533421,1,1069,1069,1069,1069,183874749,733164,,
2026-09-26,1430007363,1,2487,2487,2487,2487,918509664,2410588,,
2026-09-26,1489026993,2,5778,5778,4845,6711,2687809319,4364361,,
2026-09-26,1526814825,1,14675,14675,14675,14675,1117205110,4402070,,
2026-09-26,1637284552,1,1016,1016,1016,1016,,,,
2026-09-26,1795206523,1,1102,1102,1102,1102,961553896,933368,,
2026-09-26,1831550657,1,35659,35659,35659,35659,2232606287,11220057,,
2026-09-26,1998835206,1,3518,3518,3518,3518,592804649,1176868,,
2026-09-26,2049551477,1,3032,3032,3032,3032,1482844863,1941525,,
2026-09-26,2165551367,1,740,740,740,740,676948364,2452006,,
2026-09-26,2247578975,2,3314,3314,2982,3645,1233213599,14947357,,
2026-09-26,2274830359,1,12240,12240,12240,12240,3030022183,2061446,,
2026-09-26,2294168059,1,4925,4925,4925,4925,1256040029,3390707,,
2026-09-26,2369077151,1,8387,8387,8387,8387,424571402,11252547,,
2026-09-26,2440500124,1,75335,75335,75335,75335,7777044737,8203211,,
2026-09-26,2491559356,1,1302,1302,1302,1302,88164908,179449,,
2026-09-26,2655478023,2,3726,3726,3452,4001,1033470250,3513656,,
2026-09-26,2788648141,1,3003,3003,3003,3003,1009223012,2155624,,
2026-09-26,2827951974,1,775,775,775,775,815587231,690324,,
2026-09-26,2992873140,1,15218,15218,15218,15218,1430884028,1031497,,
2026-09-26,3079618996,1,8761,8761,8761,8761,811005184,1133550,,
2026-09-26,3164075108,1,3778,3778,3778,3778,287184218,745541,,
2026-09-26,3187874989,1,3943,3943,3943,3943,185552919,248681,,
2026-09-26,3227754471,1,865,865,865,865,76388879,158260,,
2026-09-26,3274669156,1,721,721,721,721,70318738,679938,,
2026-09-26,3310460039,1,23889,23889,23889,23889,4700823545,105212403,,
2026-09-26,3346892457,1,1710,1710,1710,1710,453167798,194630,,
2026-09-26,3472976893,1,1936,1936,1936,1936,190321505,3587057,,
2026-09-26,3502524667,1,1202,1202,1202,1202,765794831,3694590,,
2026-09-26,3551414857,1,1902,1902,1902,1902,637648631,1332033,,
2026-09-26,3647333358,1,39507,39507,39507,39507,9225029862,8264839,,
2026-09-26,3746418487,1,3509,3509,3509,3509,332272179,407256,,
2026-09-26,3754482795,1,6277,6277,6277,6277,1294521540,4597008,,
2026-09-26,3841172115,1,1614,1614,1614,1614,158330045,713567,,
2026-09-26,4028801234,1,722,722,722,722,238875929,12734242,,
2026-09-26,4071487712,1,1024,1024,1024,1024,30829578,126084,,
2026-09-26,4283416256,1,898,898,898,898,,,,
2026-09-26,4348829796,1,14456,14456,14456,14456,2701067549,11518156,,
2026-09-26,4457060041,1,3147,3147,3147,3147,143337335,230890,,
2026-09-26,4518160318,1,8737,8737,8737,8737,653773304,1192254,,
2026-09-26,4535642329,1,569,569,569,569,31547118,595531,,
2026-09-26,4595016786,1,4368,4368,4368,4368,,,,
2026-09-26,4599924264,1,2970,2970,2970,2970,730853687,294476,,
2026-09-26,4673599750,1,2142,2142,2142,2142,553061172,505210,,
2026-09-26,4720386144,1,2009,2009,2009,2009,123525011,625531,,
2026-09-26,4793836769,1,6948,6948,6948,6948,313041962,6601360,,
2026-09-26,4925331346,1,4531,4531,4531,4531,326265171,510832,,
2026-09-26,4944984948,1,6910,6910,6910,6910,299003904,171786,,
2026-09-26,4998493959,1,6003,6003,6003,6003,256279782,19244507,,
2026-09-26,5195168716,1,1451,1451,1451,1451,102692894,663087,,
2026-09-26,5361032378,1,38967,38967,38967,38967,2191335584,1020202,,
2026-09-26,5508238359,1,4415,4415,4415,4415,115043114,1968519,,
2026-09-26,5578556129,1,19443,19443,19443,19443,2052616952,1993771,,
2026-09-26,5668114043,1,1707,1707,1707,1707,247366049,754907,,
2026-09-26,5750914919,1,117794,117794,117794,117794,4943341352,3645193,,
2026-09-26,5927446137,1,1005,1005,1005,1005,47373528,613694,,
2026-09-26,6015491985,1,5879,5879,5879,5879,374801704,225929,,
2026-09-26,6072944764,1,2115,2115,2115,2115,59173083,72052,,
2026-09-26,6635513269,1,2034,2034,2034,2034,3349469,26993,,
2026-09-26,6682487255,1,6885,6885,6885,6885,515923530,231446,,
2026-09-26,6749060816,1,10948,10948,10948,10948,287222313,1890220,,
2026-09-26,7018190066,1,22904,22904,22904,22904,6578903205,6115140,,
2026-09-26,7058980030,1,7721,7721,7721,7721,625386992,1044240,,
2026-09-26,7082423811,1,2954,2954,2954,2954,299410011,1586746,,
2026-09-26,7094518649,1,16139,16139,16139,16139,368470497,884736,,
2026-09-26,7127084123,1,10185,10185,10185,10185,157307718,336450,,
2026-09-26,7128163167,1,1678,1678,1678,1678,81188322,136905,,
2026-09-26,7208219743,1,2700,2700,2700,2700,11908531,134399,,
2026-09-26,7219654364,1,94315,94315,94315,94315,1823396708,16567427,,
2026-09-26,7332711118,1,3986,3986,3986,3986,1885255152,2477975,,
2026-09-26,7339682753,1,2150,2150,2150,2150,76788148,5754472,,
2026-09-26,7383133134,1,840,840,840,840,116129837,870886,,
2026-09-26,7434179990,1,8093,8093,8093,8093,251716621,8815471,,
2026-09-26,7436755782,1,38396,38396,38396,38396,35939430739,11426341,,
2026-09-26,7577791613,1,1602,1602,1602,1602,111996410,603514,,
2026-09-26,7613921865,1,14136,14136,14136,14136,795762199,211804,,
2026-09-26,7709344486,1,131484,131484,131484,131484,73644541087,29420687,,
2026-09-26,7720654467,1,3221,3221,3221,3221,95621631,255159,,
2026-09-26,7798947148,1,2931,2931,2931,2931,152433942,315629,,
2026-09-26,7856039629,1,11089,11089,11089,11089,65904495,1948964,,
2026-09-26,7891669427,1,1160,1160,1160,1160,42241147,932598,,
2026-09-26,8204806107,1,2216,2216,2216,2216,54519367,138045,,
2026-09-26,8316902627,1,3348,3348,3348,3348,4708628719,1998548,,
2026-09-26,8356066619,1,2752,2752,2752,2752,88360883,46734,,
2026-09-26,8401518398,1,8507,8507,8507,8507,110697108,95723,,
2026-09-26,8504461817,2,3702,3702,2993,4410,198764535,111840,,
2026-09-26,8539298853,1,11294,11294,11294,11294,1294895504,1815099,,
2026-09-26,8724785394,1,4351,4351,4351,4351,,,,
2026-09-26,8759966530,1,1771,1771,1771,1771,127715331,414099,,
2026-09-26,8791358380,1,8030,8030,8030,8030,458968409,13783776,,
2026-09-26,8950496606,1,1508,1508,1508,1508,179773647,451259,,
2026-09-26,9073775318,1,4083,4083,4083,4083,9119049,95843,,
2026-09-26,9098570654,1,12430,12430,12430,12430,264270388,443858,,
2026-09-26,9141743926,1,3803,3803,3803,3803,455353890,601200,,
2026-09-26,9145063979,1,8359,8359,8359,8359,583257140,601986,,
2026-09-26,9219116196,1,1719,1719,1719,1719,101871517,284008,,
2026-09-26,9296042754,1,10662,10662,10662,10662,80797273,383079,,
2026-09-26,9315739469,1,1136,1136,1136,1136,88442973,95339,,
2026-09-26,9348272796,1,9492,9492,9492,9492,740021970,681387,,
2026-09-26,9362896961,1,3968,3968,3968,3968,156354207,221696,,
2026-09-26,9363735110,1,5883,5883,5883,5883,5721889089,2059906,,
2026-09-26,9442472087,1,1621,1621,1621,1621,10526311,271972,,
2026-09-26,9481391333,1,4925,4925,4925,4925,34410781,721818,,
2026-09-26,9513686983,1,3680,3680,3680,3680,433668918,14311282,,
2026-09-26,9561553764,1,17395,17395,17395,17395,245143750,209291,,
2026-09-26,9582986239,1,5370,5370,5370,5370,14332962,69249,,
2026-09-26,9584852943,1,217743,217743,217743,217743,6095940385,6756456,,
2026-09-26,9592387369,1,13778,13778,13778,13778,52600336,168206,,
2026-09-26,9660713566,1,2753,2753,2753,2753,108202589,6520547,,
2026-09-26,9758688665,1,3225,3225,3225,3225,122094109,6233080,,
2026-09-26,9807783902,1,3018,3018,3018,3018,5951068,39634,,
2026-09-26,9812090239,1,2005,2005,2005,2005,42294123,1014113,,
2026-09-26,9830725726,1,3172,3172,3172,3172,60356381,66465,,
2026-09-26,9889811676,1,1433,1433,1433,1433,29691595,204670,,
2026-09-26,9940725596,1,999,999,999,999,39762810,54449,,
2026-09-26,9963622286,1,4989,4989,4989,4989,114967988,2687358,,
2026-09-26,9998576154,1,4615,4615,4615,4615,127835080,8016497,,
2026-09-26,10004244222,1,32264,32264,32264,32264,1871908077,26202998,,
2026-09-26,10065013948,1,3043,3043,3043,3043,72337284,112726,,
2026-09-26,10110316965,1,4690,4690,4690,4690,21372339,676364,,
2026-09-26,10144280947,1,20882,20882,20882,20882,610335104,11692870,,
2026-09-26,10144587520,1,8847,8847,8847,8847,79090305,2045842,,
2026-09-26,10153098880,1,3119,3119,3119,3119,34323956,245589,,
2026-09-26,10184247393,1,4449,4449,4449,4449,103210471,2819894,,
2026-09-26,10199301628,1,13089,13089,13089,13089,427239521,2023063,,
2026-09-26,10200395747,1,3414,3414,3414,3414,1673821552,663119,,
2026-09-26,10244001346,1,5731,5731,5731,5731,115252781,122042,,
2026-09-26,10247797619,1,3867,3867,3867,3867,69563413,197759,,
2026-09-26,10253235584,1,3573,3573,3573,3573,64984494,635956,,
2026-09-26,10263732883,1,3133,3133,3133,3133,4997038,33782,,
2026-09-26,10274447949,1,3778,3778,3778,3778,55702671,3911445,,
2026-09-26,10298144467,1,3729,3729,3729,3729,38377673,41716,,
2026-09-26,10321202755,1,8590,8590,8590,8590,51044185,471776,,
2026-09-26,10338952197,1,13812,13812,13812,13812,112079366,7172067,,
2026-09-26,10371406677,1,12815,12815,12815,12815,7257073,35214,,
2026-09-26,10376944238,1,5125,5125,5125,5125,56112717,309225,,
2026-09-26,10381830868,1,895,895,895,895,4205848,19364,,
2026-09-26,10387635049,1,10900,10900,10900,10900,5539522,299513,,
2026-09-26,10399136326,1,21505,21505,21505,21505,92913782,153465,,
2026-09-26,10415694629,1,9876,9876,9876,9876,17667328,87980,,
2026-09-26,10431718987,1,4008,4008,4008,4008,40037214,100285,,
2026-09-26,10455462279,1,7138,7138,7138,7138,56264325,2177408,,
2026-09-26,10461810987,1,3235,3235,3235,3235,32909425,59890,,
2026-09-26,10471583973,1,3668,3668,3668,3668,30318441,96767,,
2026-09-26,10502841145,1,12551,12551,12551,12551,95569968,121341,,
2026-09-26,10514488908,1,1253,1253,1253,1253,19923029,48866,,
2026-09-26,10529769390,1,18199,18199,18199,18199,14133242,11607,,
2026-09-26,10536000210,1,3679,3679,3679,3679,12546883,26843,,
2026-09-26,10547918402,1,2790,2790,2790,2790,41838908,84365,,
2026-09-26,10550257968,1,26505,26505,26505,26505,8174064,375191,,
2026-09-26,10551595617,1,7797,7797,7797,7797,94494816,2607085,,
2026-09-26,10563114921,1,3360545,3360545,3360545,3360545,5422915200,5802247,,
2026-09-26,10577682617,1,11881,11881,11881,11881,29557719,73246,,
2026-09-26,10604772590,1,9370,9370,9370,9370,26898156,51562,,
2026-09-26,10605467256,1,5785,5785,5785,5785,,,,
2026-09-26,10612017628,1,12437,12437,12437,12437,6453973,304257,,
2026-09-26,10681914462,1,42353,42353,42353,42353,68911451,187816,,
2026-09-26,10682099418,1,6323,6323,6323,6323,22640944,1122269,,
2026-09-26,10683945170,2,4062,4062,3949,4176,19969003,1078962,,
2026-09-26,10694549945,1,9369,9369,9369,9369,17183231,26942,,
2026-09-26,10700505394,1,3618,3618,3618,3618,33600765,111169,,
2026-09-26,10708913337,1,49176,49176,49176,49176,36270678,93256,,
2026-09-26,10718240577,1,7428,7428,7428,7428,18442250,166887,,
2026-09-26,10724269636,1,14143,14143,14143,14143,8027780,17946,,
2026-09-26,10737231383,1,8906,8906,8906,8906,18320213,534774,,
2026-09-26,10747748563,1,3032,3032,3032,3032,13660297,331038,,
2026-09-26,10757498504,1,7723,7723,7723,7723,7660709,23131,,
2026-09-26,10757504146,1,4232,4232,4232,4232,16368460,24495,,
2026-09-26,10764328008,1,3604,3604,3604,3604,8211080,62191,,
2026-09-26,10764926550,1,15702,15702,15702,15702,,,,
2026-09-27,2471084,1,25558,25558,25558,25558,1324568315,4639329,,
2026-09-27,31970568,1,7064,7064,7064,7064,1619356300,6095740,,
2026-09-27,66654135,1,310999,310999,310999,310999,30863471930,24256166,,
2026-09-27,371263894,1,15340,15340,15340,15340,1462505092,2695704,,
2026-09-27,465016798,1,3317,3317,3317,3317,128153920,415452,,
2026-09-27,568307879,1,736,736,736,736,528139897,554624,,
2026-09-27,605887098,1,4354,4354,4354,4354,2529350274,3721999,,
2026-09-27,903807016,1,24363,24363,24363,24363,1589193325,2846609,,
2026-09-27,985731078,1,7156,7156,7156,7156,450004971,2273663,,
2026-09-27,1198533421,1,901,901,901,901,183953774,733333,,
2026-09-27,1214576306,1,3209,3209,3209,3209,1649644084,4303805,,
2026-09-27,1430007363,1,2436,2436,2436,2436,918882125,2412671,,
2026-09-27,1489026993,2,5139,5139,4440,5838,2688421030,4365229,,
2026-09-27,1526814825,1,15038,15038,15038,15038,1118069221,4405004,,
2026-09-27,1637284552,1,1016,1016,1016,1016,,,,
2026-09-27,1795206523,1,1009,1009,1009,1009,961759995,933431,,
2026-09-27,1831550657,1,34200,34200,34200,34200,2234806242,11228710,,
2026-09-27,1998835206,1,3279,3279,3279,3279,593019348,1177064,,
2026-09-27,2049551477,2,3133,3133,2992,3274,1483240245,1942067,,
2026-09-27,2247578975,2,3502,3502,2974,4029,1233714256,14947784,,
2026-09-27,2274830359,1,10587,10587,10587,10587,3031471640,2062972,,
2026-09-27,2294168059,1,3731,3731,3731,3731,1256418037,3391919,,
2026-09-27,2369077151,1,8180,8180,8180,8180,425332426,11268811,,
2026-09-27,2440500124,1,62600,62600,62600,62600,7783629468,8207881,,
2026-09-27,2491559356,1,1182,1182,1182,1182,88296162,179675,,
2026-09-27,2655478023,2,3899,3899,3216,4582,1034081519,3514426,,
2026-09-27,2788648141,1,3737,3737,3737,3737,1009488699,2157236,,
2026-09-27,2821905072,1,2986,2986,2986,2986,278927339,5773397,,
2026-09-27,2827951974,1,763,763,763,763,815716594,690536,,
2026-09-27,2992873140,1,17580,17580,17580,17580,1432043473,1032174,,
2026-09-27,3079618996,1,7625,7625,7625,7625,811818972,1137825,,
2026-09-27,3164075108,1,4522,4522,4522,4522,287469038,746089,,
2026-09-27,3187874989,1,3754,3754,3754,3754,185988044,249151,,
2026-09-27,3227754471,1,797,797,797,797,,,,
2026-09-27,3310460039,1,24307,24307,24307,24307,4703891150,105214527,,
2026-09-27,3346892457,1,1639,1639,1639,1639,453470443,195110,,
2026-09-27,3472976893,1,1541,1541,1541,1541,190717011,3598239,,
2026-09-27,3502524667,1,1242,1242,1242,1242,766022082,3694899,,
2026-09-27,3551414857,1,2178,2178,2178,2178,637814719,1332335,,
2026-09-27,3647333358,1,32889,32889,32889,32889,9230419656,8268935,,
2026-09-27,3746418487,1,3663,3663,3663,3663,332640230,407944,,
2026-09-27,3754482795,1,6621,6621,6621,6621,1295221775,4599992,,
2026-09-27,3841172115,1,2068,2068,2068,2068,158516665,714152,,
2026-09-27,4071487712,1,889,889,889,889,30887911,126238,,
2026-09-27,4267277633,1,2814,2814,2814,2814,609018214,15812990,,
2026-09-27,4283416256,1,687,687,687,687,24055270,138305,,
2026-09-27,4343544885,1,2622,2622,2622,2622,129302133,2820338,,
2026-09-27,4348829796,1,12460,12460,12460,12460,2702939901,11529937,,
2026-09-27,4457060041,1,3348,3348,3348,3348,143601382,231212,,
2026-09-27,4518160318,1,9410,9410,9410,9410,654411493,1194283,,
2026-09-27,4595016786,1,4315,4315,4315,4315,612434783,765376,,
2026-09-27,4673599750,1,1585,1585,1585,1585,553881875,506006,,
2026-09-27,4720386144,1,1600,1600,1600,1600,123675642,626247,,
2026-09-27,4793836769,1,5327,5327,5327,5327,313603233,6608057,,
2026-09-27,4925331346,1,4861,4861,4861,4861,326591795,511441,,
2026-09-27,4944984948,1,7299,7299,7299,7299,299994678,173138,,
2026-09-27,4998493959,1,6888,6888,6888,6888,257155766,19308388,,
2026-09-27,5195168716,1,1434,1434,1434,1434,102808768,663738,,
2026-09-27,5361032378,1,37270,37270,37270,37270,2194003949,1020808,,
2026-09-27,5508238359,1,3999,3999,3999,3999,115478409,1973088,,
2026-09-27,5578556129,1,20462,20462,20462,20462,2053447940,1994141,,
2026-09-27,5668114043,1,1537,1537,1537,1537,247561676,755331,,
2026-09-27,5750914919,1,112811,112811,112811,112811,4950061853,3648084,,
2026-09-27,5927446137,1,1126,1126,1126,1126,47465519,614790,,
2026-09-27,6015491985,1,5003,5003,5003,5003,375511642,226589,,
2026-09-27,6072944764,1,1808,1808,1808,1808,59359707,72408,,
2026-09-27,6329693946,1,2768,2768,2768,2768,88538004,238254,,
2026-09-27,6635513269,1,6771,6771,6771,6771,4188172,31017,,
2026-09-27,6682487255,1,6498,6498,6498,6498,516487110,231569,,
2026-09-27,6749060816,1,9599,9599,9599,9599,288078156,1895023,,
2026-09-27,7018190066,1,22144,22144,22144,22144,6580939388,6116770,,
2026-09-27,7058980030,1,8493,8493,8493,8493,626608329,1046236,,
2026-09-27,7082244450,1,658,658,658,658,46210914,184114,,
2026-09-27,7082423811,1,2865,2865,2865,2865,299712260,1587189,,
2026-09-27,7094518649,1,25296,25296,25296,25296,370015048,890811,,
2026-09-27,7127084123,1,6913,6913,6913,6913,157822048,337323,,
2026-09-27,7128163167,1,1834,1834,1834,1834,81380722,137294,,
2026-09-27,7208219743,1,2945,2945,2945,2945,12077996,136050,,
2026-09-27,7219654364,1,90348,90348,90348,90348,1831536022,16615141,,
2026-09-27,7332711118,1,3518,3518,3518,3518,1885718368,2478430,,
2026-09-27,7339682753,1,1945,1945,1945,1945,77061012,5774193,,
2026-09-27,7364297396,1,2778,2778,2778,2778,462090641,677900,,
2026-09-27,7383133134,1,737,737,737,737,116292930,872477,,
2026-09-27,7434179990,1,8580,8580,8580,8580,252426333,8838791,,
2026-09-27,7436755782,1,36076,36076,36076,36076,35943297113,11428712,,
2026-09-27,7577791613,1,1584,1584,1584,1584,112229602,604131,,
2026-09-27,7613921865,1,11533,11533,11533,11533,796964170,212179,,
2026-09-27,7709344486,1,165144,165144,165144,165144,73681065531,29434323,,
2026-09-27,7720654467,1,2996,2996,2996,2996,95983224,255994,,
2026-09-27,7856039629,1,10254,10254,10254,10254,67445588,1992256,,
2026-09-27,7891669427,1,824,824,824,824,42364072,934635,,
2026-09-27,8204806107,1,2481,2481,2481,2481,54725905,138590,,
2026-09-27,8316902627,1,4189,4189,4189,4189,4709217125,1998898,,
2026-09-27,8356066619,1,6554,6554,6554,6554,,,,
2026-09-27,8401518398,1,9169,9169,9169,9169,111667136,96930,,
2026-09-27,8504461817,2,3188,3188,2423,3954,199320506,112429,,
2026-09-27,8539298853,1,6883,6883,6883,6883,1296126515,1821693,,
2026-09-27,8724785394,1,5273,5273,5273,5273,6511778,294815,,
2026-09-27,8759966530,1,1908,1908,1908,1908,127919639,414547,,
2026-09-27,8791358380,1,8196,8196,8196,8196,459849054,13822321,,
2026-09-27,8950496606,1,1452,1452,1452,1452,179920228,451684,,
2026-09-27,9098570654,1,13056,13056,13056,13056,265027164,445387,,
2026-09-27,9141743926,1,3645,3645,3645,3645,455799498,601410,,
2026-09-27,9145063979,1,8971,8971,8971,8971,584271749,603454,,
2026-09-27,9219116196,1,1780,1780,1780,1780,102039659,284561,,
2026-09-27,9296042754,1,11593,11593,11593,11593,81819303,387822,,
2026-09-27,9315739469,1,1065,1065,1065,1065,88641841,95584,,
2026-09-27,9348272796,1,8876,8876,8876,8876,741085000,682514,,
2026-09-27,9362896961,1,4052,4052,4052,4052,156559613,221803,,
2026-09-27,9363735110,1,6492,6492,6492,6492,5722916995,2060743,,
2026-09-27,9442472087,1,1249,1249,1249,1249,10614455,272850,,
2026-09-27,9481391333,1,4317,4317,4317,4317,34894327,728489,,
2026-09-27,9491545867,1,3447,3447,3447,3447,122548822,1204055,,
2026-09-27,9513686983,1,3780,3780,3780,3780,434106384,14328674,,
2026-09-27,9561553764,1,15558,15558,15558,15558,248328448,211545,,
2026-09-27,9582986239,1,5840,5840,5840,5840,14671889,70232,,
2026-09-27,9584852943,1,187283,187283,187283,187283,6138711544,6788889,,
2026-09-27,9592387369,1,12683,12683,12683,12683,54074413,172525,,
2026-09-27,9758688665,1,3091,3091,3091,3091,122475282,6251983,,
2026-09-27,9807783902,1,3718,3718,3718,3718,6205041,41077,,
2026-09-27,9812090239,1,2197,2197,2197,2197,42876947,1024358,,
2026-09-27,9830725726,1,3677,3677,3677,3677,60790429,67069,,
2026-09-27,9889811676,1,1623,1623,1623,1623,29870417,205496,,
2026-09-27,9930466428,1,738,738,738,738,39817942,164314,,
2026-09-27,9940725596,1,834,834,834,834,39947398,54774,,
2026-09-27,9963622286,1,4782,4782,4782,4782,115435996,2687887,,
2026-09-27,9998576154,1,4814,4814,4814,4814,128316313,8045449,,
2026-09-27,10004244222,1,29916,29916,29916,29916,1878254106,26259132,,
2026-09-27,10065013948,1,3147,3147,3147,3147,72667086,113325,,
2026-09-27,10110316965,1,4230,4230,4230,4230,21843386,677182,,
2026-09-27,10144280947,1,17727,17727,17727,17727,613150456,11741300,,
2026-09-27,10144587520,1,8663,8663,8663,8663,79651837,2056196,,
2026-09-27,10153098880,1,3174,3174,3174,3174,34521673,246732,,
2026-09-27,10156435104,1,2757,2757,2757,2757,62939856,98960,,
2026-09-27,10184247393,1,4405,4405,4405,4405,103686055,2834668,,
2026-09-27,10199301628,1,13139,13139,13139,13139,428884511,2029112,,
2026-09-27,10200395747,1,3179,3179,3179,3179,1674117155,663237,,
2026-09-27,10241000620,1,2978,2978,2978,2978,14674984,81936,,
2026-09-27,10244001346,1,6069,6069,6069,6069,116092488,122983,,
2026-09-27,10247797619,1,4465,4465,4465,4465,70070547,199013,,
2026-09-27,10253235584,1,3811,3811,3811,3811,65223998,637230,,
2026-09-27,10263732883,1,3313,3313,3313,3313,5173674,34385,,
2026-09-27,10274447949,1,4035,4035,4035,4035,56147936,3941814,,
2026-09-27,10298144467,1,6047,6047,6047,6047,38636787,41839,,
2026-09-27,10321202755,1,11557,11557,11557,11557,51407078,474956,,
2026-09-27,10338952197,1,8742,8742,8742,8742,112792158,7184784,,
2026-09-27,10351850295,1,2827,2827,2827,2827,35146459,1089105,,
2026-09-27,10371406677,1,12914,12914,12914,12914,8391358,39417,,
2026-09-27,10376944238,1,4313,4313,4313,4313,56617858,311727,,
2026-09-27,10381830868,1,787,787,787,787,4323212,19768,,
2026-09-27,10387635049,1,8721,8721,8721,8721,6199311,327926,,
2026-09-27,10399136326,1,19701,19701,19701,19701,94962248,155872,,
2026-09-27,10415694629,1,10786,10786,10786,10786,18667583,91479,,
2026-09-27,10431718987,1,4925,4925,4925,4925,40456947,101515,,
2026-09-27,10455462279,1,11878,11878,11878,11878,57448226,2201911,,
2026-09-27,10461810987,1,2984,2984,2984,2984,33550922,60965,,
2026-09-27,10471583973,1,4128,4128,4128,4128,30596447,97496,,
2026-09-27,10502841145,1,16815,16815,16815,16815,96587244,122371,,
2026-09-27,10514488908,1,1099,1099,1099,1099,20087887,49226,,
2026-09-27,10524813259,1,2942,2942,2942,2942,8894351,42157,,
2026-09-27,10529769390,1,14951,14951,14951,14951,15906669,12500,,
2026-09-27,10536000210,1,3836,3836,3836,3836,13135084,27651,,
2026-09-27,10547918402,1,2740,2740,2740,2740,,,,
2026-09-27,10550257968,1,13556,13556,13556,13556,9706956,422502,,
2026-09-27,10551595617,1,7248,7248,7248,7248,95498568,2622978,,
2026-09-27,10563114921,1,2054063,2054063,2054063,2054063,5692123487,5985546,,
2026-09-27,10577682617,1,11795,11795,11795,11795,30666419,75490,,
2026-09-27,10604772590,1,10344,10344,10344,10344,27669651,52898,,
2026-09-27,10605467256,1,5785,5785,5785,5785,,,,
2026-09-27,10612017628,1,5927,5927,5927,5927,6913416,323599,,
2026-09-27,10642022844,1,2280,2280,2280,2280,5793745,62476,,
2026-09-27,10681914462,1,42866,42866,42866,42866,73915430,202620,,
2026-09-27,10682099418,1,4918,4918,4918,4918,23501446,1150517,,
2026-09-27,10683945170,2,3570,3570,3322,3818,20410271,1093848,,
2026-09-27,10694549945,1,6658,6658,6658,6658,17799489,27835,,
2026-09-27,10700505394,1,3905,3905,3905,3905,34111817,112549,,
2026-09-27,10708913337,1,55316,55316,55316,55316,38871175,98277,,
2026-09-27,10718240577,1,8459,8459,8459,8459,19425489,172266,,
2026-09-27,10724269636,1,16125,16125,16125,16125,9061098,19684,,
2026-09-27,10737231383,1,46914,46914,46914,46914,19333810,551170,,
2026-09-27,10747748563,1,2860,2860,2860,2860,14029526,340529,,
2026-09-27,10757498504,1,8532,8532,8532,8532,8533822,25748,,
2026-09-27,10757504146,1,4067,4067,4067,4067,16948607,25283,,
2026-09-27,10764328008,1,2963,2963,2963,2963,8529526,63973,,
2026-09-27,10764926550,1,15702,15702,15702,15702,,,,
2026-09-28,2471084,1,11433,11433,11433,11433,1325723675,4640747,,
2026-09-28,31970568,1,4599,4599,4599,4599,1619660950,6096202,,
2026-09-28,66654135,1,205610,205610,205610,205610,30891233153,24269827,,
2026-09-28,371263894,1,9421,9421,9421,9421,1463526735,2696487,,
2026-09-28,465016798,1,2642,2642,2642,2642,128414447,416075,,
2026-09-28,605887098,1,2961,2961,2961,2961,2529663983,3722686,,
2026-09-28,903807016,1,13046,13046,13046,13046,1590615993,2847343,,
2026-09-28,985731078,1,3071,3071,3071,3071,450373541,2274125,,
2026-09-28,1430007363,1,1650,1650,1650,1650,919148340,2414153,,
2026-09-28,1489026993,2,3290,3290,2877,3704,2688875647,4365779,,
2026-09-28,1526814825,1,10528,10528,10528,10528,1118796184,4407103,,
2026-09-28,1637284552,1,1016,1016,1016,1016,,,,
2026-09-28,1831550657,1,22452,22452,22452,22452,2236584236,11235108,,
2026-09-28,1998835206,1,1859,1859,1859,1859,593178131,1177260,,
2026-09-28,2049551477,1,1959,1959,1959,1959,1483516141,1942490,,
2026-09-28,2247578975,1,2274,2274,2274,2274,1234060199,14948139,,
2026-09-28,2274830359,1,6438,6438,6438,6438,3032587582,2064242,,
2026-09-28,2294168059,1,1798,1798,1798,1798,1256695166,3393062,,
2026-09-28,2369077151,1,4903,4903,4903,4903,425961080,11283048,,
2026-09-28,2440500124,1,36792,36792,36792,36792,7788087211,8211221,,
2026-09-28,2491559356,1,683,683,683,683,88392795,179822,,
2026-09-28,2655478023,1,1982,1982,1982,1982,1034489962,3514976,,
2026-09-28,2992873140,1,15915,15915,15915,15915,1432916372,1032612,,
2026-09-28,3079618996,1,4846,4846,4846,4846,812371950,1140756,,
2026-09-28,3164075108,1,2896,2896,2896,2896,287699598,746466,,
2026-09-28,3187874989,1,3536,3536,3536,3536,186306965,249474,,
2026-09-28,3310460039,1,14802,14802,14802,14802,4706371099,105216410,,
2026-09-28,3346892457,1,1014,1014,1014,1014,453691987,195470,,
2026-09-28,3472976893,1,967,967,967,967,190993885,3605144,,
2026-09-28,3502524667,1,793,793,793,793,766185195,3695134,,
2026-09-28,3551414857,1,1226,1226,1226,1226,637940141,1332553,,
2026-09-28,3647333358,1,20058,20058,20058,20058,9234515685,8271994,,
2026-09-28,3746418487,1,3244,3244,3244,3244,332984252,408661,,
2026-09-28,3754482795,1,3164,3164,3164,3164,1295781164,4602368,,
2026-09-28,3841172115,1,1205,1205,1205,1205,158655850,714642,,
2026-09-28,4348829796,1,7530,7530,7530,7530,2704303658,11537928,,
2026-09-28,4457060041,1,2860,2860,2860,2860,143789759,231422,,
2026-09-28,4518160318,1,6408,6408,6408,6408,654943568,1195999,,
2026-09-28,4595016786,1,2708,2708,2708,2708,612764837,766013,,
2026-09-28,4673599750,1,3105,3105,3105,3105,554444208,506602,,
2026-09-28,4720386144,1,775,775,775,775,123778304,626815,,
2026-09-28,4793836769,1,3635,3635,3635,3635,313962465,6612408,,
2026-09-28,4925331346,1,4385,4385,4385,4385,326920242,512131,,
2026-09-28,4944984948,1,4637,4637,4637,4637,300838947,174326,,
2026-09-28,4998493959,1,3736,3736,3736,3736,257844832,19355636,,
2026-09-28,5361032378,1,37858,37858,37858,37858,2196655188,1021083,,
2026-09-28,5508238359,1,3176,3176,3176,3176,115795768,1976093,,
2026-09-28,5578556129,1,17779,17779,17779,17779,2054218438,1994276,,
2026-09-28,5668114043,1,776,776,776,776,247679783,755591,,
2026-09-28,5750914919,1,71204,71204,71204,71204,4954324623,3650205,,
2026-09-28,6072944764,1,1121,1121,1121,1121,59488611,72645,,
2026-09-28,6635513269,1,3786,3786,3786,3786,4710122,33823,,
2026-09-28,6682487255,1,6027,6027,6027,6027,517087845,231666,,
2026-09-28,6749060816,1,5920,5920,5920,5920,288667403,1897738,,
2026-09-28,7018190066,1,13745,13745,13745,13745,6582312763,6117830,,
2026-09-28,7058980030,1,3943,3943,3943,3943,627550466,1047905,,
2026-09-28,7094518649,1,12643,12643,12643,12643,370907553,892985,,
2026-09-28,7127084123,1,4137,4137,4137,4137,158206249,338002,,
2026-09-28,7128163167,1,1221,1221,1221,1221,81514520,137562,,
2026-09-28,7208219743,1,1882,1882,1882,1882,12220302,137404,,
2026-09-28,7219654364,1,73389,73389,73389,73389,1837896792,16651058,,
2026-09-28,7339682753,1,1327,1327,1327,1327,77284667,5789743,,
2026-09-28,7434179990,1,4596,4596,4596,4596,252942853,8854417,,
2026-09-28,7436755782,1,19025,19025,19025,19025,35945766656,11430004,,
2026-09-28,7577791613,1,704,704,704,704,112377784,604589,,
2026-09-28,7613921865,1,8530,8530,8530,8530,797837711,212294,,
2026-09-28,7709344486,1,130796,130796,130796,130796,73701311050,29441553,,
2026-09-28,7856039629,1,8232,8232,8232,8232,68593888,2021700,,
2026-09-28,7891669427,1,715,715,715,715,42458244,936046,,
2026-09-28,8204806107,1,1416,1416,1416,1416,54893232,139316,,
2026-09-28,8356066619,1,5567,5567,5567,5567,88692803,46889,,
2026-09-28,8401518398,1,7983,7983,7983,7983,112552621,98055,,
2026-09-28,8504461817,1,1393,1393,1393,1393,199632559,112803,,
2026-09-28,8539298853,1,3301,3301,3301,3301,1296623361,1822649,,
2026-09-28,8759966530,1,1196,1196,1196,1196,128068257,414894,,
2026-09-28,8791358380,1,5072,5072,5072,5072,460587915,13858866,,
2026-09-28,8950496606,1,1047,1047,1047,1047,180034908,452217,,
2026-09-28,9098570654,1,8051,8051,8051,8051,265590712,446601,,
2026-09-28,9141743926,1,3353,3353,3353,3353,456222282,601669,,
2026-09-28,9145063979,1,5200,5200,5200,5200,585072515,604675,,
2026-09-28,9219116196,1,803,803,803,803,102141802,284870,,
2026-09-28,9296042754,1,6521,6521,6521,6521,82608906,391543,,
2026-09-28,9315739469,1,765,765,765,765,88775285,95799,,
2026-09-28,9348272796,1,5030,5030,5030,5030,741938947,683494,,
2026-09-28,9362896961,1,4422,4422,4422,4422,156755236,221905,,
2026-09-28,9363735110,1,4357,4357,4357,4357,5723596887,2061309,,
2026-09-28,9442472087,1,1149,1149,1149,1149,10693631,273981,,
2026-09-28,9481391333,1,3273,3273,3273,3273,35230056,732462,,
2026-09-28,9491545867,1,2584,2584,2584,2584,122850905,1206904,,
2026-09-28,9561553764,1,11380,11380,11380,11380,250780537,213215,,
2026-09-28,9582986239,1,4967,4967,4967,4967,14975785,70913,,
2026-09-28,9584852943,1,124443,124443,124443,124443,6159815758,6807956,,
2026-09-28,9592387369,1,9736,9736,9736,9736,55414337,176258,,
2026-09-28,9812090239,1,2402,2402,2402,2402,43213939,1031186,,
2026-09-28,9889811676,1,867,867,867,867,30004925,206131,,
2026-09-28,9940812243,1,2921,2921,2921,2921,14593512,161261,,
2026-09-28,10004244222,1,17830,17830,17830,17830,1881412690,26296436,,
2026-09-28,10144280947,1,12846,12846,12846,12846,615356018,11775784,,
2026-09-28,10144587520,1,6041,6041,6041,6041,80031726,2063621,,
2026-09-28,10153098880,1,2966,2966,2966,2966,34719537,247637,,
2026-09-28,10199301628,1,9095,9095,9095,9095,430155040,2033828,,
2026-09-28,10244001346,1,3372,3372,3372,3372,116747156,123699,,
2026-09-28,10253235584,1,2894,2894,2894,2894,65399484,638224,,
2026-09-28,10274447949,1,2984,2984,2984,2984,56534838,3967825,,
2026-09-28,10298144467,1,4160,4160,4160,4160,38914110,41947,,
2026-09-28,10321202755,1,8935,8935,8935,8935,51701843,477371,,
2026-09-28,10338952197,1,6594,6594,6594,6594,113290383,7196210,,
2026-09-28,10351850295,1,2780,2780,2780,2780,35476847,1099059,,
2026-09-28,10371406677,1,12018,12018,12018,12018,9409849,43129,,
2026-09-28,10376944238,1,2622,2622,2622,2622,56953892,313124,,
2026-09-28,10387635049,1,4492,4492,4492,4492,6669699,347034,,
2026-09-28,10399136326,1,13603,13603,13603,13603,96684767,157746,,
2026-09-28,10415694629,1,6249,6249,6249,6249,19482432,94813,,
2026-09-28,10431718987,1,3163,3163,3163,3163,40798005,102274,,
2026-09-28,10455462279,1,5363,5363,5363,5363,58257874,2219879,,
2026-09-28,10471583973,1,2923,2923,2923,2923,30840756,98134,,
2026-09-28,10502841145,1,13988,13988,13988,13988,97573450,123036,,
2026-09-28,10529769390,1,7379,7379,7379,7379,17094018,13320,,
2026-09-28,10550257968,1,16932,16932,16932,16932,11578480,482178,,
2026-09-28,10551595617,1,4668,4668,4668,4668,96166839,2633519,,
2026-09-28,10552240401,1,6224,6224,6224,6224,4479982,95024,,
2026-09-28,10563114921,1,1298430,1298430,1298430,1298430,5847584485,6106449,,
2026-09-28,10577682617,1,8020,8020,8020,8020,31635921,77310,,
2026-09-28,10604772590,1,5898,5898,5898,5898,28236836,53971,,
2026-09-28,10605467256,1,5785,5785,5785,5785,,,,
2026-09-28,10612017628,1,6225,6225,6225,6225,7433928,349706,,
2026-09-28,10642022844,1,1158,1158,1158,1158,5968066,63398,,
2026-09-28,10675117523,1,14204,14204,14204,14204,6684605,82257,,
2026-09-28,10681914462,1,25642,25642,25642,25642,78588542,215995,,
2026-09-28,10682099418,1,3427,3427,3427,3427,24196701,1174943,,
2026-09-28,10683945170,1,1943,1943,1943,1943,20704217,1103031,,
2026-09-28,10694549945,1,3397,3397,3397,3397,18279957,28496,,
2026-09-28,10696894951,1,6961,6961,6961,6961,7895574,10995,,
2026-09-28,10708913337,1,72895,72895,72895,72895,42587131,103481,,
2026-09-28,10718240577,1,5195,5195,5195,5195,20198367,177105,,
2026-09-28,10724269636,1,9938,9938,9938,9938,9992991,21288,,
2026-09-28,10737231383,1,7109,7109,7109,7109,20395345,567857,,
2026-09-28,10753751277,1,11780,11780,11780,11780,5635767,597230,,
2026-09-28,10757498504,1,5053,5053,5053,5053,9253873,27667,,
2026-09-28,10762388019,1,11358,11358,11358,11358,12588841,59341,,
2026-09-28,10764926550,1,15702,15702,15702,15702,,,,
2026-09-28,10765481558,1,3250,3250,3250,3250,2670744,4073,,
2026-09-29,2471084,1,9378,9378,9378,9378,1326247772,4641599,,
2026-09-29,31970568,1,4202,4202,4202,4202,1619848579,6096485,,
2026-09-29,66654135,1,186376,186376,186376,186376,30912461932,24280323,,
2026-09-29,371263894,1,7324,7324,7324,7324,1464114276,2696884,,
2026-09-29,605887098,1,2761,2761,2761,2761,2529862243,3723086,,
2026-09-29,903807016,1,9472,9472,9472,9472,1591362984,2847740,,
2026-09-29,1198533421,1,665,665,665,665,184069660,733557,,
2026-09-29,1430007363,1,1608,1608,1608,1608,919376798,2415326,,
2026-09-29,1489026993,2,3300,3300,2692,3909,2689247773,4366249,,
2026-09-29,1526814825,1,9783,9783,9783,9783,1119267312,4408337,,
2026-09-29,1637284552,1,1016,1016,1016,1016,,,,
2026-09-29,1831550657,1,21871,21871,21871,21871,2237749679,11238992,,
2026-09-29,1998835206,1,1525,1525,1525,1525,593290732,1177371,,
2026-09-29,2049551477,1,1550,1550,1550,1550,1483721175,1942820,,
2026-09-29,2247578975,1,1848,1848,1848,1848,1234346575,14948425,,
2026-09-29,2274830359,1,6203,6203,6203,6203,3033315593,2065131,,
2026-09-29,2294168059,1,1720,1720,1720,1720,1256909525,3393889,,
2026-09-29,2369077151,1,4336,4336,4336,4336,426387874,11293181,,
2026-09-29,2440500124,1,33968,33968,33968,33968,7791572811,8213737,,
2026-09-29,2491559356,1,748,748,748,748,88470482,179943,,
2026-09-29,2655478023,1,1776,1776,1776,1776,1034817196,3515443,,
2026-09-29,2992873140,1,13823,13823,13823,13823,1433437183,1032887,,
2026-09-29,3079618996,1,3940,3940,3940,3940,812694728,1142523,,
2026-09-29,3164075108,1,2967,2967,2967,2967,287863206,746786,,
2026-09-29,3187874989,1,2727,2727,2727,2727,186562220,249745,,
2026-09-29,3310460039,1,15278,15278,15278,15278,4707916576,105217673,,
2026-09-29,3346892457,1,932,932,932,932,453861921,195739,,
2026-09-29,3472976893,1,840,840,840,840,191221716,3610833,,
2026-09-29,3502524667,1,747,747,747,747,766308474,3695277,,
2026-09-29,3551414857,1,1181,1181,1181,1181,638028770,1332731,,
2026-09-29,3647333358,1,19505,19505,19505,19505,9237901903,8274543,,
2026-09-29,3746418487,1,3045,3045,3045,3045,333245485,409154,,
2026-09-29,3754482795,1,3659,3659,3659,3659,1296135550,4603767,,
2026-09-29,3841172115,1,1257,1257,1257,1257,158763320,715028,,
2026-09-29,4348829796,1,6917,6917,6917,6917,2705336314,11544012,,
2026-09-29,4518160318,1,5911,5911,5911,5911,655265023,1196916,,
2026-09-29,4673599750,1,1359,1359,1359,1359,554913412,507070,,
2026-09-29,4793836769,1,3926,3926,3926,3926,314237576,6615915,,
2026-09-29,4925331346,1,4155,4155,4155,4155,327155795,512621,,
2026-09-29,4944984948,1,4357,4357,4357,4357,301340558,175011,,
2026-09-29,4998493959,1,4243,4243,4243,4243,258290977,19385843,,
2026-09-29,5361032378,1,37449,37449,37449,37449,2198954881,1021291,,
2026-09-29,5508238359,1,2692,2692,2692,2692,116043916,1978604,,
2026-09-29,5578556129,1,17756,17756,17756,17756,2054784627,1994386,,
2026-09-29,5668114043,1,747,747,747,747,247765399,755791,,
2026-09-29,5750914919,1,70976,70976,70976,70976,4957117182,3651190,,
2026-09-29,5927446137,1,655,655,655,655,47550759,615845,,
2026-09-29,6015491985,1,2799,2799,2799,2799,376382538,227581,,
2026-09-29,6072944764,1,1008,1008,1008,1008,59586541,72832,,
2026-09-29,6100103590,1,2171,2171,2171,2171,1182607,22611,,
2026-09-29,6635513269,1,3380,3380,3380,3380,5078017,36167,,
2026-09-29,6682487255,1,5780,5780,5780,5780,517553599,231732,,
2026-09-29,6749060816,1,5137,5137,5137,5137,289107649,1899734,,
2026-09-29,7018190066,1,11282,11282,11282,11282,6583350460,6118679,,
2026-09-29,7058980030,1,3665,3665,3665,3665,628067315,1048909,,
2026-09-29,7094518649,1,12183,12183,12183,12183,371379950,893964,,
2026-09-29,7127084123,1,4340,4340,4340,4340,158445814,338462,,
2026-09-29,7128163167,1,1039,1039,1039,1039,81616811,137746,,
2026-09-29,7208219743,1,1667,1667,1667,1667,12323830,138359,,
2026-09-29,7219654364,1,63639,63639,63639,63639,1842463699,16675166,,
2026-09-29,7332711118,1,8693,8693,8693,8693,1886267765,2478971,,
2026-09-29,7339682753,1,1549,1549,1549,1549,77454557,5802055,,
2026-09-29,7434179990,1,3877,3877,3877,3877,253247673,8863135,,
2026-09-29,7436755782,1,19559,19559,19559,19559,35947135001,11430842,,
2026-09-29,7613921865,1,7824,7824,7824,7824,798378451,212317,,
2026-09-29,7709344486,1,126223,126223,126223,126223,73720751228,29446020,,
2026-09-29,7856039629,1,6568,6568,6568,6568,69499954,2043775,,
2026-09-29,8204806107,1,885,885,885,885,54992882,139649,,
2026-09-29,8356066619,1,4982,4982,4982,4982,88803241,46952,,
2026-09-29,8401518398,1,8390,8390,8390,8390,113280730,99035,,
2026-09-29,8504461817,1,1347,1347,1347,1347,199882999,113089,,
2026-09-29,8539298853,1,3436,3436,3436,3436,1296988289,1823381,,
2026-09-29,8759966530,1,836,836,836,836,128150507,415075,,
2026-09-29,8791358380,1,4329,4329,4329,4329,461045416,13877478,,
2026-09-29,8950496606,1,954,954,954,954,180130750,452650,,
2026-09-29,9098570654,1,8692,8692,8692,8692,265962973,447434,,
2026-09-29,9141743926,1,3166,3166,3166,3166,456559970,601865,,
2026-09-29,9145063979,1,4787,4787,4787,4787,585607322,605401,,
2026-09-29,9219116196,1,723,723,723,723,102211046,285115,,
2026-09-29,9296042754,1,5924,5924,5924,5924,83066441,393570,,
2026-09-29,9348272796,1,4707,4707,4707,4707,742499772,684070,,
2026-09-29,9362896961,1,3634,3634,3634,3634,,,,
2026-09-29,9363735110,1,4127,4127,4127,4127,5724038991,2061717,,
2026-09-29,9442472087,1,868,868,868,868,10801201,276472,,
2026-09-29,9481391333,1,2662,2662,2662,2662,35492975,735817,,
2026-09-29,9491545867,1,3652,3652,3652,3652,123101334,1209350,,
2026-09-29,9561553764,1,9522,9522,9522,9522,252616925,214402,,
2026-09-29,9582986239,1,4714,4714,4714,4714,15199402,71257,,
2026-09-29,9584852943,1,121477,121477,121477,121477,6172173085,6820198,,
2026-09-29,9592387369,1,8723,8723,8723,8723,56245993,178371,,
2026-09-29,9812090239,1,1120,1120,1120,1120,43524808,1038926,,
2026-09-29,9889811676,1,718,718,718,718,30091864,206523,,
2026-09-29,9940812243,1,2817,2817,2817,2817,14691447,161780,,
2026-09-29,9998576154,1,3134,3134,3134,3134,128945115,8083530,,
2026-09-29,10004244222,1,19390,19390,19390,19390,1883554567,26321170,,
2026-09-29,10065013948,1,3756,3756,3756,3756,73223805,114298,,
2026-09-29,10144280947,1,11344,11344,11344,11344,616684366,11794490,,
2026-09-29,10144587520,1,6775,6775,6775,6775,80309781,2069926,,
2026-09-29,10153098880,1,2765,2765,2765,2765,34863419,248333,,
2026-09-29,10199301628,1,8390,8390,8390,8390,431053828,2037167,,
2026-09-29,10200395747,1,2942,2942,2942,2942,1674558090,663260,,
2026-09-29,10241000620,1,3206,3206,3206,3206,15059927,83876,,
2026-09-29,10244001346,1,4063,4063,4063,4063,117214350,124250,,
2026-09-29,10274447949,1,3128,3128,3128,3128,56778568,3984572,,
2026-09-29,10298144467,1,4029,4029,4029,4029,39104831,42028,,
2026-09-29,10321202755,1,8634,8634,8634,8634,51903591,478694,,
2026-09-29,10338952197,1,7149,7149,7149,7149,113666007,7203939,,
2026-09-29,10351246089,1,2756,2756,2756,2756,3921251,79767,,
2026-09-29,10371406677,1,13774,13774,13774,13774,10340733,46805,,
2026-09-29,10376944238,1,2086,2086,2086,2086,57190063,313995,,
2026-09-29,10387635049,1,4459,4459,4459,4459,6964990,359029,,
2026-09-29,10399136326,1,13891,13891,13891,13891,97813821,158964,,
2026-09-29,10415694629,1,7735,7735,7735,7735,20021522,97055,,
2026-09-29,10431718987,1,3863,3863,3863,3863,41041830,102925,,
2026-09-29,10455462279,1,5011,5011,5011,5011,58675250,2228546,,
2026-09-29,10471583973,1,2790,2790,2790,2790,30990948,98545,,
2026-09-29,10502841145,1,12745,12745,12745,12745,98318457,123472,,
2026-09-29,10529769390,1,7545,7545,7545,7545,18033609,13840,,
2026-09-29,10550257968,1,13868,13868,13868,13868,12823637,516215,,
2026-09-29,10551595617,1,4546,4546,4546,4546,,,,
2026-09-29,10552240401,1,5982,5982,5982,5982,4658900,95280,,
2026-09-29,10563114921,1,1517567,1517567,1517567,1517567,5957840295,6185946,,
2026-09-29,10577682617,1,6731,6731,6731,6731,32183196,78339,,
2026-09-29,10604772590,1,4387,4387,4387,4387,28540576,54475,,
2026-09-29,10605467256,1,5785,5785,5785,5785,,,,
2026-09-29,10612017628,1,6519,6519,6519,6519,7850424,371734,,
2026-09-29,10642022844,1,902,902,902,902,6088929,64139,,
2026-09-29,10675117523,1,14895,14895,14895,14895,7269126,85625,,
2026-09-29,10681914462,1,26608,26608,26608,26608,81509173,224010,,
2026-09-29,10682099418,1,2800,2800,2800,2800,24592373,1187721,,
2026-09-29,10683945170,1,1414,1414,1414,1414,20906767,1109055,,
2026-09-29,10694549945,1,3676,3676,3676,3676,,,,
2026-09-29,10696894951,1,7145,7145,7145,7145,8939640,12320,,
2026-09-29,10708913337,1,76174,76174,76174,76174,45631084,107137,,
2026-09-29,10718240577,1,5499,5499,5499,5499,20774498,180965,,
2026-09-29,10724269636,1,8604,8604,8604,8604,10518790,22111,,
2026-09-29,10737231383,1,5163,5163,5163,5163,20904601,575515,,
2026-09-29,10753751277,1,16602,16602,16602,16602,6642279,689510,,
2026-09-29,10757498504,1,5598,5598,5598,5598,9726074,28968,,
2026-09-29,10758397570,1,4791,4791,4791,4791,9718825,20923,,
2026-09-29,10762388019,1,9351,9351,9351,9351,14057117,64907,,
2026-09-29,10764926550,1,15702,15702,15702,15702,,,,
2026-09-29,10765288803,1,16949,16949,16949,16949,3063387,33909,,
2026-09-29,10765481558,1,3638,3638,3638,3638,2972103,4505,,
2026-09-30,2471084,1,8988,8988,8988,8988,1326763199,4642462,,
2026-09-30,31970568,1,4146,4146,4146,4146,1620053892,6096793,,
2026-09-30,66654135,1,183847,183847,183847,183847,30934627845,24291214,,
2026-09-30,371263894,1,7158,7158,7158,7158,1464705483,2697297,,
2026-09-30,605887098,1,2792,2792,2792,2792,2530080462,3723498,,
2026-09-30,903807016,1,9477,9477,9477,9477,1592099740,2848162,,
2026-09-30,1198533421,1,654,654,654,654,184125290,733663,,
2026-09-30,1430007363,1,1491,1491,1491,1491,919615022,2416605,,
2026-09-30,1489026993,2,3308,3308,2757,3859,2689624811,4366717,,
2026-09-30,1526814825,1,10405,10405,10405,10405,1119809345,4409862,,
2026-09-30,1637284552,1,1016,1016,1016,1016,,,,
2026-09-30,1831550657,1,21136,21136,21136,21136,2238996176,11243369,,
2026-09-30,1998835206,1,1538,1538,1538,1538,593411208,1177463,,
2026-09-30,2049551477,1,1515,1515,1515,1515,1483925713,1943148,,
2026-09-30,2247578975,1,1694,1694,1694,1694,1234624320,14948694,,
2026-09-30,2274830359,1,5718,5718,5718,5718,3034096433,2066065,,
2026-09-30,2294168059,1,1813,1813,1813,1813,1257130865,3394713,,
2026-09-30,2369077151,1,4075,4075,4075,4075,426798000,11302334,,
2026-09-30,2440500124,1,36131,36131,36131,36131,7795393410,8216580,,
2026-09-30,2491559356,1,664,664,664,664,88552031,180059,,
2026-09-30,2655478023,1,1696,1696,1696,1696,1035144738,3515914,,
2026-09-30,2992873140,1,13643,13643,13643,13643,1434105615,1033187,,
2026-09-30,3079618996,1,3446,3446,3446,3446,812998294,1144213,,
2026-09-30,3164075108,1,3055,3055,3055,3055,288053765,747116,,
2026-09-30,3187874989,1,2746,2746,2746,2746,186828407,250024,,
2026-09-30,3310460039,1,14674,14674,14674,14674,4709529468,105219027,,
2026-09-30,3346892457,1,930,930,930,930,454043989,196033,,
2026-09-30,3472976893,1,849,849,849,849,191460197,3616171,,
2026-09-30,3551414857,1,1110,1110,1110,1110,638124175,1332915,,
2026-09-30,3647333358,1,19746,19746,19746,19746,9241378881,8277183,,
2026-09-30,3746418487,1,3080,3080,3080,3080,333531230,409694,,
2026-09-30,3754482795,1,3616,3616,3616,3616,1296508469,4605271,,
2026-09-30,3841172115,1,1131,1131,1131,1131,158879213,715482,,
2026-09-30,4348829796,1,7112,7112,7112,7112,2706388985,11550409,,
2026-09-30,4457060041,1,2700,2700,2700,2700,144061673,231771,,
2026-09-30,4518160318,1,5927,5927,5927,5927,655627828,1198062,,
2026-09-30,4673599750,1,1353,1353,1353,1353,555407281,507537,,
2026-09-30,4720386144,1,707,707,707,707,123938206,627576,,
2026-09-30,4793836769,1,3582,3582,3582,3582,314563854,6621192,,
2026-09-30,4925331346,1,4133,4133,4133,4133,327421162,513234,,
2026-09-30,4944984948,1,4222,4222,4222,4222,301871212,175709,,
2026-09-30,4998493959,1,4191,4191,4191,4191,258817259,19421215,,
2026-09-30,5361032378,1,37167,37167,37167,37167,2201264092,1021501,,
2026-09-30,5508238359,1,2618,2618,2618,2618,116301948,1981478,,
2026-09-30,5578556129,1,17028,17028,17028,17028,2055390077,1994530,,
2026-09-30,5668114043,1,754,754,754,754,247858733,756015,,
2026-09-30,5750914919,1,69780,69780,69780,69780,4960152644,3652328,,
2026-09-30,6015491985,1,2719,2719,2719,2719,376769969,228058,,
2026-09-30,6072944764,1,1037,1037,1037,1037,59690466,73016,,
2026-09-30,6100103590,1,1919,1919,1919,1919,1611213,28547,,
2026-09-30,6635513269,1,3839,3839,3839,3839,5527707,39467,,
2026-09-30,6682487255,1,5509,5509,5509,5509,518041074,231806,,
2026-09-30,6749060816,1,5240,5240,5240,5240,289571395,1901724,,
2026-09-30,7018190066,1,11011,11011,11011,11011,6584352220,6119529,,
2026-09-30,7058980030,1,3458,3458,3458,3458,628569801,1049840,,
2026-09-30,7094518649,1,11317,11317,11317,11317,371880235,894968,,
2026-09-30,7127084123,1,4343,4343,4343,4343,158730084,338971,,
2026-09-30,7128163167,1,1039,1039,1039,1039,81731751,137992,,
2026-09-30,7208219743,1,1665,1665,1665,1665,12428461,139352,,
2026-09-30,7219654364,1,61165,61165,61165,61165,1847201300,16695517,,
2026-09-30,7339682753,1,1371,1371,1371,1371,77645756,5817102,,
2026-09-30,7434179990,1,3491,3491,3491,3491,253544614,8871349,,
2026-09-30,7436755782,1,18283,18283,18283,18283,35948525809,11431663,,
2026-09-30,7577791613,1,775,775,775,775,112603655,605331,,
2026-09-30,7613921865,1,7031,7031,7031,7031,798913303,212351,,
2026-09-30,7709344486,1,109652,109652,109652,109652,73740795079,29452742,,
2026-09-30,7856039629,1,6639,6639,6639,6639,70420917,2064630,,
2026-09-30,8204806107,1,817,817,817,817,55081288,139903,,
2026-09-30,8356066619,1,4618,4618,4618,4618,88915424,47032,,
2026-09-30,8401518398,1,8210,8210,8210,8210,114072557,100042,,
2026-09-30,8504461817,1,1223,1223,1223,1223,200140413,113409,,
2026-09-30,8539298853,1,3030,3030,3030,3030,1297372998,1824173,,
2026-09-30,8759966530,1,736,736,736,736,128233134,415245,,
2026-09-30,8791358380,1,4397,4397,4397,4397,461537907,13898337,,
2026-09-30,8950496606,1,1025,1025,1025,1025,180229070,453032,,
2026-09-30,9098570654,1,8119,8119,8119,8119,266345652,448259,,
2026-09-30,9141743926,1,2961,2961,2961,2961,456899973,602078,,
2026-09-30,9145063979,1,4841,4841,4841,4841,586156208,606241,,
2026-09-30,9296042754,1,6365,6365,6365,6365,83556730,395598,,
2026-09-30,9348272796,1,4519,4519,4519,4519,743041968,684572,,
2026-09-30,9362896961,1,3603,3603,3603,3603,157079816,222061,,
2026-09-30,9363735110,1,4358,4358,4358,4358,5724522930,2062088,,
2026-09-30,9442472087,1,800,800,800,800,10855917,277192,,
2026-09-30,9481391333,1,2706,2706,2706,2706,35753751,738803,,
2026-09-30,9491545867,1,3898,3898,3898,3898,123427617,1212809,,
2026-09-30,9561553764,1,9786,9786,9786,9786,254422950,215561,,
2026-09-30,9582986239,1,4442,4442,4442,4442,15426282,71578,,
2026-09-30,9584852943,1,180157,180157,180157,180157,6187283433,6835488,,
2026-09-30,9592387369,1,8895,8895,8895,8895,57224051,180885,,
2026-09-30,9812090239,1,893,893,893,893,43818096,1045522,,
2026-09-30,9889811676,1,730,730,730,730,30180680,206914,,
2026-09-30,9940812243,1,2823,2823,2823,2823,14796957,162432,,
2026-09-30,9998576154,1,2647,2647,2647,2647,129218962,8099848,,
2026-09-30,10004244222,1,18090,18090,18090,18090,1885812994,26348085,,
2026-09-30,10065013948,1,4113,4113,4113,4113,73608684,115065,,
2026-09-30,10144280947,1,11074,11074,11074,11074,618085212,11814168,,
2026-09-30,10144587520,1,26890,26890,26890,26890,80656929,2076757,,
2026-09-30,10199301628,1,7822,7822,7822,7822,431965730,2040394,,
2026-09-30,10200395747,1,2972,2972,2972,2972,1674779993,663261,,
2026-09-30,10244001346,1,4089,4089,4089,4089,117695998,124789,,
2026-09-30,10274447949,1,3043,3043,3043,3043,57087144,4007862,,
2026-09-30,10298144467,1,3658,3658,3658,3658,39301001,42085,,
2026-09-30,10321202755,1,8069,8069,8069,8069,52108831,480221,,
2026-09-30,10338952197,1,6648,6648,6648,6648,114053983,7211158,,
2026-09-30,10351246089,1,2746,2746,2746,2746,4020942,80603,,
2026-09-30,10371406677,1,14190,14190,14190,14190,11380221,50726,,
2026-09-30,10376944238,1,2238,2238,2238,2238,57436597,315015,,
2026-09-30,10387635049,1,4199,4199,4199,4199,7273299,370801,,
2026-09-30,10399136326,1,14066,14066,14066,14066,99017488,160287,,
2026-09-30,10415694629,1,7709,7709,7709,7709,20635540,99740,,
2026-09-30,10431718987,1,3839,3839,3839,3839,41300597,103557,,
2026-09-30,10455462279,1,4703,4703,4703,4703,59105246,2237699,,
2026-09-30,10471583973,1,3202,3202,3202,3202,31175008,99069,,
2026-09-30,10502841145,1,14885,14885,14885,14885,99217384,124026,,
2026-09-30,10529769390,1,6840,6840,6840,6840,18968543,14323,,
2026-09-30,10550257968,1,14083,14083,14083,14083,14295611,553731,,
2026-09-30,10551595617,1,4546,4546,4546,4546,,,,
2026-09-30,10552240401,1,5720,5720,5720,5720,4848981,95578,,
2026-09-30,10563114921,1,1351592,1351592,1351592,1351592,6075545602,6274803,,
2026-09-30,10577682617,1,6421,6421,6421,6421,32749179,79346,,
2026-09-30,10604772590,1,3871,3871,3871,3871,28825774,55084,,
2026-09-30,10605467256,1,5785,5785,5785,5785,,,,
2026-09-30,10612017628,1,6030,6030,6030,6030,8308753,393560,,
2026-09-30,10642022844,1,761,761,761,761,6193105,64710,,
2026-09-30,10675117523,1,15737,15737,15737,15737,7982391,89491,,
2026-09-30,10681914462,1,26471,26471,26471,26471,84776862,232451,,
2026-09-30,10683945170,1,1179,1179,1179,1179,21071526,1113254,,
2026-09-30,10694549945,1,2965,2965,2965,2965,18870914,29205,,
2026-09-30,10696894951,1,8120,8120,8120,8120,10176086,13893,,
2026-09-30,10708913337,1,75912,75912,75912,75912,49183152,111147,,
2026-09-30,10718240577,1,4546,4546,4546,4546,21282388,184084,,
2026-09-30,10724269636,1,7221,7221,7221,7221,11066993,23066,,
2026-09-30,10737231383,1,4673,4673,4673,4673,21375843,582708,,
2026-09-30,10753751277,1,18710,18710,18710,18710,8156458,851333,,
2026-09-30,10757498504,1,5208,5208,5208,5208,10233572,30308,,
2026-09-30,10758397570,1,4403,4403,4403,4403,,,,
2026-09-30,10762388019,1,9679,9679,9679,9679,15567577,70378,,
2026-09-30,10764328008,1,2596,2596,2596,2596,9251279,68891,,
2026-09-30,10764926550,1,15702,15702,15702,15702,,,,
2026-09-30,10765288803,1,18623,18623,18623,18623,4314972,43296,,
2026-09-30,10765481558,1,3476,3476,3476,3476,3294852,5054,,
